timestamp,zone,temp,dwpt,rhum,prcp,wspd,pres,coco
2025-11-01 00:00:00,AECO,13.0,0.7,43.0,,28.0,1005.0,1.0
2025-11-01 01:00:00,AECO,13.0,0.7,43.0,,28.0,1006.0,1.0
2025-11-01 02:00:00,AECO,12.0,1.0,47.0,,26.0,1007.0,1.0
2025-11-01 03:00:00,AECO,12.0,1.9,50.0,,22.0,1008.0,1.0
2025-11-01 04:00:00,AECO,11.0,2.0,54.0,,22.0,1009.0,1.0
2025-11-01 05:00:00,AECO,11.0,2.6,56.0,,19.0,1009.0,1.0
2025-11-01 06:00:00,AECO,11.0,2.6,56.0,,13.0,1010.0,1.0
2025-11-01 07:00:00,AECO,10.0,2.8,61.0,,9.0,1011.0,1.0
2025-11-01 08:00:00,AECO,9.0,2.3,63.0,,13.0,1012.0,1.0
2025-11-01 09:00:00,AECO,9.0,2.3,63.0,,13.0,1012.0,1.0
2025-11-01 10:00:00,AECO,9.0,2.3,63.0,,13.0,1013.0,1.0
2025-11-01 11:00:00,AECO,9.0,3.0,66.0,,11.0,1014.0,1.0
2025-11-01 12:00:00,AECO,11.0,3.8,61.0,,19.0,1015.0,1.0
2025-11-01 13:00:00,AECO,13.0,3.1,51.0,,22.0,1016.0,1.0
2025-11-01 14:00:00,AECO,14.0,1.3,42.0,,22.0,1016.0,2.0
2025-11-01 15:00:00,AECO,12.1,2.5,52.0,,27.8,1015.0,2.0
2025-11-01 16:00:00,AECO,16.0,0.9,36.0,,25.9,1015.0,2.0
2025-11-01 17:00:00,AECO,16.0,2.0,39.0,,30.0,1015.0,2.0
2025-11-01 18:00:00,AECO,17.0,1.4,35.0,,20.0,1015.0,2.0
2025-11-01 19:00:00,AECO,17.0,1.8,36.0,,28.0,1016.0,2.0
2025-11-01 20:00:00,AECO,16.0,1.7,38.0,,17.0,1016.0,2.0
2025-11-01 21:00:00,AECO,14.0,1.9,44.0,,15.0,1017.0,2.0
2025-11-01 22:00:00,AECO,13.0,1.9,47.0,,6.0,1018.0,2.0
2025-11-01 23:00:00,AECO,7.0,2.1,71.0,,0.0,1019.0,1.0
2025-11-02 00:00:00,AECO,7.0,2.5,73.0,,0.0,1019.0,1.0
2025-11-02 01:00:00,AECO,6.0,2.1,76.0,,0.0,1020.0,1.0
2025-11-02 02:00:00,AECO,6.0,2.1,76.0,,6.0,1020.0,1.0
2025-11-02 03:00:00,AECO,4.0,1.4,83.0,,0.0,1021.0,2.0
2025-11-02 04:00:00,AECO,6.0,2.6,79.0,,0.0,1021.0,1.0
2025-11-02 05:00:00,AECO,3.0,0.7,85.0,,6.0,1022.0,1.0
2025-11-02 06:00:00,AECO,3.0,0.4,83.0,,0.0,1022.0,1.0
2025-11-02 07:00:00,AECO,3.0,0.9,86.0,,0.0,1023.0,1.0
2025-11-02 08:00:00,AECO,3.0,0.4,83.0,,0.0,1023.0,1.0
2025-11-02 09:00:00,AECO,2.0,0.4,89.0,,0.0,1024.0,1.0
2025-11-02 10:00:00,AECO,3.0,0.9,86.0,,0.0,1024.0,1.0
2025-11-02 11:00:00,AECO,2.0,-0.3,85.0,,6.0,1025.0,1.0
2025-11-02 12:00:00,AECO,7.0,3.6,79.0,,0.0,1026.0,1.0
2025-11-02 13:00:00,AECO,12.0,6.5,69.0,,0.0,1026.0,1.0
2025-11-02 14:00:00,AECO,15.0,4.9,51.0,,6.0,1026.0,2.0
2025-11-02 15:00:00,AECO,17.0,2.9,39.0,,6.0,1026.0,2.0
2025-11-02 16:00:00,AECO,18.0,1.9,34.0,,6.0,1026.0,2.0
2025-11-02 17:00:00,AECO,18.0,0.6,31.0,,11.0,1025.0,1.0
2025-11-02 18:00:00,AECO,17.0,4.3,43.0,,13.0,1025.0,1.0
2025-11-02 19:00:00,AECO,17.0,1.4,35.0,,13.0,1025.0,1.0
2025-11-02 20:00:00,AECO,16.0,4.7,47.0,,13.0,1025.0,2.0
2025-11-02 21:00:00,AECO,14.0,4.0,51.0,,7.0,1025.0,2.0
2025-11-02 22:00:00,AECO,11.0,5.5,69.0,,7.4,1025.0,2.0
2025-11-02 23:00:00,AECO,8.3,5.4,82.0,,3.7,1025.0,1.0
2025-11-03 00:00:00,AECO,8.0,4.6,79.0,,0.0,1025.0,1.0
2025-11-03 01:00:00,AECO,7.0,4.7,85.0,,0.0,1025.0,1.0
2025-11-03 02:00:00,AECO,7.0,4.1,82.0,,0.0,1025.0,1.0
2025-11-03 03:00:00,AECO,7.0,4.7,85.0,,0.0,1024.0,2.0
2025-11-03 04:00:00,AECO,6.0,4.3,89.0,,0.0,1024.0,2.0
2025-11-03 05:00:00,AECO,7.0,5.3,89.0,,6.0,1024.0,1.0
2025-11-03 06:00:00,AECO,7.0,4.8,86.0,,6.0,1024.0,1.0
2025-11-03 07:00:00,AECO,8.0,5.8,86.0,,0.0,1023.0,2.0
2025-11-03 08:00:00,AECO,9.0,6.8,86.0,,0.0,1023.0,2.0
2025-11-03 09:00:00,AECO,9.0,7.4,90.0,,6.0,1022.0,4.0
2025-11-03 10:00:00,AECO,10.0,7.8,86.0,,0.0,1023.0,4.0
2025-11-03 11:00:00,AECO,10.0,8.9,93.0,0.0,6.0,1023.0,4.0
2025-11-03 12:00:00,AECO,11.0,9.3,89.0,0.0,7.0,1022.0,4.0
2025-11-03 13:00:00,AECO,12.0,9.7,86.0,,9.0,1021.0,4.0
2025-11-03 14:00:00,AECO,13.0,9.6,80.0,,0.0,1020.0,4.0
2025-11-03 15:00:00,AECO,14.0,10.2,78.0,,9.0,1019.0,4.0
2025-11-03 16:00:00,AECO,15.0,10.0,72.0,,11.0,1017.0,3.0
2025-11-03 17:00:00,AECO,15.0,10.6,75.0,,7.0,1016.0,4.0
2025-11-03 18:00:00,AECO,15.0,9.4,69.0,,6.0,1016.0,4.0
2025-11-03 19:00:00,AECO,14.0,10.8,81.0,,6.0,1015.0,4.0
2025-11-03 20:00:00,AECO,14.0,9.0,72.0,,0.0,1014.0,3.0
2025-11-03 21:00:00,AECO,13.0,10.4,84.0,,6.0,1014.0,3.0
2025-11-03 22:00:00,AECO,12.0,9.7,86.0,,6.0,1014.0,3.0
2025-11-03 23:00:00,AECO,10.4,8.0,85.0,,7.4,1013.0,2.0
2025-11-04 00:00:00,AECO,11.0,9.7,92.0,,9.0,1013.0,1.0
2025-11-04 01:00:00,AECO,11.0,9.7,92.0,,11.0,1013.0,1.0
2025-11-04 02:00:00,AECO,11.0,7.7,80.0,,24.0,1014.0,1.0
2025-11-04 03:00:00,AECO,11.0,4.9,66.0,,20.0,1015.0,1.0
2025-11-04 04:00:00,AECO,10.0,2.8,61.0,,13.0,1015.0,1.0
2025-11-04 05:00:00,AECO,9.0,1.4,59.0,,13.0,1015.0,1.0
2025-11-04 06:00:00,AECO,10.0,1.6,56.0,,24.0,1016.0,1.0
2025-11-04 07:00:00,AECO,9.0,1.4,59.0,,15.0,1017.0,1.0
2025-11-04 08:00:00,AECO,9.0,1.9,61.0,,13.0,1018.0,1.0
2025-11-04 09:00:00,AECO,8.0,1.8,65.0,,9.0,1019.0,1.0
2025-11-04 10:00:00,AECO,8.0,1.4,63.0,,15.0,1019.0,1.0
2025-11-04 11:00:00,AECO,8.0,1.4,63.0,,11.0,1020.0,1.0
2025-11-04 12:00:00,AECO,10.0,1.6,56.0,,17.0,1021.0,1.0
2025-11-04 13:00:00,AECO,13.0,0.7,43.0,,22.0,1022.0,1.0
2025-11-04 14:00:00,AECO,14.0,-0.5,37.0,,32.0,1022.0,1.0
2025-11-04 15:00:00,AECO,15.0,-1.1,33.0,,32.0,1021.0,2.0
2025-11-04 16:00:00,AECO,16.0,-0.3,33.0,,26.0,1020.0,1.0
2025-11-04 17:00:00,AECO,16.0,-1.6,30.0,,30.0,1019.0,1.0
2025-11-04 18:00:00,AECO,17.0,-2.1,27.0,,33.0,1019.0,1.0
2025-11-04 19:00:00,AECO,17.0,-2.6,26.0,,30.0,1019.0,1.0
2025-11-04 20:00:00,AECO,16.0,-3.5,26.0,,20.0,1020.0,1.0
2025-11-04 21:00:00,AECO,14.0,-3.8,29.0,,9.0,1021.0,2.0
2025-11-04 22:00:00,AECO,13.0,-2.9,33.0,,9.0,1022.0,1.0
2025-11-04 23:00:00,AECO,12.0,-1.9,38.0,,9.0,1022.0,1.0
2025-11-05 00:00:00,AECO,10.0,-0.5,48.0,,7.0,1022.0,1.0
2025-11-05 01:00:00,AECO,11.0,1.5,52.0,,11.0,1023.0,1.0
2025-11-05 02:00:00,AECO,11.0,1.5,52.0,,13.0,1023.0,1.0
2025-11-05 03:00:00,AECO,9.0,0.7,56.0,,11.0,1023.0,1.0
2025-11-05 04:00:00,AECO,7.0,0.9,65.0,,7.0,1023.0,1.0
2025-11-05 05:00:00,AECO,7.0,0.9,65.0,,6.0,1023.0,1.0
2025-11-05 06:00:00,AECO,6.0,0.5,68.0,,0.0,1023.0,1.0
2025-11-05 07:00:00,AECO,4.0,0.2,76.0,,0.0,1022.0,1.0
2025-11-05 08:00:00,AECO,5.0,1.1,76.0,,0.0,1022.0,1.0
2025-11-05 09:00:00,AECO,4.0,0.2,76.0,,0.0,1022.0,1.0
2025-11-05 10:00:00,AECO,2.0,-0.3,85.0,,0.0,1022.0,1.0
2025-11-05 11:00:00,AECO,2.0,-0.3,85.0,,0.0,1021.0,1.0
2025-11-05 12:00:00,AECO,7.0,4.0,81.0,,0.0,1021.0,5.0
2025-11-05 13:00:00,AECO,9.0,5.7,80.0,,0.0,1021.0,1.0
2025-11-05 14:00:00,AECO,16.0,2.8,41.0,,19.0,1018.0,2.0
2025-11-05 15:00:00,AECO,17.0,5.0,45.0,,26.0,1017.0,2.0
2025-11-05 16:00:00,AECO,19.0,5.1,40.0,,17.0,1014.0,1.0
2025-11-05 17:00:00,AECO,20.0,3.2,33.0,,37.0,1012.0,1.0
2025-11-05 18:00:00,AECO,19.0,7.4,47.0,,20.0,1010.0,1.0
2025-11-05 19:00:00,AECO,18.0,8.0,52.0,,24.0,1009.0,1.0
2025-11-05 20:00:00,AECO,18.0,4.2,40.0,,26.0,1008.0,1.0
2025-11-05 21:00:00,AECO,17.0,5.3,46.0,,19.0,1007.0,2.0
2025-11-05 22:00:00,AECO,17.0,6.5,50.0,,19.0,1007.0,1.0
2025-11-05 23:00:00,AECO,16.0,6.1,52.0,,17.0,1006.0,1.0
2025-11-06 00:00:00,AECO,17.0,7.6,54.0,,24.0,1005.0,1.0
2025-11-06 01:00:00,AECO,17.0,7.1,52.0,,30.0,1005.0,1.0
2025-11-06 02:00:00,AECO,18.0,6.8,48.0,,22.0,1004.0,1.0
2025-11-06 03:00:00,AECO,18.0,7.4,50.0,,24.0,1005.0,2.0
2025-11-06 04:00:00,AECO,17.0,7.6,54.0,,43.0,1008.0,1.0
2025-11-06 05:00:00,AECO,12.9,5.1,59.0,,29.6,1009.0,1.0
2025-11-06 06:00:00,AECO,13.6,5.0,56.0,,29.6,1011.0,1.0
2025-11-06 07:00:00,AECO,12.0,1.6,49.0,,30.0,1012.0,1.0
2025-11-06 08:00:00,AECO,12.0,1.0,47.0,,35.0,1014.0,1.0
2025-11-06 09:00:00,AECO,10.0,0.6,52.0,,22.0,1015.0,1.0
2025-11-06 10:00:00,AECO,9.0,-0.3,52.0,,28.0,1016.0,2.0
2025-11-06 11:00:00,AECO,9.0,0.7,56.0,,19.0,1017.0,1.0
2025-11-06 12:00:00,AECO,10.0,-0.5,48.0,,26.0,1019.0,1.0
2025-11-06 13:00:00,AECO,11.0,-2.4,39.0,,28.0,1019.0,1.0
2025-11-06 14:00:00,AECO,12.0,-1.2,40.0,,28.0,1019.0,1.0
2025-11-06 15:00:00,AECO,13.0,-2.5,34.0,,33.0,1019.0,2.0
2025-11-06 16:00:00,AECO,13.0,-2.9,33.0,,33.0,1019.0,2.0
2025-11-06 17:00:00,AECO,13.0,-2.9,33.0,,32.0,1019.0,1.0
2025-11-06 18:00:00,AECO,13.0,-2.9,33.0,,24.0,1019.0,1.0
2025-11-06 19:00:00,AECO,13.0,-2.9,33.0,,26.0,1019.0,1.0
2025-11-06 20:00:00,AECO,13.0,-2.5,34.0,,19.0,1020.0,2.0
2025-11-06 21:00:00,AECO,9.0,-2.0,46.0,,11.0,1020.0,2.0
2025-11-06 22:00:00,AECO,10.0,-2.6,41.0,,13.0,1021.0,2.0
2025-11-06 23:00:00,AECO,6.0,-1.9,57.0,,0.0,1021.0,1.0
2025-11-07 00:00:00,AECO,6.0,-1.9,57.0,,0.0,1021.0,1.0
2025-11-07 01:00:00,AECO,4.0,-2.0,65.0,,0.0,1022.0,1.0
2025-11-07 02:00:00,AECO,1.0,-2.9,75.0,,0.0,1022.0,1.0
2025-11-07 03:00:00,AECO,1.0,-2.4,78.0,,0.0,1022.0,2.0
2025-11-07 04:00:00,AECO,1.0,-2.4,78.0,,0.0,1022.0,1.0
2025-11-07 05:00:00,AECO,1.0,-2.4,78.0,,0.0,1022.0,1.0
2025-11-07 06:00:00,AECO,0.0,-2.2,85.0,,0.0,1021.0,1.0
2025-11-07 07:00:00,AECO,-1.0,-3.8,81.0,,0.0,1021.0,1.0
2025-11-07 08:00:00,AECO,-1.0,-3.8,81.0,,0.0,1021.0,1.0
2025-11-07 09:00:00,AECO,-2.0,-4.2,85.0,,0.0,1020.0,1.0
2025-11-07 10:00:00,AECO,-1.0,-3.8,81.0,,0.0,1020.0,1.0
2025-11-07 11:00:00,AECO,0.0,-2.9,81.0,,0.0,1020.0,1.0
2025-11-07 12:00:00,AECO,3.0,-1.4,73.0,,0.0,1020.0,1.0
2025-11-07 13:00:00,AECO,12.0,1.9,50.0,,13.0,1019.0,1.0
2025-11-07 14:00:00,AECO,14.0,1.9,44.0,,22.0,1018.0,1.0
2025-11-07 15:00:00,AECO,16.0,2.0,39.0,,26.0,1017.0,2.0
2025-11-07 16:00:00,AECO,16.0,3.1,42.0,,26.0,1016.0,2.0
2025-11-07 17:00:00,AECO,16.0,2.0,39.0,,22.0,1014.0,1.0
2025-11-07 18:00:00,AECO,16.0,2.8,41.0,,28.0,1013.0,1.0
2025-11-07 19:00:00,AECO,16.0,3.1,42.0,,26.0,1012.0,1.0
2025-11-07 20:00:00,AECO,15.0,5.5,53.0,,22.0,1010.0,2.0
2025-11-07 21:00:00,AECO,14.0,6.8,62.0,,19.0,1009.0,3.0
2025-11-07 22:00:00,AECO,15.0,7.3,60.0,,22.0,1009.0,2.0
2025-11-07 23:00:00,AECO,15.0,7.8,62.0,,24.0,1008.0,1.0
2025-11-08 00:00:00,AECO,16.0,9.2,64.0,,20.4,1008.0,1.0
2025-11-08 01:00:00,AECO,15.5,9.8,69.0,,22.2,1007.0,1.0
2025-11-08 02:00:00,AECO,15.7,10.2,70.0,,25.9,1007.0,2.0
2025-11-08 03:00:00,AECO,16.0,10.5,70.0,,25.9,1006.0,2.0
2025-11-08 04:00:00,AECO,16.1,12.1,77.0,,22.2,1006.0,1.0
2025-11-08 05:00:00,AECO,16.1,12.6,80.0,,16.7,1006.0,3.0
2025-11-08 06:00:00,AECO,16.1,13.6,85.0,,18.5,1005.0,3.0
2025-11-08 07:00:00,AECO,16.4,13.3,82.0,,18.5,1005.0,3.0
2025-11-08 08:00:00,AECO,16.6,12.9,79.0,,20.4,1005.0,7.0
2025-11-08 09:00:00,AECO,16.6,12.7,78.0,,18.5,1005.0,7.0
2025-11-08 10:00:00,AECO,15.3,12.8,85.0,,14.8,1005.0,7.0
2025-11-08 11:00:00,AECO,13.6,12.8,95.0,,11.1,1006.0,7.0
2025-11-08 12:00:00,AECO,13.5,12.9,96.0,,9.3,1008.0,7.0
2025-11-08 13:00:00,AECO,14.5,12.2,86.0,,16.7,1008.0,4.0
2025-11-08 14:00:00,AECO,18.0,12.0,68.0,,20.0,1009.0,3.0
2025-11-08 15:00:00,AECO,19.0,10.8,59.0,,15.0,1009.0,3.0
2025-11-08 16:00:00,AECO,21.0,10.5,51.0,,15.0,1009.0,2.0
2025-11-08 17:00:00,AECO,21.0,8.3,44.0,,17.0,1008.0,2.0
2025-11-08 18:00:00,AECO,22.0,8.1,41.0,,15.0,1009.0,1.0
2025-11-08 19:00:00,AECO,21.0,6.1,38.0,,15.0,1009.0,2.0
2025-11-08 20:00:00,AECO,20.0,7.7,45.0,,9.0,1009.0,2.0
2025-11-08 21:00:00,AECO,18.0,6.8,48.0,,6.0,1010.0,2.0
2025-11-08 22:00:00,AECO,13.0,6.3,64.0,,0.0,1011.0,2.0
2025-11-08 23:00:00,AECO,12.0,6.9,71.0,,0.0,1012.0,1.0
2025-11-09 00:00:00,AECO,12.0,7.5,74.0,,0.0,1012.0,1.0
2025-11-09 01:00:00,AECO,11.0,7.1,77.0,,7.0,1012.0,1.0
2025-11-09 02:00:00,AECO,8.0,5.3,83.0,,0.0,1012.0,1.0
2025-11-09 03:00:00,AECO,8.0,5.3,83.0,,0.0,1013.0,2.0
2025-11-09 04:00:00,AECO,8.0,6.3,89.0,,0.0,1013.0,1.0
2025-11-09 05:00:00,AECO,7.0,5.3,89.0,,6.0,1013.0,1.0
2025-11-09 06:00:00,AECO,8.0,6.3,89.0,,0.0,1012.0,5.0
2025-11-09 07:00:00,AECO,13.0,11.2,89.0,,7.0,1012.0,1.0
2025-11-09 08:00:00,AECO,14.0,12.4,90.0,,9.0,1012.0,1.0
2025-11-09 09:00:00,AECO,14.0,12.4,90.0,,11.0,1012.0,1.0
2025-11-09 10:00:00,AECO,12.0,10.9,93.0,,9.0,1011.0,1.0
2025-11-09 11:00:00,AECO,13.0,10.9,87.0,,11.0,1011.0,2.0
2025-11-09 12:00:00,AECO,14.0,11.9,87.0,,9.0,1011.0,4.0
2025-11-09 13:00:00,AECO,16.0,12.7,81.0,,15.0,1011.0,2.0
2025-11-09 14:00:00,AECO,17.0,13.7,81.0,,19.0,1010.0,3.0
2025-11-09 15:00:00,AECO,15.3,12.4,83.0,,18.5,1010.0,7.0
2025-11-09 16:00:00,AECO,16.2,13.3,83.0,,18.5,1008.0,7.0
2025-11-09 17:00:00,AECO,16.2,14.2,88.0,,16.7,1006.0,4.0
2025-11-09 18:00:00,AECO,18.0,17.0,94.0,,15.0,1006.0,4.0
2025-11-09 19:00:00,AECO,18.0,17.0,94.0,,15.0,1006.0,4.0
2025-11-09 20:00:00,AECO,19.0,17.0,88.0,,17.0,1005.0,4.0
2025-11-09 21:00:00,AECO,16.9,14.5,86.0,,16.7,1006.0,3.0
2025-11-09 22:00:00,AECO,15.6,14.1,91.0,,11.1,1007.0,3.0
2025-11-09 23:00:00,AECO,14.0,13.4,96.0,,7.4,1007.0,3.0
2025-11-10 00:00:00,AECO,16.0,15.4,96.0,,0.0,1006.0,2.0
2025-11-10 01:00:00,AECO,13.0,12.4,96.0,,0.0,1006.0,5.0
2025-11-10 02:00:00,AECO,13.0,11.9,93.0,,7.0,1006.0,5.0
2025-11-10 03:00:00,AECO,13.0,12.5,97.0,,7.0,1006.0,5.0
2025-11-10 04:00:00,AECO,14.0,13.5,97.0,,9.0,1005.0,25.0
2025-11-10 05:00:00,AECO,14.8,13.3,91.0,,7.4,1006.0,8.0
2025-11-10 06:00:00,AECO,13.0,12.4,96.0,,17.0,1006.0,8.0
2025-11-10 07:00:00,AECO,12.0,11.5,97.0,,9.0,1005.0,7.0
2025-11-10 08:00:00,AECO,12.0,11.5,97.0,,7.0,1005.0,7.0
2025-11-10 09:00:00,AECO,12.0,10.9,93.0,,6.0,1005.0,4.0
2025-11-10 10:00:00,AECO,12.0,10.9,93.0,,19.0,1006.0,4.0
2025-11-10 11:00:00,AECO,10.6,8.4,86.0,,9.3,1006.0,4.0
2025-11-10 12:00:00,AECO,10.1,9.0,93.0,,11.1,1006.0,4.0
2025-11-10 13:00:00,AECO,11.0,8.2,83.0,,19.0,1006.0,4.0
2025-11-10 14:00:00,AECO,10.0,6.2,77.0,,20.0,1005.0,4.0
2025-11-10 15:00:00,AECO,11.0,4.9,66.0,,24.0,1005.0,4.0
2025-11-10 16:00:00,AECO,9.0,3.6,69.0,,30.0,1004.0,3.0
2025-11-10 17:00:00,AECO,8.0,4.0,76.0,0.0,17.0,1004.0,3.0
2025-11-10 18:00:00,AECO,10.0,3.3,63.0,,26.0,1003.0,3.0
2025-11-10 19:00:00,AECO,12.0,3.5,56.0,,24.0,1003.0,3.0
2025-11-10 20:00:00,AECO,9.0,1.4,59.0,,37.0,1004.0,3.0
2025-11-10 21:00:00,AECO,7.0,0.4,63.0,,24.0,1005.0,3.0
2025-11-10 22:00:00,AECO,6.0,-1.9,57.0,,30.0,1006.0,3.0
2025-11-10 23:00:00,AECO,5.0,-2.1,60.0,,26.0,1007.0,2.0
2025-11-11 00:00:00,AECO,5.0,-2.8,57.0,,22.0,1008.0,2.0
2025-11-11 01:00:00,AECO,5.0,-4.3,51.0,,30.0,1008.0,2.0
2025-11-11 02:00:00,AECO,4.0,-5.2,51.0,,20.0,1008.0,2.0
2025-11-11 03:00:00,AECO,4.0,-5.0,52.0,,15.0,1009.0,2.0
2025-11-11 04:00:00,AECO,3.0,-6.4,50.0,,20.0,1009.0,2.0
2025-11-11 05:00:00,AECO,2.0,-6.8,52.0,,19.0,1009.0,1.0
2025-11-11 06:00:00,AECO,1.0,-7.3,54.0,,17.0,1009.0,1.0
2025-11-11 07:00:00,AECO,0.0,-7.3,58.0,,26.0,1008.0,1.0
2025-11-11 08:00:00,AECO,-1.0,-7.6,61.0,,20.0,1008.0,1.0
2025-11-11 09:00:00,AECO,0.0,-7.3,58.0,,19.0,1009.0,1.0
2025-11-11 10:00:00,AECO,0.0,-6.6,61.0,,22.0,1009.0,1.0
2025-11-11 11:00:00,AECO,1.0,-6.8,56.0,,24.0,1010.0,1.0
2025-11-11 12:00:00,AECO,1.0,-7.3,54.0,,26.0,1010.0,5.0
2025-11-11 13:00:00,AECO,3.0,-7.5,46.0,,41.0,1011.0,1.0
2025-11-11 14:00:00,AECO,4.0,-7.7,42.0,,30.0,1011.0,2.0
2025-11-11 15:00:00,AECO,4.0,-8.7,39.0,,41.0,1011.0,2.0
2025-11-11 16:00:00,AECO,4.0,-8.7,39.0,,37.0,1010.0,2.0
2025-11-11 17:00:00,AECO,6.0,-7.9,36.0,,30.0,1010.0,2.0
2025-11-11 18:00:00,AECO,6.0,-7.9,36.0,,44.0,1010.0,1.0
2025-11-11 19:00:00,AECO,6.0,-7.2,38.0,,39.0,1011.0,2.0
2025-11-11 20:00:00,AECO,6.0,-7.2,38.0,,28.0,1012.0,2.0
2025-11-11 21:00:00,AECO,6.0,-7.2,38.0,,32.0,1012.0,2.0
2025-11-11 22:00:00,AECO,6.0,-6.9,39.0,,30.0,1014.0,2.0
2025-11-11 23:00:00,AECO,5.0,-5.9,45.0,,24.0,1015.0,1.0
2025-11-12 00:00:00,AECO,5.0,-5.9,45.0,,24.0,1015.0,1.0
2025-11-12 01:00:00,AECO,4.0,-6.0,48.0,,13.0,1016.0,1.0
2025-11-12 02:00:00,AECO,4.0,-5.5,50.0,,20.0,1016.0,2.0
2025-11-12 03:00:00,AECO,3.0,-5.9,52.0,,15.0,1016.0,2.0
2025-11-12 04:00:00,AECO,3.0,-6.4,50.0,,9.0,1015.0,1.0
2025-11-12 05:00:00,AECO,3.0,-5.9,52.0,,7.0,1015.0,1.0
2025-11-12 06:00:00,AECO,3.0,-5.9,52.0,,9.0,1015.0,1.0
2025-11-12 07:00:00,AECO,3.0,-4.7,57.0,,7.0,1014.0,1.0
2025-11-12 08:00:00,AECO,4.0,-4.2,55.0,,11.0,1014.0,3.0
2025-11-12 09:00:00,AECO,6.0,-3.6,50.0,,9.0,1013.0,3.0
2025-11-12 10:00:00,AECO,5.0,-2.8,57.0,,7.0,1013.0,3.0
2025-11-12 11:00:00,AECO,4.0,-2.6,62.0,,11.0,1013.0,3.0
2025-11-12 12:00:00,AECO,6.0,-1.9,57.0,,15.0,1012.0,2.0
2025-11-12 13:00:00,AECO,7.0,-2.4,51.0,,13.0,1012.0,2.0
2025-11-12 14:00:00,AECO,8.0,-2.9,46.0,,17.0,1011.0,2.0
2025-11-12 15:00:00,AECO,9.0,-2.6,44.0,,17.0,1010.0,2.0
2025-11-12 16:00:00,AECO,10.0,-2.3,42.0,,13.0,1009.0,2.0
2025-11-12 17:00:00,AECO,12.0,-1.5,39.0,,22.0,1008.0,2.0
2025-11-12 18:00:00,AECO,13.0,-2.1,35.0,,13.0,1008.0,2.0
2025-11-12 19:00:00,AECO,13.0,-2.1,35.0,,30.0,1008.0,2.0
2025-11-12 20:00:00,AECO,12.0,-1.9,38.0,,22.0,1008.0,3.0
2025-11-12 21:00:00,AECO,12.0,-1.5,39.0,,9.0,1009.0,3.0
2025-11-12 22:00:00,AECO,11.0,-0.2,46.0,,11.0,1009.0,3.0
2025-11-12 23:00:00,AECO,11.0,0.4,48.0,,11.0,1010.0,2.0
2025-11-13 00:00:00,AECO,11.0,0.4,48.0,,0.0,1010.0,1.0
2025-11-13 01:00:00,AECO,9.0,1.4,59.0,,7.0,1011.0,2.0
2025-11-13 02:00:00,AECO,8.0,1.8,65.0,,6.0,1011.0,2.0
2025-11-13 03:00:00,AECO,8.0,2.5,68.0,,0.0,1011.0,2.0
2025-11-13 04:00:00,AECO,9.0,0.7,56.0,,9.0,1012.0,2.0
2025-11-13 05:00:00,AECO,9.0,1.9,61.0,,0.0,1012.0,1.0
2025-11-13 06:00:00,AECO,9.0,1.9,61.0,,11.0,1012.0,1.0
2025-11-13 07:00:00,AECO,8.0,1.4,63.0,,11.0,1012.0,1.0
2025-11-13 08:00:00,AECO,8.0,0.7,60.0,,13.0,1013.0,1.0
2025-11-13 09:00:00,AECO,8.0,-0.5,55.0,,17.0,1013.0,1.0
2025-11-13 10:00:00,AECO,7.0,-0.7,58.0,,20.0,1013.0,1.0
2025-11-13 11:00:00,AECO,7.0,-0.7,58.0,,15.0,1014.0,1.0
2025-11-13 12:00:00,AECO,8.0,-1.3,52.0,,17.0,1014.0,1.0
2025-11-13 13:00:00,AECO,10.0,-1.1,46.0,,33.0,1014.0,1.0
2025-11-13 14:00:00,AECO,12.0,-1.9,38.0,,32.0,1014.0,2.0
2025-11-13 15:00:00,AECO,13.0,-2.5,34.0,,26.0,1013.0,2.0
2025-11-13 16:00:00,AECO,12.0,-2.2,37.0,,43.0,1013.0,2.0
2025-11-13 17:00:00,AECO,13.0,-2.9,33.0,,44.0,1013.0,2.0
2025-11-13 18:00:00,AECO,12.0,-3.0,35.0,,41.0,1013.0,2.0
2025-11-13 19:00:00,AECO,11.0,-3.5,36.0,,30.0,1014.0,2.0
2025-11-13 20:00:00,AECO,11.0,-3.5,36.0,,28.0,1015.0,2.0
2025-11-13 21:00:00,AECO,9.0,-4.2,39.0,,19.0,1016.0,2.0
2025-11-13 22:00:00,AECO,7.0,-3.5,47.0,,11.0,1017.0,2.0
2025-11-13 23:00:00,AECO,7.0,-4.1,45.0,,9.0,1017.0,1.0
2025-11-14 00:00:00,AECO,6.0,-3.6,50.0,,11.0,1017.0,1.0
2025-11-14 01:00:00,AECO,4.0,-4.2,55.0,,0.0,1018.0,1.0
2025-11-14 02:00:00,AECO,4.0,-4.2,55.0,,7.0,1018.0,1.0
2025-11-14 03:00:00,AECO,4.0,-3.7,57.0,,6.0,1018.0,1.0
2025-11-14 04:00:00,AECO,2.0,-4.1,64.0,,6.0,1018.0,1.0
2025-11-14 05:00:00,AECO,5.0,-3.3,55.0,,17.0,1018.0,1.0
2025-11-14 06:00:00,AECO,4.0,-3.3,59.0,,15.0,1019.0,1.0
2025-11-14 07:00:00,AECO,2.0,-3.1,69.0,,6.0,1019.0,1.0
2025-11-14 08:00:00,AECO,2.0,-3.7,66.0,,7.0,1019.0,1.0
2025-11-14 09:00:00,AECO,0.0,-4.4,72.0,,7.0,1020.0,1.0
2025-11-14 10:00:00,AECO,2.0,-3.1,69.0,,11.0,1020.0,1.0
2025-11-14 11:00:00,AECO,2.0,-3.1,69.0,,7.0,1021.0,1.0
2025-11-14 12:00:00,AECO,5.0,-2.1,60.0,,13.0,1021.0,1.0
2025-11-14 13:00:00,AECO,8.0,-2.3,48.0,,20.0,1021.0,1.0
2025-11-14 14:00:00,AECO,10.0,-2.3,42.0,,19.0,1021.0,2.0
2025-11-14 15:00:00,AECO,11.0,-2.4,39.0,,20.0,1020.0,2.0
2025-11-14 16:00:00,AECO,12.0,-3.4,34.0,,24.0,1019.0,2.0
2025-11-14 17:00:00,AECO,13.0,-4.2,30.0,,20.0,1018.0,1.0
2025-11-14 18:00:00,AECO,13.0,-4.2,30.0,,20.0,1017.0,1.0
2025-11-14 19:00:00,AECO,13.0,-3.7,31.0,,24.0,1017.0,1.0
2025-11-14 20:00:00,AECO,12.0,-4.6,31.0,,22.0,1017.0,2.0
2025-11-14 21:00:00,AECO,10.0,-4.0,37.0,,9.0,1017.0,2.0
2025-11-14 22:00:00,AECO,10.0,-2.6,41.0,,9.0,1016.0,2.0
2025-11-14 23:00:00,AECO,11.0,-2.4,39.0,,13.0,1016.0,2.0
2025-11-15 00:00:00,AECO,10.0,-0.5,48.0,,19.0,1015.0,2.0
2025-11-15 01:00:00,AECO,9.0,-0.3,52.0,,9.0,1015.0,4.0
2025-11-15 02:00:00,AECO,9.0,-0.9,50.0,,15.0,1015.0,4.0
2025-11-15 03:00:00,AECO,9.0,-0.6,51.0,,7.0,1015.0,4.0
2025-11-15 04:00:00,AECO,9.0,-0.6,51.0,,7.0,1014.0,4.0
2025-11-15 05:00:00,AECO,8.0,-0.2,56.0,,6.0,1014.0,4.0
2025-11-15 06:00:00,AECO,4.0,-1.0,70.0,,0.0,1013.0,2.0
2025-11-15 07:00:00,AECO,4.0,-1.0,70.0,,0.0,1013.0,2.0
2025-11-15 08:00:00,AECO,1.0,-1.7,82.0,,0.0,1013.0,2.0
2025-11-15 09:00:00,AECO,1.0,-2.2,79.0,,0.0,1013.0,2.0
2025-11-15 10:00:00,AECO,2.0,-1.4,78.0,,0.0,1013.0,2.0
2025-11-15 11:00:00,AECO,1.0,-2.2,79.0,,0.0,1013.0,1.0
2025-11-15 12:00:00,AECO,5.0,-0.6,67.0,,0.0,1013.0,1.0
2025-11-15 13:00:00,AECO,9.0,0.2,54.0,,0.0,1012.0,1.0
2025-11-15 14:00:00,AECO,10.0,-1.7,44.0,,0.0,1011.0,2.0
2025-11-15 15:00:00,AECO,11.0,-1.7,41.0,,0.0,1011.0,2.0
2025-11-15 16:00:00,AECO,13.0,-0.3,40.0,,0.0,1009.0,2.0
2025-11-15 17:00:00,AECO,12.0,-0.8,41.0,,0.0,1008.0,2.0
2025-11-15 18:00:00,AECO,11.0,0.4,48.0,,15.0,1007.0,1.0
2025-11-15 19:00:00,AECO,10.6,1.7,54.0,,8.0,,2.0
2025-11-15 20:00:00,AECO,10.6,3.8,63.0,,6.0,,3.0
2025-11-15 21:00:00,AECO,11.1,4.3,63.0,,5.0,,3.0
2025-11-15 22:00:00,AECO,11.7,6.6,71.0,,9.0,,3.0
2025-11-15 23:00:00,AECO,12.8,8.3,74.0,,10.0,,4.0
2025-11-16 00:00:00,AECO,13.3,7.3,67.0,,9.0,,4.0
2025-11-16 01:00:00,AECO,13.9,8.3,69.0,,10.0,,4.0
2025-11-16 02:00:00,AECO,15.6,8.3,62.0,,12.0,,7.0
2025-11-16 03:00:00,AECO,16.1,8.3,60.0,,13.0,,7.0
2025-11-16 04:00:00,AECO,17.2,8.9,58.0,,15.0,,4.0
2025-11-16 05:00:00,AECO,17.8,9.4,58.0,0.0,15.0,,3.0
2025-11-16 06:00:00,AECO,17.8,9.4,58.0,,12.0,,3.0
2025-11-16 07:00:00,AECO,17.2,8.9,58.0,,12.0,,3.0
2025-11-16 08:00:00,AECO,17.2,9.4,60.0,,9.0,,3.0
2025-11-16 09:00:00,AECO,16.7,8.9,60.0,,10.0,,3.0
2025-11-16 10:00:00,AECO,16.1,9.3,64.0,,9.0,,2.0
2025-11-16 11:00:00,AECO,15.6,9.5,67.0,,4.0,,2.0
2025-11-16 12:00:00,AECO,16.7,8.9,60.0,,14.0,,2.0
2025-11-16 13:00:00,AECO,16.1,2.8,41.0,,16.0,,2.0
2025-11-16 14:00:00,AECO,14.6,5.9,56.0,,37.0,,2.0
2025-11-16 15:00:00,AECO,17.2,0.8,33.0,,17.0,,2.0
2025-11-16 16:00:00,AECO,14.1,1.7,43.0,,38.9,,2.0
2025-11-16 17:00:00,AECO,13.7,-1.1,36.0,,40.8,,1.0
2025-11-16 18:00:00,AECO,14.7,-0.6,35.0,,37.0,,1.0
2025-11-16 19:00:00,AECO,13.9,-0.9,36.0,,37.0,,2.0
2025-11-16 20:00:00,AECO,13.3,-1.5,36.0,,37.0,,2.0
2025-11-16 21:00:00,AECO,10.0,-7.2,29.0,,18.0,,2.0
2025-11-16 22:00:00,AECO,10.0,-6.8,30.0,,16.0,,2.0
2025-11-16 23:00:00,AECO,9.4,-6.1,33.0,,13.0,,1.0
2025-11-17 00:00:00,AECO,8.3,-4.8,39.0,,14.0,,1.0
2025-11-17 01:00:00,AECO,7.8,-4.3,42.0,,18.0,,1.0
2025-11-17 02:00:00,AECO,7.2,-5.5,40.0,,18.0,,1.0
2025-11-17 03:00:00,AECO,6.7,-5.0,43.0,,14.0,,1.0
2025-11-17 04:00:00,AECO,6.1,-4.4,47.0,,9.0,,1.0
2025-11-17 05:00:00,AECO,6.7,-5.0,43.0,,13.0,,1.0
2025-11-17 06:00:00,AECO,5.6,-4.3,49.0,,10.0,,1.0
2025-11-17 07:00:00,AECO,5.6,-4.3,49.0,,14.0,,1.0
2025-11-17 08:00:00,AECO,5.6,-4.3,49.0,,12.0,,1.0
2025-11-17 09:00:00,AECO,5.6,-3.2,53.0,,8.0,,1.0
2025-11-17 10:00:00,AECO,5.6,-3.2,53.0,,18.0,,2.0
2025-11-17 11:00:00,AECO,3.4,-3.8,59.0,,20.4,1008.4,1.0
2025-11-17 12:00:00,AECO,4.0,-2.8,61.0,,22.2,1008.8,1.0
2025-11-17 13:00:00,AECO,5.1,-3.0,56.0,,29.6,1009.3,1.0
2025-11-17 14:00:00,AECO,6.2,-3.2,51.0,,38.9,1010.0,2.0
2025-11-17 15:00:00,AECO,7.1,-3.7,46.0,,40.8,1009.8,2.0
2025-11-17 16:00:00,AECO,8.2,-4.6,40.0,,38.9,1009.6,2.0
2025-11-17 17:00:00,AECO,9.4,-5.7,34.0,,38.9,1009.7,2.0
2025-11-17 18:00:00,AECO,9.3,-4.3,38.0,,35.2,1010.1,2.0
2025-11-17 19:00:00,AECO,9.2,-4.0,39.0,,35.2,1010.6,3.0
2025-11-17 20:00:00,AECO,9.0,-3.9,40.0,,35.2,1011.4,3.0
2025-11-17 21:00:00,AECO,8.5,-3.7,42.0,,35.2,1012.5,3.0
2025-11-17 22:00:00,AECO,6.9,-4.5,44.0,,29.6,1013.8,2.0
2025-11-17 23:00:00,AECO,5.2,-5.5,46.0,,20.4,1015.3,2.0
2025-11-18 00:00:00,AECO,5.3,-4.8,48.0,,16.7,1015.3,1.0
2025-11-18 01:00:00,AECO,5.4,-4.7,48.0,,20.4,1016.1,1.0
2025-11-18 02:00:00,AECO,5.6,-4.5,48.0,,24.1,1017.1,2.0
2025-11-18 03:00:00,AECO,5.7,-4.7,47.0,,25.9,1016.9,1.0
2025-11-18 04:00:00,AECO,3.9,-4.8,53.0,,18.5,1017.5,1.0
2025-11-18 05:00:00,AECO,2.2,-4.8,60.0,,11.1,1018.2,1.0
2025-11-18 06:00:00,AECO,2.3,-4.4,61.0,,13.0,1018.6,1.0
2025-11-18 07:00:00,AECO,3.1,-4.6,57.0,,16.7,1018.9,1.0
2025-11-18 08:00:00,AECO,3.8,-4.4,55.0,,20.4,1019.3,1.0
2025-11-18 09:00:00,AECO,4.2,-4.8,52.0,,20.4,1020.0,1.0
2025-11-18 10:00:00,AECO,1.9,-4.6,62.0,,14.8,1021.1,1.0
2025-11-18 11:00:00,AECO,-0.3,-4.9,71.0,,9.3,1022.1,1.0
2025-11-18 12:00:00,AECO,0.3,-4.1,72.0,,7.4,1022.3,1.0
2025-11-18 13:00:00,AECO,2.7,-4.1,61.0,,14.8,1022.7,1.0
2025-11-18 14:00:00,AECO,4.5,-3.8,55.0,,20.4,1023.3,2.0
2025-11-18 15:00:00,AECO,5.5,-4.1,50.0,,20.4,1022.9,2.0
2025-11-18 16:00:00,AECO,6.9,-4.2,45.0,,18.5,1022.5,2.0
2025-11-18 17:00:00,AECO,8.5,-4.3,40.0,,18.5,1022.2,1.0
2025-11-18 18:00:00,AECO,8.3,-3.9,42.0,,14.8,1022.1,1.0
2025-11-18 19:00:00,AECO,8.5,-3.4,43.0,,14.8,1021.4,1.0
2025-11-18 20:00:00,AECO,8.7,-3.2,43.0,,14.8,1021.0,3.0
2025-11-18 21:00:00,AECO,8.3,-2.9,45.0,,14.8,1021.4,3.0
2025-11-18 22:00:00,AECO,7.0,-2.2,52.0,,11.1,1021.7,4.0
2025-11-18 23:00:00,AECO,5.9,-2.0,57.0,,5.5,1022.1,4.0
2025-11-19 00:00:00,AECO,5.7,-1.0,62.0,,3.7,1022.3,4.0
2025-11-19 01:00:00,AECO,5.9,-0.4,64.0,,5.5,1021.9,4.0
2025-11-19 02:00:00,AECO,6.2,0.1,65.0,,7.4,1021.9,4.0
2025-11-19 03:00:00,AECO,6.4,0.5,66.0,,9.3,1021.6,7.0
2025-11-19 04:00:00,AECO,6.1,1.2,71.0,,7.4,1021.3,7.0
2025-11-19 05:00:00,AECO,5.4,1.9,78.0,,7.4,1021.2,7.0
2025-11-19 06:00:00,AECO,5.1,2.5,83.0,,5.5,1021.5,8.0
2025-11-19 07:00:00,AECO,6.0,3.3,83.0,,9.3,1020.2,8.0
2025-11-19 08:00:00,AECO,6.9,3.9,81.0,,13.0,1019.4,8.0
2025-11-19 09:00:00,AECO,7.6,4.5,81.0,,13.0,1019.4,8.0
2025-11-19 10:00:00,AECO,6.8,5.0,88.0,,11.1,1019.7,8.0
2025-11-19 11:00:00,AECO,6.0,5.7,98.0,,9.3,1020.1,7.0
2025-11-19 12:00:00,AECO,6.5,5.5,93.0,,5.5,1020.5,7.0
2025-11-19 13:00:00,AECO,7.0,6.3,95.0,,11.1,1020.5,7.0
2025-11-19 14:00:00,AECO,7.8,6.7,93.0,,13.0,1020.8,7.0
2025-11-19 15:00:00,AECO,8.4,6.9,90.0,,13.0,1020.7,4.0
2025-11-19 16:00:00,AECO,9.2,6.5,83.0,,13.0,1020.6,4.0
2025-11-19 17:00:00,AECO,9.8,6.3,79.0,,11.1,1020.3,4.0
2025-11-19 18:00:00,AECO,10.9,7.0,77.0,,11.1,1020.2,4.0
2025-11-19 19:00:00,AECO,10.5,6.6,77.0,,14.8,1020.5,4.0
2025-11-19 20:00:00,AECO,10.3,6.4,77.0,,14.8,1020.4,4.0
2025-11-19 21:00:00,AECO,10.0,6.5,79.0,,14.8,1020.5,4.0
2025-11-19 22:00:00,AECO,8.5,6.0,84.0,,14.8,1021.6,4.0
2025-11-19 23:00:00,AECO,7.3,5.8,90.0,,11.1,1022.4,4.0
2025-11-20 00:00:00,AECO,7.3,5.8,90.0,,13.0,1022.4,4.0
2025-11-20 01:00:00,AECO,7.4,5.5,88.0,,14.8,1022.6,4.0
2025-11-20 02:00:00,AECO,7.6,5.6,87.0,,14.8,1022.5,4.0
2025-11-20 03:00:00,AECO,7.7,5.2,84.0,,14.8,1022.4,4.0
2025-11-20 04:00:00,AECO,6.6,4.4,86.0,,13.0,1022.4,4.0
2025-11-20 05:00:00,AECO,6.4,4.9,90.0,,11.1,1021.5,4.0
2025-11-20 06:00:00,AECO,6.1,4.6,90.0,,11.1,1022.2,4.0
2025-11-20 07:00:00,AECO,6.3,3.8,84.0,,13.0,1022.2,4.0
2025-11-20 08:00:00,AECO,6.7,3.7,81.0,,14.8,1021.9,4.0
2025-11-20 09:00:00,AECO,7.1,3.9,80.0,,14.8,1022.0,4.0
2025-11-20 10:00:00,AECO,6.0,3.7,85.0,,11.1,1022.6,4.0
2025-11-20 11:00:00,AECO,5.5,4.5,93.0,,9.3,1022.5,4.0
2025-11-20 12:00:00,AECO,6.1,4.6,90.0,,7.4,1022.8,4.0
2025-11-20 13:00:00,AECO,6.2,4.4,88.0,,11.1,1023.3,4.0
2025-11-20 14:00:00,AECO,6.9,4.9,87.0,,14.8,1023.1,4.0
2025-11-20 15:00:00,AECO,7.5,5.0,84.0,,16.7,1022.9,4.0
2025-11-20 16:00:00,AECO,8.9,5.3,78.0,,16.7,1022.5,4.0
2025-11-20 17:00:00,AECO,10.3,6.3,76.0,,14.8,1021.2,4.0
2025-11-20 18:00:00,AECO,11.2,7.1,76.0,,13.0,1021.3,4.0
2025-11-20 19:00:00,AECO,10.9,6.1,72.0,,13.0,1021.7,4.0
2025-11-20 20:00:00,AECO,10.9,5.6,70.0,,13.0,1021.5,4.0
2025-11-20 21:00:00,AECO,10.4,5.8,73.0,,13.0,1021.0,4.0
2025-11-20 22:00:00,AECO,9.1,5.8,80.0,,11.1,1021.3,4.0
2025-11-20 23:00:00,AECO,8.0,6.5,90.0,,5.5,1020.9,4.0
2025-11-21 00:00:00,AECO,8.1,6.4,89.0,,3.7,1020.9,4.0
2025-11-21 01:00:00,AECO,8.2,6.0,86.0,,7.4,1021.4,4.0
2025-11-21 02:00:00,AECO,8.5,6.1,85.0,,9.3,1021.3,4.0
2025-11-21 03:00:00,AECO,8.7,6.0,83.0,,9.3,1021.0,4.0
2025-11-21 04:00:00,AECO,7.9,5.7,86.0,,7.4,1020.5,4.0
2025-11-21 05:00:00,AECO,7.1,6.0,93.0,,3.7,1019.5,4.0
2025-11-21 06:00:00,AECO,6.8,6.1,95.0,,1.8,1019.1,4.0
2025-11-21 07:00:00,AECO,7.4,5.2,86.0,,5.5,1019.4,4.0
2025-11-21 08:00:00,AECO,7.8,5.4,85.0,,5.5,1019.0,4.0
2025-11-21 09:00:00,AECO,8.4,5.7,83.0,,7.4,1019.2,4.0
2025-11-21 10:00:00,AECO,7.7,5.7,87.0,,5.5,1019.2,4.0
2025-11-21 11:00:00,AECO,6.5,6.1,97.0,,1.8,1018.0,4.0
2025-11-21 12:00:00,AECO,7.4,6.3,93.0,,3.7,1017.8,4.0
2025-11-21 13:00:00,AECO,8.7,6.0,83.0,,9.3,1018.9,4.0
2025-11-21 14:00:00,AECO,9.7,6.1,78.0,,13.0,1018.9,4.0
2025-11-21 15:00:00,AECO,10.7,6.1,73.0,,13.0,1018.1,4.0
2025-11-21 16:00:00,AECO,12.6,7.1,69.0,,14.8,1016.9,3.0
2025-11-21 17:00:00,AECO,14.2,8.4,68.0,,14.8,1014.6,3.0
2025-11-21 18:00:00,AECO,14.9,8.8,67.0,,13.0,1015.0,4.0
2025-11-21 19:00:00,AECO,14.7,8.4,66.0,,13.0,1015.9,4.0
2025-11-21 20:00:00,AECO,14.9,8.1,64.0,,13.0,1015.4,3.0
2025-11-21 21:00:00,AECO,14.6,8.3,66.0,,13.0,1015.3,3.0
2025-11-21 22:00:00,AECO,12.8,7.9,72.0,,13.0,1015.3,3.0
2025-11-21 23:00:00,AECO,11.5,7.6,77.0,,9.3,1013.8,4.0
2025-11-22 00:00:00,AECO,11.5,8.5,82.0,,7.4,1013.6,4.0
2025-11-22 01:00:00,AECO,11.3,7.4,77.0,,9.3,1015.8,3.0
2025-11-22 02:00:00,AECO,11.5,7.2,75.0,,11.1,1015.8,2.0
2025-11-22 03:00:00,AECO,11.5,7.2,75.0,,11.1,1015.6,2.0
2025-11-22 04:00:00,AECO,10.7,6.8,77.0,,9.3,1015.6,7.0
2025-11-22 05:00:00,AECO,10.1,6.8,80.0,,11.1,1013.5,7.0
2025-11-22 06:00:00,AECO,10.3,8.7,90.0,,9.3,1013.0,7.0
2025-11-22 07:00:00,AECO,10.0,7.2,83.0,,9.3,1015.5,7.0
2025-11-22 08:00:00,AECO,10.0,7.1,82.0,,11.1,1015.4,7.0
2025-11-22 09:00:00,AECO,10.2,6.7,79.0,,11.1,1015.5,8.0
2025-11-22 10:00:00,AECO,9.0,6.4,84.0,,11.1,1016.0,7.0
2025-11-22 11:00:00,AECO,8.4,6.0,85.0,,11.1,1014.1,7.0
2025-11-22 12:00:00,AECO,8.7,7.2,90.0,,9.3,1014.4,7.0
2025-11-22 13:00:00,AECO,9.0,5.6,79.0,,11.1,1016.6,7.0
2025-11-22 14:00:00,AECO,9.8,5.6,75.0,,13.0,1016.5,2.0
2025-11-22 15:00:00,AECO,10.7,5.5,70.0,,14.8,1016.3,3.0
2025-11-22 16:00:00,AECO,12.3,5.7,64.0,,14.8,1015.8,3.0
2025-11-22 17:00:00,AECO,12.0,4.0,58.0,,16.7,1014.4,2.0
2025-11-22 18:00:00,AECO,14.6,5.7,55.0,,14.8,1014.3,2.0
2025-11-22 19:00:00,AECO,13.8,6.2,60.0,,14.8,1015.4,2.0
2025-11-22 20:00:00,AECO,13.8,6.2,60.0,,14.8,1015.1,3.0
2025-11-22 21:00:00,AECO,13.6,6.0,60.0,,14.8,1015.1,3.0
2025-11-22 22:00:00,AECO,11.8,6.1,68.0,,13.0,1015.3,3.0
2025-11-22 23:00:00,AECO,8.3,2.9,69.0,,9.3,1014.9,2.0
2025-11-23 00:00:00,AECO,9.9,4.5,69.0,,9.3,1015.6,1.0
2025-11-23 01:00:00,AECO,10.5,6.3,75.0,,9.3,1015.9,1.0
2025-11-23 02:00:00,AECO,10.5,6.1,74.0,,11.1,1015.9,2.0
2025-11-23 03:00:00,AECO,10.5,6.3,75.0,,11.1,1015.8,2.0
2025-11-23 04:00:00,AECO,9.8,6.0,77.0,,11.1,1015.2,2.0
2025-11-23 05:00:00,AECO,8.2,3.8,74.0,,9.3,1014.6,2.0
2025-11-23 06:00:00,AECO,7.0,3.8,80.0,,9.3,1016.4,1.0
2025-11-23 07:00:00,AECO,9.1,5.7,79.0,,11.1,1015.9,2.0
2025-11-23 08:00:00,AECO,9.3,5.8,79.0,,11.1,1015.7,2.0
2025-11-23 09:00:00,AECO,9.4,5.6,77.0,,11.1,1015.7,2.0
2025-11-23 10:00:00,AECO,8.6,5.5,81.0,,11.1,1015.3,2.0
2025-11-23 11:00:00,AECO,5.3,2.8,84.0,,7.4,1014.8,2.0
2025-11-23 12:00:00,AECO,4.7,2.7,87.0,,5.5,1017.1,2.0
2025-11-23 13:00:00,AECO,9.3,5.5,77.0,,11.1,1016.6,2.0
2025-11-23 14:00:00,AECO,10.4,5.4,71.0,,13.0,1016.7,2.0
2025-11-23 15:00:00,AECO,11.2,5.1,66.0,,14.8,1016.3,3.0
2025-11-23 16:00:00,AECO,12.5,5.4,62.0,,16.7,1015.4,3.0
2025-11-23 17:00:00,AECO,12.8,2.9,51.0,,13.0,1015.2,2.0
2025-11-23 18:00:00,AECO,14.0,3.2,48.0,,14.8,1015.1,1.0
2025-11-23 19:00:00,AECO,14.9,5.1,52.0,,16.7,1015.0,2.0
2025-11-23 20:00:00,AECO,14.8,5.0,52.0,,16.7,1015.0,2.0
2025-11-23 21:00:00,AECO,14.2,5.0,54.0,,16.7,1015.2,2.0
2025-11-23 22:00:00,AECO,12.4,5.3,62.0,,14.8,1015.3,2.0
2025-11-23 23:00:00,AECO,8.7,4.5,75.0,,5.5,1015.4,1.0
2025-11-24 00:00:00,AECO,9.2,5.0,75.0,,7.4,1016.7,1.0
2025-11-24 01:00:00,AECO,10.8,6.2,73.0,,11.1,1016.0,2.0
2025-11-24 02:00:00,AECO,10.7,6.3,74.0,,13.0,1016.1,2.0
2025-11-24 03:00:00,AECO,10.5,6.3,75.0,,13.0,1016.1,2.0
2025-11-24 04:00:00,AECO,9.4,5.8,78.0,,11.1,1016.0,2.0
2025-11-24 05:00:00,AECO,6.9,3.9,81.0,,5.5,1015.3,1.0
2025-11-24 06:00:00,AECO,6.8,2.9,76.0,,5.5,1016.5,1.0
2025-11-24 07:00:00,AECO,8.6,4.8,77.0,,11.1,1016.4,2.0
2025-11-24 08:00:00,AECO,8.6,4.6,76.0,,11.1,1016.6,2.0
2025-11-24 09:00:00,AECO,9.0,4.6,74.0,,11.1,1016.9,2.0
2025-11-24 10:00:00,AECO,8.0,4.6,79.0,,11.1,1016.8,2.0
2025-11-24 11:00:00,AECO,6.2,3.7,84.0,,9.3,1016.3,2.0
2025-11-24 12:00:00,AECO,7.0,4.0,81.0,,9.3,1017.6,2.0
2025-11-24 13:00:00,AECO,8.9,4.3,73.0,,13.0,1017.7,2.0
2025-11-24 14:00:00,AECO,9.7,4.3,69.0,,13.0,1017.7,2.0
2025-11-24 15:00:00,AECO,10.5,4.2,65.0,,14.8,1017.5,2.0
2025-11-24 16:00:00,AECO,12.0,4.2,59.0,,16.7,1016.5,2.0
2025-11-24 17:00:00,AECO,14.5,3.3,47.0,,18.5,1015.5,2.0
2025-11-24 18:00:00,AECO,14.9,4.3,49.0,,16.7,1016.0,1.0
2025-11-24 19:00:00,AECO,14.5,4.2,50.0,,18.5,1016.4,2.0
2025-11-24 20:00:00,AECO,14.3,4.0,50.0,,18.5,1016.4,2.0
2025-11-24 21:00:00,AECO,13.9,3.9,51.0,,18.5,1016.6,2.0
2025-11-24 22:00:00,AECO,11.7,4.0,59.0,,16.7,1016.5,2.0
2025-11-24 23:00:00,AECO,10.4,4.5,67.0,,13.0,1016.9,1.0
2025-11-25 00:00:00,AECO,9.7,4.5,70.0,,9.3,1017.4,1.0
2025-11-25 01:00:00,AECO,10.1,4.0,66.0,,11.1,1017.6,1.0
2025-11-25 02:00:00,AECO,10.1,4.0,66.0,,11.1,1017.8,2.0
2025-11-25 03:00:00,AECO,10.0,4.2,67.0,,11.1,1017.8,2.0
2025-11-25 04:00:00,AECO,8.5,3.5,71.0,,11.1,1017.5,2.0
2025-11-25 05:00:00,AECO,8.6,4.2,74.0,,14.8,1017.5,2.0
2025-11-25 06:00:00,AECO,8.1,4.1,76.0,,11.1,1016.9,1.0
2025-11-25 07:00:00,AECO,8.1,3.4,72.0,,11.1,1016.9,2.0
2025-11-25 08:00:00,AECO,8.0,3.3,72.0,,11.1,1017.0,2.0
2025-11-25 09:00:00,AECO,8.0,3.5,73.0,,11.1,1017.5,2.0
2025-11-25 10:00:00,AECO,6.7,2.8,76.0,,11.1,1017.5,2.0
2025-11-25 11:00:00,AECO,7.6,5.2,85.0,,9.3,1018.6,1.0
2025-11-25 12:00:00,AECO,7.5,4.6,82.0,,9.3,1019.5,1.0
2025-11-25 13:00:00,AECO,6.6,2.3,74.0,,11.1,1019.5,2.0
2025-11-25 14:00:00,AECO,7.0,2.1,71.0,,13.0,1019.7,2.0
2025-11-25 15:00:00,AECO,7.9,1.9,66.0,,14.8,1019.6,2.0
2025-11-25 16:00:00,AECO,9.8,1.9,58.0,,16.7,1018.8,2.0
2025-11-25 17:00:00,AECO,13.4,4.3,54.0,,18.5,1017.8,2.0
2025-11-25 18:00:00,AECO,14.3,4.6,52.0,,18.5,1018.9,1.0
2025-11-25 19:00:00,AECO,12.4,1.7,48.0,,18.5,1018.5,2.0
2025-11-25 20:00:00,AECO,12.3,1.6,48.0,,18.5,1018.5,2.0
2025-11-25 21:00:00,AECO,11.9,1.5,49.0,,18.5,1018.8,2.0
2025-11-25 22:00:00,AECO,9.8,1.7,57.0,,14.8,1018.6,2.0
2025-11-25 23:00:00,AECO,9.0,4.4,73.0,,7.4,1018.8,1.0
2025-11-26 00:00:00,AECO,9.6,4.8,72.0,,11.1,1019.0,1.0
2025-11-26 01:00:00,AECO,8.4,2.6,67.0,,13.0,1019.0,1.0
2025-11-26 02:00:00,AECO,8.2,2.4,67.0,,14.8,1019.2,2.0
2025-11-26 03:00:00,AECO,8.0,2.5,68.0,,13.0,1019.1,2.0
2025-11-26 04:00:00,AECO,6.5,1.6,71.0,,11.1,1018.8,2.0
2025-11-26 05:00:00,AECO,5.5,1.6,76.0,,9.3,1019.0,2.0
2025-11-26 06:00:00,AECO,6.9,1.8,70.0,,11.1,1019.7,1.0
2025-11-26 07:00:00,AECO,6.3,1.2,70.0,,11.1,1019.4,1.0
2025-11-26 08:00:00,AECO,6.2,1.1,70.0,,11.1,1019.3,2.0
2025-11-26 09:00:00,AECO,6.4,1.1,69.0,,13.0,1019.6,2.0
2025-11-26 10:00:00,AECO,5.7,1.2,73.0,,11.1,1019.7,2.0
2025-11-26 11:00:00,AECO,5.5,2.5,81.0,,5.5,1019.5,2.0
2025-11-26 12:00:00,AECO,4.9,1.6,79.0,,5.5,1021.8,1.0
2025-11-26 13:00:00,AECO,5.6,1.3,74.0,,11.1,1021.3,2.0
2025-11-26 14:00:00,AECO,6.4,1.5,71.0,,13.0,1021.5,2.0
2025-11-26 15:00:00,AECO,7.3,1.6,67.0,,13.0,1021.3,2.0
2025-11-26 16:00:00,AECO,9.4,1.6,58.0,,14.8,1020.0,2.0
2025-11-26 17:00:00,AECO,12.6,2.2,49.0,,14.8,1018.6,1.0
2025-11-26 18:00:00,AECO,13.0,2.2,48.0,,16.7,1021.7,1.0
2025-11-26 19:00:00,AECO,12.1,1.7,49.0,,18.5,1020.2,2.0
2025-11-26 20:00:00,AECO,12.1,1.7,49.0,,18.5,1020.0,2.0
2025-11-26 21:00:00,AECO,12.0,1.9,50.0,,18.5,1020.0,2.0
2025-11-26 22:00:00,AECO,9.8,2.2,59.0,,14.8,1019.2,2.0
2025-11-26 23:00:00,AECO,7.7,3.4,74.0,,9.3,1019.5,1.0
2025-11-27 00:00:00,AECO,8.8,2.8,66.0,,11.1,1021.0,1.0
2025-11-27 01:00:00,AECO,8.1,2.6,68.0,,13.0,1020.0,1.0
2025-11-27 02:00:00,AECO,7.9,2.8,70.0,,14.8,1020.1,2.0
2025-11-27 03:00:00,AECO,7.7,2.6,70.0,,16.7,1020.0,2.0
2025-11-27 04:00:00,AECO,6.3,2.6,77.0,,13.0,1019.5,
2025-11-27 05:00:00,AECO,5.9,3.6,85.0,,11.1,1019.4,
2025-11-27 06:00:00,AECO,6.5,2.8,77.0,,11.1,1021.0,
2025-11-27 07:00:00,AECO,5.9,2.2,77.0,,11.1,1020.0,
2025-11-27 08:00:00,AECO,5.8,2.1,77.0,,13.0,1019.8,
2025-11-27 09:00:00,AECO,5.7,2.0,77.0,,13.0,1020.1,
2025-11-27 10:00:00,AECO,6.1,3.3,82.0,,9.3,1019.7,
2025-11-27 11:00:00,AECO,6.1,3.9,86.0,,9.3,1019.3,
2025-11-27 12:00:00,AECO,4.8,2.2,83.0,,9.3,1020.7,
2025-11-27 13:00:00,AECO,5.7,2.0,77.0,,11.1,1021.1,
2025-11-27 14:00:00,AECO,6.5,1.8,72.0,,13.0,1021.2,
2025-11-27 15:00:00,AECO,7.8,2.1,67.0,,13.0,1021.0,
2025-11-01 00:00:00,AEPAPT,7.0,3.1,76.0,0.0,6.0,1013.0,3.0
2025-11-01 01:00:00,AEPAPT,5.0,2.9,86.0,0.0,0.0,1013.0,3.0
2025-11-01 02:00:00,AEPAPT,5.0,2.9,86.0,0.0,0.0,1013.0,3.0
2025-11-01 03:00:00,AEPAPT,6.0,4.3,89.0,0.0,6.0,1014.0,1.0
2025-11-01 04:00:00,AEPAPT,7.0,4.8,86.0,0.0,9.0,1014.0,3.0
2025-11-01 05:00:00,AEPAPT,7.0,5.3,89.0,0.6,6.0,1014.0,8.0
2025-11-01 06:00:00,AEPAPT,4.0,4.0,100.0,0.1,9.0,1014.0,5.0
2025-11-01 07:00:00,AEPAPT,3.0,2.6,97.0,0.0,6.0,1014.0,2.0
2025-11-01 08:00:00,AEPAPT,3.0,2.6,97.0,0.0,0.0,1014.0,2.0
2025-11-01 09:00:00,AEPAPT,3.0,2.6,97.0,0.0,11.0,1015.0,5.0
2025-11-01 10:00:00,AEPAPT,4.0,3.0,93.0,0.0,7.0,1015.0,5.0
2025-11-01 11:00:00,AEPAPT,4.0,3.0,93.0,0.0,7.0,1016.0,1.0
2025-11-01 12:00:00,AEPAPT,4.0,3.0,93.0,0.0,9.0,1016.0,5.0
2025-11-01 13:00:00,AEPAPT,5.0,3.3,89.0,0.0,9.0,1017.0,3.0
2025-11-01 14:00:00,AEPAPT,6.0,3.2,82.0,0.0,13.0,1018.0,3.0
2025-11-01 15:00:00,AEPAPT,8.0,4.0,76.0,0.0,15.0,1018.0,3.0
2025-11-01 16:00:00,AEPAPT,9.0,3.0,66.0,0.0,17.0,1018.0,3.0
2025-11-01 17:00:00,AEPAPT,10.0,1.6,56.0,0.0,20.0,1018.0,3.0
2025-11-01 18:00:00,AEPAPT,9.0,1.9,61.0,0.0,17.0,1018.0,3.0
2025-11-01 19:00:00,AEPAPT,9.0,1.4,59.0,0.0,13.0,1018.0,3.0
2025-11-01 20:00:00,AEPAPT,9.0,1.2,58.0,0.0,11.0,1018.0,3.0
2025-11-01 21:00:00,AEPAPT,8.0,0.2,58.0,0.0,9.0,1019.0,3.0
2025-11-01 22:00:00,AEPAPT,6.0,0.9,70.0,0.0,7.0,1019.0,3.0
2025-11-01 23:00:00,AEPAPT,3.0,0.7,85.0,0.0,7.0,1020.0,3.0
2025-11-02 00:00:00,AEPAPT,3.0,0.4,83.0,0.0,0.0,1020.0,3.0
2025-11-02 01:00:00,AEPAPT,3.0,1.4,89.0,0.0,0.0,1021.0,1.0
2025-11-02 02:00:00,AEPAPT,3.0,0.7,85.0,0.0,6.0,1021.0,1.0
2025-11-02 03:00:00,AEPAPT,2.0,-0.3,85.0,0.0,0.0,1021.0,1.0
2025-11-02 04:00:00,AEPAPT,1.0,-0.2,92.0,0.0,0.0,1021.0,5.0
2025-11-02 05:00:00,AEPAPT,1.0,-0.2,92.0,0.0,0.0,1021.0,5.0
2025-11-02 06:00:00,AEPAPT,1.0,-0.8,88.0,0.0,0.0,1021.0,1.0
2025-11-02 07:00:00,AEPAPT,0.0,-0.6,96.0,0.0,0.0,1022.0,5.0
2025-11-02 08:00:00,AEPAPT,-1.0,-1.6,96.0,0.0,0.0,1022.0,5.0
2025-11-02 09:00:00,AEPAPT,-2.0,-2.6,96.0,0.0,0.0,1022.0,5.0
2025-11-02 10:00:00,AEPAPT,-1.0,-1.6,96.0,0.0,0.0,1023.0,5.0
2025-11-02 11:00:00,AEPAPT,-1.0,-1.6,96.0,0.0,7.0,1023.0,1.0
2025-11-02 12:00:00,AEPAPT,0.0,-1.1,92.0,0.0,0.0,1024.0,5.0
2025-11-02 13:00:00,AEPAPT,2.0,0.4,89.0,0.0,9.0,1025.0,2.0
2025-11-02 14:00:00,AEPAPT,6.0,2.6,79.0,0.0,7.0,1024.0,2.0
2025-11-02 15:00:00,AEPAPT,9.0,2.3,63.0,0.0,13.0,1024.0,2.0
2025-11-02 16:00:00,AEPAPT,11.0,2.0,54.0,0.0,17.0,1024.0,1.0
2025-11-02 17:00:00,AEPAPT,11.0,-0.8,44.0,0.0,13.0,1023.0,1.0
2025-11-02 18:00:00,AEPAPT,12.0,-1.9,38.0,0.0,17.0,1022.0,1.0
2025-11-02 19:00:00,AEPAPT,13.0,-1.4,37.0,0.0,19.0,1022.0,1.0
2025-11-02 20:00:00,AEPAPT,12.0,-1.9,38.0,0.0,17.0,1022.0,1.0
2025-11-02 21:00:00,AEPAPT,11.0,-2.4,39.0,0.0,17.0,1022.0,3.0
2025-11-02 22:00:00,AEPAPT,9.0,-1.7,47.0,0.0,9.0,1021.0,3.0
2025-11-02 23:00:00,AEPAPT,7.0,-1.9,53.0,0.0,7.0,1021.0,3.0
2025-11-03 00:00:00,AEPAPT,6.0,-1.9,57.0,0.0,11.0,1021.0,2.0
2025-11-03 01:00:00,AEPAPT,5.0,-1.0,65.0,0.0,13.0,1020.0,1.0
2025-11-03 02:00:00,AEPAPT,6.0,-0.7,62.0,0.0,7.0,1021.0,1.0
2025-11-03 03:00:00,AEPAPT,7.0,-0.2,60.0,0.0,13.0,1021.0,1.0
2025-11-03 04:00:00,AEPAPT,7.0,-0.2,60.0,0.0,19.0,1021.0,1.0
2025-11-03 05:00:00,AEPAPT,7.0,0.4,63.0,0.0,17.0,1020.0,3.0
2025-11-03 06:00:00,AEPAPT,6.0,0.5,68.0,0.0,17.0,1020.0,3.0
2025-11-03 07:00:00,AEPAPT,6.0,0.5,68.0,0.0,17.0,1020.0,3.0
2025-11-03 08:00:00,AEPAPT,6.0,1.5,73.0,0.0,17.0,1020.0,2.0
2025-11-03 09:00:00,AEPAPT,6.0,1.5,73.0,0.0,22.0,1019.0,2.0
2025-11-03 10:00:00,AEPAPT,6.0,0.9,70.0,0.3,22.0,1018.0,17.0
2025-11-03 11:00:00,AEPAPT,6.0,0.9,70.0,0.0,22.0,1017.0,3.0
2025-11-03 12:00:00,AEPAPT,6.0,2.1,76.0,0.0,22.0,1019.0,3.0
2025-11-03 13:00:00,AEPAPT,7.0,1.9,70.0,0.0,22.0,1019.0,3.0
2025-11-03 14:00:00,AEPAPT,9.0,2.3,63.0,0.0,28.0,1020.0,2.0
2025-11-03 15:00:00,AEPAPT,11.0,4.2,63.0,0.0,26.0,1020.0,2.0
2025-11-03 16:00:00,AEPAPT,12.0,4.2,59.0,0.0,32.0,1021.0,1.0
2025-11-03 17:00:00,AEPAPT,13.0,4.2,55.0,0.0,24.0,1020.0,3.0
2025-11-03 18:00:00,AEPAPT,13.0,2.5,49.0,0.0,28.0,1021.0,2.0
2025-11-03 19:00:00,AEPAPT,13.0,-0.3,40.0,0.0,32.0,1021.0,1.0
2025-11-03 20:00:00,AEPAPT,14.0,-0.8,36.0,0.0,17.0,1021.0,1.0
2025-11-03 21:00:00,AEPAPT,13.0,-1.4,37.0,0.0,19.0,1021.0,1.0
2025-11-03 22:00:00,AEPAPT,8.0,-2.1,49.0,0.0,13.0,1021.0,1.0
2025-11-03 23:00:00,AEPAPT,7.0,-1.9,53.0,0.0,13.0,1022.0,1.0
2025-11-04 00:00:00,AEPAPT,7.0,-1.4,55.0,0.0,11.0,1023.0,1.0
2025-11-04 01:00:00,AEPAPT,6.0,-1.9,57.0,0.0,11.0,1023.0,1.0
2025-11-04 02:00:00,AEPAPT,3.0,-1.9,70.0,0.0,13.0,1023.0,1.0
2025-11-04 03:00:00,AEPAPT,4.0,-1.4,68.0,0.0,13.0,1024.0,1.0
2025-11-04 04:00:00,AEPAPT,3.0,-0.5,78.0,0.0,9.0,1024.0,1.0
2025-11-04 05:00:00,AEPAPT,3.0,-1.4,73.0,0.0,0.0,1024.0,1.0
2025-11-04 06:00:00,AEPAPT,3.0,-1.5,72.0,0.0,9.0,1025.0,1.0
2025-11-04 07:00:00,AEPAPT,3.0,-1.9,70.0,0.0,0.0,1025.0,3.0
2025-11-04 08:00:00,AEPAPT,1.0,-2.4,78.0,0.0,0.0,1025.0,3.0
2025-11-04 09:00:00,AEPAPT,1.0,-2.9,75.0,0.0,9.0,1025.0,3.0
2025-11-04 10:00:00,AEPAPT,2.0,-2.5,72.0,0.0,6.0,1026.0,3.0
2025-11-04 11:00:00,AEPAPT,2.0,-3.1,69.0,0.0,7.0,1026.0,3.0
2025-11-04 12:00:00,AEPAPT,2.0,-2.9,70.0,0.0,9.0,1026.0,3.0
2025-11-04 13:00:00,AEPAPT,4.0,-2.2,64.0,0.0,9.0,1027.0,3.0
2025-11-04 14:00:00,AEPAPT,8.0,-2.9,46.0,0.0,11.0,1027.0,3.0
2025-11-04 15:00:00,AEPAPT,11.0,-1.7,41.0,0.0,13.0,1026.0,3.0
2025-11-04 16:00:00,AEPAPT,12.0,-2.2,37.0,0.0,9.0,1025.0,1.0
2025-11-04 17:00:00,AEPAPT,14.0,-3.8,29.0,0.0,15.0,1024.0,2.0
2025-11-04 18:00:00,AEPAPT,15.0,-5.4,24.0,0.0,15.0,1023.0,3.0
2025-11-04 19:00:00,AEPAPT,16.0,-7.0,20.0,0.0,11.0,1022.0,2.0
2025-11-04 20:00:00,AEPAPT,16.0,-5.7,22.0,0.0,13.0,1021.0,1.0
2025-11-04 21:00:00,AEPAPT,14.0,-4.2,28.0,0.0,11.0,1020.0,2.0
2025-11-04 22:00:00,AEPAPT,12.0,-5.0,30.0,0.0,11.0,1020.0,2.0
2025-11-04 23:00:00,AEPAPT,11.0,-3.5,36.0,0.0,15.0,1019.0,1.0
2025-11-05 00:00:00,AEPAPT,11.0,-4.3,34.0,0.0,17.0,1018.0,1.0
2025-11-05 01:00:00,AEPAPT,11.0,-4.3,34.0,0.0,17.0,1018.0,1.0
2025-11-05 02:00:00,AEPAPT,11.0,-2.4,39.0,0.0,17.0,1017.0,1.0
2025-11-05 03:00:00,AEPAPT,10.0,-1.7,44.0,0.0,15.0,1016.0,1.0
2025-11-05 04:00:00,AEPAPT,10.0,1.1,54.0,0.0,19.0,1015.0,1.0
2025-11-05 05:00:00,AEPAPT,11.0,4.2,63.0,0.0,24.0,1014.0,1.0
2025-11-05 06:00:00,AEPAPT,11.0,5.5,69.0,0.0,24.0,1013.0,1.0
2025-11-05 07:00:00,AEPAPT,11.0,6.5,74.0,0.0,20.0,1012.0,1.0
2025-11-05 08:00:00,AEPAPT,10.0,6.7,80.0,0.0,20.0,1011.0,1.0
2025-11-05 09:00:00,AEPAPT,11.0,7.7,80.0,0.0,22.0,1011.0,2.0
2025-11-05 10:00:00,AEPAPT,11.0,7.7,80.0,0.0,22.0,1010.0,1.0
2025-11-05 11:00:00,AEPAPT,11.0,7.7,80.0,0.0,22.0,1010.0,2.0
2025-11-05 12:00:00,AEPAPT,11.0,7.7,80.0,0.0,22.0,1010.0,3.0
2025-11-05 13:00:00,AEPAPT,12.0,8.1,77.0,0.0,20.0,1011.0,3.0
2025-11-05 14:00:00,AEPAPT,13.0,8.1,72.0,0.0,19.0,1011.0,3.0
2025-11-05 15:00:00,AEPAPT,14.0,8.4,69.0,0.0,26.0,1012.0,3.0
2025-11-05 16:00:00,AEPAPT,15.0,8.9,67.0,0.0,32.0,1013.0,3.0
2025-11-05 17:00:00,AEPAPT,14.0,8.4,69.0,0.0,30.0,1014.0,3.0
2025-11-05 18:00:00,AEPAPT,13.0,6.3,64.0,0.0,39.0,1016.0,2.0
2025-11-05 19:00:00,AEPAPT,13.0,6.3,64.0,0.0,35.0,1016.0,2.0
2025-11-05 20:00:00,AEPAPT,11.0,3.8,61.0,0.0,33.0,1018.0,3.0
2025-11-05 21:00:00,AEPAPT,11.0,2.8,57.0,0.0,28.0,1019.0,3.0
2025-11-05 22:00:00,AEPAPT,9.0,2.3,63.0,0.0,13.0,1020.0,1.0
2025-11-05 23:00:00,AEPAPT,6.0,1.5,73.0,0.0,7.0,1021.0,1.0
2025-11-06 00:00:00,AEPAPT,4.0,1.2,82.0,0.0,9.0,1021.0,1.0
2025-11-06 01:00:00,AEPAPT,3.0,0.9,86.0,0.0,0.0,1021.0,1.0
2025-11-06 02:00:00,AEPAPT,2.0,0.8,92.0,0.0,6.0,1022.0,1.0
2025-11-06 03:00:00,AEPAPT,2.0,-0.3,85.0,0.0,6.0,1022.0,1.0
2025-11-06 04:00:00,AEPAPT,2.0,0.8,92.0,0.0,0.0,1023.0,1.0
2025-11-06 05:00:00,AEPAPT,1.0,0.4,96.0,0.0,0.0,1023.0,1.0
2025-11-06 06:00:00,AEPAPT,1.0,-0.8,88.0,0.0,0.0,1023.0,1.0
2025-11-06 07:00:00,AEPAPT,1.0,-0.2,92.0,0.0,6.0,1023.0,1.0
2025-11-06 08:00:00,AEPAPT,-1.0,-1.6,96.0,0.0,6.0,1024.0,1.0
2025-11-06 09:00:00,AEPAPT,-1.0,-1.6,96.0,0.0,7.0,1024.0,1.0
2025-11-06 10:00:00,AEPAPT,-1.0,-1.6,96.0,0.0,0.0,1024.0,1.0
2025-11-06 11:00:00,AEPAPT,-1.0,-1.6,96.0,0.0,0.0,1024.0,5.0
2025-11-06 12:00:00,AEPAPT,-1.0,-1.6,96.0,0.0,0.0,1024.0,1.0
2025-11-06 13:00:00,AEPAPT,3.0,0.7,85.0,0.0,7.0,1025.0,1.0
2025-11-06 14:00:00,AEPAPT,7.0,1.9,70.0,0.0,0.0,1025.0,1.0
2025-11-06 15:00:00,AEPAPT,11.0,0.4,48.0,0.0,9.0,1024.0,1.0
2025-11-06 16:00:00,AEPAPT,13.0,-1.4,37.0,0.0,13.0,1023.0,2.0
2025-11-06 17:00:00,AEPAPT,13.0,-2.5,34.0,0.0,15.0,1022.0,1.0
2025-11-06 18:00:00,AEPAPT,14.0,-2.9,31.0,0.0,15.0,1020.0,3.0
2025-11-06 19:00:00,AEPAPT,14.0,-3.3,30.0,0.0,17.0,1019.0,3.0
2025-11-06 20:00:00,AEPAPT,13.0,-3.7,31.0,0.0,17.0,1019.0,3.0
2025-11-06 21:00:00,AEPAPT,13.0,-2.9,33.0,0.0,13.0,1018.0,3.0
2025-11-06 22:00:00,AEPAPT,11.0,-2.8,38.0,0.0,11.0,1017.0,3.0
2025-11-06 23:00:00,AEPAPT,11.0,-1.7,41.0,0.0,13.0,1017.0,3.0
2025-11-07 00:00:00,AEPAPT,10.0,-2.3,42.0,0.0,20.0,1015.0,3.0
2025-11-07 01:00:00,AEPAPT,11.0,-1.4,42.0,0.0,19.0,1014.0,3.0
2025-11-07 02:00:00,AEPAPT,11.0,-1.7,41.0,0.0,20.0,1013.0,3.0
2025-11-07 03:00:00,AEPAPT,11.0,-0.8,44.0,0.0,26.0,1012.0,3.0
2025-11-07 04:00:00,AEPAPT,11.0,-1.4,42.0,0.0,24.0,1011.0,3.0
2025-11-07 05:00:00,AEPAPT,11.0,-1.7,41.0,0.0,28.0,1009.0,3.0
2025-11-07 06:00:00,AEPAPT,10.0,-2.3,42.0,0.0,24.0,1008.0,3.0
2025-11-07 07:00:00,AEPAPT,11.0,-2.4,39.0,0.0,22.0,1006.0,3.0
2025-11-07 08:00:00,AEPAPT,12.0,-1.9,38.0,0.0,20.0,1004.0,3.0
2025-11-07 09:00:00,AEPAPT,8.0,4.8,80.0,0.1,15.0,1003.0,8.0
2025-11-07 10:00:00,AEPAPT,7.0,4.8,86.0,0.1,17.0,1002.0,9.0
2025-11-07 11:00:00,AEPAPT,7.0,5.9,93.0,0.0,19.0,1002.0,8.0
2025-11-07 12:00:00,AEPAPT,8.0,6.9,93.0,0.0,20.0,1001.0,9.0
2025-11-07 13:00:00,AEPAPT,8.0,6.9,93.0,1.1,22.0,1001.0,9.0
2025-11-07 14:00:00,AEPAPT,9.0,7.9,93.0,0.0,24.0,1001.0,3.0
2025-11-07 15:00:00,AEPAPT,12.0,10.4,90.0,0.0,20.0,1000.0,3.0
2025-11-07 16:00:00,AEPAPT,14.0,9.6,75.0,0.0,28.0,1000.0,3.0
2025-11-07 17:00:00,AEPAPT,16.0,7.2,56.0,0.0,26.0,1000.0,3.0
2025-11-07 18:00:00,AEPAPT,16.0,5.6,50.0,0.0,33.0,1001.0,3.0
2025-11-07 19:00:00,AEPAPT,16.0,5.3,49.0,0.0,30.0,1001.0,2.0
2025-11-07 20:00:00,AEPAPT,16.0,5.9,51.0,0.0,26.0,1001.0,1.0
2025-11-07 21:00:00,AEPAPT,15.0,5.5,53.0,0.0,17.0,1002.0,1.0
2025-11-07 22:00:00,AEPAPT,11.0,4.9,66.0,0.0,11.0,1002.0,1.0
2025-11-07 23:00:00,AEPAPT,11.0,4.9,66.0,0.0,9.0,1003.0,1.0
2025-11-08 00:00:00,AEPAPT,9.0,4.6,74.0,0.0,9.0,1003.0,1.0
2025-11-08 01:00:00,AEPAPT,9.0,5.2,77.0,0.0,11.0,1003.0,2.0
2025-11-08 02:00:00,AEPAPT,11.0,6.5,74.0,1.6,28.0,1004.0,18.0
2025-11-08 03:00:00,AEPAPT,9.0,6.3,83.0,1.8,11.0,1004.0,18.0
2025-11-08 04:00:00,AEPAPT,9.0,7.3,89.0,0.0,13.0,1005.0,3.0
2025-11-08 05:00:00,AEPAPT,9.0,6.8,86.0,0.0,7.0,1006.0,3.0
2025-11-08 06:00:00,AEPAPT,8.0,6.3,89.0,0.0,11.0,1007.0,3.0
2025-11-08 07:00:00,AEPAPT,8.0,6.5,90.0,0.0,9.0,1007.0,2.0
2025-11-08 08:00:00,AEPAPT,8.0,6.3,89.0,0.0,11.0,1008.0,3.0
2025-11-08 09:00:00,AEPAPT,7.0,5.5,90.0,0.0,13.0,1009.0,3.0
2025-11-08 10:00:00,AEPAPT,7.0,4.8,86.0,0.0,13.0,1009.0,3.0
2025-11-08 11:00:00,AEPAPT,6.0,4.3,89.0,0.0,19.0,1009.0,3.0
2025-11-08 12:00:00,AEPAPT,6.0,3.2,82.0,0.0,15.0,1009.0,3.0
2025-11-08 13:00:00,AEPAPT,6.0,2.6,79.0,0.0,9.0,1011.0,3.0
2025-11-08 14:00:00,AEPAPT,6.0,2.1,76.0,0.0,11.0,1012.0,3.0
2025-11-08 15:00:00,AEPAPT,6.0,0.9,70.0,0.0,9.0,1012.0,3.0
2025-11-08 16:00:00,AEPAPT,6.0,0.9,70.0,0.0,11.0,1012.0,3.0
2025-11-08 17:00:00,AEPAPT,6.0,1.5,73.0,0.0,11.0,1012.0,3.0
2025-11-08 18:00:00,AEPAPT,6.0,0.5,68.0,0.0,13.0,1011.0,3.0
2025-11-08 19:00:00,AEPAPT,6.0,0.3,67.0,0.0,11.0,1012.0,3.0
2025-11-08 20:00:00,AEPAPT,6.0,-0.7,62.0,0.0,11.0,1012.0,3.0
2025-11-08 21:00:00,AEPAPT,6.0,-0.7,62.0,0.0,9.0,1012.0,3.0
2025-11-08 22:00:00,AEPAPT,6.0,-1.4,59.0,0.0,13.0,1012.0,3.0
2025-11-08 23:00:00,AEPAPT,4.0,-1.0,70.0,0.0,17.0,1012.0,3.0
2025-11-09 00:00:00,AEPAPT,4.0,-1.0,70.0,0.0,17.0,1012.0,3.0
2025-11-09 01:00:00,AEPAPT,4.0,0.2,76.0,0.0,13.0,1011.0,7.0
2025-11-09 02:00:00,AEPAPT,1.0,1.0,100.0,0.1,11.0,1012.0,8.0
2025-11-09 03:00:00,AEPAPT,1.0,-0.2,92.0,0.0,11.0,1012.0,8.0
2025-11-09 04:00:00,AEPAPT,1.0,0.4,96.0,0.1,13.0,1011.0,9.0
2025-11-09 05:00:00,AEPAPT,1.0,0.4,96.0,0.0,19.0,1011.0,9.0
2025-11-09 06:00:00,AEPAPT,1.0,0.4,96.0,0.0,20.0,1011.0,13.0
2025-11-09 07:00:00,AEPAPT,1.0,0.4,96.0,0.0,17.0,1010.0,12.0
2025-11-09 08:00:00,AEPAPT,1.0,0.4,96.0,0.0,19.0,1011.0,12.0
2025-11-09 09:00:00,AEPAPT,1.0,0.4,96.0,0.0,20.0,1011.0,12.0
2025-11-09 10:00:00,AEPAPT,1.0,-0.2,92.0,0.0,19.0,1011.0,12.0
2025-11-09 11:00:00,AEPAPT,0.0,-0.6,96.0,0.0,17.0,1012.0,12.0
2025-11-09 12:00:00,AEPAPT,0.0,-0.6,96.0,0.0,17.0,1013.0,15.0
2025-11-09 13:00:00,AEPAPT,0.0,-0.6,96.0,0.2,19.0,1014.0,14.0
2025-11-09 14:00:00,AEPAPT,1.0,-0.2,92.0,0.0,15.0,1014.0,3.0
2025-11-09 15:00:00,AEPAPT,1.0,-0.2,92.0,0.0,19.0,1015.0,3.0
2025-11-09 16:00:00,AEPAPT,1.0,-1.2,85.0,0.0,24.0,1015.0,3.0
2025-11-09 17:00:00,AEPAPT,2.0,-1.3,79.0,0.0,19.0,1015.0,3.0
2025-11-09 18:00:00,AEPAPT,4.0,-1.6,67.0,0.0,22.0,1016.0,3.0
2025-11-09 19:00:00,AEPAPT,1.0,-0.9,87.0,0.0,32.0,1016.0,15.0
2025-11-09 20:00:00,AEPAPT,1.0,-0.2,92.0,0.0,32.0,1016.0,15.0
2025-11-09 21:00:00,AEPAPT,0.0,-0.6,96.0,0.0,22.0,1018.0,15.0
2025-11-09 22:00:00,AEPAPT,0.0,-0.6,96.0,0.0,28.0,1018.0,15.0
2025-11-09 23:00:00,AEPAPT,-1.0,-1.0,100.0,0.0,20.0,1019.0,15.0
2025-11-10 00:00:00,AEPAPT,-1.0,-1.0,100.0,0.0,32.0,1018.0,15.0
2025-11-10 01:00:00,AEPAPT,-1.0,-1.0,100.0,0.0,24.0,1018.0,15.0
2025-11-10 02:00:00,AEPAPT,-1.0,-1.0,100.0,0.0,6.0,1018.0,3.0
2025-11-10 03:00:00,AEPAPT,-1.0,-1.0,100.0,0.0,7.0,1018.0,3.0
2025-11-10 04:00:00,AEPAPT,-2.0,-2.0,100.0,0.0,0.0,1017.0,15.0
2025-11-10 05:00:00,AEPAPT,-2.0,-2.0,100.0,0.0,7.0,1017.0,15.0
2025-11-10 06:00:00,AEPAPT,-1.0,-1.0,100.0,0.0,9.0,1017.0,15.0
2025-11-10 07:00:00,AEPAPT,-2.0,-2.0,100.0,0.0,26.0,1018.0,15.0
2025-11-10 08:00:00,AEPAPT,-2.0,-2.0,100.0,0.0,24.0,1018.0,15.0
2025-11-10 09:00:00,AEPAPT,-3.0,-3.5,96.0,0.0,32.0,1019.0,15.0
2025-11-10 10:00:00,AEPAPT,-4.0,-5.1,92.0,0.0,20.0,1020.0,14.0
2025-11-10 11:00:00,AEPAPT,-4.0,-5.2,91.0,0.0,22.0,1021.0,3.0
2025-11-10 12:00:00,AEPAPT,-6.0,-7.1,92.0,0.0,19.0,1022.0,2.0
2025-11-10 13:00:00,AEPAPT,-6.0,-7.7,88.0,0.0,24.0,1023.0,2.0
2025-11-10 14:00:00,AEPAPT,-5.0,-7.7,81.0,0.0,11.0,1023.0,1.0
2025-11-10 15:00:00,AEPAPT,-4.0,-6.3,84.0,0.0,13.0,1023.0,1.0
2025-11-10 16:00:00,AEPAPT,-3.0,-6.3,78.0,0.0,7.0,1023.0,1.0
2025-11-10 17:00:00,AEPAPT,-2.0,-6.9,69.0,0.0,6.0,1022.0,2.0
2025-11-10 18:00:00,AEPAPT,-2.0,-8.1,63.0,0.3,11.0,1022.0,15.0
2025-11-10 19:00:00,AEPAPT,-2.0,-5.8,75.0,0.0,17.0,1022.0,15.0
2025-11-10 20:00:00,AEPAPT,-3.0,-4.7,88.0,0.0,11.0,1021.0,16.0
2025-11-10 21:00:00,AEPAPT,-2.0,-3.7,88.0,0.0,15.0,1021.0,15.0
2025-11-10 22:00:00,AEPAPT,-3.0,-4.1,92.0,0.0,17.0,1021.0,15.0
2025-11-10 23:00:00,AEPAPT,-2.0,-3.1,92.0,0.0,13.0,1021.0,15.0
2025-11-11 00:00:00,AEPAPT,-2.0,-3.1,92.0,0.0,6.0,1021.0,16.0
2025-11-11 01:00:00,AEPAPT,0.0,-4.4,72.0,0.0,15.0,1020.0,16.0
2025-11-11 02:00:00,AEPAPT,0.0,-4.4,72.0,0.0,19.0,1020.0,16.0
2025-11-11 03:00:00,AEPAPT,-1.0,-3.7,82.0,0.0,17.0,1019.0,15.0
2025-11-11 04:00:00,AEPAPT,-2.0,-4.2,85.0,0.3,22.0,1019.0,15.0
2025-11-11 05:00:00,AEPAPT,-2.0,-4.8,81.0,0.0,24.0,1019.0,3.0
2025-11-11 06:00:00,AEPAPT,-1.0,-4.3,78.0,0.0,26.0,1019.0,3.0
2025-11-11 07:00:00,AEPAPT,-3.0,-5.8,81.0,0.0,19.0,1019.0,3.0
2025-11-11 08:00:00,AEPAPT,-5.0,-7.1,85.0,0.0,24.0,1019.0,3.0
2025-11-11 09:00:00,AEPAPT,-5.0,-7.7,81.0,0.0,20.0,1019.0,3.0
2025-11-11 10:00:00,AEPAPT,-6.0,-8.7,81.0,0.0,19.0,1019.0,3.0
2025-11-11 11:00:00,AEPAPT,-6.0,-8.7,81.0,0.0,20.0,1018.0,3.0
2025-11-11 12:00:00,AEPAPT,-6.0,-8.3,84.0,0.0,17.0,1018.0,3.0
2025-11-11 13:00:00,AEPAPT,-5.0,-7.7,81.0,0.0,17.0,1018.0,3.0
2025-11-11 14:00:00,AEPAPT,-4.0,-7.3,78.0,0.0,17.0,1017.0,3.0
2025-11-11 15:00:00,AEPAPT,-2.0,-6.5,71.0,0.0,17.0,1016.0,3.0
2025-11-11 16:00:00,AEPAPT,-1.0,-6.5,66.0,0.0,22.0,1015.0,3.0
2025-11-11 17:00:00,AEPAPT,1.0,-6.3,58.0,0.0,28.0,1013.0,3.0
2025-11-11 18:00:00,AEPAPT,1.0,-6.8,56.0,0.0,33.0,1010.0,3.0
2025-11-11 19:00:00,AEPAPT,2.0,-6.3,54.0,0.0,24.0,1009.0,3.0
2025-11-11 20:00:00,AEPAPT,2.0,-5.4,58.0,0.0,26.0,1010.0,3.0
2025-11-11 21:00:00,AEPAPT,1.0,-5.7,61.0,0.0,19.0,1009.0,3.0
2025-11-11 22:00:00,AEPAPT,1.0,-5.0,64.0,0.0,20.0,1008.0,3.0
2025-11-11 23:00:00,AEPAPT,2.0,-4.1,64.0,0.0,22.0,1008.0,3.0
2025-11-12 00:00:00,AEPAPT,2.0,-3.7,66.0,0.0,22.0,1008.0,3.0
2025-11-12 01:00:00,AEPAPT,1.0,-3.3,73.0,0.0,20.0,1008.0,3.0
2025-11-12 02:00:00,AEPAPT,2.0,-3.1,69.0,0.0,24.0,1008.0,1.0
2025-11-12 03:00:00,AEPAPT,2.0,-3.1,69.0,0.0,24.0,1007.0,1.0
2025-11-12 04:00:00,AEPAPT,2.0,-2.5,72.0,0.0,26.0,1007.0,1.0
2025-11-12 05:00:00,AEPAPT,2.0,-2.5,72.0,0.0,24.0,1007.0,1.0
2025-11-12 06:00:00,AEPAPT,1.0,-2.4,78.0,0.0,17.0,1008.0,3.0
2025-11-12 07:00:00,AEPAPT,1.0,-2.2,79.0,0.0,17.0,1008.0,3.0
2025-11-12 08:00:00,AEPAPT,1.0,-1.7,82.0,0.0,19.0,1008.0,2.0
2025-11-12 09:00:00,AEPAPT,1.0,-1.2,85.0,0.0,13.0,1008.0,2.0
2025-11-12 10:00:00,AEPAPT,0.0,-1.7,88.0,0.0,15.0,1009.0,1.0
2025-11-12 11:00:00,AEPAPT,0.0,-1.1,92.0,0.0,13.0,1009.0,3.0
2025-11-12 12:00:00,AEPAPT,1.0,-0.2,92.0,0.0,19.0,1010.0,3.0
2025-11-12 13:00:00,AEPAPT,3.0,0.9,86.0,0.0,22.0,1011.0,2.0
2025-11-12 14:00:00,AEPAPT,3.0,0.9,86.0,0.0,20.0,1011.0,2.0
2025-11-12 15:00:00,AEPAPT,6.0,0.9,70.0,0.0,24.0,1012.0,3.0
2025-11-12 16:00:00,AEPAPT,7.0,0.9,65.0,0.0,37.0,1013.0,3.0
2025-11-12 17:00:00,AEPAPT,7.0,-0.2,60.0,0.0,26.0,1013.0,3.0
2025-11-12 18:00:00,AEPAPT,8.0,-1.3,52.0,0.0,28.0,1013.0,2.0
2025-11-12 19:00:00,AEPAPT,9.0,-0.9,50.0,0.0,22.0,1014.0,1.0
2025-11-12 20:00:00,AEPAPT,9.0,-2.0,46.0,0.0,26.0,1014.0,1.0
2025-11-12 21:00:00,AEPAPT,9.0,-0.9,50.0,0.0,17.0,1014.0,1.0
2025-11-12 22:00:00,AEPAPT,7.0,-0.2,60.0,0.0,11.0,1015.0,1.0
2025-11-12 23:00:00,AEPAPT,6.0,-0.3,64.0,0.0,11.0,1015.0,1.0
2025-11-13 00:00:00,AEPAPT,5.0,-0.6,67.0,0.0,15.0,1015.0,1.0
2025-11-13 01:00:00,AEPAPT,4.0,-1.0,70.0,0.0,13.0,1016.0,1.0
2025-11-13 02:00:00,AEPAPT,3.0,-0.8,76.0,0.0,13.0,1016.0,1.0
2025-11-13 03:00:00,AEPAPT,4.0,0.2,76.0,0.0,17.0,1017.0,2.0
2025-11-13 04:00:00,AEPAPT,6.0,0.3,67.0,0.0,19.0,1017.0,3.0
2025-11-13 05:00:00,AEPAPT,6.0,0.3,67.0,0.0,13.0,1018.0,3.0
2025-11-13 06:00:00,AEPAPT,6.0,-0.3,64.0,0.0,13.0,1018.0,3.0
2025-11-13 07:00:00,AEPAPT,4.0,-0.4,73.0,0.0,13.0,1019.0,2.0
2025-11-13 08:00:00,AEPAPT,2.0,-0.7,82.0,0.0,11.0,1019.0,1.0
2025-11-13 09:00:00,AEPAPT,1.0,-1.2,85.0,0.0,11.0,1019.0,1.0
2025-11-13 10:00:00,AEPAPT,0.0,-2.2,85.0,0.0,13.0,1020.0,1.0
2025-11-13 11:00:00,AEPAPT,-2.0,-3.1,92.0,0.0,9.0,1021.0,1.0
2025-11-13 12:00:00,AEPAPT,-1.0,-2.1,92.0,0.0,9.0,1021.0,1.0
2025-11-13 13:00:00,AEPAPT,2.0,-0.3,85.0,0.0,7.0,1022.0,1.0
2025-11-13 14:00:00,AEPAPT,5.0,0.6,73.0,0.0,9.0,1022.0,1.0
2025-11-13 15:00:00,AEPAPT,7.0,1.5,68.0,0.0,15.0,1022.0,2.0
2025-11-13 16:00:00,AEPAPT,9.0,1.9,61.0,0.0,13.0,1023.0,1.0
2025-11-13 17:00:00,AEPAPT,10.0,1.6,56.0,0.0,15.0,1022.0,3.0
2025-11-13 18:00:00,AEPAPT,10.0,1.6,56.0,0.0,20.0,1022.0,3.0
2025-11-13 19:00:00,AEPAPT,11.0,-0.8,44.0,0.0,19.0,1022.0,3.0
2025-11-13 20:00:00,AEPAPT,11.0,-0.8,44.0,0.0,11.0,1022.0,3.0
2025-11-13 21:00:00,AEPAPT,8.0,-2.6,47.0,0.0,7.0,1022.0,3.0
2025-11-13 22:00:00,AEPAPT,7.0,-3.0,49.0,0.0,0.0,1022.0,3.0
2025-11-13 23:00:00,AEPAPT,6.0,-0.3,64.0,0.0,0.0,1022.0,2.0
2025-11-14 00:00:00,AEPAPT,6.0,0.9,70.0,0.0,0.0,1021.0,3.0
2025-11-14 01:00:00,AEPAPT,6.0,0.3,67.0,0.0,0.0,1021.0,3.0
2025-11-14 02:00:00,AEPAPT,6.0,-0.1,65.0,0.0,9.0,1021.0,3.0
2025-11-14 03:00:00,AEPAPT,7.0,-0.7,58.0,0.0,7.0,1021.0,3.0
2025-11-14 04:00:00,AEPAPT,7.0,-0.2,60.0,0.0,6.0,1021.0,3.0
2025-11-14 05:00:00,AEPAPT,6.0,0.9,70.0,0.0,0.0,1020.0,3.0
2025-11-14 06:00:00,AEPAPT,6.0,-0.1,65.0,0.0,0.0,1020.0,3.0
2025-11-14 07:00:00,AEPAPT,4.0,0.2,76.0,0.0,6.0,1020.0,3.0
2025-11-14 08:00:00,AEPAPT,5.0,-0.6,67.0,0.0,7.0,1019.0,1.0
2025-11-14 09:00:00,AEPAPT,5.0,-0.6,67.0,0.0,9.0,1019.0,2.0
2025-11-14 10:00:00,AEPAPT,4.0,-1.4,68.0,0.0,9.0,1018.0,2.0
2025-11-14 11:00:00,AEPAPT,3.0,-1.4,73.0,0.0,0.0,1018.0,3.0
2025-11-14 12:00:00,AEPAPT,4.0,-1.4,68.0,0.0,9.0,1018.0,3.0
2025-11-14 13:00:00,AEPAPT,8.0,0.7,60.0,0.0,15.0,1017.0,3.0
2025-11-14 14:00:00,AEPAPT,11.0,3.3,59.0,0.0,15.0,1017.0,1.0
2025-11-14 15:00:00,AEPAPT,12.0,3.7,57.0,0.0,19.0,1017.0,1.0
2025-11-14 16:00:00,AEPAPT,14.0,5.1,55.0,0.0,15.0,1017.0,2.0
2025-11-14 17:00:00,AEPAPT,15.0,6.0,55.0,0.0,11.0,1016.0,1.0
2025-11-14 18:00:00,AEPAPT,16.0,7.2,56.0,0.0,15.0,1014.0,1.0
2025-11-14 19:00:00,AEPAPT,17.0,7.6,54.0,0.0,15.0,1014.0,1.0
2025-11-14 20:00:00,AEPAPT,18.0,9.1,56.0,0.0,13.0,1013.0,1.0
2025-11-14 21:00:00,AEPAPT,17.0,9.2,60.0,0.0,7.0,1013.0,1.0
2025-11-14 22:00:00,AEPAPT,13.0,8.5,74.0,0.0,0.0,1013.0,1.0
2025-11-14 23:00:00,AEPAPT,11.0,8.2,83.0,0.0,0.0,1013.0,1.0
2025-11-15 00:00:00,AEPAPT,10.0,8.3,89.0,0.0,0.0,1012.0,5.0
2025-11-15 01:00:00,AEPAPT,10.0,7.8,86.0,0.0,6.0,1012.0,5.0
2025-11-15 02:00:00,AEPAPT,12.0,9.7,86.0,0.0,9.0,1011.0,5.0
2025-11-15 03:00:00,AEPAPT,13.0,10.9,87.0,0.0,11.0,1011.0,3.0
2025-11-15 04:00:00,AEPAPT,14.0,11.3,84.0,0.0,15.0,1010.0,3.0
2025-11-15 05:00:00,AEPAPT,16.0,12.5,80.0,0.0,22.0,1009.0,3.0
2025-11-15 06:00:00,AEPAPT,16.0,12.5,80.0,0.0,24.0,1008.0,3.0
2025-11-15 07:00:00,AEPAPT,16.0,13.1,83.0,0.0,24.0,1008.0,2.0
2025-11-15 08:00:00,AEPAPT,15.0,12.9,87.0,0.0,22.0,1007.0,2.0
2025-11-15 09:00:00,AEPAPT,15.0,12.9,87.0,0.0,22.0,1006.0,3.0
2025-11-15 10:00:00,AEPAPT,15.0,12.9,87.0,0.0,19.0,1005.0,3.0
2025-11-15 11:00:00,AEPAPT,15.0,13.4,90.0,0.0,17.0,1004.0,3.0
2025-11-15 12:00:00,AEPAPT,16.0,13.7,86.0,0.0,24.0,1003.0,3.0
2025-11-15 13:00:00,AEPAPT,16.0,13.3,84.0,0.0,24.0,1002.0,3.0
2025-11-15 14:00:00,AEPAPT,16.0,13.8,87.0,0.0,28.0,1002.0,3.0
2025-11-15 15:00:00,AEPAPT,17.0,13.7,81.0,0.0,32.0,1001.0,3.0
2025-11-15 16:00:00,AEPAPT,17.0,13.7,81.0,0.0,32.0,1001.0,3.0
2025-11-15 17:00:00,AEPAPT,17.0,13.7,81.0,0.0,33.0,1000.0,3.0
2025-11-15 18:00:00,AEPAPT,18.0,13.5,75.0,0.0,33.0,999.0,3.0
2025-11-15 19:00:00,AEPAPT,18.0,12.4,70.0,0.0,22.0,999.0,3.0
2025-11-15 20:00:00,AEPAPT,19.0,11.3,61.0,0.0,30.0,999.0,2.0
2025-11-15 21:00:00,AEPAPT,18.0,10.1,60.0,0.0,19.0,1000.0,1.0
2025-11-15 22:00:00,AEPAPT,16.0,9.9,67.0,0.0,19.0,1001.0,1.0
2025-11-15 23:00:00,AEPAPT,14.0,8.0,67.0,0.0,20.0,1002.0,1.0
2025-11-16 00:00:00,AEPAPT,13.0,7.4,69.0,0.0,17.0,1003.0,2.0
2025-11-16 01:00:00,AEPAPT,10.6,7.1,79.0,0.0,7.0,,2.0
2025-11-16 02:00:00,AEPAPT,8.9,6.7,86.0,0.0,7.0,,2.0
2025-11-16 03:00:00,AEPAPT,11.1,6.6,74.0,0.0,7.0,,3.0
2025-11-16 04:00:00,AEPAPT,11.7,2.7,54.0,0.0,14.0,,1.0
2025-11-16 05:00:00,AEPAPT,10.6,1.2,52.0,0.0,16.0,,3.0
2025-11-16 06:00:00,AEPAPT,9.4,0.6,54.0,0.0,18.0,,1.0
2025-11-16 07:00:00,AEPAPT,7.8,0.5,60.0,0.0,15.0,,3.0
2025-11-16 08:00:00,AEPAPT,6.7,-2.7,51.0,0.0,10.0,,1.0
2025-11-16 09:00:00,AEPAPT,6.1,-4.4,47.0,0.0,11.0,,1.0
2025-11-16 10:00:00,AEPAPT,5.6,-4.3,49.0,0.0,12.0,,1.0
2025-11-16 11:00:00,AEPAPT,5.0,-3.8,53.0,0.0,12.0,,1.0
2025-11-16 12:00:00,AEPAPT,4.4,-3.4,57.0,0.0,13.0,,1.0
2025-11-16 13:00:00,AEPAPT,6.1,-3.3,51.0,0.0,20.0,,1.0
2025-11-16 14:00:00,AEPAPT,6.1,-3.3,51.0,0.0,18.0,,1.0
2025-11-16 15:00:00,AEPAPT,6.7,-3.3,49.0,0.0,16.0,,1.0
2025-11-16 16:00:00,AEPAPT,6.7,-2.7,51.0,0.0,17.0,,1.0
2025-11-16 17:00:00,AEPAPT,6.7,-2.7,51.0,0.0,18.0,,1.0
2025-11-16 18:00:00,AEPAPT,6.7,-5.9,40.0,0.0,19.0,,1.0
2025-11-16 19:00:00,AEPAPT,6.7,-5.9,40.0,0.0,18.0,,1.0
2025-11-16 20:00:00,AEPAPT,6.7,-6.6,38.0,0.0,16.0,,1.0
2025-11-16 21:00:00,AEPAPT,5.6,-6.6,41.0,0.0,13.0,,1.0
2025-11-16 22:00:00,AEPAPT,4.4,-6.2,46.0,0.0,9.0,,1.0
2025-11-16 23:00:00,AEPAPT,3.3,-6.1,50.0,0.0,8.0,,1.0
2025-11-17 00:00:00,AEPAPT,1.7,-6.1,56.0,0.0,7.0,,1.0
2025-11-17 01:00:00,AEPAPT,5.0,-5.9,45.0,0.0,9.0,,1.0
2025-11-17 02:00:00,AEPAPT,4.4,-6.8,44.0,0.0,8.0,,1.0
2025-11-17 03:00:00,AEPAPT,3.3,-6.7,48.0,0.0,7.0,,1.0
2025-11-17 04:00:00,AEPAPT,3.3,-5.6,52.0,0.0,7.0,,1.0
2025-11-17 05:00:00,AEPAPT,2.2,-5.0,59.0,0.0,6.0,,1.0
2025-11-17 06:00:00,AEPAPT,1.7,-5.0,61.0,0.0,4.0,,1.0
2025-11-17 07:00:00,AEPAPT,-1.1,-5.7,71.0,0.0,4.0,,1.0
2025-11-17 08:00:00,AEPAPT,-1.1,-5.7,71.0,0.0,0.0,,1.0
2025-11-17 09:00:00,AEPAPT,-2.8,-5.6,81.0,0.0,0.0,,1.0
2025-11-17 10:00:00,AEPAPT,-2.2,-5.0,81.0,0.0,0.0,,1.0
2025-11-17 11:00:00,AEPAPT,0.6,-2.8,78.0,0.0,7.2,1017.7,1.0
2025-11-17 12:00:00,AEPAPT,0.3,-3.1,78.0,0.0,5.8,1018.2,1.0
2025-11-17 13:00:00,AEPAPT,0.3,-2.9,79.0,0.0,5.8,1018.9,1.0
2025-11-17 14:00:00,AEPAPT,2.7,-1.5,74.0,0.0,7.6,1019.5,1.0
2025-11-17 15:00:00,AEPAPT,5.3,-0.7,65.0,0.0,9.4,1019.5,1.0
2025-11-17 16:00:00,AEPAPT,6.5,-1.6,56.0,0.0,11.2,1019.5,1.0
2025-11-17 17:00:00,AEPAPT,7.2,-1.7,53.0,0.0,11.9,1019.2,1.0
2025-11-17 18:00:00,AEPAPT,7.6,-1.9,51.0,0.0,12.2,1018.5,1.0
2025-11-17 19:00:00,AEPAPT,7.7,-2.1,50.0,0.0,12.2,1018.4,1.0
2025-11-17 20:00:00,AEPAPT,7.3,-1.9,52.0,0.0,12.2,1018.6,1.0
2025-11-17 21:00:00,AEPAPT,6.6,-1.5,56.0,0.0,11.2,1018.9,1.0
2025-11-17 22:00:00,AEPAPT,5.0,-0.8,66.0,0.0,7.6,1019.2,2.0
2025-11-17 23:00:00,AEPAPT,3.2,-0.6,76.0,0.0,7.2,1019.1,3.0
2025-11-18 00:00:00,AEPAPT,3.7,-0.1,76.0,0.0,6.1,1019.3,3.0
2025-11-18 01:00:00,AEPAPT,3.8,0.1,77.0,0.0,5.0,1019.5,3.0
2025-11-18 02:00:00,AEPAPT,3.7,0.2,78.0,0.0,6.1,1019.6,3.0
2025-11-18 03:00:00,AEPAPT,3.4,0.1,79.0,0.0,5.4,1019.8,3.0
2025-11-18 04:00:00,AEPAPT,3.3,-0.2,78.0,0.0,6.1,1020.1,3.0
2025-11-18 05:00:00,AEPAPT,3.1,-0.0,80.0,0.0,7.2,1020.3,3.0
2025-11-18 06:00:00,AEPAPT,2.9,-0.0,81.0,0.0,8.6,1019.9,3.0
2025-11-18 07:00:00,AEPAPT,2.8,-0.1,81.0,0.0,7.2,1020.3,3.0
2025-11-18 08:00:00,AEPAPT,2.1,0.0,86.0,1.1,10.1,1020.4,9.0
2025-11-18 09:00:00,AEPAPT,2.2,-0.1,85.0,0.0,10.8,1020.2,3.0
2025-11-18 10:00:00,AEPAPT,1.8,0.3,90.0,0.4,14.0,1019.5,12.0
2025-11-18 11:00:00,AEPAPT,1.8,-0.1,87.0,0.0,15.5,1018.9,3.0
2025-11-18 12:00:00,AEPAPT,1.9,-0.5,84.0,0.0,15.8,1018.7,3.0
2025-11-18 13:00:00,AEPAPT,2.0,-0.6,83.0,0.7,15.8,1019.0,12.0
2025-11-18 14:00:00,AEPAPT,2.0,0.7,91.0,1.1,18.7,1018.6,13.0
2025-11-18 15:00:00,AEPAPT,2.5,0.7,88.0,0.2,18.7,1018.6,12.0
2025-11-18 16:00:00,AEPAPT,3.0,0.7,85.0,0.0,18.7,1018.2,3.0
2025-11-18 17:00:00,AEPAPT,3.4,1.1,85.0,0.0,17.3,1017.6,3.0
2025-11-18 18:00:00,AEPAPT,3.7,1.6,86.0,0.1,15.5,1016.4,7.0
2025-11-18 19:00:00,AEPAPT,3.7,2.5,92.0,0.5,14.4,1015.8,8.0
2025-11-18 20:00:00,AEPAPT,3.9,2.7,92.0,0.4,15.5,1015.5,8.0
2025-11-18 21:00:00,AEPAPT,4.0,3.0,93.0,0.6,14.4,1016.1,8.0
2025-11-18 22:00:00,AEPAPT,3.6,2.6,93.0,0.0,19.1,1015.3,3.0
2025-11-18 23:00:00,AEPAPT,2.7,2.0,95.0,0.0,16.2,1016.0,3.0
2025-11-19 00:00:00,AEPAPT,2.1,1.5,96.0,0.0,13.3,1017.1,3.0
2025-11-19 01:00:00,AEPAPT,1.8,1.2,96.0,0.0,14.0,1017.8,2.0
2025-11-19 02:00:00,AEPAPT,1.4,0.8,96.0,0.0,12.2,1018.8,1.0
2025-11-19 03:00:00,AEPAPT,1.1,0.5,96.0,0.0,11.5,1019.6,1.0
2025-11-19 04:00:00,AEPAPT,1.5,0.9,96.0,0.0,13.3,1020.0,3.0
2025-11-19 05:00:00,AEPAPT,0.9,0.3,96.0,0.0,12.2,1020.0,2.0
2025-11-19 06:00:00,AEPAPT,0.6,0.0,96.0,0.0,11.5,1020.4,1.0
2025-11-19 07:00:00,AEPAPT,0.3,-0.1,97.0,0.0,10.4,1021.0,1.0
2025-11-19 08:00:00,AEPAPT,0.0,-0.3,98.0,0.0,11.2,1021.2,1.0
2025-11-19 09:00:00,AEPAPT,-0.4,-0.8,97.0,0.0,8.6,1021.9,1.0
2025-11-19 10:00:00,AEPAPT,-0.7,-1.1,97.0,0.0,8.6,1022.6,1.0
2025-11-19 11:00:00,AEPAPT,-0.8,-1.2,97.0,0.0,10.1,1023.2,1.0
2025-11-19 12:00:00,AEPAPT,-0.9,-1.3,97.0,0.0,10.4,1023.6,1.0
2025-11-19 13:00:00,AEPAPT,-0.8,-1.2,97.0,0.0,10.4,1024.1,1.0
2025-11-19 14:00:00,AEPAPT,0.6,-0.3,94.0,0.0,11.5,1024.6,2.0
2025-11-19 15:00:00,AEPAPT,2.2,0.3,87.0,0.0,12.2,1025.0,3.0
2025-11-19 16:00:00,AEPAPT,3.7,1.1,83.0,0.0,12.2,1025.1,3.0
2025-11-19 17:00:00,AEPAPT,4.8,1.5,79.0,0.0,11.5,1024.4,3.0
2025-11-19 18:00:00,AEPAPT,5.9,1.8,75.0,0.0,9.7,1023.3,3.0
2025-11-19 19:00:00,AEPAPT,6.6,2.1,73.0,0.0,8.6,1022.7,3.0
2025-11-19 20:00:00,AEPAPT,7.2,2.5,72.0,0.0,6.8,1022.6,3.0
2025-11-19 21:00:00,AEPAPT,7.1,2.4,72.0,0.0,7.9,1022.4,3.0
2025-11-19 22:00:00,AEPAPT,6.5,2.9,78.0,0.0,4.3,1022.6,3.0
2025-11-19 23:00:00,AEPAPT,5.6,3.1,84.0,0.0,5.8,1022.9,3.0
2025-11-20 00:00:00,AEPAPT,5.1,3.0,86.0,0.0,6.8,1023.1,3.0
2025-11-20 01:00:00,AEPAPT,5.1,3.0,86.0,0.0,6.5,1023.2,3.0
2025-11-20 02:00:00,AEPAPT,5.1,3.0,86.0,0.0,6.8,1022.9,3.0
2025-11-20 03:00:00,AEPAPT,4.9,2.9,87.0,0.0,6.1,1022.9,3.0
2025-11-20 04:00:00,AEPAPT,4.8,3.0,88.0,0.0,6.1,1022.6,3.0
2025-11-20 05:00:00,AEPAPT,4.9,3.2,89.0,0.0,5.4,1022.3,3.0
2025-11-20 06:00:00,AEPAPT,4.4,3.1,91.0,0.0,4.7,1022.1,3.0
2025-11-20 07:00:00,AEPAPT,,,,,,,
2025-11-20 08:00:00,AEPAPT,,,,,,,
2025-11-20 09:00:00,AEPAPT,,,,,,,
2025-11-20 10:00:00,AEPAPT,,,,,,,
2025-11-20 11:00:00,AEPAPT,,,,,,,
2025-11-20 12:00:00,AEPAPT,4.7,3.8,94.0,,6.1,1021.4,
2025-11-20 13:00:00,AEPAPT,,,,,,,
2025-11-20 14:00:00,AEPAPT,,,,,,,
2025-11-20 15:00:00,AEPAPT,,,,,,,
2025-11-20 16:00:00,AEPAPT,,,,,,,
2025-11-20 17:00:00,AEPAPT,,,,,,,
2025-11-20 18:00:00,AEPAPT,11.3,5.4,67.0,,14.8,1018.4,
2025-11-20 19:00:00,AEPAPT,,,,,,,
2025-11-20 20:00:00,AEPAPT,,,,,,,
2025-11-20 21:00:00,AEPAPT,,,,,,,
2025-11-20 22:00:00,AEPAPT,,,,,,,
2025-11-20 23:00:00,AEPAPT,,,,,,,
2025-11-21 00:00:00,AEPAPT,7.9,5.9,87.0,,0.7,1016.8,
2025-11-21 01:00:00,AEPAPT,,,,,,,
2025-11-21 02:00:00,AEPAPT,,,,,,,
2025-11-21 03:00:00,AEPAPT,,,,,,,
2025-11-21 04:00:00,AEPAPT,,,,,,,
2025-11-21 05:00:00,AEPAPT,,,,,,,
2025-11-21 06:00:00,AEPAPT,5.2,4.5,95.0,,6.1,1015.6,
2025-11-21 07:00:00,AEPAPT,,,,,,,
2025-11-21 08:00:00,AEPAPT,,,,,,,
2025-11-21 09:00:00,AEPAPT,,,,,,,
2025-11-21 10:00:00,AEPAPT,,,,,,,
2025-11-21 11:00:00,AEPAPT,,,,,,,
2025-11-21 12:00:00,AEPAPT,4.4,4.1,98.0,,8.6,1016.8,
2025-11-21 13:00:00,AEPAPT,,,,,,,
2025-11-21 14:00:00,AEPAPT,,,,,,,
2025-11-21 15:00:00,AEPAPT,,,,,,,
2025-11-21 16:00:00,AEPAPT,,,,,,,
2025-11-21 17:00:00,AEPAPT,,,,,,,
2025-11-21 18:00:00,AEPAPT,8.4,2.8,68.0,,7.9,1016.1,
2025-11-21 19:00:00,AEPAPT,,,,,,,
2025-11-21 20:00:00,AEPAPT,,,,,,,
2025-11-21 21:00:00,AEPAPT,,,,,,,
2025-11-21 22:00:00,AEPAPT,,,,,,,
2025-11-21 23:00:00,AEPAPT,,,,,,,
2025-11-22 00:00:00,AEPAPT,5.3,2.3,81.0,,9.0,1015.9,
2025-11-22 01:00:00,AEPAPT,,,,,,,
2025-11-22 02:00:00,AEPAPT,,,,,,,
2025-11-22 03:00:00,AEPAPT,,,,,,,
2025-11-22 04:00:00,AEPAPT,,,,,,,
2025-11-22 05:00:00,AEPAPT,,,,,,,
2025-11-22 06:00:00,AEPAPT,2.7,0.3,84.0,,9.4,1016.8,
2025-11-22 07:00:00,AEPAPT,,,,,,,
2025-11-22 08:00:00,AEPAPT,,,,,,,
2025-11-22 09:00:00,AEPAPT,,,,,,,
2025-11-22 10:00:00,AEPAPT,,,,,,,
2025-11-22 11:00:00,AEPAPT,,,,,,,
2025-11-22 12:00:00,AEPAPT,-1.0,-2.1,92.0,,4.0,1019.0,
2025-11-22 13:00:00,AEPAPT,,,,,,,
2025-11-22 14:00:00,AEPAPT,,,,,,,
2025-11-22 15:00:00,AEPAPT,,,,,,,
2025-11-22 16:00:00,AEPAPT,,,,,,,
2025-11-22 17:00:00,AEPAPT,,,,,,,
2025-11-22 18:00:00,AEPAPT,8.0,-1.0,53.0,,3.6,1018.8,
2025-11-22 19:00:00,AEPAPT,,,,,,,
2025-11-22 20:00:00,AEPAPT,,,,,,,
2025-11-22 21:00:00,AEPAPT,,,,,,,
2025-11-22 22:00:00,AEPAPT,,,,,,,
2025-11-22 23:00:00,AEPAPT,,,,,,,
2025-11-23 00:00:00,AEPAPT,3.5,-0.7,74.0,,6.5,1018.6,
2025-11-23 01:00:00,AEPAPT,,,,,,,
2025-11-23 02:00:00,AEPAPT,,,,,,,
2025-11-23 03:00:00,AEPAPT,,,,,,,
2025-11-23 04:00:00,AEPAPT,,,,,,,
2025-11-23 05:00:00,AEPAPT,,,,,,,
2025-11-23 06:00:00,AEPAPT,2.0,-0.7,82.0,,10.4,1018.3,
2025-11-23 07:00:00,AEPAPT,,,,,,,
2025-11-23 08:00:00,AEPAPT,,,,,,,
2025-11-23 09:00:00,AEPAPT,,,,,,,
2025-11-23 10:00:00,AEPAPT,,,,,,,
2025-11-23 11:00:00,AEPAPT,,,,,,,
2025-11-23 12:00:00,AEPAPT,0.5,-2.0,83.0,,10.1,1018.1,
2025-11-23 13:00:00,AEPAPT,,,,,,,
2025-11-23 14:00:00,AEPAPT,,,,,,,
2025-11-23 15:00:00,AEPAPT,,,,,,,
2025-11-23 16:00:00,AEPAPT,,,,,,,
2025-11-23 17:00:00,AEPAPT,,,,,,,
2025-11-23 18:00:00,AEPAPT,10.6,1.4,53.0,,9.7,1016.4,
2025-11-23 19:00:00,AEPAPT,,,,,,,
2025-11-23 20:00:00,AEPAPT,,,,,,,
2025-11-23 21:00:00,AEPAPT,,,,,,,
2025-11-23 22:00:00,AEPAPT,,,,,,,
2025-11-23 23:00:00,AEPAPT,,,,,,,
2025-11-24 00:00:00,AEPAPT,7.8,1.4,64.0,,12.6,1015.5,
2025-11-24 01:00:00,AEPAPT,,,,,,,
2025-11-24 02:00:00,AEPAPT,,,,,,,
2025-11-24 03:00:00,AEPAPT,,,,,,,
2025-11-24 04:00:00,AEPAPT,,,,,,,
2025-11-24 05:00:00,AEPAPT,,,,,,,
2025-11-24 06:00:00,AEPAPT,6.2,2.7,78.0,,15.1,1015.5,
2025-11-24 07:00:00,AEPAPT,,,,,,,
2025-11-24 08:00:00,AEPAPT,,,,,,,
2025-11-24 09:00:00,AEPAPT,,,,,,,
2025-11-24 10:00:00,AEPAPT,,,,,,,
2025-11-24 11:00:00,AEPAPT,,,,,,,
2025-11-24 12:00:00,AEPAPT,5.6,2.9,83.0,,15.8,1015.3,
2025-11-24 13:00:00,AEPAPT,,,,,,,
2025-11-24 14:00:00,AEPAPT,,,,,,,
2025-11-24 15:00:00,AEPAPT,,,,,,,
2025-11-24 16:00:00,AEPAPT,,,,,,,
2025-11-24 17:00:00,AEPAPT,,,,,,,
2025-11-24 18:00:00,AEPAPT,13.6,6.7,63.0,,13.7,1015.1,
2025-11-24 19:00:00,AEPAPT,,,,,,,
2025-11-24 20:00:00,AEPAPT,,,,,,,
2025-11-24 21:00:00,AEPAPT,,,,,,,
2025-11-24 22:00:00,AEPAPT,,,,,,,
2025-11-24 23:00:00,AEPAPT,,,,,,,
2025-11-25 00:00:00,AEPAPT,8.7,7.0,89.0,,6.8,1016.9,
2025-11-25 01:00:00,AEPAPT,,,,,,,
2025-11-25 02:00:00,AEPAPT,,,,,,,
2025-11-25 03:00:00,AEPAPT,,,,,,,
2025-11-25 04:00:00,AEPAPT,,,,,,,
2025-11-25 05:00:00,AEPAPT,,,,,,,
2025-11-25 06:00:00,AEPAPT,6.7,5.5,92.0,,10.8,1020.2,
2025-11-25 07:00:00,AEPAPT,,,,,,,
2025-11-25 08:00:00,AEPAPT,,,,,,,
2025-11-25 09:00:00,AEPAPT,,,,,,,
2025-11-25 10:00:00,AEPAPT,,,,,,,
2025-11-25 11:00:00,AEPAPT,,,,,,,
2025-11-25 12:00:00,AEPAPT,3.1,2.1,93.0,,7.6,1023.8,
2025-11-25 13:00:00,AEPAPT,,,,,,,
2025-11-25 14:00:00,AEPAPT,,,,,,,
2025-11-25 15:00:00,AEPAPT,,,,,,,
2025-11-25 16:00:00,AEPAPT,,,,,,,
2025-11-25 17:00:00,AEPAPT,,,,,,,
2025-11-25 18:00:00,AEPAPT,8.4,2.0,64.0,,3.2,1024.1,
2025-11-25 19:00:00,AEPAPT,,,,,,,
2025-11-25 20:00:00,AEPAPT,,,,,,,
2025-11-25 21:00:00,AEPAPT,,,,,,,
2025-11-25 22:00:00,AEPAPT,,,,,,,
2025-11-25 23:00:00,AEPAPT,,,,,,,
2025-11-26 00:00:00,AEPAPT,4.5,2.5,87.0,,7.6,1024.4,
2025-11-26 01:00:00,AEPAPT,,,,,,,
2025-11-26 02:00:00,AEPAPT,,,,,,,
2025-11-26 03:00:00,AEPAPT,,,,,,,
2025-11-26 04:00:00,AEPAPT,,,,,,,
2025-11-26 05:00:00,AEPAPT,,,,,,,
2025-11-26 06:00:00,AEPAPT,2.2,-0.6,82.0,,10.8,1023.6,
2025-11-26 07:00:00,AEPAPT,,,,,,,
2025-11-26 08:00:00,AEPAPT,,,,,,,
2025-11-26 09:00:00,AEPAPT,,,,,,,
2025-11-26 10:00:00,AEPAPT,,,,,,,
2025-11-26 11:00:00,AEPAPT,,,,,,,
2025-11-26 12:00:00,AEPAPT,2.8,-1.4,74.0,,15.1,1023.9,
2025-11-26 13:00:00,AEPAPT,,,,,,,
2025-11-26 14:00:00,AEPAPT,,,,,,,
2025-11-26 15:00:00,AEPAPT,,,,,,,
2025-11-26 16:00:00,AEPAPT,,,,,,,
2025-11-26 17:00:00,AEPAPT,,,,,,,
2025-11-26 18:00:00,AEPAPT,5.6,2.1,78.0,,17.3,1020.8,
2025-11-26 19:00:00,AEPAPT,,,,,,,
2025-11-26 20:00:00,AEPAPT,,,,,,,
2025-11-26 21:00:00,AEPAPT,,,,,,,
2025-11-26 22:00:00,AEPAPT,,,,,,,
2025-11-26 23:00:00,AEPAPT,,,,,,,
2025-11-27 00:00:00,AEPAPT,5.6,0.6,70.0,,21.2,1020.5,
2025-11-01 00:00:00,AEPIMP,6.0,-0.9,61.0,0.0,0.0,1014.0,3.0
2025-11-01 01:00:00,AEPIMP,6.0,-0.1,65.0,0.0,7.0,1014.0,1.0
2025-11-01 02:00:00,AEPIMP,6.0,1.1,71.0,0.0,0.0,1014.0,3.0
2025-11-01 03:00:00,AEPIMP,7.0,1.7,69.0,0.0,0.0,1014.0,3.0
2025-11-01 04:00:00,AEPIMP,7.0,2.3,72.0,0.0,11.0,1014.0,3.0
2025-11-01 05:00:00,AEPIMP,7.0,1.5,68.0,0.0,15.0,1014.0,3.0
2025-11-01 06:00:00,AEPIMP,5.0,1.1,76.0,0.0,11.0,1015.0,3.0
2025-11-01 07:00:00,AEPIMP,2.0,-0.6,83.0,0.0,6.0,1015.0,1.0
2025-11-01 08:00:00,AEPIMP,2.0,-0.4,84.0,0.0,6.0,1015.0,1.0
2025-11-01 09:00:00,AEPIMP,2.0,-0.3,85.0,0.0,0.0,1015.0,3.0
2025-11-01 10:00:00,AEPIMP,0.0,-1.6,89.0,0.0,0.0,1016.0,1.0
2025-11-01 11:00:00,AEPIMP,0.0,-1.4,90.0,0.0,0.0,1016.0,3.0
2025-11-01 12:00:00,AEPIMP,0.0,-1.6,89.0,0.0,6.0,1017.0,3.0
2025-11-01 13:00:00,AEPIMP,2.0,0.1,87.0,0.0,0.0,1018.0,3.0
2025-11-01 14:00:00,AEPIMP,5.0,0.8,74.0,0.0,0.0,1018.0,3.0
2025-11-01 15:00:00,AEPIMP,8.0,-0.2,56.0,0.0,7.0,1018.0,3.0
2025-11-01 16:00:00,AEPIMP,9.0,-0.6,51.0,0.0,13.0,1019.0,3.0
2025-11-01 17:00:00,AEPIMP,10.0,-1.7,44.0,0.0,17.0,1019.0,3.0
2025-11-01 18:00:00,AEPIMP,9.0,-1.4,48.0,0.0,15.0,1019.0,3.0
2025-11-01 19:00:00,AEPIMP,10.0,-2.6,41.0,0.0,22.0,1018.0,3.0
2025-11-01 20:00:00,AEPIMP,11.0,-4.3,34.0,0.0,17.0,1018.0,3.0
2025-11-01 21:00:00,AEPIMP,10.0,-4.0,37.0,0.0,7.0,1019.0,3.0
2025-11-01 22:00:00,AEPIMP,9.0,-4.2,39.0,0.0,9.0,1019.0,3.0
2025-11-01 23:00:00,AEPIMP,7.0,-2.7,50.0,0.0,7.0,1020.0,3.0
2025-11-02 00:00:00,AEPIMP,7.0,-1.9,53.0,0.0,6.0,1020.0,3.0
2025-11-02 01:00:00,AEPIMP,7.0,-1.9,53.0,0.0,0.0,1021.0,2.0
2025-11-02 02:00:00,AEPIMP,7.0,-2.7,50.0,0.0,0.0,1021.0,3.0
2025-11-02 03:00:00,AEPIMP,7.0,-1.9,53.0,0.0,0.0,1021.0,3.0
2025-11-02 04:00:00,AEPIMP,5.0,-0.6,67.0,0.0,0.0,1021.0,3.0
2025-11-02 05:00:00,AEPIMP,4.0,-0.8,71.0,0.0,0.0,1021.0,3.0
2025-11-02 06:00:00,AEPIMP,1.0,-1.9,81.0,0.2,0.0,1021.0,7.0
2025-11-02 07:00:00,AEPIMP,0.0,-2.1,86.0,0.0,0.0,1022.0,3.0
2025-11-02 08:00:00,AEPIMP,0.0,-1.7,88.0,0.0,0.0,1022.0,3.0
2025-11-02 09:00:00,AEPIMP,1.0,-0.6,89.0,0.0,0.0,1022.0,3.0
2025-11-02 10:00:00,AEPIMP,1.0,-0.8,88.0,0.0,0.0,1023.0,1.0
2025-11-02 11:00:00,AEPIMP,2.0,-0.3,85.0,0.0,0.0,1023.0,2.0
2025-11-02 12:00:00,AEPIMP,3.0,0.1,81.0,0.0,0.0,1024.0,3.0
2025-11-02 13:00:00,AEPIMP,3.0,-0.5,78.0,0.0,0.0,1025.0,3.0
2025-11-02 14:00:00,AEPIMP,5.0,0.2,71.0,0.0,0.0,1025.0,3.0
2025-11-02 15:00:00,AEPIMP,7.0,-0.0,61.0,0.0,0.0,1025.0,3.0
2025-11-02 16:00:00,AEPIMP,9.0,-1.1,49.0,0.0,0.0,1025.0,2.0
2025-11-02 17:00:00,AEPIMP,11.0,-2.1,40.0,0.0,6.0,1024.0,2.0
2025-11-02 18:00:00,AEPIMP,12.0,-2.6,36.0,0.0,6.0,1023.0,1.0
2025-11-02 19:00:00,AEPIMP,11.0,-2.8,38.0,0.0,7.0,1023.0,1.0
2025-11-02 20:00:00,AEPIMP,11.0,-2.4,39.0,0.0,6.0,1022.0,1.0
2025-11-02 21:00:00,AEPIMP,11.0,-1.7,41.0,0.0,13.0,1022.0,1.0
2025-11-02 22:00:00,AEPIMP,11.0,-1.1,43.0,0.0,7.0,1022.0,2.0
2025-11-02 23:00:00,AEPIMP,7.0,-1.4,55.0,0.0,6.0,1022.0,1.0
2025-11-03 00:00:00,AEPIMP,5.0,-1.2,64.0,0.0,7.0,1023.0,1.0
2025-11-03 01:00:00,AEPIMP,4.0,-1.0,70.0,0.0,11.0,1022.0,1.0
2025-11-03 02:00:00,AEPIMP,4.0,-0.6,72.0,0.0,7.0,1022.0,1.0
2025-11-03 03:00:00,AEPIMP,4.0,0.5,78.0,0.0,9.0,1022.0,1.0
2025-11-03 04:00:00,AEPIMP,3.0,0.1,81.0,0.0,9.0,1022.0,1.0
2025-11-03 05:00:00,AEPIMP,3.0,0.2,82.0,0.0,11.0,1022.0,1.0
2025-11-03 06:00:00,AEPIMP,4.0,0.7,79.0,0.0,9.0,1022.0,2.0
2025-11-03 07:00:00,AEPIMP,3.0,0.1,81.0,0.0,11.0,1022.0,3.0
2025-11-03 08:00:00,AEPIMP,2.0,-0.1,86.0,0.0,11.0,1022.0,1.0
2025-11-03 09:00:00,AEPIMP,3.0,0.2,82.0,0.0,15.0,1022.0,1.0
2025-11-03 10:00:00,AEPIMP,4.0,0.7,79.0,0.0,19.0,1022.0,2.0
2025-11-03 11:00:00,AEPIMP,4.0,0.7,79.0,0.0,17.0,1022.0,2.0
2025-11-03 12:00:00,AEPIMP,5.0,1.8,80.0,0.0,17.0,1020.0,3.0
2025-11-03 13:00:00,AEPIMP,6.0,1.9,75.0,0.0,24.0,1021.0,3.0
2025-11-03 14:00:00,AEPIMP,7.0,1.1,66.0,0.0,30.0,1021.0,3.0
2025-11-03 15:00:00,AEPIMP,10.0,0.6,52.0,0.0,39.0,1022.0,1.0
2025-11-03 16:00:00,AEPIMP,11.0,0.1,47.0,0.0,26.0,1021.0,1.0
2025-11-03 17:00:00,AEPIMP,13.0,1.0,44.0,0.0,28.0,1021.0,1.0
2025-11-03 18:00:00,AEPIMP,13.0,0.4,42.0,0.0,28.0,1021.0,1.0
2025-11-03 19:00:00,AEPIMP,14.0,-0.5,37.0,0.0,32.0,1021.0,1.0
2025-11-03 20:00:00,AEPIMP,14.0,-2.4,32.0,0.0,24.0,1021.0,1.0
2025-11-03 21:00:00,AEPIMP,14.0,-5.2,26.0,0.0,22.0,1022.0,1.0
2025-11-03 22:00:00,AEPIMP,13.0,-4.2,30.0,0.0,19.0,1022.0,1.0
2025-11-03 23:00:00,AEPIMP,8.0,-4.1,42.0,0.0,7.0,1023.0,1.0
2025-11-04 00:00:00,AEPIMP,6.0,-4.5,47.0,0.0,11.0,1023.0,1.0
2025-11-04 01:00:00,AEPIMP,4.0,-4.7,53.0,0.0,0.0,1024.0,1.0
2025-11-04 02:00:00,AEPIMP,4.0,-4.5,54.0,0.0,0.0,1024.0,1.0
2025-11-04 03:00:00,AEPIMP,3.0,-5.4,54.0,0.0,0.0,1025.0,1.0
2025-11-04 04:00:00,AEPIMP,3.0,-5.9,52.0,0.0,0.0,1025.0,1.0
2025-11-04 05:00:00,AEPIMP,3.0,-4.9,56.0,0.0,6.0,1025.0,1.0
2025-11-04 06:00:00,AEPIMP,1.0,-5.2,63.0,0.0,0.0,1026.0,1.0
2025-11-04 07:00:00,AEPIMP,1.0,-5.5,62.0,0.0,0.0,1026.0,3.0
2025-11-04 08:00:00,AEPIMP,-1.0,-5.8,70.0,0.0,0.0,1026.0,3.0
2025-11-04 09:00:00,AEPIMP,0.0,-6.0,64.0,0.0,0.0,1026.0,3.0
2025-11-04 10:00:00,AEPIMP,0.0,-5.4,67.0,0.0,0.0,1026.0,3.0
2025-11-04 11:00:00,AEPIMP,0.0,-4.8,70.0,0.0,0.0,1027.0,3.0
2025-11-04 12:00:00,AEPIMP,-1.0,-5.0,74.0,0.0,0.0,1027.0,3.0
2025-11-04 13:00:00,AEPIMP,0.0,-3.4,78.0,0.0,0.0,1027.0,3.0
2025-11-04 14:00:00,AEPIMP,6.0,-2.1,56.0,0.0,0.0,1028.0,3.0
2025-11-04 15:00:00,AEPIMP,11.0,-5.1,32.0,0.0,11.0,1027.0,3.0
2025-11-04 16:00:00,AEPIMP,14.0,-5.2,26.0,0.0,7.0,1027.0,3.0
2025-11-04 17:00:00,AEPIMP,16.0,-8.3,18.0,0.0,17.0,1026.0,3.0
2025-11-04 18:00:00,AEPIMP,17.0,-8.2,17.0,0.0,24.0,1025.0,3.0
2025-11-04 19:00:00,AEPIMP,17.0,-9.0,16.0,0.0,17.0,1023.0,3.0
2025-11-04 20:00:00,AEPIMP,17.0,-9.0,16.0,0.0,17.0,1022.0,3.0
2025-11-04 21:00:00,AEPIMP,16.0,-7.6,19.0,0.0,13.0,1022.0,2.0
2025-11-04 22:00:00,AEPIMP,15.0,-6.5,22.0,0.0,15.0,1021.0,3.0
2025-11-04 23:00:00,AEPIMP,12.0,-4.6,31.0,0.0,13.0,1021.0,2.0
2025-11-05 00:00:00,AEPIMP,11.0,-5.9,30.0,0.0,15.0,1020.0,1.0
2025-11-05 01:00:00,AEPIMP,11.0,-4.3,34.0,0.0,17.0,1020.0,1.0
2025-11-05 02:00:00,AEPIMP,11.0,-2.1,40.0,0.0,19.0,1019.0,1.0
2025-11-05 03:00:00,AEPIMP,11.0,0.4,48.0,0.0,13.0,1018.0,2.0
2025-11-05 04:00:00,AEPIMP,10.0,1.1,54.0,0.0,13.0,1018.0,1.0
2025-11-05 05:00:00,AEPIMP,9.0,1.9,61.0,0.0,17.0,1017.0,1.0
2025-11-05 06:00:00,AEPIMP,9.0,3.2,67.0,0.0,17.0,1017.0,1.0
2025-11-05 07:00:00,AEPIMP,9.0,3.8,70.0,0.0,19.0,1016.0,1.0
2025-11-05 08:00:00,AEPIMP,10.0,5.4,73.0,0.0,20.0,1015.0,1.0
2025-11-05 09:00:00,AEPIMP,10.0,5.6,74.0,0.0,26.0,1014.0,1.0
2025-11-05 10:00:00,AEPIMP,10.0,5.4,73.0,0.0,24.0,1013.0,1.0
2025-11-05 11:00:00,AEPIMP,11.0,6.1,72.0,0.0,28.0,1013.0,1.0
2025-11-05 12:00:00,AEPIMP,11.0,5.9,71.0,0.0,26.0,1013.0,1.0
2025-11-05 13:00:00,AEPIMP,11.0,5.7,70.0,0.0,24.0,1013.0,1.0
2025-11-05 14:00:00,AEPIMP,13.0,6.1,63.0,0.0,32.0,1013.0,1.0
2025-11-05 15:00:00,AEPIMP,15.0,6.0,55.0,0.0,37.0,1013.0,3.0
2025-11-05 16:00:00,AEPIMP,18.0,6.8,48.0,0.0,37.0,1013.0,3.0
2025-11-05 17:00:00,AEPIMP,18.0,6.2,46.0,0.0,32.0,1013.0,1.0
2025-11-05 18:00:00,AEPIMP,18.0,6.2,46.0,0.0,35.0,1013.0,3.0
2025-11-05 19:00:00,AEPIMP,19.0,5.8,42.0,0.0,39.0,1014.0,3.0
2025-11-05 20:00:00,AEPIMP,18.0,5.6,44.0,0.0,28.0,1015.0,3.0
2025-11-05 21:00:00,AEPIMP,16.0,3.1,42.0,0.0,24.0,1017.0,2.0
2025-11-05 22:00:00,AEPIMP,13.0,2.5,49.0,0.0,17.0,1019.0,1.0
2025-11-05 23:00:00,AEPIMP,11.0,1.8,53.0,0.0,13.0,1020.0,1.0
2025-11-06 00:00:00,AEPIMP,9.0,1.4,59.0,0.0,11.0,1021.0,1.0
2025-11-06 01:00:00,AEPIMP,8.0,1.6,64.0,0.0,7.0,1022.0,1.0
2025-11-06 02:00:00,AEPIMP,5.0,0.4,72.0,0.0,0.0,1022.0,1.0
2025-11-06 03:00:00,AEPIMP,2.0,-0.3,85.0,0.0,0.0,1023.0,1.0
2025-11-06 04:00:00,AEPIMP,0.0,-1.6,89.0,0.0,0.0,1023.0,1.0
2025-11-06 05:00:00,AEPIMP,0.0,-1.7,88.0,0.0,6.0,1023.0,1.0
2025-11-06 06:00:00,AEPIMP,0.0,-1.6,89.0,0.0,0.0,1024.0,1.0
2025-11-06 07:00:00,AEPIMP,0.0,-1.4,90.0,0.0,0.0,1024.0,1.0
2025-11-06 08:00:00,AEPIMP,0.0,-1.7,88.0,0.0,0.0,1024.0,1.0
2025-11-06 09:00:00,AEPIMP,-1.0,-2.6,89.0,0.0,0.0,1024.0,1.0
2025-11-06 10:00:00,AEPIMP,-1.0,-2.1,92.0,0.0,0.0,1025.0,1.0
2025-11-06 11:00:00,AEPIMP,-2.0,-3.3,91.0,0.0,0.0,1025.0,5.0
2025-11-06 12:00:00,AEPIMP,-2.0,-3.0,93.0,0.0,0.0,1024.0,5.0
2025-11-06 13:00:00,AEPIMP,-1.0,-2.3,91.0,0.0,0.0,1025.0,1.0
2025-11-06 14:00:00,AEPIMP,4.0,1.5,84.0,0.0,0.0,1025.0,1.0
2025-11-06 15:00:00,AEPIMP,8.0,1.6,64.0,0.0,0.0,1025.0,1.0
2025-11-06 16:00:00,AEPIMP,11.0,0.4,48.0,0.0,9.0,1025.0,1.0
2025-11-06 17:00:00,AEPIMP,13.0,-2.1,35.0,0.0,7.0,1023.0,1.0
2025-11-06 18:00:00,AEPIMP,13.0,-4.2,30.0,0.0,9.0,1022.0,1.0
2025-11-06 19:00:00,AEPIMP,14.0,-4.2,28.0,0.0,13.0,1021.0,1.0
2025-11-06 20:00:00,AEPIMP,14.0,-5.2,26.0,0.0,11.0,1020.0,2.0
2025-11-06 21:00:00,AEPIMP,14.0,-4.7,27.0,0.0,13.0,1019.0,3.0
2025-11-06 22:00:00,AEPIMP,12.0,-3.8,33.0,0.0,11.0,1019.0,2.0
2025-11-06 23:00:00,AEPIMP,10.0,-2.6,41.0,0.0,9.0,1018.0,3.0
2025-11-07 00:00:00,AEPIMP,9.0,-3.2,42.0,0.0,11.0,1017.0,3.0
2025-11-07 01:00:00,AEPIMP,8.0,-3.2,45.0,0.0,11.0,1016.0,3.0
2025-11-07 02:00:00,AEPIMP,8.0,-2.9,46.0,0.0,11.0,1016.0,3.0
2025-11-07 03:00:00,AEPIMP,7.0,-3.3,48.0,0.0,15.0,1015.0,3.0
2025-11-07 04:00:00,AEPIMP,8.0,-2.6,47.0,0.0,13.0,1013.0,3.0
2025-11-07 05:00:00,AEPIMP,8.0,-3.2,45.0,0.0,17.0,1012.0,3.0
2025-11-07 06:00:00,AEPIMP,8.0,-3.2,45.0,0.0,15.0,1011.0,3.0
2025-11-07 07:00:00,AEPIMP,8.0,-3.8,43.0,0.0,17.0,1010.0,3.0
2025-11-07 08:00:00,AEPIMP,9.0,-4.9,37.0,0.0,22.0,1008.0,3.0
2025-11-07 09:00:00,AEPIMP,10.0,-5.5,33.0,0.0,32.0,1006.0,3.0
2025-11-07 10:00:00,AEPIMP,10.0,-4.0,37.0,0.0,24.0,1005.0,3.0
2025-11-07 11:00:00,AEPIMP,11.0,-0.5,45.0,0.0,30.0,1004.0,3.0
2025-11-07 12:00:00,AEPIMP,10.0,3.3,63.0,0.0,22.0,1004.0,8.0
2025-11-07 13:00:00,AEPIMP,9.0,5.7,80.0,2.3,22.0,1003.0,9.0
2025-11-07 14:00:00,AEPIMP,10.0,6.7,80.0,0.0,20.0,1003.0,9.0
2025-11-07 15:00:00,AEPIMP,10.0,7.6,85.0,0.8,20.0,1002.0,8.0
2025-11-07 16:00:00,AEPIMP,12.0,9.7,86.0,0.0,22.0,1003.0,3.0
2025-11-07 17:00:00,AEPIMP,14.0,11.3,84.0,0.1,33.0,1002.0,7.0
2025-11-07 18:00:00,AEPIMP,16.0,10.5,70.0,0.1,32.0,1002.0,17.0
2025-11-07 19:00:00,AEPIMP,18.0,8.8,55.0,0.1,30.0,1002.0,17.0
2025-11-07 20:00:00,AEPIMP,17.0,5.6,47.0,0.0,37.0,1002.0,2.0
2025-11-07 21:00:00,AEPIMP,17.0,4.3,43.0,0.0,24.0,1003.0,1.0
2025-11-07 22:00:00,AEPIMP,15.0,4.4,49.0,0.0,19.0,1003.0,1.0
2025-11-07 23:00:00,AEPIMP,12.0,4.5,60.0,0.0,6.0,1004.0,1.0
2025-11-08 00:00:00,AEPIMP,9.0,3.8,70.0,0.0,6.0,1004.0,1.0
2025-11-08 01:00:00,AEPIMP,8.0,3.1,71.0,0.0,9.0,1004.0,1.0
2025-11-08 02:00:00,AEPIMP,7.0,2.9,75.0,0.0,11.0,1004.0,2.0
2025-11-08 03:00:00,AEPIMP,9.0,3.6,69.0,0.0,15.0,1005.0,3.0
2025-11-08 04:00:00,AEPIMP,8.0,3.1,71.0,0.0,7.0,1005.0,1.0
2025-11-08 05:00:00,AEPIMP,8.0,3.7,74.0,0.0,13.0,1005.0,2.0
2025-11-08 06:00:00,AEPIMP,8.0,3.3,72.0,0.0,13.0,1006.0,1.0
2025-11-08 07:00:00,AEPIMP,5.0,2.0,81.0,0.0,9.0,1007.0,1.0
2025-11-08 08:00:00,AEPIMP,4.0,1.4,83.0,0.0,9.0,1008.0,1.0
2025-11-08 09:00:00,AEPIMP,3.0,0.9,86.0,0.0,6.0,1008.0,1.0
2025-11-08 10:00:00,AEPIMP,3.0,1.1,87.0,0.0,0.0,1008.0,5.0
2025-11-08 11:00:00,AEPIMP,2.0,0.5,90.0,0.0,0.0,1008.0,1.0
2025-11-08 12:00:00,AEPIMP,1.0,-0.0,93.0,0.0,0.0,1009.0,1.0
2025-11-08 13:00:00,AEPIMP,2.0,1.0,93.0,0.0,0.0,1009.0,1.0
2025-11-08 14:00:00,AEPIMP,6.0,4.2,88.0,0.0,0.0,1010.0,2.0
2025-11-08 15:00:00,AEPIMP,8.0,4.0,76.0,0.0,6.0,1011.0,2.0
2025-11-08 16:00:00,AEPIMP,9.0,3.8,70.0,0.0,0.0,1011.0,3.0
2025-11-08 17:00:00,AEPIMP,9.7,4.5,70.0,0.0,0.0,1011.0,3.0
2025-11-08 18:00:00,AEPIMP,10.0,4.4,68.0,0.0,0.0,1010.0,3.0
2025-11-08 19:00:00,AEPIMP,10.0,4.4,68.0,0.0,0.0,1010.0,3.0
2025-11-08 20:00:00,AEPIMP,10.0,3.9,66.0,0.1,6.0,1010.0,7.0
2025-11-08 21:00:00,AEPIMP,9.0,3.8,70.0,0.0,9.0,1011.0,3.0
2025-11-08 22:00:00,AEPIMP,8.0,3.5,73.0,0.0,15.0,1011.0,3.0
2025-11-08 23:00:00,AEPIMP,7.0,2.5,73.0,0.0,15.0,1011.0,3.0
2025-11-09 00:00:00,AEPIMP,6.0,1.5,73.0,0.0,20.0,1011.0,3.0
2025-11-09 01:00:00,AEPIMP,5.0,1.3,77.0,0.0,11.0,1011.0,3.0
2025-11-09 02:00:00,AEPIMP,5.0,2.7,85.0,0.0,7.0,1012.0,8.0
2025-11-09 03:00:00,AEPIMP,5.0,3.3,89.0,1.0,11.0,1010.0,9.0
2025-11-09 04:00:00,AEPIMP,4.0,2.7,91.0,0.3,13.0,1009.0,8.0
2025-11-09 05:00:00,AEPIMP,4.0,2.8,92.0,0.0,15.0,1008.0,5.0
2025-11-09 06:00:00,AEPIMP,4.0,3.0,93.0,0.0,13.0,1008.0,5.0
2025-11-09 07:00:00,AEPIMP,5.0,4.0,93.0,0.0,9.0,1008.0,5.0
2025-11-09 08:00:00,AEPIMP,5.0,4.0,93.0,0.0,11.0,1008.0,8.0
2025-11-09 09:00:00,AEPIMP,5.0,4.0,93.0,0.0,9.0,1008.0,8.0
2025-11-09 10:00:00,AEPIMP,4.0,2.8,92.0,0.5,15.0,1007.0,8.0
2025-11-09 11:00:00,AEPIMP,4.0,2.7,91.0,1.0,17.0,1007.0,9.0
2025-11-09 12:00:00,AEPIMP,2.0,0.7,91.0,1.1,28.0,1009.0,5.0
2025-11-09 13:00:00,AEPIMP,1.0,-0.2,92.0,0.2,30.0,1010.0,5.0
2025-11-09 14:00:00,AEPIMP,1.0,-0.2,92.0,0.0,17.0,1012.0,3.0
2025-11-09 15:00:00,AEPIMP,1.0,-0.8,88.0,0.2,15.0,1013.0,12.0
2025-11-09 16:00:00,AEPIMP,1.0,-0.8,88.0,0.0,17.0,1013.0,3.0
2025-11-09 17:00:00,AEPIMP,1.0,-1.2,85.0,0.0,19.0,1014.0,3.0
2025-11-09 18:00:00,AEPIMP,2.0,-0.7,82.0,0.0,17.0,1014.0,3.0
2025-11-09 19:00:00,AEPIMP,3.0,-0.8,76.0,0.0,19.0,1015.0,3.0
2025-11-09 20:00:00,AEPIMP,2.0,-0.1,86.0,0.0,28.0,1016.0,3.0
2025-11-09 21:00:00,AEPIMP,0.0,-1.4,90.0,0.4,22.0,1018.0,12.0
2025-11-09 22:00:00,AEPIMP,0.0,-1.6,89.0,0.2,26.0,1018.0,5.0
2025-11-09 23:00:00,AEPIMP,-1.0,-2.4,90.0,0.0,32.0,1019.0,3.0
2025-11-10 00:00:00,AEPIMP,-1.0,-3.0,86.0,0.0,30.0,1019.0,3.0
2025-11-10 01:00:00,AEPIMP,-1.0,-3.4,84.0,0.0,28.0,1020.0,5.0
2025-11-10 02:00:00,AEPIMP,-2.0,-4.3,84.0,0.0,30.0,1019.0,3.0
2025-11-10 03:00:00,AEPIMP,-2.0,-4.7,82.0,0.0,30.0,1020.0,3.0
2025-11-10 04:00:00,AEPIMP,-3.0,-6.1,79.0,0.0,28.0,1019.0,3.0
2025-11-10 05:00:00,AEPIMP,-3.0,-5.5,83.0,0.0,28.0,1019.0,3.0
2025-11-10 06:00:00,AEPIMP,-4.0,-6.3,84.0,0.0,22.0,1019.0,3.0
2025-11-10 07:00:00,AEPIMP,-4.0,-6.1,85.0,0.0,19.0,1018.0,3.0
2025-11-10 08:00:00,AEPIMP,-4.0,-5.7,88.0,0.0,15.0,1018.0,3.0
2025-11-10 09:00:00,AEPIMP,-4.0,-5.5,89.0,0.0,13.0,1018.0,3.0
2025-11-10 10:00:00,AEPIMP,-4.0,-5.7,88.0,0.0,15.0,1018.0,3.0
2025-11-10 11:00:00,AEPIMP,-4.0,-5.5,89.0,0.2,13.0,1018.0,14.0
2025-11-10 12:00:00,AEPIMP,-4.0,-5.4,90.0,0.6,6.0,1018.0,15.0
2025-11-10 13:00:00,AEPIMP,-4.0,-5.4,90.0,0.6,9.0,1019.0,15.0
2025-11-10 14:00:00,AEPIMP,-3.0,-4.9,87.0,0.2,22.0,1020.0,14.0
2025-11-10 15:00:00,AEPIMP,-3.0,-6.5,77.0,0.0,24.0,1021.0,3.0
2025-11-10 16:00:00,AEPIMP,-3.0,-8.6,65.0,0.0,22.0,1021.0,3.0
2025-11-10 17:00:00,AEPIMP,-3.0,-10.5,56.0,0.0,15.0,1022.0,2.0
2025-11-10 18:00:00,AEPIMP,-2.0,-11.8,47.0,0.0,17.0,1021.0,1.0
2025-11-10 19:00:00,AEPIMP,-2.0,-12.9,43.0,0.0,11.0,1021.0,1.0
2025-11-10 20:00:00,AEPIMP,-2.0,-11.3,49.0,0.0,17.0,1022.0,1.0
2025-11-10 21:00:00,AEPIMP,-3.0,-10.8,55.0,0.0,15.0,1022.0,1.0
2025-11-10 22:00:00,AEPIMP,-3.0,-10.1,58.0,0.0,19.0,1022.0,3.0
2025-11-10 23:00:00,AEPIMP,-3.0,-6.5,77.0,0.0,20.0,1022.0,3.0
2025-11-11 00:00:00,AEPIMP,-5.0,-7.3,84.0,0.0,19.0,1022.0,3.0
2025-11-11 01:00:00,AEPIMP,-4.0,-7.8,75.0,0.0,22.0,1022.0,3.0
2025-11-11 02:00:00,AEPIMP,-3.0,-8.1,68.0,0.0,26.0,1022.0,3.0
2025-11-11 03:00:00,AEPIMP,-5.0,-9.1,73.0,0.0,22.0,1022.0,3.0
2025-11-11 04:00:00,AEPIMP,-4.0,-8.1,73.0,0.0,20.0,1021.0,3.0
2025-11-11 05:00:00,AEPIMP,-5.0,-9.1,73.0,0.0,20.0,1021.0,3.0
2025-11-11 06:00:00,AEPIMP,-5.0,-9.3,72.0,0.0,22.0,1021.0,3.0
2025-11-11 07:00:00,AEPIMP,-7.0,-10.5,76.0,0.0,9.0,1021.0,1.0
2025-11-11 08:00:00,AEPIMP,-6.0,-9.4,77.0,0.0,20.0,1021.0,1.0
2025-11-11 09:00:00,AEPIMP,-7.0,-10.2,78.0,0.0,13.0,1020.0,1.0
2025-11-11 10:00:00,AEPIMP,-7.0,-10.2,78.0,0.0,13.0,1021.0,3.0
2025-11-11 11:00:00,AEPIMP,-6.0,-9.5,76.0,0.0,17.0,1020.0,3.0
2025-11-11 12:00:00,AEPIMP,-6.0,-9.7,75.0,0.0,17.0,1020.0,3.0
2025-11-11 13:00:00,AEPIMP,-5.0,-8.6,76.0,0.0,15.0,1020.0,3.0
2025-11-11 14:00:00,AEPIMP,-4.0,-8.7,70.0,0.0,22.0,1020.0,3.0
2025-11-11 15:00:00,AEPIMP,-3.0,-8.4,66.0,0.0,20.0,1020.0,3.0
2025-11-11 16:00:00,AEPIMP,-1.0,-7.3,62.0,0.0,22.0,1019.0,3.0
2025-11-11 17:00:00,AEPIMP,-1.0,-7.6,61.0,0.0,28.0,1017.0,3.0
2025-11-11 18:00:00,AEPIMP,0.0,-7.3,58.0,0.0,28.0,1016.0,3.0
2025-11-11 19:00:00,AEPIMP,1.0,-6.1,59.0,0.0,30.0,1013.0,3.0
2025-11-11 20:00:00,AEPIMP,1.0,-5.7,61.0,0.0,30.0,1011.0,3.0
2025-11-11 21:00:00,AEPIMP,1.0,-6.3,58.0,0.0,22.0,1012.0,3.0
2025-11-11 22:00:00,AEPIMP,1.0,-5.2,63.0,0.0,22.0,1011.0,3.0
2025-11-11 23:00:00,AEPIMP,0.0,-5.4,67.0,0.0,17.0,1011.0,3.0
2025-11-12 00:00:00,AEPIMP,0.0,-5.4,67.0,0.0,13.0,1011.0,2.0
2025-11-12 01:00:00,AEPIMP,0.0,-5.4,67.0,0.0,19.0,1011.0,3.0
2025-11-12 02:00:00,AEPIMP,1.0,-4.8,65.0,0.0,22.0,1010.0,1.0
2025-11-12 03:00:00,AEPIMP,1.0,-5.0,64.0,0.0,24.0,1010.0,1.0
2025-11-12 04:00:00,AEPIMP,2.0,-3.5,67.0,0.0,26.0,1010.0,1.0
2025-11-12 05:00:00,AEPIMP,2.0,-3.5,67.0,0.0,19.0,1010.0,1.0
2025-11-12 06:00:00,AEPIMP,2.0,-3.3,68.0,0.0,24.0,1010.0,1.0
2025-11-12 07:00:00,AEPIMP,2.0,-2.7,71.0,0.0,22.0,1010.0,1.0
2025-11-12 08:00:00,AEPIMP,1.0,-2.6,77.0,0.0,19.0,1010.0,1.0
2025-11-12 09:00:00,AEPIMP,1.0,-2.9,75.0,0.0,19.0,1010.0,1.0
2025-11-12 10:00:00,AEPIMP,1.0,-2.2,79.0,0.0,17.0,1011.0,1.0
2025-11-12 11:00:00,AEPIMP,1.0,-1.7,82.0,0.0,19.0,1011.0,2.0
2025-11-12 12:00:00,AEPIMP,2.0,-1.3,79.0,0.0,20.0,1012.0,3.0
2025-11-12 13:00:00,AEPIMP,2.0,-1.3,79.0,0.0,19.0,1012.0,3.0
2025-11-12 14:00:00,AEPIMP,2.0,-0.7,82.0,0.0,17.0,1013.0,3.0
2025-11-12 15:00:00,AEPIMP,4.0,-0.0,75.0,0.0,30.0,1014.0,3.0
2025-11-12 16:00:00,AEPIMP,6.0,1.5,73.0,0.0,30.0,1014.0,1.0
2025-11-12 17:00:00,AEPIMP,8.0,1.6,64.0,0.0,33.0,1014.0,1.0
2025-11-12 18:00:00,AEPIMP,9.0,0.9,57.0,0.0,44.0,1014.0,1.0
2025-11-12 19:00:00,AEPIMP,10.0,0.9,53.0,0.0,37.0,1015.0,1.0
2025-11-12 20:00:00,AEPIMP,10.0,-0.2,49.0,0.0,30.0,1015.0,1.0
2025-11-12 21:00:00,AEPIMP,10.0,0.1,50.0,0.0,30.0,1015.0,1.0
2025-11-12 22:00:00,AEPIMP,8.0,0.2,58.0,0.0,19.0,1016.0,1.0
2025-11-12 23:00:00,AEPIMP,5.0,-0.4,68.0,0.0,7.0,1016.0,1.0
2025-11-13 00:00:00,AEPIMP,5.0,-1.2,64.0,0.0,15.0,1017.0,1.0
2025-11-13 01:00:00,AEPIMP,4.0,-1.6,67.0,0.0,15.0,1017.0,1.0
2025-11-13 02:00:00,AEPIMP,4.0,-1.0,70.0,0.0,13.0,1017.0,1.0
2025-11-13 03:00:00,AEPIMP,2.0,-1.4,78.0,0.0,13.0,1018.0,3.0
2025-11-13 04:00:00,AEPIMP,2.0,-1.4,78.0,0.0,9.0,1018.0,3.0
2025-11-13 05:00:00,AEPIMP,2.0,-2.0,75.0,0.0,13.0,1019.0,3.0
2025-11-13 06:00:00,AEPIMP,2.0,-2.0,75.0,0.0,17.0,1019.0,3.0
2025-11-13 07:00:00,AEPIMP,2.0,-1.6,77.0,0.0,15.0,1020.0,3.0
2025-11-13 08:00:00,AEPIMP,1.0,-2.4,78.0,0.0,15.0,1020.0,3.0
2025-11-13 09:00:00,AEPIMP,0.0,-2.9,81.0,0.0,7.0,1020.0,3.0
2025-11-13 10:00:00,AEPIMP,0.0,-2.9,81.0,0.0,6.0,1021.0,1.0
2025-11-13 11:00:00,AEPIMP,0.0,-3.0,80.0,0.0,7.0,1021.0,1.0
2025-11-13 12:00:00,AEPIMP,0.0,-2.5,83.0,0.0,9.0,1022.0,1.0
2025-11-13 13:00:00,AEPIMP,0.0,-2.4,84.0,0.0,6.0,1022.0,1.0
2025-11-13 14:00:00,AEPIMP,3.0,-1.0,75.0,0.0,9.0,1023.0,1.0
2025-11-13 15:00:00,AEPIMP,6.0,0.1,66.0,0.0,7.0,1023.0,1.0
2025-11-13 16:00:00,AEPIMP,8.0,0.5,59.0,0.0,11.0,1023.0,1.0
2025-11-13 17:00:00,AEPIMP,10.0,-0.2,49.0,0.0,15.0,1023.0,2.0
2025-11-13 18:00:00,AEPIMP,11.0,-1.7,41.0,0.0,19.0,1023.0,3.0
2025-11-13 19:00:00,AEPIMP,11.0,-2.8,38.0,0.0,22.0,1022.0,3.0
2025-11-13 20:00:00,AEPIMP,12.0,-2.6,36.0,0.0,13.0,1022.0,3.0
2025-11-13 21:00:00,AEPIMP,11.0,-2.1,40.0,0.0,11.0,1022.0,3.0
2025-11-13 22:00:00,AEPIMP,9.0,-0.3,52.0,0.0,6.0,1022.0,3.0
2025-11-13 23:00:00,AEPIMP,7.0,-0.0,61.0,0.0,6.0,1022.0,3.0
2025-11-14 00:00:00,AEPIMP,7.0,0.4,63.0,0.0,0.0,1022.0,3.0
2025-11-14 01:00:00,AEPIMP,6.0,-0.1,65.0,0.0,4.0,1022.0,2.0
2025-11-14 02:00:00,AEPIMP,6.0,0.7,69.0,0.0,6.0,1022.0,1.0
2025-11-14 03:00:00,AEPIMP,6.0,-0.3,64.0,0.0,7.0,1022.0,3.0
2025-11-14 04:00:00,AEPIMP,7.0,-0.2,60.0,0.0,6.0,1021.0,1.0
2025-11-14 05:00:00,AEPIMP,6.0,0.1,66.0,0.0,0.0,1021.0,3.0
2025-11-14 06:00:00,AEPIMP,6.0,-0.3,64.0,0.0,0.0,1021.0,3.0
2025-11-14 07:00:00,AEPIMP,6.0,-0.9,61.0,0.0,7.0,1021.0,3.0
2025-11-14 08:00:00,AEPIMP,5.0,-2.1,60.0,0.0,7.0,1021.0,2.0
2025-11-14 09:00:00,AEPIMP,4.0,-2.2,64.0,0.0,7.0,1020.0,1.0
2025-11-14 10:00:00,AEPIMP,4.0,-2.2,64.0,0.0,7.0,1020.0,1.0
2025-11-14 11:00:00,AEPIMP,5.0,-0.8,66.0,0.0,7.0,1020.0,2.0
2025-11-14 12:00:00,AEPIMP,6.0,-2.1,56.0,0.0,7.0,1019.0,3.0
2025-11-14 13:00:00,AEPIMP,7.0,-0.7,58.0,0.0,11.0,1019.0,3.0
2025-11-14 14:00:00,AEPIMP,9.0,-0.6,51.0,0.0,20.0,1019.0,3.0
2025-11-14 15:00:00,AEPIMP,12.0,1.6,49.0,0.0,26.0,1018.0,3.0
2025-11-14 16:00:00,AEPIMP,14.0,3.2,48.0,0.0,20.0,1018.0,1.0
2025-11-14 17:00:00,AEPIMP,17.0,5.9,48.0,0.0,20.0,1017.0,2.0
2025-11-14 18:00:00,AEPIMP,18.0,7.1,49.0,0.0,19.0,1016.0,2.0
2025-11-14 19:00:00,AEPIMP,19.0,8.0,49.0,0.0,20.0,1015.0,1.0
2025-11-14 20:00:00,AEPIMP,20.0,9.3,50.0,0.0,20.0,1014.0,1.0
2025-11-14 21:00:00,AEPIMP,19.0,9.2,53.0,0.0,17.0,1014.0,1.0
2025-11-14 22:00:00,AEPIMP,17.0,9.9,63.0,0.0,9.0,1014.0,1.0
2025-11-14 23:00:00,AEPIMP,14.0,9.0,72.0,0.0,7.0,1014.0,1.0
2025-11-15 00:00:00,AEPIMP,12.0,8.3,78.0,0.0,6.0,1014.0,1.0
2025-11-15 01:00:00,AEPIMP,11.0,7.9,81.0,0.0,7.0,1014.0,1.0
2025-11-15 02:00:00,AEPIMP,12.0,8.8,81.0,0.0,9.0,1013.0,1.0
2025-11-15 03:00:00,AEPIMP,13.0,10.2,83.0,0.0,11.0,1013.0,1.0
2025-11-15 04:00:00,AEPIMP,13.0,10.0,82.0,0.0,15.0,1012.0,1.0
2025-11-15 05:00:00,AEPIMP,13.0,10.4,84.0,0.0,15.0,1012.0,3.0
2025-11-15 06:00:00,AEPIMP,13.0,10.4,84.0,0.0,17.0,1011.0,3.0
2025-11-15 07:00:00,AEPIMP,13.0,10.5,85.0,0.0,17.0,1010.0,3.0
2025-11-15 08:00:00,AEPIMP,12.0,10.1,88.0,0.0,13.0,1010.0,3.0
2025-11-15 09:00:00,AEPIMP,12.0,10.2,89.0,0.0,13.0,1009.0,3.0
2025-11-15 10:00:00,AEPIMP,12.0,10.2,89.0,0.0,15.0,1008.0,5.0
2025-11-15 11:00:00,AEPIMP,14.0,11.3,84.0,0.0,24.0,1008.0,3.0
2025-11-15 12:00:00,AEPIMP,14.0,11.7,86.0,0.0,20.0,1006.0,3.0
2025-11-15 13:00:00,AEPIMP,14.0,11.7,86.0,0.0,19.0,1006.0,5.0
2025-11-15 14:00:00,AEPIMP,15.0,12.3,84.0,0.0,24.0,1005.0,3.0
2025-11-15 15:00:00,AEPIMP,16.0,12.4,79.0,0.0,26.0,1005.0,3.0
2025-11-15 16:00:00,AEPIMP,18.0,13.3,74.0,0.0,37.0,1003.0,3.0
2025-11-15 17:00:00,AEPIMP,19.0,13.0,68.0,0.0,37.0,1002.0,5.0
2025-11-15 18:00:00,AEPIMP,19.0,12.5,66.0,0.0,41.0,1001.0,3.0
2025-11-15 19:00:00,AEPIMP,20.0,12.7,63.0,0.0,41.0,1000.0,3.0
2025-11-15 20:00:00,AEPIMP,21.0,12.9,60.0,0.0,41.0,1000.0,3.0
2025-11-15 21:00:00,AEPIMP,20.0,12.2,61.0,0.0,43.0,1000.0,3.0
2025-11-15 22:00:00,AEPIMP,18.0,11.3,65.0,0.0,32.0,1001.0,2.0
2025-11-15 23:00:00,AEPIMP,17.0,10.8,67.0,0.0,28.0,1002.0,1.0
2025-11-16 00:00:00,AEPIMP,15.0,9.4,69.0,0.0,22.0,1002.0,3.0
2025-11-16 01:00:00,AEPIMP,14.0,8.2,68.0,0.0,22.0,1002.0,1.0
2025-11-16 02:00:00,AEPIMP,14.0,7.7,66.0,0.0,20.0,1003.0,2.0
2025-11-16 03:00:00,AEPIMP,11.0,6.9,76.0,0.0,9.0,1004.0,1.0
2025-11-16 04:00:00,AEPIMP,11.0,4.9,66.0,0.0,13.0,1005.0,1.0
2025-11-16 05:00:00,AEPIMP,10.0,5.2,72.0,0.0,7.0,1005.0,1.0
2025-11-16 06:00:00,AEPIMP,7.0,4.1,82.0,0.0,13.0,1005.0,5.0
2025-11-16 07:00:00,AEPIMP,6.0,3.2,82.0,0.0,17.0,1005.0,5.0
2025-11-16 08:00:00,AEPIMP,6.0,1.9,75.0,0.0,13.0,1006.0,1.0
2025-11-16 09:00:00,AEPIMP,8.0,-1.5,51.0,0.0,15.0,1007.0,1.0
2025-11-16 10:00:00,AEPIMP,7.0,-0.9,57.0,0.0,13.0,1008.0,5.0
2025-11-16 11:00:00,AEPIMP,6.0,-1.6,58.0,0.0,15.0,1009.0,1.0
2025-11-16 12:00:00,AEPIMP,2.0,-2.1,74.0,0.0,6.0,1010.0,1.0
2025-11-16 13:00:00,AEPIMP,3.0,-2.1,69.0,0.0,11.0,1011.0,1.0
2025-11-16 14:00:00,AEPIMP,5.0,-2.1,60.0,0.0,20.0,1012.0,1.0
2025-11-16 15:00:00,AEPIMP,7.0,-3.5,47.0,0.0,26.0,1012.0,1.0
2025-11-16 16:00:00,AEPIMP,8.0,-6.5,35.0,0.0,22.0,1013.0,1.0
2025-11-16 17:00:00,AEPIMP,9.0,-8.1,29.0,0.0,32.0,1012.0,1.0
2025-11-16 18:00:00,AEPIMP,10.0,-10.2,23.0,0.0,33.0,1012.0,1.0
2025-11-16 19:00:00,AEPIMP,10.0,-11.3,21.0,0.0,17.0,,1.0
2025-11-16 20:00:00,AEPIMP,9.4,-13.1,19.0,0.0,18.0,,1.0
2025-11-16 21:00:00,AEPIMP,8.7,-14.3,18.0,0.0,14.0,,1.0
2025-11-16 22:00:00,AEPIMP,6.6,-14.2,21.0,0.0,7.0,,1.0
2025-11-16 23:00:00,AEPIMP,2.8,-11.5,34.0,0.0,0.0,,1.0
2025-11-17 00:00:00,AEPIMP,-0.3,-9.7,49.0,0.0,7.0,,1.0
2025-11-17 01:00:00,AEPIMP,0.3,-8.4,52.0,0.0,6.0,,1.0
2025-11-17 02:00:00,AEPIMP,-0.4,-8.1,56.0,0.0,7.0,,1.0
2025-11-17 03:00:00,AEPIMP,-0.9,-7.7,60.0,0.0,8.0,,1.0
2025-11-17 04:00:00,AEPIMP,-1.1,-7.7,61.0,0.0,7.0,,5.0
2025-11-17 05:00:00,AEPIMP,-1.3,-7.4,63.0,0.0,4.0,,5.0
2025-11-17 06:00:00,AEPIMP,-2.2,-7.7,66.0,0.0,3.0,,1.0
2025-11-17 07:00:00,AEPIMP,-2.0,-7.5,66.0,0.0,4.0,,1.0
2025-11-17 08:00:00,AEPIMP,-2.1,-7.2,68.0,0.0,6.0,,1.0
2025-11-17 09:00:00,AEPIMP,-2.1,-7.4,67.0,0.0,0.0,,1.0
2025-11-17 10:00:00,AEPIMP,-2.6,-7.7,68.0,0.0,0.0,,1.0
2025-11-17 11:00:00,AEPIMP,-3.3,-7.6,72.0,0.0,4.0,,1.0
2025-11-17 12:00:00,AEPIMP,-3.0,-7.7,70.0,0.0,0.0,,1.0
2025-11-17 13:00:00,AEPIMP,-2.8,-7.1,72.0,0.0,0.0,,1.0
2025-11-17 14:00:00,AEPIMP,0.5,-5.1,66.0,0.0,3.0,,1.0
2025-11-17 15:00:00,AEPIMP,3.6,-4.4,56.0,0.0,0.0,,1.0
2025-11-17 16:00:00,AEPIMP,6.1,-4.4,47.0,0.0,0.0,,1.0
2025-11-17 17:00:00,AEPIMP,7.6,-5.5,39.0,0.0,6.0,,1.0
2025-11-17 18:00:00,AEPIMP,8.5,-6.5,34.0,0.0,3.0,,1.0
2025-11-17 19:00:00,AEPIMP,9.2,-5.8,34.0,0.0,10.1,1018.3,1.0
2025-11-17 20:00:00,AEPIMP,9.6,-6.3,32.0,0.0,10.1,1018.4,1.0
2025-11-17 21:00:00,AEPIMP,9.3,-6.5,32.0,0.0,11.2,1018.4,1.0
2025-11-17 22:00:00,AEPIMP,7.9,-6.2,36.0,0.0,6.5,1018.7,2.0
2025-11-17 23:00:00,AEPIMP,5.6,-5.4,45.0,0.0,5.4,1019.0,1.0
2025-11-18 00:00:00,AEPIMP,6.5,-4.9,44.0,0.0,4.7,1019.2,3.0
2025-11-18 01:00:00,AEPIMP,6.7,-4.4,45.0,0.0,4.0,1019.5,3.0
2025-11-18 02:00:00,AEPIMP,5.9,-4.5,47.0,0.0,3.2,1019.8,3.0
2025-11-18 03:00:00,AEPIMP,4.4,-4.6,52.0,0.0,4.0,1019.8,3.0
2025-11-18 04:00:00,AEPIMP,5.7,-4.2,49.0,0.0,5.8,1019.9,3.0
2025-11-18 05:00:00,AEPIMP,4.4,-4.6,52.0,0.0,6.5,1019.7,3.0
2025-11-18 06:00:00,AEPIMP,2.9,-5.0,56.0,0.0,6.8,1019.8,2.0
2025-11-18 07:00:00,AEPIMP,2.5,-5.4,56.0,0.0,6.8,1019.8,3.0
2025-11-18 08:00:00,AEPIMP,4.3,-5.5,49.0,0.0,7.2,1020.0,3.0
2025-11-18 09:00:00,AEPIMP,3.7,-0.3,75.0,1.5,6.1,1020.2,13.0
2025-11-18 10:00:00,AEPIMP,3.5,0.6,81.0,0.5,11.2,1019.5,8.0
2025-11-18 11:00:00,AEPIMP,3.6,0.8,82.0,0.0,13.0,1019.1,3.0
2025-11-18 12:00:00,AEPIMP,3.9,0.8,80.0,0.0,15.5,1018.7,3.0
2025-11-18 13:00:00,AEPIMP,4.1,1.6,84.0,0.5,17.3,1018.5,8.0
2025-11-18 14:00:00,AEPIMP,4.3,2.3,87.0,1.5,16.6,1018.4,9.0
2025-11-18 15:00:00,AEPIMP,4.8,2.5,85.0,0.1,17.3,1018.0,7.0
2025-11-18 16:00:00,AEPIMP,6.0,2.1,76.0,0.0,17.3,1017.6,3.0
2025-11-18 17:00:00,AEPIMP,6.3,2.0,74.0,0.0,17.6,1016.4,3.0
2025-11-18 18:00:00,AEPIMP,7.2,1.3,66.0,0.0,16.9,1015.1,3.0
2025-11-18 19:00:00,AEPIMP,7.2,1.9,69.0,0.4,14.4,1014.3,8.0
2025-11-18 20:00:00,AEPIMP,7.6,2.9,72.0,0.2,14.4,1013.3,7.0
2025-11-18 21:00:00,AEPIMP,8.4,3.4,71.0,0.0,8.6,1013.8,3.0
2025-11-18 22:00:00,AEPIMP,7.7,4.1,78.0,0.1,8.6,1014.6,7.0
2025-11-18 23:00:00,AEPIMP,7.0,4.7,85.0,0.2,14.0,1014.4,7.0
2025-11-19 00:00:00,AEPIMP,5.9,4.7,92.0,0.0,10.4,1014.7,3.0
2025-11-19 01:00:00,AEPIMP,4.8,4.2,96.0,0.0,8.6,1015.9,1.0
2025-11-19 02:00:00,AEPIMP,4.4,4.0,97.0,0.0,7.2,1017.0,3.0
2025-11-19 03:00:00,AEPIMP,4.1,3.7,97.0,0.0,8.6,1017.2,3.0
2025-11-19 04:00:00,AEPIMP,3.4,3.1,98.0,0.0,10.4,1018.0,1.0
2025-11-19 05:00:00,AEPIMP,3.2,2.9,98.0,0.0,11.2,1018.4,3.0
2025-11-19 06:00:00,AEPIMP,2.9,2.6,98.0,0.0,10.1,1018.9,2.0
2025-11-19 07:00:00,AEPIMP,2.6,2.3,98.0,0.0,11.5,1019.2,1.0
2025-11-19 08:00:00,AEPIMP,2.3,2.0,98.0,0.0,12.6,1019.7,2.0
2025-11-19 09:00:00,AEPIMP,2.0,1.7,98.0,0.0,10.1,1020.3,3.0
2025-11-19 10:00:00,AEPIMP,2.0,1.7,98.0,0.0,11.5,1021.0,3.0
2025-11-19 11:00:00,AEPIMP,2.3,1.9,97.0,0.0,14.8,1021.8,3.0
2025-11-19 12:00:00,AEPIMP,2.1,1.8,98.0,0.0,15.5,1022.5,3.0
2025-11-19 13:00:00,AEPIMP,2.2,1.8,97.0,0.0,15.1,1023.2,3.0
2025-11-19 14:00:00,AEPIMP,2.5,1.8,95.0,0.0,15.5,1023.8,3.0
2025-11-19 15:00:00,AEPIMP,3.8,2.0,88.0,0.0,14.8,1024.2,3.0
2025-11-19 16:00:00,AEPIMP,5.4,2.2,80.0,0.0,13.0,1024.1,3.0
2025-11-19 17:00:00,AEPIMP,7.0,2.3,72.0,0.0,11.5,1023.4,3.0
2025-11-19 18:00:00,AEPIMP,7.5,2.2,69.0,0.0,9.4,1022.5,3.0
2025-11-19 19:00:00,AEPIMP,8.1,2.3,67.0,0.0,9.0,1021.8,3.0
2025-11-19 20:00:00,AEPIMP,8.6,2.6,66.0,0.0,8.3,1021.7,3.0
2025-11-19 21:00:00,AEPIMP,8.5,2.9,68.0,0.0,7.9,1021.9,3.0
2025-11-19 22:00:00,AEPIMP,8.1,3.2,71.0,0.0,7.9,1022.1,3.0
2025-11-19 23:00:00,AEPIMP,7.7,3.4,74.0,0.0,5.8,1022.3,3.0
2025-11-20 00:00:00,AEPIMP,7.3,3.7,78.0,0.0,5.0,1022.4,3.0
2025-11-20 01:00:00,AEPIMP,7.0,4.1,82.0,0.0,4.3,1022.6,3.0
2025-11-20 02:00:00,AEPIMP,6.8,4.5,85.0,0.0,4.3,1022.5,3.0
2025-11-20 03:00:00,AEPIMP,6.6,4.6,87.0,0.0,5.4,1022.3,3.0
2025-11-20 04:00:00,AEPIMP,6.5,4.8,89.0,0.0,5.0,1022.3,3.0
2025-11-20 05:00:00,AEPIMP,6.2,4.8,91.0,0.0,4.3,1021.9,3.0
2025-11-20 06:00:00,AEPIMP,6.0,4.8,92.0,0.0,3.6,1021.8,3.0
2025-11-20 07:00:00,AEPIMP,,,,,,,
2025-11-20 08:00:00,AEPIMP,,,,,,,
2025-11-20 09:00:00,AEPIMP,,,,,,,
2025-11-20 10:00:00,AEPIMP,,,,,,,
2025-11-20 11:00:00,AEPIMP,,,,,,,
2025-11-20 12:00:00,AEPIMP,5.8,4.3,90.0,,4.3,1021.2,
2025-11-20 13:00:00,AEPIMP,,,,,,,
2025-11-20 14:00:00,AEPIMP,,,,,,,
2025-11-20 15:00:00,AEPIMP,,,,,,,
2025-11-20 16:00:00,AEPIMP,,,,,,,
2025-11-20 17:00:00,AEPIMP,,,,,,,
2025-11-20 18:00:00,AEPIMP,13.5,5.4,58.0,,8.6,1018.6,
2025-11-20 19:00:00,AEPIMP,,,,,,,
2025-11-20 20:00:00,AEPIMP,,,,,,,
2025-11-20 21:00:00,AEPIMP,,,,,,,
2025-11-20 22:00:00,AEPIMP,,,,,,,
2025-11-20 23:00:00,AEPIMP,,,,,,,
2025-11-21 00:00:00,AEPIMP,10.9,7.8,81.0,,6.5,1017.0,
2025-11-21 01:00:00,AEPIMP,,,,,,,
2025-11-21 02:00:00,AEPIMP,,,,,,,
2025-11-21 03:00:00,AEPIMP,,,,,,,
2025-11-21 04:00:00,AEPIMP,,,,,,,
2025-11-21 05:00:00,AEPIMP,,,,,,,
2025-11-21 06:00:00,AEPIMP,9.4,8.6,95.0,,2.9,1015.0,
2025-11-21 07:00:00,AEPIMP,,,,,,,
2025-11-21 08:00:00,AEPIMP,,,,,,,
2025-11-21 09:00:00,AEPIMP,,,,,,,
2025-11-21 10:00:00,AEPIMP,,,,,,,
2025-11-21 11:00:00,AEPIMP,,,,,,,
2025-11-21 12:00:00,AEPIMP,8.5,8.2,98.0,,7.6,1015.9,
2025-11-21 13:00:00,AEPIMP,,,,,,,
2025-11-21 14:00:00,AEPIMP,,,,,,,
2025-11-21 15:00:00,AEPIMP,,,,,,,
2025-11-21 16:00:00,AEPIMP,,,,,,,
2025-11-21 17:00:00,AEPIMP,,,,,,,
2025-11-21 18:00:00,AEPIMP,12.1,6.2,67.0,,13.7,1014.2,
2025-11-21 19:00:00,AEPIMP,,,,,,,
2025-11-21 20:00:00,AEPIMP,,,,,,,
2025-11-21 21:00:00,AEPIMP,,,,,,,
2025-11-21 22:00:00,AEPIMP,,,,,,,
2025-11-21 23:00:00,AEPIMP,,,,,,,
2025-11-22 00:00:00,AEPIMP,7.6,6.2,91.0,,15.1,1013.9,
2025-11-22 01:00:00,AEPIMP,,,,,,,
2025-11-22 02:00:00,AEPIMP,,,,,,,
2025-11-22 03:00:00,AEPIMP,,,,,,,
2025-11-22 04:00:00,AEPIMP,,,,,,,
2025-11-22 05:00:00,AEPIMP,,,,,,,
2025-11-22 06:00:00,AEPIMP,5.5,3.3,86.0,,12.2,1014.7,
2025-11-22 07:00:00,AEPIMP,,,,,,,
2025-11-22 08:00:00,AEPIMP,,,,,,,
2025-11-22 09:00:00,AEPIMP,,,,,,,
2025-11-22 10:00:00,AEPIMP,,,,,,,
2025-11-22 11:00:00,AEPIMP,,,,,,,
2025-11-22 12:00:00,AEPIMP,1.8,0.6,92.0,,9.7,1017.9,
2025-11-22 13:00:00,AEPIMP,,,,,,,
2025-11-22 14:00:00,AEPIMP,,,,,,,
2025-11-22 15:00:00,AEPIMP,,,,,,,
2025-11-22 16:00:00,AEPIMP,,,,,,,
2025-11-22 17:00:00,AEPIMP,,,,,,,
2025-11-22 18:00:00,AEPIMP,9.1,-0.5,51.0,,5.4,1018.2,
2025-11-22 19:00:00,AEPIMP,,,,,,,
2025-11-22 20:00:00,AEPIMP,,,,,,,
2025-11-22 21:00:00,AEPIMP,,,,,,,
2025-11-22 22:00:00,AEPIMP,,,,,,,
2025-11-22 23:00:00,AEPIMP,,,,,,,
2025-11-23 00:00:00,AEPIMP,4.9,-0.9,66.0,,2.2,1018.9,
2025-11-23 01:00:00,AEPIMP,,,,,,,
2025-11-23 02:00:00,AEPIMP,,,,,,,
2025-11-23 03:00:00,AEPIMP,,,,,,,
2025-11-23 04:00:00,AEPIMP,,,,,,,
2025-11-23 05:00:00,AEPIMP,,,,,,,
2025-11-23 06:00:00,AEPIMP,0.4,-2.0,84.0,,6.5,1019.1,
2025-11-23 07:00:00,AEPIMP,,,,,,,
2025-11-23 08:00:00,AEPIMP,,,,,,,
2025-11-23 09:00:00,AEPIMP,,,,,,,
2025-11-23 10:00:00,AEPIMP,,,,,,,
2025-11-23 11:00:00,AEPIMP,,,,,,,
2025-11-23 12:00:00,AEPIMP,-0.1,-2.0,87.0,,7.9,1019.2,
2025-11-23 13:00:00,AEPIMP,,,,,,,
2025-11-23 14:00:00,AEPIMP,,,,,,,
2025-11-23 15:00:00,AEPIMP,,,,,,,
2025-11-23 16:00:00,AEPIMP,,,,,,,
2025-11-23 17:00:00,AEPIMP,,,,,,,
2025-11-23 18:00:00,AEPIMP,12.3,-2.0,37.0,,11.9,1017.5,
2025-11-23 19:00:00,AEPIMP,,,,,,,
2025-11-23 20:00:00,AEPIMP,,,,,,,
2025-11-23 21:00:00,AEPIMP,,,,,,,
2025-11-23 22:00:00,AEPIMP,,,,,,,
2025-11-23 23:00:00,AEPIMP,,,,,,,
2025-11-24 00:00:00,AEPIMP,7.6,1.2,64.0,,13.7,1017.4,
2025-11-24 01:00:00,AEPIMP,,,,,,,
2025-11-24 02:00:00,AEPIMP,,,,,,,
2025-11-24 03:00:00,AEPIMP,,,,,,,
2025-11-24 04:00:00,AEPIMP,,,,,,,
2025-11-24 05:00:00,AEPIMP,,,,,,,
2025-11-24 06:00:00,AEPIMP,5.4,0.8,72.0,,13.7,1017.5,
2025-11-24 07:00:00,AEPIMP,,,,,,,
2025-11-24 08:00:00,AEPIMP,,,,,,,
2025-11-24 09:00:00,AEPIMP,,,,,,,
2025-11-24 10:00:00,AEPIMP,,,,,,,
2025-11-24 11:00:00,AEPIMP,,,,,,,
2025-11-24 12:00:00,AEPIMP,4.9,1.4,78.0,,15.8,1017.6,
2025-11-24 13:00:00,AEPIMP,,,,,,,
2025-11-24 14:00:00,AEPIMP,,,,,,,
2025-11-24 15:00:00,AEPIMP,,,,,,,
2025-11-24 16:00:00,AEPIMP,,,,,,,
2025-11-24 17:00:00,AEPIMP,,,,,,,
2025-11-24 18:00:00,AEPIMP,14.7,5.5,54.0,,19.1,1016.6,
2025-11-24 19:00:00,AEPIMP,,,,,,,
2025-11-24 20:00:00,AEPIMP,,,,,,,
2025-11-24 21:00:00,AEPIMP,,,,,,,
2025-11-24 22:00:00,AEPIMP,,,,,,,
2025-11-24 23:00:00,AEPIMP,,,,,,,
2025-11-25 00:00:00,AEPIMP,12.2,7.1,71.0,,10.8,1017.9,
2025-11-25 01:00:00,AEPIMP,,,,,,,
2025-11-25 02:00:00,AEPIMP,,,,,,,
2025-11-25 03:00:00,AEPIMP,,,,,,,
2025-11-25 04:00:00,AEPIMP,,,,,,,
2025-11-25 05:00:00,AEPIMP,,,,,,,
2025-11-25 06:00:00,AEPIMP,10.0,9.1,94.0,,6.8,1019.7,
2025-11-25 07:00:00,AEPIMP,,,,,,,
2025-11-25 08:00:00,AEPIMP,,,,,,,
2025-11-25 09:00:00,AEPIMP,,,,,,,
2025-11-25 10:00:00,AEPIMP,,,,,,,
2025-11-25 11:00:00,AEPIMP,,,,,,,
2025-11-25 12:00:00,AEPIMP,7.5,6.4,93.0,,10.8,1022.4,
2025-11-25 13:00:00,AEPIMP,,,,,,,
2025-11-25 14:00:00,AEPIMP,,,,,,,
2025-11-25 15:00:00,AEPIMP,,,,,,,
2025-11-25 16:00:00,AEPIMP,,,,,,,
2025-11-25 17:00:00,AEPIMP,,,,,,,
2025-11-25 18:00:00,AEPIMP,11.8,2.3,52.0,,10.1,1023.1,
2025-11-25 19:00:00,AEPIMP,,,,,,,
2025-11-25 20:00:00,AEPIMP,,,,,,,
2025-11-25 21:00:00,AEPIMP,,,,,,,
2025-11-25 22:00:00,AEPIMP,,,,,,,
2025-11-25 23:00:00,AEPIMP,,,,,,,
2025-11-26 00:00:00,AEPIMP,6.9,0.1,62.0,,11.2,1023.2,
2025-11-26 01:00:00,AEPIMP,,,,,,,
2025-11-26 02:00:00,AEPIMP,,,,,,,
2025-11-26 03:00:00,AEPIMP,,,,,,,
2025-11-26 04:00:00,AEPIMP,,,,,,,
2025-11-26 05:00:00,AEPIMP,,,,,,,
2025-11-26 06:00:00,AEPIMP,5.7,0.9,71.0,,15.5,1022.7,
2025-11-26 07:00:00,AEPIMP,,,,,,,
2025-11-26 08:00:00,AEPIMP,,,,,,,
2025-11-26 09:00:00,AEPIMP,,,,,,,
2025-11-26 10:00:00,AEPIMP,,,,,,,
2025-11-26 11:00:00,AEPIMP,,,,,,,
2025-11-26 12:00:00,AEPIMP,5.3,-3.8,52.0,,17.6,1022.5,
2025-11-26 13:00:00,AEPIMP,,,,,,,
2025-11-26 14:00:00,AEPIMP,,,,,,,
2025-11-26 15:00:00,AEPIMP,,,,,,,
2025-11-26 16:00:00,AEPIMP,,,,,,,
2025-11-26 17:00:00,AEPIMP,,,,,,,
2025-11-26 18:00:00,AEPIMP,7.1,-0.8,57.0,,24.8,1019.3,
2025-11-26 19:00:00,AEPIMP,,,,,,,
2025-11-26 20:00:00,AEPIMP,,,,,,,
2025-11-26 21:00:00,AEPIMP,,,,,,,
2025-11-26 22:00:00,AEPIMP,,,,,,,
2025-11-26 23:00:00,AEPIMP,,,,,,,
2025-11-27 00:00:00,AEPIMP,6.5,-1.9,55.0,,24.5,1019.0,
2025-11-01 00:00:00,AEPKPT,9.0,3.6,69.0,0.0,11.0,1016.0,3.0
2025-11-01 01:00:00,AEPKPT,8.0,4.0,76.0,0.0,7.0,1016.0,1.0
2025-11-01 02:00:00,AEPKPT,7.0,3.1,76.0,0.0,7.0,1016.0,1.0
2025-11-01 03:00:00,AEPKPT,7.0,2.7,74.0,0.0,0.0,1017.0,1.0
2025-11-01 04:00:00,AEPKPT,6.0,2.6,79.0,0.0,6.0,1017.0,1.0
2025-11-01 05:00:00,AEPKPT,5.0,2.9,86.0,0.0,7.0,1017.0,1.0
2025-11-01 06:00:00,AEPKPT,5.0,2.9,86.0,0.0,0.0,1017.0,1.0
2025-11-01 07:00:00,AEPKPT,4.0,1.9,86.0,0.0,7.0,1017.0,2.0
2025-11-01 08:00:00,AEPKPT,5.0,2.2,82.0,0.0,7.0,1017.0,3.0
2025-11-01 09:00:00,AEPKPT,6.0,3.2,82.0,0.0,6.0,1018.0,2.0
2025-11-01 10:00:00,AEPKPT,6.0,3.2,82.0,0.0,9.0,1018.0,1.0
2025-11-01 11:00:00,AEPKPT,5.0,2.2,82.0,0.0,9.0,1018.0,3.0
2025-11-01 12:00:00,AEPKPT,6.0,3.2,82.0,0.0,9.0,1019.0,3.0
2025-11-01 13:00:00,AEPKPT,8.0,4.0,76.0,0.0,9.0,1019.0,1.0
2025-11-01 14:00:00,AEPKPT,11.0,4.9,66.0,0.0,9.0,1020.0,1.0
2025-11-01 15:00:00,AEPKPT,13.0,4.7,57.0,0.0,9.0,1020.0,1.0
2025-11-01 16:00:00,AEPKPT,14.0,5.4,56.0,0.0,9.0,1019.0,2.0
2025-11-01 17:00:00,AEPKPT,16.0,5.0,48.0,0.0,7.0,1019.0,3.0
2025-11-01 18:00:00,AEPKPT,17.0,4.3,43.0,0.0,11.0,1018.0,3.0
2025-11-01 19:00:00,AEPKPT,17.0,2.9,39.0,0.0,13.0,1018.0,3.0
2025-11-01 20:00:00,AEPKPT,16.0,2.8,41.0,0.0,9.0,1018.0,3.0
2025-11-01 21:00:00,AEPKPT,16.0,3.7,44.0,0.0,7.0,1018.0,3.0
2025-11-01 22:00:00,AEPKPT,14.0,2.6,46.0,0.0,0.0,1019.0,3.0
2025-11-01 23:00:00,AEPKPT,13.0,3.4,52.0,0.0,6.0,1019.0,3.0
2025-11-02 00:00:00,AEPKPT,11.0,4.2,63.0,0.0,6.0,1020.0,3.0
2025-11-02 01:00:00,AEPKPT,8.0,3.7,74.0,0.0,0.0,1020.0,2.0
2025-11-02 02:00:00,AEPKPT,9.0,4.4,73.0,0.0,0.0,1020.0,3.0
2025-11-02 03:00:00,AEPKPT,9.0,5.7,80.0,0.0,0.0,1020.0,3.0
2025-11-02 04:00:00,AEPKPT,9.0,5.7,80.0,0.0,6.0,1020.0,3.0
2025-11-02 05:00:00,AEPKPT,9.0,6.3,83.0,0.0,0.0,1021.0,3.0
2025-11-02 06:00:00,AEPKPT,8.0,5.8,86.0,0.0,0.0,1022.0,3.0
2025-11-02 07:00:00,AEPKPT,8.0,4.0,76.0,0.0,6.0,1022.0,3.0
2025-11-02 08:00:00,AEPKPT,8.0,4.8,80.0,0.0,0.0,1022.0,7.0
2025-11-02 09:00:00,AEPKPT,8.0,5.8,86.0,0.0,6.0,1022.0,7.0
2025-11-02 10:00:00,AEPKPT,7.0,5.5,90.0,0.2,6.0,1023.0,7.0
2025-11-02 11:00:00,AEPKPT,8.0,5.3,83.0,0.0,0.0,1023.0,3.0
2025-11-02 12:00:00,AEPKPT,8.0,5.8,86.0,0.0,0.0,1023.0,3.0
2025-11-02 13:00:00,AEPKPT,8.0,5.8,86.0,0.0,0.0,1023.0,3.0
2025-11-02 14:00:00,AEPKPT,9.0,6.8,86.0,0.0,0.0,1024.0,2.0
2025-11-02 15:00:00,AEPKPT,11.0,7.7,80.0,0.0,0.0,1024.0,3.0
2025-11-02 16:00:00,AEPKPT,12.0,7.5,74.0,0.0,0.0,1023.0,3.0
2025-11-02 17:00:00,AEPKPT,13.0,7.4,69.0,0.0,6.0,1022.0,3.0
2025-11-02 18:00:00,AEPKPT,14.0,7.5,65.0,0.0,9.0,1022.0,3.0
2025-11-02 19:00:00,AEPKPT,15.0,7.8,62.0,0.0,6.0,1021.0,3.0
2025-11-02 20:00:00,AEPKPT,16.0,7.5,57.0,0.0,7.0,1021.0,3.0
2025-11-02 21:00:00,AEPKPT,14.0,5.6,57.0,0.0,6.0,1021.0,3.0
2025-11-02 22:00:00,AEPKPT,13.0,5.9,62.0,0.0,0.0,1022.0,2.0
2025-11-02 23:00:00,AEPKPT,12.0,5.8,66.0,0.0,0.0,1022.0,1.0
2025-11-03 00:00:00,AEPKPT,11.0,7.1,77.0,0.0,0.0,1022.0,1.0
2025-11-03 01:00:00,AEPKPT,9.0,6.3,83.0,0.0,0.0,1022.0,1.0
2025-11-03 02:00:00,AEPKPT,9.0,6.8,86.0,0.0,6.0,1022.0,1.0
2025-11-03 03:00:00,AEPKPT,7.0,5.5,90.0,0.0,0.0,1022.0,1.0
2025-11-03 04:00:00,AEPKPT,7.0,5.5,90.0,0.0,0.0,1022.0,1.0
2025-11-03 05:00:00,AEPKPT,6.0,4.3,89.0,0.0,0.0,1022.0,5.0
2025-11-03 06:00:00,AEPKPT,5.0,4.0,93.0,0.0,6.0,1022.0,5.0
2025-11-03 07:00:00,AEPKPT,5.0,3.3,89.0,0.0,6.0,1023.0,5.0
2025-11-03 08:00:00,AEPKPT,4.0,2.4,89.0,0.0,6.0,1022.0,5.0
2025-11-03 09:00:00,AEPKPT,4.0,3.0,93.0,0.0,7.0,1023.0,5.0
2025-11-03 10:00:00,AEPKPT,6.0,4.0,87.0,0.0,9.0,1024.0,1.0
2025-11-03 11:00:00,AEPKPT,6.0,4.8,92.0,0.0,6.0,1024.0,5.0
2025-11-03 12:00:00,AEPKPT,6.0,5.0,93.0,0.0,9.0,1024.0,5.0
2025-11-03 13:00:00,AEPKPT,7.0,5.3,89.0,0.0,7.0,1025.0,5.0
2025-11-03 14:00:00,AEPKPT,8.0,6.0,87.0,0.0,9.0,1026.0,2.0
2025-11-03 15:00:00,AEPKPT,10.0,5.0,71.0,0.0,17.0,1025.0,1.0
2025-11-03 16:00:00,AEPKPT,12.0,4.7,61.0,0.0,17.0,1023.0,2.0
2025-11-03 17:00:00,AEPKPT,12.0,4.2,59.0,0.0,20.0,1023.0,2.0
2025-11-03 18:00:00,AEPKPT,14.0,4.0,51.0,0.0,13.0,1022.0,1.0
2025-11-03 19:00:00,AEPKPT,15.0,2.2,42.0,0.0,13.0,1022.0,1.0
2025-11-03 20:00:00,AEPKPT,14.0,1.3,42.0,0.0,17.0,1022.0,1.0
2025-11-03 21:00:00,AEPKPT,13.0,1.9,47.0,0.0,15.0,1022.0,1.0
2025-11-03 22:00:00,AEPKPT,12.0,2.4,52.0,0.0,11.0,1023.0,1.0
2025-11-03 23:00:00,AEPKPT,11.0,2.8,57.0,0.0,13.0,1024.0,1.0
2025-11-04 00:00:00,AEPKPT,11.0,3.3,59.0,0.0,13.0,1024.0,1.0
2025-11-04 01:00:00,AEPKPT,10.0,2.8,61.0,0.0,9.0,1024.0,1.0
2025-11-04 02:00:00,AEPKPT,9.0,3.0,66.0,0.0,7.0,1025.0,1.0
2025-11-04 03:00:00,AEPKPT,8.0,3.1,71.0,0.0,9.0,1025.0,1.0
2025-11-04 04:00:00,AEPKPT,9.0,3.4,68.0,0.0,9.0,1026.0,1.0
2025-11-04 05:00:00,AEPKPT,8.0,3.1,71.0,0.0,6.0,1026.0,1.0
2025-11-04 06:00:00,AEPKPT,6.0,3.2,82.0,0.0,0.0,1026.0,1.0
2025-11-04 07:00:00,AEPKPT,5.0,2.2,82.0,0.0,6.0,1026.0,1.0
2025-11-04 08:00:00,AEPKPT,3.0,1.4,89.0,0.0,7.0,1026.0,1.0
2025-11-04 09:00:00,AEPKPT,3.0,1.4,89.0,0.0,0.0,1027.0,1.0
2025-11-04 10:00:00,AEPKPT,2.0,0.8,92.0,0.0,0.0,1027.0,2.0
2025-11-04 11:00:00,AEPKPT,2.0,0.4,89.0,0.0,0.0,1028.0,5.0
2025-11-04 12:00:00,AEPKPT,3.0,1.4,89.0,0.0,7.0,1028.0,1.0
2025-11-04 13:00:00,AEPKPT,7.0,4.1,82.0,0.0,7.0,1029.0,1.0
2025-11-04 14:00:00,AEPKPT,9.0,4.6,74.0,0.0,6.0,1029.0,2.0
2025-11-04 15:00:00,AEPKPT,13.0,4.2,55.0,0.0,6.0,1029.0,3.0
2025-11-04 16:00:00,AEPKPT,14.0,2.9,47.0,0.0,7.0,1028.0,3.0
2025-11-04 17:00:00,AEPKPT,16.0,2.8,41.0,0.0,7.0,1027.0,3.0
2025-11-04 18:00:00,AEPKPT,17.0,1.4,35.0,0.0,11.0,1026.0,3.0
2025-11-04 19:00:00,AEPKPT,17.0,1.0,34.0,0.0,15.0,1026.0,1.0
2025-11-04 20:00:00,AEPKPT,17.0,0.2,32.0,0.0,6.0,1025.0,2.0
2025-11-04 21:00:00,AEPKPT,16.0,-1.1,31.0,0.0,11.0,1025.0,3.0
2025-11-04 22:00:00,AEPKPT,14.0,-2.0,33.0,0.0,6.0,1025.0,2.0
2025-11-04 23:00:00,AEPKPT,12.0,0.4,45.0,0.0,0.0,1024.0,2.0
2025-11-05 00:00:00,AEPKPT,9.0,-0.3,52.0,0.0,6.0,1024.0,1.0
2025-11-05 01:00:00,AEPKPT,8.0,0.9,61.0,0.0,0.0,1023.0,3.0
2025-11-05 02:00:00,AEPKPT,7.0,1.9,70.0,0.0,0.0,1023.0,2.0
2025-11-05 03:00:00,AEPKPT,7.0,1.5,68.0,0.0,0.0,1022.0,1.0
2025-11-05 04:00:00,AEPKPT,6.0,1.5,73.0,0.0,0.0,1022.0,3.0
2025-11-05 05:00:00,AEPKPT,6.0,2.1,76.0,0.0,0.0,1021.0,1.0
2025-11-05 06:00:00,AEPKPT,8.0,0.9,61.0,0.0,11.0,1020.0,1.0
2025-11-05 07:00:00,AEPKPT,9.0,1.2,58.0,0.0,15.0,1020.0,1.0
2025-11-05 08:00:00,AEPKPT,9.0,1.2,58.0,0.0,15.0,1020.0,3.0
2025-11-05 09:00:00,AEPKPT,8.0,0.9,61.0,0.0,7.0,1020.0,3.0
2025-11-05 10:00:00,AEPKPT,9.0,0.7,56.0,0.0,15.0,1020.0,3.0
2025-11-05 11:00:00,AEPKPT,9.0,1.4,59.0,0.0,17.0,1019.0,3.0
2025-11-05 12:00:00,AEPKPT,11.0,3.3,59.0,0.0,17.0,1019.0,3.0
2025-11-05 13:00:00,AEPKPT,13.0,4.2,55.0,0.0,20.0,1019.0,3.0
2025-11-05 14:00:00,AEPKPT,16.0,6.1,52.0,0.0,19.0,1018.0,3.0
2025-11-05 15:00:00,AEPKPT,18.0,5.9,45.0,0.0,17.0,1017.0,3.0
2025-11-05 16:00:00,AEPKPT,19.0,5.1,40.0,0.0,20.0,1016.0,3.0
2025-11-05 17:00:00,AEPKPT,21.0,5.4,36.0,0.0,26.0,1015.0,3.0
2025-11-05 18:00:00,AEPKPT,22.0,6.2,36.0,0.0,26.0,1014.0,3.0
2025-11-05 19:00:00,AEPKPT,22.0,5.4,34.0,0.0,19.0,1014.0,2.0
2025-11-05 20:00:00,AEPKPT,23.0,6.3,34.0,0.0,22.0,1014.0,1.0
2025-11-05 21:00:00,AEPKPT,22.0,7.0,38.0,0.0,22.0,1014.0,2.0
2025-11-05 22:00:00,AEPKPT,20.0,7.4,44.0,0.0,17.0,1015.0,2.0
2025-11-05 23:00:00,AEPKPT,19.0,7.4,47.0,0.0,13.0,1017.0,1.0
2025-11-06 00:00:00,AEPKPT,19.0,8.3,50.0,0.0,15.0,1017.0,3.0
2025-11-06 01:00:00,AEPKPT,18.0,8.5,54.0,0.0,11.0,1018.0,3.0
2025-11-06 02:00:00,AEPKPT,17.0,7.6,54.0,0.0,14.0,1019.0,3.0
2025-11-06 03:00:00,AEPKPT,15.0,6.0,55.0,0.0,19.0,1021.0,2.0
2025-11-06 04:00:00,AEPKPT,13.0,3.1,51.0,0.0,15.0,1022.0,1.0
2025-11-06 05:00:00,AEPKPT,11.0,2.0,54.0,0.0,20.0,1023.0,1.0
2025-11-06 06:00:00,AEPKPT,10.0,2.1,58.0,0.0,19.0,1023.0,1.0
2025-11-06 07:00:00,AEPKPT,8.0,1.4,63.0,0.0,7.0,1023.0,1.0
2025-11-06 08:00:00,AEPKPT,8.0,2.5,68.0,0.0,6.0,1023.0,1.0
2025-11-06 09:00:00,AEPKPT,7.0,1.5,68.0,0.0,0.0,1024.0,1.0
2025-11-06 10:00:00,AEPKPT,4.0,0.7,79.0,0.0,7.0,1024.0,1.0
2025-11-06 11:00:00,AEPKPT,4.0,0.7,79.0,0.0,0.0,1025.0,1.0
2025-11-06 12:00:00,AEPKPT,5.0,2.2,82.0,0.0,0.0,1025.0,1.0
2025-11-06 13:00:00,AEPKPT,8.0,3.1,71.0,0.0,0.0,1026.0,1.0
2025-11-06 14:00:00,AEPKPT,11.0,3.3,59.0,0.0,6.0,1026.0,1.0
2025-11-06 15:00:00,AEPKPT,12.0,-1.2,40.0,0.0,11.0,1025.0,1.0
2025-11-06 16:00:00,AEPKPT,13.0,-2.5,34.0,0.0,9.0,1024.0,1.0
2025-11-06 17:00:00,AEPKPT,15.0,-2.0,31.0,0.0,4.7,1023.0,1.0
2025-11-06 18:00:00,AEPKPT,15.0,-4.4,26.0,0.0,0.0,1023.0,1.0
2025-11-06 19:00:00,AEPKPT,16.0,-3.5,26.0,0.0,1.4,1022.0,1.0
2025-11-06 20:00:00,AEPKPT,16.0,-4.6,24.0,0.0,0.0,1022.0,1.0
2025-11-06 21:00:00,AEPKPT,14.0,-5.2,26.0,0.0,6.0,1021.0,1.0
2025-11-06 22:00:00,AEPKPT,13.0,-4.6,29.0,0.0,6.0,1021.0,1.0
2025-11-06 23:00:00,AEPKPT,11.0,-3.5,36.0,0.0,6.0,1020.0,1.0
2025-11-07 00:00:00,AEPKPT,9.0,-3.9,40.0,0.0,7.0,1020.0,1.0
2025-11-07 01:00:00,AEPKPT,7.0,-2.4,51.0,0.0,6.0,1019.0,1.0
2025-11-07 02:00:00,AEPKPT,5.0,-2.1,60.0,0.0,7.0,1018.0,1.0
2025-11-07 03:00:00,AEPKPT,4.0,-2.0,65.0,0.0,6.0,1018.0,1.0
2025-11-07 04:00:00,AEPKPT,3.0,-1.9,70.0,0.0,7.0,1017.0,1.0
2025-11-07 05:00:00,AEPKPT,3.0,-1.9,70.0,0.0,0.0,1016.0,1.0
2025-11-07 06:00:00,AEPKPT,2.0,-1.4,78.0,0.0,7.0,1015.0,3.0
2025-11-07 07:00:00,AEPKPT,2.0,-2.0,75.0,0.0,0.0,1014.0,3.0
2025-11-07 08:00:00,AEPKPT,2.0,-1.4,78.0,0.0,0.0,1013.0,2.0
2025-11-07 09:00:00,AEPKPT,3.0,-1.9,70.0,0.0,0.0,1012.0,3.0
2025-11-07 10:00:00,AEPKPT,4.0,-1.0,70.0,0.0,6.0,1012.0,3.0
2025-11-07 11:00:00,AEPKPT,6.0,-1.2,60.0,0.0,9.0,1011.0,3.0
2025-11-07 12:00:00,AEPKPT,8.0,-0.2,56.0,0.0,9.0,1011.0,3.0
2025-11-07 13:00:00,AEPKPT,12.0,2.4,52.0,0.0,11.0,1011.0,3.0
2025-11-07 14:00:00,AEPKPT,16.0,5.0,48.0,0.0,22.0,1010.0,3.0
2025-11-07 15:00:00,AEPKPT,18.0,6.8,48.0,0.0,22.0,1009.0,3.0
2025-11-07 16:00:00,AEPKPT,20.0,7.7,45.0,0.0,22.0,1008.0,3.0
2025-11-07 17:00:00,AEPKPT,22.0,9.8,46.0,0.0,30.0,1006.0,3.0
2025-11-07 18:00:00,AEPKPT,22.0,9.2,44.0,0.0,13.0,1005.0,3.0
2025-11-07 19:00:00,AEPKPT,20.0,11.2,57.0,0.0,20.0,1005.0,25.0
2025-11-07 20:00:00,AEPKPT,17.0,10.8,67.0,0.2,20.0,1005.0,25.0
2025-11-07 21:00:00,AEPKPT,16.0,12.7,81.0,0.1,13.0,1005.0,9.0
2025-11-07 22:00:00,AEPKPT,16.0,13.1,83.0,0.1,19.0,1005.0,8.0
2025-11-07 23:00:00,AEPKPT,16.0,13.1,83.0,0.0,13.0,1005.0,7.0
2025-11-08 00:00:00,AEPKPT,15.0,12.9,87.0,0.3,7.0,1005.0,9.0
2025-11-08 01:00:00,AEPKPT,15.0,12.9,87.0,0.0,9.0,1005.0,9.0
2025-11-08 02:00:00,AEPKPT,15.0,12.9,87.0,1.4,0.0,1006.0,9.0
2025-11-08 03:00:00,AEPKPT,14.0,12.4,90.0,0.0,6.0,1006.0,3.0
2025-11-08 04:00:00,AEPKPT,14.0,11.9,87.0,0.0,7.0,1007.0,3.0
2025-11-08 05:00:00,AEPKPT,14.0,12.4,90.0,0.0,0.0,1008.0,5.0
2025-11-08 06:00:00,AEPKPT,14.0,11.9,87.0,0.0,6.0,1008.0,5.0
2025-11-08 07:00:00,AEPKPT,12.0,10.4,90.0,0.0,9.0,1008.0,5.0
2025-11-08 08:00:00,AEPKPT,13.0,11.2,89.0,0.0,11.0,1009.0,5.0
2025-11-08 09:00:00,AEPKPT,13.0,11.2,89.0,0.0,9.0,1009.0,5.0
2025-11-08 10:00:00,AEPKPT,13.0,11.1,88.0,0.0,11.0,1010.0,5.0
2025-11-08 11:00:00,AEPKPT,12.0,10.4,90.0,0.0,11.0,1010.0,5.0
2025-11-08 12:00:00,AEPKPT,12.0,10.2,89.0,0.0,6.0,1010.0,3.0
2025-11-08 13:00:00,AEPKPT,13.0,10.2,83.0,0.0,11.0,1011.0,5.0
2025-11-08 14:00:00,AEPKPT,13.0,9.6,80.0,0.0,9.0,1011.0,5.0
2025-11-08 15:00:00,AEPKPT,15.0,10.6,75.0,0.0,11.0,1011.0,5.0
2025-11-08 16:00:00,AEPKPT,16.0,9.9,67.0,0.0,7.0,1011.0,3.0
2025-11-08 17:00:00,AEPKPT,18.0,10.8,63.0,0.0,11.0,1010.0,3.0
2025-11-08 18:00:00,AEPKPT,18.0,8.5,54.0,0.0,9.0,1010.0,3.0
2025-11-08 19:00:00,AEPKPT,18.0,8.5,54.0,0.0,7.0,1010.0,3.0
2025-11-08 20:00:00,AEPKPT,19.0,8.0,49.0,0.0,11.0,1010.0,3.0
2025-11-08 21:00:00,AEPKPT,18.0,7.4,50.0,0.0,0.0,1010.0,3.0
2025-11-08 22:00:00,AEPKPT,17.0,7.1,52.0,0.0,0.0,1010.0,3.0
2025-11-08 23:00:00,AEPKPT,15.0,7.3,60.0,0.0,0.0,1010.0,3.0
2025-11-09 00:00:00,AEPKPT,13.0,8.1,72.0,0.0,0.0,1010.0,1.0
2025-11-09 01:00:00,AEPKPT,12.0,8.7,80.0,0.0,0.0,1010.0,2.0
2025-11-09 02:00:00,AEPKPT,11.0,8.7,86.0,0.0,6.0,1010.0,3.0
2025-11-09 03:00:00,AEPKPT,11.0,8.7,86.0,0.0,0.0,1010.0,3.0
2025-11-09 04:00:00,AEPKPT,9.0,7.4,90.0,0.0,0.0,1010.0,3.0
2025-11-09 05:00:00,AEPKPT,10.0,6.7,80.0,0.0,0.0,1009.0,3.0
2025-11-09 06:00:00,AEPKPT,9.0,7.3,89.0,0.0,6.0,1009.0,2.0
2025-11-09 07:00:00,AEPKPT,8.0,6.5,90.0,0.0,6.0,1008.0,3.0
2025-11-09 08:00:00,AEPKPT,8.0,6.3,89.0,0.0,6.0,1007.0,2.0
2025-11-09 09:00:00,AEPKPT,7.0,5.3,89.0,0.0,6.0,1006.0,1.0
2025-11-09 10:00:00,AEPKPT,7.0,5.5,90.0,0.0,6.0,1005.0,3.0
2025-11-09 11:00:00,AEPKPT,11.0,7.7,80.0,0.0,17.0,1008.0,8.0
2025-11-09 12:00:00,AEPKPT,10.0,7.8,86.0,0.0,6.0,1007.0,8.0
2025-11-09 13:00:00,AEPKPT,10.0,7.8,86.0,0.2,9.0,1008.0,7.0
2025-11-09 14:00:00,AEPKPT,11.0,8.2,83.0,0.0,17.0,1008.0,3.0
2025-11-09 15:00:00,AEPKPT,12.0,8.1,77.0,0.0,20.0,1009.0,3.0
2025-11-09 16:00:00,AEPKPT,11.0,7.1,77.0,0.0,22.0,1009.0,1.0
2025-11-09 17:00:00,AEPKPT,12.0,4.2,59.0,0.0,17.0,1010.0,1.0
2025-11-09 18:00:00,AEPKPT,9.0,2.3,63.0,0.0,15.0,1011.0,3.0
2025-11-09 19:00:00,AEPKPT,8.0,2.5,68.0,0.0,24.0,1012.0,3.0
2025-11-09 20:00:00,AEPKPT,7.8,2.9,71.0,0.0,11.0,,3.0
2025-11-09 21:00:00,AEPKPT,6.0,2.6,79.0,0.0,22.0,1014.0,3.0
2025-11-09 22:00:00,AEPKPT,6.0,3.2,82.0,0.0,15.0,1015.0,3.0
2025-11-09 23:00:00,AEPKPT,5.0,1.7,79.0,0.2,15.0,1016.0,7.0
2025-11-10 00:00:00,AEPKPT,4.0,0.7,79.0,0.0,13.0,1017.0,8.0
2025-11-10 01:00:00,AEPKPT,4.0,0.7,79.0,0.0,17.0,1017.0,8.0
2025-11-10 02:00:00,AEPKPT,4.0,-0.4,73.0,0.3,13.0,1017.0,8.0
2025-11-10 03:00:00,AEPKPT,4.0,-0.4,73.0,0.3,7.0,1017.0,8.0
2025-11-10 04:00:00,AEPKPT,3.0,0.4,83.0,0.0,11.0,1017.0,7.0
2025-11-10 05:00:00,AEPKPT,2.0,-0.3,85.0,0.0,17.0,1017.0,8.0
2025-11-10 06:00:00,AEPKPT,2.0,-0.3,85.0,0.0,9.0,1016.0,12.0
2025-11-10 07:00:00,AEPKPT,1.0,-0.8,88.0,0.0,11.0,1017.0,12.0
2025-11-10 08:00:00,AEPKPT,1.0,-2.9,75.0,0.0,7.0,1017.0,3.0
2025-11-10 09:00:00,AEPKPT,1.0,-2.9,75.0,0.0,6.0,1017.0,3.0
2025-11-10 10:00:00,AEPKPT,-1.0,-4.7,76.0,0.0,13.0,1017.0,3.0
2025-11-10 11:00:00,AEPKPT,-1.0,-4.7,76.0,0.0,11.0,1017.0,3.0
2025-11-10 12:00:00,AEPKPT,-1.0,-6.0,69.0,0.0,13.0,1018.0,3.0
2025-11-10 13:00:00,AEPKPT,-1.0,-5.4,72.0,0.0,9.0,1018.0,3.0
2025-11-10 14:00:00,AEPKPT,-1.0,-6.5,66.0,0.0,9.0,1018.0,3.0
2025-11-10 15:00:00,AEPKPT,0.0,-7.7,56.0,0.0,15.0,1018.0,3.0
2025-11-10 16:00:00,AEPKPT,0.0,-6.6,61.0,0.0,17.0,1018.0,3.0
2025-11-10 17:00:00,AEPKPT,-1.0,-7.1,63.0,0.0,17.0,1018.0,3.0
2025-11-10 18:00:00,AEPKPT,-1.0,-7.1,63.0,0.0,9.0,1018.0,14.0
2025-11-10 19:00:00,AEPKPT,-1.0,-6.0,69.0,0.0,19.0,1018.0,15.0
2025-11-10 20:00:00,AEPKPT,-2.0,-4.7,82.0,0.0,17.0,1018.0,15.0
2025-11-10 21:00:00,AEPKPT,-2.0,-4.2,85.0,0.0,11.0,1019.0,15.0
2025-11-10 22:00:00,AEPKPT,-2.0,-4.7,82.0,0.0,19.0,1019.0,15.0
2025-11-10 23:00:00,AEPKPT,-2.0,-4.0,86.0,0.0,13.0,1020.0,3.0
2025-11-11 00:00:00,AEPKPT,-2.0,-5.0,80.0,0.0,17.0,1020.0,3.0
2025-11-11 01:00:00,AEPKPT,-2.0,-5.8,75.0,0.0,15.0,1021.0,3.0
2025-11-11 02:00:00,AEPKPT,-3.0,-9.7,60.0,0.0,15.0,1022.0,1.0
2025-11-11 03:00:00,AEPKPT,-3.0,-9.0,63.0,0.0,11.0,1021.0,1.0
2025-11-11 04:00:00,AEPKPT,-3.0,-8.4,66.0,0.0,15.0,1021.0,1.0
2025-11-11 05:00:00,AEPKPT,-3.0,-7.9,69.0,0.0,13.0,1021.0,3.0
2025-11-11 06:00:00,AEPKPT,-2.0,-7.5,66.0,0.0,15.0,1021.0,3.0
2025-11-11 07:00:00,AEPKPT,-2.0,-7.5,66.0,0.0,13.0,1021.0,3.0
2025-11-11 08:00:00,AEPKPT,-2.0,-7.5,66.0,0.0,11.0,1021.0,3.0
2025-11-11 09:00:00,AEPKPT,-3.0,-8.4,66.0,0.0,13.0,1022.0,3.0
2025-11-11 10:00:00,AEPKPT,-3.0,-7.9,69.0,0.0,13.0,1022.0,3.0
2025-11-11 11:00:00,AEPKPT,-3.0,-7.9,69.0,0.0,15.0,1023.0,3.0
2025-11-11 12:00:00,AEPKPT,-3.0,-7.9,69.0,0.0,15.0,1023.0,2.0
2025-11-11 13:00:00,AEPKPT,-2.0,-7.5,66.0,0.0,17.0,1024.0,2.0
2025-11-11 14:00:00,AEPKPT,0.0,-6.6,61.0,0.0,15.0,1024.0,2.0
2025-11-11 15:00:00,AEPKPT,2.0,-6.3,54.0,0.0,19.0,1024.0,3.0
2025-11-11 16:00:00,AEPKPT,2.0,-7.3,50.0,0.0,11.0,1023.0,3.0
2025-11-11 17:00:00,AEPKPT,4.0,-6.6,46.0,0.0,13.0,1022.0,3.0
2025-11-11 18:00:00,AEPKPT,4.0,-8.1,41.0,0.0,24.0,1021.0,3.0
2025-11-11 19:00:00,AEPKPT,4.0,-7.4,43.0,0.0,17.0,1020.0,3.0
2025-11-11 20:00:00,AEPKPT,4.0,-7.4,43.0,0.0,15.0,1019.0,3.0
2025-11-11 21:00:00,AEPKPT,4.0,-7.7,42.0,0.0,11.0,1018.0,3.0
2025-11-11 22:00:00,AEPKPT,4.0,-7.1,44.0,0.0,15.0,1017.0,3.0
2025-11-11 23:00:00,AEPKPT,4.0,-7.1,44.0,0.0,19.0,1016.0,3.0
2025-11-12 00:00:00,AEPKPT,4.0,-7.1,44.0,0.0,9.0,1015.0,3.0
2025-11-12 01:00:00,AEPKPT,4.0,-7.4,43.0,0.1,13.0,1015.0,12.0
2025-11-12 02:00:00,AEPKPT,4.0,-7.4,43.0,0.5,15.0,1015.0,12.0
2025-11-12 03:00:00,AEPKPT,5.0,-7.2,41.0,0.0,13.0,1015.0,3.0
2025-11-12 04:00:00,AEPKPT,5.0,-7.2,41.0,0.0,11.0,1015.0,3.0
2025-11-12 05:00:00,AEPKPT,5.0,-6.5,43.0,0.0,11.0,1014.0,1.0
2025-11-12 06:00:00,AEPKPT,5.0,-6.5,43.0,0.0,11.0,1014.0,1.0
2025-11-12 07:00:00,AEPKPT,6.0,-6.3,41.0,0.0,11.0,1015.0,1.0
2025-11-12 08:00:00,AEPKPT,6.0,-5.6,43.0,0.0,11.0,1015.0,1.0
2025-11-12 09:00:00,AEPKPT,6.0,-5.6,43.0,0.0,13.0,1015.0,1.0
2025-11-12 10:00:00,AEPKPT,5.0,-5.7,46.0,0.0,13.0,1015.0,1.0
2025-11-12 11:00:00,AEPKPT,6.0,-4.7,46.0,0.0,17.0,1015.0,1.0
2025-11-12 12:00:00,AEPKPT,6.0,-4.5,47.0,0.0,11.0,1016.0,1.0
2025-11-12 13:00:00,AEPKPT,8.0,-3.5,44.0,0.0,13.0,1017.0,1.0
2025-11-12 14:00:00,AEPKPT,10.0,-2.3,42.0,0.0,22.0,1016.0,1.0
2025-11-12 15:00:00,AEPKPT,11.0,-1.7,41.0,0.0,24.0,1016.0,1.0
2025-11-12 16:00:00,AEPKPT,13.0,-1.0,38.0,0.0,32.0,1015.0,1.0
2025-11-12 17:00:00,AEPKPT,16.0,0.5,35.0,0.0,19.0,1014.0,3.0
2025-11-12 18:00:00,AEPKPT,16.0,-1.1,31.0,0.0,19.0,1014.0,1.0
2025-11-12 19:00:00,AEPKPT,17.0,-1.6,28.0,0.0,26.0,1014.0,1.0
2025-11-12 20:00:00,AEPKPT,17.0,-0.7,30.0,0.0,19.0,1015.0,1.0
2025-11-12 21:00:00,AEPKPT,16.0,-2.0,29.0,0.0,20.0,1015.0,1.0
2025-11-12 22:00:00,AEPKPT,14.0,-2.9,31.0,0.0,13.0,1016.0,2.0
2025-11-12 23:00:00,AEPKPT,13.0,-2.5,34.0,0.0,9.0,1017.0,1.0
2025-11-13 00:00:00,AEPKPT,12.0,-3.0,35.0,0.0,13.0,1017.0,1.0
2025-11-13 01:00:00,AEPKPT,11.0,-2.8,38.0,0.0,9.0,1018.0,1.0
2025-11-13 02:00:00,AEPKPT,11.0,-2.4,39.0,0.0,7.0,1018.0,1.0
2025-11-13 03:00:00,AEPKPT,9.0,-2.0,46.0,0.0,7.0,1019.0,1.0
2025-11-13 04:00:00,AEPKPT,8.0,-2.1,49.0,0.0,9.0,1019.0,1.0
2025-11-13 05:00:00,AEPKPT,7.0,-0.7,58.0,0.0,11.0,1019.0,2.0
2025-11-13 06:00:00,AEPKPT,8.0,-1.5,51.0,0.0,11.0,1019.0,3.0
2025-11-13 07:00:00,AEPKPT,7.0,-1.4,55.0,0.0,9.0,1020.0,3.0
2025-11-13 08:00:00,AEPKPT,7.0,-1.4,55.0,0.0,11.0,1020.0,3.0
2025-11-13 09:00:00,AEPKPT,6.0,-1.4,59.0,0.0,9.0,1021.0,3.0
2025-11-13 10:00:00,AEPKPT,5.0,-1.7,62.0,0.0,11.0,1021.0,3.0
2025-11-13 11:00:00,AEPKPT,4.0,-2.0,65.0,0.0,11.0,1022.0,3.0
2025-11-13 12:00:00,AEPKPT,5.0,-1.0,65.0,0.0,9.0,1022.0,2.0
2025-11-13 13:00:00,AEPKPT,8.0,-1.0,53.0,0.0,7.0,1023.0,1.0
2025-11-13 14:00:00,AEPKPT,10.0,-0.5,48.0,0.0,9.0,1023.0,1.0
2025-11-13 15:00:00,AEPKPT,12.0,-0.2,43.0,0.0,13.0,1023.0,1.0
2025-11-13 16:00:00,AEPKPT,13.0,-1.4,37.0,0.0,17.0,1023.0,2.0
2025-11-13 17:00:00,AEPKPT,14.0,-2.0,33.0,0.0,11.0,1022.0,1.0
2025-11-13 18:00:00,AEPKPT,15.0,-2.9,29.0,0.0,17.0,1022.0,2.0
2025-11-13 19:00:00,AEPKPT,15.0,-2.9,29.0,0.0,11.0,1022.0,2.0
2025-11-13 20:00:00,AEPKPT,14.0,-4.2,28.0,0.0,6.0,1022.0,3.0
2025-11-13 21:00:00,AEPKPT,14.0,-3.8,29.0,0.0,6.0,1022.0,1.0
2025-11-13 22:00:00,AEPKPT,12.0,-5.0,30.0,0.0,6.0,1022.0,1.0
2025-11-13 23:00:00,AEPKPT,9.0,-3.5,41.0,0.0,6.0,1022.0,1.0
2025-11-14 00:00:00,AEPKPT,9.0,-3.2,42.0,0.0,6.0,1023.0,1.0
2025-11-14 01:00:00,AEPKPT,7.0,-3.0,49.0,0.0,6.0,1022.0,1.0
2025-11-14 02:00:00,AEPKPT,6.0,-2.4,55.0,0.0,0.0,1023.0,1.0
2025-11-14 03:00:00,AEPKPT,4.0,-2.6,62.0,0.0,0.0,1022.0,1.0
2025-11-14 04:00:00,AEPKPT,4.0,-1.6,67.0,0.0,0.0,1022.0,1.0
2025-11-14 05:00:00,AEPKPT,4.0,-1.0,70.0,0.0,6.0,1022.0,1.0
2025-11-14 06:00:00,AEPKPT,4.0,-1.0,70.0,0.0,0.0,1022.0,1.0
2025-11-14 07:00:00,AEPKPT,4.0,-0.4,73.0,0.0,6.0,1023.0,1.0
2025-11-14 08:00:00,AEPKPT,3.0,-1.4,73.0,0.0,6.0,1023.0,1.0
2025-11-14 09:00:00,AEPKPT,4.0,-1.0,70.0,0.0,6.0,1023.0,3.0
2025-11-14 10:00:00,AEPKPT,4.0,-1.6,67.0,0.0,6.0,1023.0,2.0
2025-11-14 11:00:00,AEPKPT,3.0,-1.4,73.0,0.0,0.0,1023.0,1.0
2025-11-14 12:00:00,AEPKPT,4.0,-1.0,70.0,0.0,6.0,1024.0,1.0
2025-11-14 13:00:00,AEPKPT,8.0,-0.5,55.0,0.0,9.0,1023.0,1.0
2025-11-14 14:00:00,AEPKPT,11.0,-1.4,42.0,0.0,7.0,1023.0,1.0
2025-11-14 15:00:00,AEPKPT,13.0,-1.0,38.0,0.0,11.0,1022.0,3.0
2025-11-14 16:00:00,AEPKPT,15.0,0.0,36.0,0.0,9.0,1021.0,3.0
2025-11-14 17:00:00,AEPKPT,18.0,0.2,30.0,0.0,13.0,1020.0,3.0
2025-11-14 18:00:00,AEPKPT,18.0,-1.3,27.0,0.0,11.0,1019.0,3.0
2025-11-14 19:00:00,AEPKPT,19.0,-1.5,25.0,0.0,9.0,1018.0,1.0
2025-11-14 20:00:00,AEPKPT,20.0,-0.1,26.0,0.0,11.0,1017.0,1.0
2025-11-14 21:00:00,AEPKPT,19.0,0.6,29.0,0.0,11.0,1016.0,1.0
2025-11-14 22:00:00,AEPKPT,18.0,1.1,32.0,0.0,7.0,1016.0,3.0
2025-11-14 23:00:00,AEPKPT,18.0,1.5,33.0,0.0,6.0,1016.0,2.0
2025-11-15 00:00:00,AEPKPT,16.0,0.9,36.0,0.0,7.0,1016.0,2.0
2025-11-15 01:00:00,AEPKPT,16.0,2.0,39.0,0.0,7.0,1016.0,2.0
2025-11-15 02:00:00,AEPKPT,14.0,1.9,44.0,0.0,7.0,1016.0,1.0
2025-11-15 03:00:00,AEPKPT,14.0,2.3,45.0,0.0,6.0,1016.0,1.0
2025-11-15 04:00:00,AEPKPT,14.0,2.9,47.0,0.0,0.0,1015.0,1.0
2025-11-15 05:00:00,AEPKPT,14.0,3.5,49.0,0.0,6.0,1015.0,1.0
2025-11-15 06:00:00,AEPKPT,13.0,3.4,52.0,0.0,6.0,1014.0,1.0
2025-11-15 07:00:00,AEPKPT,13.0,4.2,55.0,0.0,7.0,1014.0,3.0
2025-11-15 08:00:00,AEPKPT,13.0,3.4,52.0,0.0,9.0,1014.0,3.0
2025-11-15 09:00:00,AEPKPT,12.0,3.2,55.0,0.0,11.0,1014.0,3.0
2025-11-15 10:00:00,AEPKPT,13.0,4.2,55.0,0.0,13.0,1013.0,2.0
2025-11-15 11:00:00,AEPKPT,14.0,5.1,55.0,0.0,15.0,1013.0,1.0
2025-11-15 12:00:00,AEPKPT,14.0,5.6,57.0,0.0,13.0,1013.0,3.0
2025-11-15 13:00:00,AEPKPT,16.0,7.7,58.0,0.0,13.0,1012.0,3.0
2025-11-15 14:00:00,AEPKPT,18.0,9.6,58.0,0.0,15.0,1011.0,3.0
2025-11-15 15:00:00,AEPKPT,19.0,9.7,55.0,0.0,15.0,1010.0,3.0
2025-11-15 16:00:00,AEPKPT,21.0,11.6,55.0,0.0,22.0,1009.0,3.0
2025-11-15 17:00:00,AEPKPT,21.0,11.0,53.0,0.0,22.0,1007.0,3.0
2025-11-15 18:00:00,AEPKPT,21.0,11.0,53.0,0.0,17.0,1006.0,3.0
2025-11-15 19:00:00,AEPKPT,22.0,11.4,51.0,0.2,13.0,1004.0,7.0
2025-11-15 20:00:00,AEPKPT,22.0,10.8,49.0,0.0,22.0,1003.0,3.0
2025-11-15 21:00:00,AEPKPT,21.0,11.0,53.0,0.0,13.0,1003.0,3.0
2025-11-15 22:00:00,AEPKPT,21.1,11.1,53.0,0.0,7.0,,3.0
2025-11-15 23:00:00,AEPKPT,21.7,11.1,51.0,0.0,9.0,,3.0
2025-11-16 00:00:00,AEPKPT,21.7,11.1,51.0,0.0,8.0,,3.0
2025-11-16 01:00:00,AEPKPT,21.1,11.7,55.0,0.0,11.0,,3.0
2025-11-16 02:00:00,AEPKPT,20.6,12.3,59.0,0.0,10.0,,3.0
2025-11-16 03:00:00,AEPKPT,20.6,12.8,61.0,0.0,13.0,,2.0
2025-11-16 04:00:00,AEPKPT,20.6,12.8,61.0,0.0,15.0,,17.0
2025-11-16 05:00:00,AEPKPT,16.1,12.8,81.0,0.2,10.0,,9.0
2025-11-16 06:00:00,AEPKPT,17.2,12.1,72.0,0.1,6.0,,7.0
2025-11-16 07:00:00,AEPKPT,15.6,9.5,67.0,0.0,6.0,,3.0
2025-11-16 08:00:00,AEPKPT,15.0,7.8,62.0,0.0,10.0,,1.0
2025-11-16 09:00:00,AEPKPT,13.9,7.2,64.0,0.0,6.0,,2.0
2025-11-16 10:00:00,AEPKPT,12.8,6.2,64.0,0.0,7.0,,3.0
2025-11-16 11:00:00,AEPKPT,12.2,5.6,64.0,0.0,7.0,,1.0
2025-11-16 12:00:00,AEPKPT,11.7,4.4,61.0,0.0,9.0,,1.0
2025-11-16 13:00:00,AEPKPT,12.8,3.2,52.0,0.0,9.0,,2.0
2025-11-16 14:00:00,AEPKPT,13.3,1.6,45.0,0.0,7.0,,1.0
2025-11-16 15:00:00,AEPKPT,13.3,1.0,43.0,0.0,9.0,,1.0
2025-11-16 16:00:00,AEPKPT,13.9,-0.9,36.0,0.0,11.0,,1.0
2025-11-16 17:00:00,AEPKPT,13.9,-3.0,31.0,0.0,11.0,,1.0
2025-11-16 18:00:00,AEPKPT,13.3,-6.3,25.0,0.0,13.0,,1.0
2025-11-16 19:00:00,AEPKPT,13.9,-4.3,28.0,0.0,7.0,,1.0
2025-11-16 20:00:00,AEPKPT,13.3,-6.3,25.0,0.0,11.0,,1.0
2025-11-16 21:00:00,AEPKPT,12.2,-6.2,27.0,0.0,10.0,,1.0
2025-11-16 22:00:00,AEPKPT,10.6,-5.4,32.0,0.0,7.0,,1.0
2025-11-16 23:00:00,AEPKPT,10.0,-5.9,32.0,0.0,4.0,,1.0
2025-11-17 00:00:00,AEPKPT,9.4,-7.3,30.0,0.0,5.0,,1.0
2025-11-17 01:00:00,AEPKPT,8.9,-7.3,31.0,0.0,6.0,,1.0
2025-11-17 02:00:00,AEPKPT,8.3,-7.0,33.0,0.0,5.0,,1.0
2025-11-17 03:00:00,AEPKPT,7.2,-7.6,34.0,0.0,7.0,,1.0
2025-11-17 04:00:00,AEPKPT,6.7,-8.4,33.0,0.0,3.0,,1.0
2025-11-17 05:00:00,AEPKPT,5.6,-8.3,36.0,0.0,6.0,,1.0
2025-11-17 06:00:00,AEPKPT,4.4,-7.1,43.0,0.0,4.0,,1.0
2025-11-17 07:00:00,AEPKPT,3.3,-7.2,46.0,0.0,0.0,,1.0
2025-11-17 08:00:00,AEPKPT,1.1,-5.6,61.0,0.0,4.0,,1.0
2025-11-17 09:00:00,AEPKPT,0.0,-6.0,64.0,0.0,0.0,,1.0
2025-11-17 10:00:00,AEPKPT,-0.6,-5.0,72.0,0.0,0.0,,1.0
2025-11-17 11:00:00,AEPKPT,1.3,-7.0,54.0,0.0,7.6,1018.4,1.0
2025-11-17 12:00:00,AEPKPT,0.8,-6.5,58.0,0.0,7.6,1019.3,1.0
2025-11-17 13:00:00,AEPKPT,1.7,-6.4,55.0,0.0,7.6,1020.3,1.0
2025-11-17 14:00:00,AEPKPT,4.2,-6.7,45.0,0.0,5.4,1021.0,1.0
2025-11-17 15:00:00,AEPKPT,6.6,-7.8,35.0,0.0,6.1,1020.7,1.0
2025-11-17 16:00:00,AEPKPT,8.3,-8.3,30.0,0.0,7.6,1020.4,1.0
2025-11-17 17:00:00,AEPKPT,9.7,-8.4,27.0,0.0,8.6,1019.5,1.0
2025-11-17 18:00:00,AEPKPT,11.0,-8.8,24.0,0.0,9.7,1018.6,1.0
2025-11-17 19:00:00,AEPKPT,11.8,-9.2,22.0,0.0,11.2,1018.2,1.0
2025-11-17 20:00:00,AEPKPT,12.1,-9.6,21.0,0.0,11.9,1018.1,1.0
2025-11-17 21:00:00,AEPKPT,11.7,-9.3,22.0,0.0,11.9,1018.4,1.0
2025-11-17 22:00:00,AEPKPT,10.1,-8.1,27.0,0.0,7.9,1018.7,1.0
2025-11-17 23:00:00,AEPKPT,8.2,-6.7,34.0,0.0,8.3,1019.0,1.0
2025-11-18 00:00:00,AEPKPT,7.5,-6.2,37.0,0.0,7.6,1019.3,1.0
2025-11-18 01:00:00,AEPKPT,6.6,-5.7,41.0,0.0,5.8,1019.7,1.0
2025-11-18 02:00:00,AEPKPT,5.8,-5.5,44.0,0.0,4.7,1020.2,1.0
2025-11-18 03:00:00,AEPKPT,5.1,-5.3,47.0,0.0,4.3,1020.5,1.0
2025-11-18 04:00:00,AEPKPT,4.4,-4.8,51.0,0.0,3.6,1020.9,2.0
2025-11-18 05:00:00,AEPKPT,4.9,-4.1,52.0,0.0,1.4,1021.0,3.0
2025-11-18 06:00:00,AEPKPT,3.2,-4.0,59.0,0.0,3.6,1020.8,1.0
2025-11-18 07:00:00,AEPKPT,2.6,-3.5,64.0,0.0,5.4,1021.0,1.0
2025-11-18 08:00:00,AEPKPT,2.6,-3.9,62.0,0.0,8.3,1021.0,1.0
2025-11-18 09:00:00,AEPKPT,2.5,-4.7,59.0,0.0,7.9,1021.0,1.0
2025-11-18 10:00:00,AEPKPT,3.1,-4.6,57.0,0.0,7.6,1020.8,3.0
2025-11-18 11:00:00,AEPKPT,4.3,-4.7,52.0,0.0,7.6,1020.8,3.0
2025-11-18 12:00:00,AEPKPT,4.8,-4.0,53.0,0.0,6.1,1021.1,3.0
2025-11-18 13:00:00,AEPKPT,3.8,0.8,81.0,2.3,7.2,1021.9,9.0
2025-11-18 14:00:00,AEPKPT,4.4,2.1,85.0,1.1,9.4,1021.6,9.0
2025-11-18 15:00:00,AEPKPT,6.0,2.3,77.0,0.0,10.4,1021.3,3.0
2025-11-18 16:00:00,AEPKPT,9.5,-0.1,51.0,0.0,8.6,1020.4,3.0
2025-11-18 17:00:00,AEPKPT,9.7,1.3,56.0,1.9,11.2,1019.4,9.0
2025-11-18 18:00:00,AEPKPT,8.6,3.4,70.0,4.1,12.2,1018.1,9.0
2025-11-18 19:00:00,AEPKPT,8.7,5.6,81.0,0.6,9.4,1017.1,8.0
2025-11-18 20:00:00,AEPKPT,7.6,6.9,95.0,1.5,8.3,1016.1,9.0
2025-11-18 21:00:00,AEPKPT,8.1,6.9,92.0,0.2,9.4,1015.9,7.0
2025-11-18 22:00:00,AEPKPT,7.7,6.6,93.0,0.4,10.8,1015.1,8.0
2025-11-18 23:00:00,AEPKPT,7.5,6.3,92.0,0.5,10.1,1014.8,8.0
2025-11-19 00:00:00,AEPKPT,7.5,7.1,97.0,1.9,9.4,1015.1,9.0
2025-11-19 01:00:00,AEPKPT,7.9,7.1,95.0,0.0,7.6,1015.3,3.0
2025-11-19 02:00:00,AEPKPT,8.1,7.8,98.0,0.5,7.9,1015.4,8.0
2025-11-19 03:00:00,AEPKPT,8.6,8.2,97.0,0.2,11.9,1016.0,7.0
2025-11-19 04:00:00,AEPKPT,9.6,9.0,96.0,0.0,10.1,1016.1,3.0
2025-11-19 05:00:00,AEPKPT,10.1,9.5,96.0,0.0,12.6,1015.6,3.0
2025-11-19 06:00:00,AEPKPT,9.5,9.2,98.0,0.0,11.5,1016.1,2.0
2025-11-19 07:00:00,AEPKPT,9.6,9.5,99.0,0.0,8.3,1016.6,3.0
2025-11-19 08:00:00,AEPKPT,9.8,9.7,99.0,0.0,7.2,1017.1,3.0
2025-11-19 09:00:00,AEPKPT,9.7,9.4,98.0,0.0,9.0,1017.9,3.0
2025-11-19 10:00:00,AEPKPT,9.1,8.6,97.0,0.0,9.4,1018.7,3.0
2025-11-19 11:00:00,AEPKPT,8.7,8.1,96.0,0.0,8.3,1019.3,3.0
2025-11-19 12:00:00,AEPKPT,8.5,7.9,96.0,0.0,6.8,1019.9,3.0
2025-11-19 13:00:00,AEPKPT,8.5,7.6,94.0,0.0,6.1,1020.7,3.0
2025-11-19 14:00:00,AEPKPT,8.8,7.6,92.0,0.0,7.6,1021.4,3.0
2025-11-19 15:00:00,AEPKPT,9.5,7.4,87.0,0.0,6.1,1021.9,3.0
2025-11-19 16:00:00,AEPKPT,11.1,7.4,78.0,0.0,4.7,1021.8,3.0
2025-11-19 17:00:00,AEPKPT,12.6,7.5,71.0,0.0,4.3,1021.2,3.0
2025-11-19 18:00:00,AEPKPT,13.4,7.6,68.0,0.0,5.0,1020.4,3.0
2025-11-19 19:00:00,AEPKPT,14.5,8.0,65.0,0.0,3.6,1019.9,3.0
2025-11-19 20:00:00,AEPKPT,14.8,8.5,66.0,0.0,5.0,1020.0,3.0
2025-11-19 21:00:00,AEPKPT,14.7,8.9,68.0,0.0,5.8,1020.4,3.0
2025-11-19 22:00:00,AEPKPT,13.6,9.3,75.0,0.0,4.3,1020.7,3.0
2025-11-19 23:00:00,AEPKPT,12.3,8.8,79.0,0.0,5.4,1020.9,3.0
2025-11-20 00:00:00,AEPKPT,11.1,8.3,83.0,0.0,8.6,1020.9,3.0
2025-11-20 01:00:00,AEPKPT,,,,,,,
2025-11-20 02:00:00,AEPKPT,,,,,,,
2025-11-20 03:00:00,AEPKPT,,,,,,,
2025-11-20 04:00:00,AEPKPT,,,,,,,
2025-11-20 05:00:00,AEPKPT,,,,,,,
2025-11-20 06:00:00,AEPKPT,9.1,6.5,84.0,,6.1,1020.9,
2025-11-20 07:00:00,AEPKPT,,,,,,,
2025-11-20 08:00:00,AEPKPT,,,,,,,
2025-11-20 09:00:00,AEPKPT,,,,,,,
2025-11-20 10:00:00,AEPKPT,,,,,,,
2025-11-20 11:00:00,AEPKPT,,,,,,,
2025-11-20 12:00:00,AEPKPT,8.8,6.9,88.0,,2.2,1021.8,
2025-11-20 13:00:00,AEPKPT,,,,,,,
2025-11-20 14:00:00,AEPKPT,,,,,,,
2025-11-20 15:00:00,AEPKPT,,,,,,,
2025-11-20 16:00:00,AEPKPT,,,,,,,
2025-11-20 17:00:00,AEPKPT,,,,,,,
2025-11-20 18:00:00,AEPKPT,16.0,7.7,58.0,,8.6,1020.0,
2025-11-20 19:00:00,AEPKPT,,,,,,,
2025-11-20 20:00:00,AEPKPT,,,,,,,
2025-11-20 21:00:00,AEPKPT,,,,,,,
2025-11-20 22:00:00,AEPKPT,,,,,,,
2025-11-20 23:00:00,AEPKPT,,,,,,,
2025-11-21 00:00:00,AEPKPT,12.3,8.4,77.0,,5.4,1018.3,
2025-11-21 01:00:00,AEPKPT,,,,,,,
2025-11-21 02:00:00,AEPKPT,,,,,,,
2025-11-21 03:00:00,AEPKPT,,,,,,,
2025-11-21 04:00:00,AEPKPT,,,,,,,
2025-11-21 05:00:00,AEPKPT,,,,,,,
2025-11-21 06:00:00,AEPKPT,11.7,9.4,86.0,,7.2,1016.3,
2025-11-21 07:00:00,AEPKPT,,,,,,,
2025-11-21 08:00:00,AEPKPT,,,,,,,
2025-11-21 09:00:00,AEPKPT,,,,,,,
2025-11-21 10:00:00,AEPKPT,,,,,,,
2025-11-21 11:00:00,AEPKPT,,,,,,,
2025-11-21 12:00:00,AEPKPT,12.4,12.1,98.0,,9.0,1014.8,
2025-11-21 13:00:00,AEPKPT,,,,,,,
2025-11-21 14:00:00,AEPKPT,,,,,,,
2025-11-21 15:00:00,AEPKPT,,,,,,,
2025-11-21 16:00:00,AEPKPT,,,,,,,
2025-11-21 17:00:00,AEPKPT,,,,,,,
2025-11-21 18:00:00,AEPKPT,16.1,15.5,96.0,,5.8,1012.9,
2025-11-21 19:00:00,AEPKPT,,,,,,,
2025-11-21 20:00:00,AEPKPT,,,,,,,
2025-11-21 21:00:00,AEPKPT,,,,,,,
2025-11-21 22:00:00,AEPKPT,,,,,,,
2025-11-21 23:00:00,AEPKPT,,,,,,,
2025-11-22 00:00:00,AEPKPT,14.1,14.1,100.0,,3.6,1010.8,
2025-11-22 01:00:00,AEPKPT,,,,,,,
2025-11-22 02:00:00,AEPKPT,,,,,,,
2025-11-22 03:00:00,AEPKPT,,,,,,,
2025-11-22 04:00:00,AEPKPT,,,,,,,
2025-11-22 05:00:00,AEPKPT,,,,,,,
2025-11-22 06:00:00,AEPKPT,12.3,12.1,99.0,,11.5,1010.1,
2025-11-22 07:00:00,AEPKPT,,,,,,,
2025-11-22 08:00:00,AEPKPT,,,,,,,
2025-11-22 09:00:00,AEPKPT,,,,,,,
2025-11-22 10:00:00,AEPKPT,,,,,,,
2025-11-22 11:00:00,AEPKPT,,,,,,,
2025-11-22 12:00:00,AEPKPT,9.6,8.7,94.0,,16.2,1013.1,
2025-11-22 13:00:00,AEPKPT,,,,,,,
2025-11-22 14:00:00,AEPKPT,,,,,,,
2025-11-22 15:00:00,AEPKPT,,,,,,,
2025-11-22 16:00:00,AEPKPT,,,,,,,
2025-11-22 17:00:00,AEPKPT,,,,,,,
2025-11-22 18:00:00,AEPKPT,14.5,3.9,49.0,,7.9,1014.5,
2025-11-22 19:00:00,AEPKPT,,,,,,,
2025-11-22 20:00:00,AEPKPT,,,,,,,
2025-11-22 21:00:00,AEPKPT,,,,,,,
2025-11-22 22:00:00,AEPKPT,,,,,,,
2025-11-22 23:00:00,AEPKPT,,,,,,,
2025-11-23 00:00:00,AEPKPT,8.7,2.3,64.0,,8.3,1017.4,
2025-11-23 01:00:00,AEPKPT,,,,,,,
2025-11-23 02:00:00,AEPKPT,,,,,,,
2025-11-23 03:00:00,AEPKPT,,,,,,,
2025-11-23 04:00:00,AEPKPT,,,,,,,
2025-11-23 05:00:00,AEPKPT,,,,,,,
2025-11-23 06:00:00,AEPKPT,3.7,1.1,83.0,,1.1,1019.1,
2025-11-23 07:00:00,AEPKPT,,,,,,,
2025-11-23 08:00:00,AEPKPT,,,,,,,
2025-11-23 09:00:00,AEPKPT,,,,,,,
2025-11-23 10:00:00,AEPKPT,,,,,,,
2025-11-23 11:00:00,AEPKPT,,,,,,,
2025-11-23 12:00:00,AEPKPT,1.5,0.8,95.0,,0.7,1020.3,
2025-11-23 13:00:00,AEPKPT,,,,,,,
2025-11-23 14:00:00,AEPKPT,,,,,,,
2025-11-23 15:00:00,AEPKPT,,,,,,,
2025-11-23 16:00:00,AEPKPT,,,,,,,
2025-11-23 17:00:00,AEPKPT,,,,,,,
2025-11-23 18:00:00,AEPKPT,13.3,0.3,41.0,,2.5,1019.4,
2025-11-23 19:00:00,AEPKPT,,,,,,,
2025-11-23 20:00:00,AEPKPT,,,,,,,
2025-11-23 21:00:00,AEPKPT,,,,,,,
2025-11-23 22:00:00,AEPKPT,,,,,,,
2025-11-23 23:00:00,AEPKPT,,,,,,,
2025-11-24 00:00:00,AEPKPT,8.9,-0.4,52.0,,0.7,1019.1,
2025-11-24 01:00:00,AEPKPT,,,,,,,
2025-11-24 02:00:00,AEPKPT,,,,,,,
2025-11-24 03:00:00,AEPKPT,,,,,,,
2025-11-24 04:00:00,AEPKPT,,,,,,,
2025-11-24 05:00:00,AEPKPT,,,,,,,
2025-11-24 06:00:00,AEPKPT,3.1,0.8,85.0,,5.8,1019.7,
2025-11-24 07:00:00,AEPKPT,,,,,,,
2025-11-24 08:00:00,AEPKPT,,,,,,,
2025-11-24 09:00:00,AEPKPT,,,,,,,
2025-11-24 10:00:00,AEPKPT,,,,,,,
2025-11-24 11:00:00,AEPKPT,,,,,,,
2025-11-24 12:00:00,AEPKPT,3.1,1.5,89.0,,8.3,1021.3,
2025-11-24 13:00:00,AEPKPT,,,,,,,
2025-11-24 14:00:00,AEPKPT,,,,,,,
2025-11-24 15:00:00,AEPKPT,,,,,,,
2025-11-24 16:00:00,AEPKPT,,,,,,,
2025-11-24 17:00:00,AEPKPT,,,,,,,
2025-11-24 18:00:00,AEPKPT,17.0,5.9,48.0,,10.8,1019.3,
2025-11-24 19:00:00,AEPKPT,,,,,,,
2025-11-24 20:00:00,AEPKPT,,,,,,,
2025-11-24 21:00:00,AEPKPT,,,,,,,
2025-11-24 22:00:00,AEPKPT,,,,,,,
2025-11-24 23:00:00,AEPKPT,,,,,,,
2025-11-25 00:00:00,AEPKPT,11.5,5.1,65.0,,7.6,1019.9,
2025-11-25 01:00:00,AEPKPT,,,,,,,
2025-11-25 02:00:00,AEPKPT,,,,,,,
2025-11-25 03:00:00,AEPKPT,,,,,,,
2025-11-25 04:00:00,AEPKPT,,,,,,,
2025-11-25 05:00:00,AEPKPT,,,,,,,
2025-11-25 06:00:00,AEPKPT,7.2,5.0,86.0,,6.5,1020.4,
2025-11-25 07:00:00,AEPKPT,,,,,,,
2025-11-25 08:00:00,AEPKPT,,,,,,,
2025-11-25 09:00:00,AEPKPT,,,,,,,
2025-11-25 10:00:00,AEPKPT,,,,,,,
2025-11-25 11:00:00,AEPKPT,,,,,,,
2025-11-25 12:00:00,AEPKPT,7.3,6.1,92.0,,4.7,1022.0,
2025-11-25 13:00:00,AEPKPT,,,,,,,
2025-11-25 14:00:00,AEPKPT,,,,,,,
2025-11-25 15:00:00,AEPKPT,,,,,,,
2025-11-25 16:00:00,AEPKPT,,,,,,,
2025-11-25 17:00:00,AEPKPT,,,,,,,
2025-11-25 18:00:00,AEPKPT,12.6,7.9,73.0,,2.9,1021.8,
2025-11-25 19:00:00,AEPKPT,,,,,,,
2025-11-25 20:00:00,AEPKPT,,,,,,,
2025-11-25 21:00:00,AEPKPT,,,,,,,
2025-11-25 22:00:00,AEPKPT,,,,,,,
2025-11-25 23:00:00,AEPKPT,,,,,,,
2025-11-26 00:00:00,AEPKPT,9.4,7.3,87.0,,6.8,1021.9,
2025-11-26 01:00:00,AEPKPT,,,,,,,
2025-11-26 02:00:00,AEPKPT,,,,,,,
2025-11-26 03:00:00,AEPKPT,,,,,,,
2025-11-26 04:00:00,AEPKPT,,,,,,,
2025-11-26 05:00:00,AEPKPT,,,,,,,
2025-11-26 06:00:00,AEPKPT,7.9,7.0,94.0,,8.6,1021.1,
2025-11-26 07:00:00,AEPKPT,,,,,,,
2025-11-26 08:00:00,AEPKPT,,,,,,,
2025-11-26 09:00:00,AEPKPT,,,,,,,
2025-11-26 10:00:00,AEPKPT,,,,,,,
2025-11-26 11:00:00,AEPKPT,,,,,,,
2025-11-26 12:00:00,AEPKPT,7.4,5.4,87.0,,11.9,1021.2,
2025-11-26 13:00:00,AEPKPT,,,,,,,
2025-11-26 14:00:00,AEPKPT,,,,,,,
2025-11-26 15:00:00,AEPKPT,,,,,,,
2025-11-26 16:00:00,AEPKPT,,,,,,,
2025-11-26 17:00:00,AEPKPT,,,,,,,
2025-11-26 18:00:00,AEPKPT,11.8,4.8,62.0,,11.2,1018.4,
2025-11-26 19:00:00,AEPKPT,,,,,,,
2025-11-26 20:00:00,AEPKPT,,,,,,,
2025-11-26 21:00:00,AEPKPT,,,,,,,
2025-11-26 22:00:00,AEPKPT,,,,,,,
2025-11-26 23:00:00,AEPKPT,,,,,,,
2025-11-27 00:00:00,AEPKPT,11.8,7.5,75.0,,8.6,1016.5,
2025-11-01 00:00:00,AEPOPT,10.2,1.6,55.0,0.0,14.4,1013.9,3.0
2025-11-01 01:00:00,AEPOPT,9.1,1.7,60.0,0.0,13.0,1014.6,3.0
2025-11-01 02:00:00,AEPOPT,8.4,2.2,65.0,0.0,11.5,1015.2,3.0
2025-11-01 03:00:00,AEPOPT,8.3,2.5,67.0,0.0,11.9,1015.7,3.0
2025-11-01 04:00:00,AEPOPT,8.6,2.6,66.0,0.0,12.2,1016.0,3.0
2025-11-01 05:00:00,AEPOPT,8.6,2.4,65.0,0.0,12.6,1016.0,3.0
2025-11-01 06:00:00,AEPOPT,8.1,2.6,68.0,0.0,13.0,1016.0,3.0
2025-11-01 07:00:00,AEPOPT,5.3,3.5,88.0,0.0,9.4,1017.2,3.0
2025-11-01 08:00:00,AEPOPT,5.1,3.4,89.0,0.0,9.4,1017.4,3.0
2025-11-01 09:00:00,AEPOPT,4.7,3.2,90.0,0.0,8.6,1017.6,3.0
2025-11-01 10:00:00,AEPOPT,5.7,3.2,84.0,0.0,9.0,1018.0,3.0
2025-11-01 11:00:00,AEPOPT,6.3,3.8,84.0,0.0,10.4,1018.4,3.0
2025-11-01 12:00:00,AEPOPT,5.5,3.3,86.0,0.0,9.0,1018.9,3.0
2025-11-01 13:00:00,AEPOPT,6.5,3.7,82.0,0.0,10.1,1019.6,3.0
2025-11-01 14:00:00,AEPOPT,8.5,3.7,72.0,0.0,9.0,1020.1,3.0
2025-11-01 15:00:00,AEPOPT,10.8,4.5,65.0,0.0,9.4,1019.9,2.0
2025-11-01 16:00:00,AEPOPT,12.6,4.8,59.0,0.0,9.7,1019.5,3.0
2025-11-01 17:00:00,AEPOPT,14.2,5.3,55.0,0.0,9.4,1019.0,2.0
2025-11-01 18:00:00,AEPOPT,15.3,4.4,48.0,0.0,13.3,1018.1,3.0
2025-11-01 19:00:00,AEPOPT,15.7,3.5,44.0,0.0,17.6,1017.8,3.0
2025-11-01 20:00:00,AEPOPT,15.1,3.9,47.0,0.0,12.6,1017.8,3.0
2025-11-01 21:00:00,AEPOPT,15.1,3.6,46.0,0.0,13.3,1018.0,3.0
2025-11-01 22:00:00,AEPOPT,13.2,4.1,54.0,0.0,7.9,1018.2,3.0
2025-11-01 23:00:00,AEPOPT,10.9,4.6,65.0,0.0,7.6,1018.7,3.0
2025-11-02 00:00:00,AEPOPT,9.7,5.1,73.0,0.0,7.6,1019.1,3.0
2025-11-02 01:00:00,AEPOPT,8.4,4.8,78.0,0.0,6.5,1019.5,3.0
2025-11-02 02:00:00,AEPOPT,7.6,4.7,82.0,0.0,6.1,1020.0,3.0
2025-11-02 03:00:00,AEPOPT,7.3,4.8,84.0,0.0,6.8,1020.6,3.0
2025-11-02 04:00:00,AEPOPT,6.7,4.5,86.0,0.0,6.1,1021.2,3.0
2025-11-02 05:00:00,AEPOPT,6.5,4.2,85.0,0.0,7.9,1021.2,3.0
2025-11-02 06:00:00,AEPOPT,6.4,4.4,87.0,0.0,7.9,1021.6,3.0
2025-11-02 07:00:00,AEPOPT,7.3,4.3,81.0,0.0,7.9,1021.8,3.0
2025-11-02 08:00:00,AEPOPT,6.8,3.9,82.0,0.0,6.5,1022.2,3.0
2025-11-02 09:00:00,AEPOPT,6.7,4.0,83.0,0.0,4.3,1022.4,3.0
2025-11-02 10:00:00,AEPOPT,6.6,4.4,86.0,0.2,5.0,1023.2,7.0
2025-11-02 11:00:00,AEPOPT,6.3,5.6,95.0,0.4,6.1,1023.6,8.0
2025-11-02 12:00:00,AEPOPT,6.2,5.5,95.0,0.0,4.7,1023.8,3.0
2025-11-02 13:00:00,AEPOPT,6.8,6.2,96.0,0.0,7.2,1024.3,3.0
2025-11-02 14:00:00,AEPOPT,8.1,6.9,92.0,0.0,5.4,1024.5,3.0
2025-11-02 15:00:00,AEPOPT,10.2,7.6,84.0,0.0,4.7,1024.6,3.0
2025-11-02 16:00:00,AEPOPT,12.4,7.3,71.0,0.0,3.2,1024.2,3.0
2025-11-02 17:00:00,AEPOPT,13.4,7.2,66.0,0.0,3.6,1023.9,3.0
2025-11-02 18:00:00,AEPOPT,14.3,7.1,62.0,0.0,5.8,1023.2,3.0
2025-11-02 19:00:00,AEPOPT,14.8,6.9,59.0,0.0,9.7,1022.4,3.0
2025-11-02 20:00:00,AEPOPT,14.2,5.3,55.0,0.0,9.4,1022.4,3.0
2025-11-02 21:00:00,AEPOPT,14.3,5.1,54.0,0.0,7.2,1022.2,3.0
2025-11-02 22:00:00,AEPOPT,12.5,6.3,66.0,0.0,5.0,1022.1,3.0
2025-11-02 23:00:00,AEPOPT,10.3,5.7,73.0,0.0,3.6,1022.3,1.0
2025-11-03 00:00:00,AEPOPT,8.6,5.7,82.0,0.0,6.5,1023.0,1.0
2025-11-03 01:00:00,AEPOPT,8.0,6.0,87.0,0.0,6.1,1023.2,2.0
2025-11-03 02:00:00,AEPOPT,7.3,5.8,90.0,0.0,6.5,1023.3,1.0
2025-11-03 03:00:00,AEPOPT,7.6,5.4,86.0,0.0,4.7,1022.1,2.0
2025-11-03 04:00:00,AEPOPT,6.9,5.1,88.0,0.0,4.7,1022.0,1.0
2025-11-03 05:00:00,AEPOPT,6.2,4.8,91.0,0.0,2.9,1022.0,1.0
2025-11-03 06:00:00,AEPOPT,5.9,4.9,93.0,0.0,2.5,1022.0,1.0
2025-11-03 07:00:00,AEPOPT,5.1,4.7,97.0,0.0,4.3,1022.3,1.0
2025-11-03 08:00:00,AEPOPT,4.9,4.6,98.0,0.0,6.8,1022.4,1.0
2025-11-03 09:00:00,AEPOPT,4.4,4.0,97.0,0.0,5.8,1022.4,1.0
2025-11-03 10:00:00,AEPOPT,4.5,3.9,96.0,0.0,6.1,1022.9,1.0
2025-11-03 11:00:00,AEPOPT,4.4,4.0,97.0,0.0,7.9,1023.2,1.0
2025-11-03 12:00:00,AEPOPT,4.2,3.9,98.0,0.0,8.3,1023.5,1.0
2025-11-03 13:00:00,AEPOPT,5.6,4.9,95.0,0.0,10.8,1023.7,1.0
2025-11-03 14:00:00,AEPOPT,8.0,5.8,86.0,0.0,10.8,1024.2,1.0
2025-11-03 15:00:00,AEPOPT,10.1,5.5,73.0,0.0,14.8,1024.2,1.0
2025-11-03 16:00:00,AEPOPT,11.6,4.3,61.0,0.0,17.6,1023.3,1.0
2025-11-03 17:00:00,AEPOPT,11.4,3.4,58.0,0.0,18.0,1022.6,3.0
2025-11-03 18:00:00,AEPOPT,13.0,3.1,51.0,0.0,19.8,1021.6,1.0
2025-11-03 19:00:00,AEPOPT,13.6,2.5,47.0,0.0,20.2,1020.9,1.0
2025-11-03 20:00:00,AEPOPT,13.7,2.9,48.0,0.0,19.4,1020.2,1.0
2025-11-03 21:00:00,AEPOPT,13.4,3.2,50.0,0.0,18.7,1020.1,1.0
2025-11-03 22:00:00,AEPOPT,12.1,3.6,56.0,0.0,15.5,1020.7,1.0
2025-11-03 23:00:00,AEPOPT,10.6,3.8,63.0,0.0,14.4,1021.6,1.0
2025-11-04 00:00:00,AEPOPT,9.7,4.1,68.0,0.0,14.0,1022.6,1.0
2025-11-04 01:00:00,AEPOPT,8.8,4.2,73.0,0.0,14.0,1023.5,1.0
2025-11-04 02:00:00,AEPOPT,8.3,4.5,77.0,0.0,13.7,1023.7,1.0
2025-11-04 03:00:00,AEPOPT,7.8,4.7,81.0,0.0,13.0,1024.5,1.0
2025-11-04 04:00:00,AEPOPT,7.1,4.8,85.0,0.0,11.5,1025.1,1.0
2025-11-04 05:00:00,AEPOPT,6.5,4.7,88.0,0.0,10.1,1025.6,1.0
2025-11-04 06:00:00,AEPOPT,5.9,4.4,90.0,0.0,9.0,1025.6,1.0
2025-11-04 07:00:00,AEPOPT,5.5,4.1,91.0,0.0,9.7,1025.8,1.0
2025-11-04 08:00:00,AEPOPT,5.1,3.9,92.0,0.0,10.4,1026.0,1.0
2025-11-04 09:00:00,AEPOPT,4.9,3.7,92.0,0.0,10.4,1026.2,1.0
2025-11-04 10:00:00,AEPOPT,4.6,3.4,92.0,0.0,9.4,1026.8,1.0
2025-11-04 11:00:00,AEPOPT,4.3,3.1,92.0,0.0,9.0,1027.8,1.0
2025-11-04 12:00:00,AEPOPT,3.8,2.6,92.0,0.0,7.6,1028.2,1.0
2025-11-04 13:00:00,AEPOPT,5.0,3.5,90.0,0.0,9.0,1028.8,1.0
2025-11-04 14:00:00,AEPOPT,7.5,3.9,78.0,0.0,5.4,1029.2,3.0
2025-11-04 15:00:00,AEPOPT,10.2,4.1,66.0,0.0,4.7,1029.0,3.0
2025-11-04 16:00:00,AEPOPT,12.4,3.6,55.0,0.0,5.4,1028.4,3.0
2025-11-04 17:00:00,AEPOPT,14.2,2.4,45.0,0.0,7.2,1027.6,3.0
2025-11-04 18:00:00,AEPOPT,15.2,1.0,38.0,0.0,10.4,1026.4,3.0
2025-11-04 19:00:00,AEPOPT,15.6,0.2,35.0,0.0,10.8,1025.3,3.0
2025-11-04 20:00:00,AEPOPT,15.7,-0.5,33.0,0.0,10.1,1024.7,3.0
2025-11-04 21:00:00,AEPOPT,15.2,1.0,38.0,0.0,7.6,1024.6,3.0
2025-11-04 22:00:00,AEPOPT,12.5,3.4,54.0,0.0,5.4,1024.7,3.0
2025-11-04 23:00:00,AEPOPT,10.0,2.8,61.0,0.0,6.5,1024.9,2.0
2025-11-05 00:00:00,AEPOPT,10.2,3.0,61.0,0.0,9.0,1024.7,3.0
2025-11-05 01:00:00,AEPOPT,10.6,2.4,57.0,0.0,10.4,1024.3,3.0
2025-11-05 02:00:00,AEPOPT,10.3,2.9,60.0,0.2,8.3,1024.4,17.0
2025-11-05 03:00:00,AEPOPT,8.6,2.8,67.0,0.0,9.4,1023.9,1.0
2025-11-05 04:00:00,AEPOPT,8.2,2.4,67.0,0.0,10.8,1023.2,1.0
2025-11-05 05:00:00,AEPOPT,7.8,2.1,67.0,0.0,11.9,1022.4,1.0
2025-11-05 06:00:00,AEPOPT,7.6,1.4,65.0,0.0,13.3,1021.3,1.0
2025-11-05 07:00:00,AEPOPT,7.4,1.0,64.0,0.0,13.7,1021.0,1.0
2025-11-05 08:00:00,AEPOPT,7.6,1.0,63.0,0.0,14.4,1020.3,1.0
2025-11-05 09:00:00,AEPOPT,7.7,1.3,64.0,0.0,15.1,1019.7,1.0
2025-11-05 10:00:00,AEPOPT,7.8,1.6,65.0,0.0,15.8,1019.3,1.0
2025-11-05 11:00:00,AEPOPT,8.2,2.4,67.0,0.0,17.3,1018.9,2.0
2025-11-05 12:00:00,AEPOPT,8.8,3.6,70.0,0.0,18.4,1018.5,3.0
2025-11-05 13:00:00,AEPOPT,10.6,5.4,70.0,0.0,20.9,1018.0,3.0
2025-11-05 14:00:00,AEPOPT,12.9,6.9,67.0,0.0,17.6,1017.4,3.0
2025-11-05 15:00:00,AEPOPT,14.7,7.7,63.0,0.0,22.3,1016.3,3.0
2025-11-05 16:00:00,AEPOPT,16.5,7.7,56.0,0.0,25.2,1015.4,3.0
2025-11-05 17:00:00,AEPOPT,17.6,7.6,52.0,0.0,27.0,1014.6,3.0
2025-11-05 18:00:00,AEPOPT,18.3,7.4,49.0,0.0,28.4,1013.1,3.0
2025-11-05 19:00:00,AEPOPT,18.7,7.8,49.0,0.0,28.4,1012.3,1.0
2025-11-05 20:00:00,AEPOPT,18.7,8.4,51.0,0.0,31.3,1012.4,1.0
2025-11-05 21:00:00,AEPOPT,18.4,9.2,55.0,0.0,23.8,1012.2,3.0
2025-11-05 22:00:00,AEPOPT,17.1,9.5,61.0,0.0,22.3,1013.3,1.0
2025-11-05 23:00:00,AEPOPT,16.3,9.7,65.0,0.0,20.9,1014.3,2.0
2025-11-06 00:00:00,AEPOPT,16.4,9.8,65.0,0.0,19.1,1015.1,3.0
2025-11-06 01:00:00,AEPOPT,15.6,9.9,69.0,0.0,18.7,1016.3,3.0
2025-11-06 02:00:00,AEPOPT,14.4,8.1,66.0,0.0,20.9,1017.8,2.0
2025-11-06 03:00:00,AEPOPT,12.4,5.3,62.0,0.0,20.9,1019.6,1.0
2025-11-06 04:00:00,AEPOPT,10.6,4.1,64.0,0.0,18.4,1021.1,1.0
2025-11-06 05:00:00,AEPOPT,9.1,3.7,69.0,0.0,14.8,1021.9,1.0
2025-11-06 06:00:00,AEPOPT,8.0,3.3,72.0,0.0,13.0,1022.5,1.0
2025-11-06 07:00:00,AEPOPT,6.8,2.7,75.0,0.0,11.5,1023.1,1.0
2025-11-06 08:00:00,AEPOPT,5.7,2.2,78.0,0.0,9.7,1023.3,1.0
2025-11-06 09:00:00,AEPOPT,4.9,1.7,80.0,0.0,7.6,1023.8,1.0
2025-11-06 10:00:00,AEPOPT,3.9,1.4,84.0,0.0,5.8,1024.4,1.0
2025-11-06 11:00:00,AEPOPT,3.5,1.2,85.0,0.0,6.1,1024.8,1.0
2025-11-06 12:00:00,AEPOPT,3.0,1.1,87.0,0.0,6.5,1025.1,1.0
2025-11-06 13:00:00,AEPOPT,4.4,1.6,82.0,0.0,8.3,1025.7,1.0
2025-11-06 14:00:00,AEPOPT,7.0,1.9,70.0,0.0,5.8,1026.3,1.0
2025-11-06 15:00:00,AEPOPT,9.7,1.3,56.0,0.0,6.8,1026.1,1.0
2025-11-06 16:00:00,AEPOPT,11.4,-0.4,44.0,0.0,6.5,1025.4,1.0
2025-11-06 17:00:00,AEPOPT,12.3,-0.6,41.0,0.0,5.0,1024.7,1.0
2025-11-06 18:00:00,AEPOPT,12.9,-0.4,40.0,0.0,5.0,1023.5,1.0
2025-11-06 19:00:00,AEPOPT,13.3,-1.8,35.0,0.0,3.6,1023.2,1.0
2025-11-06 20:00:00,AEPOPT,13.3,-1.8,35.0,0.0,2.9,1022.5,1.0
2025-11-06 21:00:00,AEPOPT,12.8,-1.9,36.0,0.0,3.6,1022.1,1.0
2025-11-06 22:00:00,AEPOPT,10.2,1.3,54.0,0.0,4.7,1021.6,1.0
2025-11-06 23:00:00,AEPOPT,8.3,-0.7,53.0,0.0,7.2,1021.3,1.0
2025-11-07 00:00:00,AEPOPT,7.1,-0.4,59.0,0.0,6.5,1021.1,1.0
2025-11-07 01:00:00,AEPOPT,6.7,-0.5,60.0,0.0,7.2,1020.7,1.0
2025-11-07 02:00:00,AEPOPT,6.7,-0.7,59.0,0.0,8.3,1020.4,1.0
2025-11-07 03:00:00,AEPOPT,6.5,-1.4,57.0,0.0,10.4,1019.8,1.0
2025-11-07 04:00:00,AEPOPT,6.1,-1.8,57.0,0.0,11.5,1019.0,1.0
2025-11-07 05:00:00,AEPOPT,5.7,-1.9,58.0,0.0,11.5,1018.1,3.0
2025-11-07 06:00:00,AEPOPT,5.5,-2.1,58.0,0.0,11.9,1016.8,3.0
2025-11-07 07:00:00,AEPOPT,5.2,-2.2,59.0,0.0,13.0,1015.7,3.0
2025-11-07 08:00:00,AEPOPT,4.9,-2.0,61.0,0.0,13.0,1014.8,2.0
2025-11-07 09:00:00,AEPOPT,5.5,-1.4,61.0,0.0,15.5,1013.4,3.0
2025-11-07 10:00:00,AEPOPT,6.8,-0.4,60.0,0.0,15.8,1012.5,3.0
2025-11-07 11:00:00,AEPOPT,7.8,1.0,62.0,0.0,16.9,1011.6,3.0
2025-11-07 12:00:00,AEPOPT,9.1,2.2,62.0,0.0,18.0,1010.7,3.0
2025-11-07 13:00:00,AEPOPT,11.0,3.3,59.0,0.0,20.2,1010.3,3.0
2025-11-07 14:00:00,AEPOPT,13.3,4.4,55.0,0.0,23.0,1009.6,3.0
2025-11-07 15:00:00,AEPOPT,14.7,5.5,54.0,0.0,20.2,1008.8,3.0
2025-11-07 16:00:00,AEPOPT,16.2,6.6,53.0,0.0,23.0,1007.4,3.0
2025-11-07 17:00:00,AEPOPT,18.4,7.8,50.0,0.0,25.2,1005.7,3.0
2025-11-07 18:00:00,AEPOPT,19.3,8.9,51.0,0.0,26.6,1004.4,3.0
2025-11-07 19:00:00,AEPOPT,18.9,10.5,58.0,2.6,24.5,1003.7,9.0
2025-11-07 20:00:00,AEPOPT,14.7,13.2,91.0,2.9,20.5,1004.0,9.0
2025-11-07 21:00:00,AEPOPT,14.3,13.7,96.0,1.5,16.6,1004.2,9.0
2025-11-07 22:00:00,AEPOPT,14.1,13.5,96.0,0.4,20.2,1004.3,8.0
2025-11-07 23:00:00,AEPOPT,14.2,13.4,95.0,0.7,20.2,1004.4,8.0
2025-11-08 00:00:00,AEPOPT,13.8,13.5,98.0,0.5,18.0,1004.7,8.0
2025-11-08 01:00:00,AEPOPT,13.7,13.2,97.0,0.6,14.0,1004.7,8.0
2025-11-08 02:00:00,AEPOPT,13.6,13.1,97.0,0.0,14.0,1005.2,3.0
2025-11-08 03:00:00,AEPOPT,13.7,13.4,98.0,0.0,13.0,1005.5,3.0
2025-11-08 04:00:00,AEPOPT,12.9,12.7,99.0,0.2,12.2,1005.7,7.0
2025-11-08 05:00:00,AEPOPT,13.0,12.8,99.0,0.0,11.9,1005.8,3.0
2025-11-08 06:00:00,AEPOPT,13.1,12.9,99.0,0.0,12.6,1006.3,3.0
2025-11-08 07:00:00,AEPOPT,12.8,12.6,99.0,0.0,11.2,1006.4,3.0
2025-11-08 08:00:00,AEPOPT,11.9,11.7,99.0,0.0,11.5,1006.8,3.0
2025-11-08 09:00:00,AEPOPT,11.2,11.0,99.0,0.0,10.8,1007.3,3.0
2025-11-08 10:00:00,AEPOPT,10.3,10.3,100.0,0.0,9.0,1008.2,3.0
2025-11-08 11:00:00,AEPOPT,9.5,9.5,100.0,0.0,7.6,1008.9,2.0
2025-11-08 12:00:00,AEPOPT,8.8,8.8,100.0,0.0,6.8,1009.6,2.0
2025-11-08 13:00:00,AEPOPT,9.2,9.1,99.0,0.0,7.6,1010.2,3.0
2025-11-08 14:00:00,AEPOPT,10.6,9.5,93.0,0.0,9.0,1010.9,5.0
2025-11-08 15:00:00,AEPOPT,12.2,10.1,87.0,0.0,13.3,1010.6,3.0
2025-11-08 16:00:00,AEPOPT,14.2,9.4,73.0,0.0,12.6,1010.5,3.0
2025-11-08 17:00:00,AEPOPT,15.7,9.6,67.0,0.0,12.2,1010.2,3.0
2025-11-08 18:00:00,AEPOPT,16.8,9.5,62.0,0.0,11.5,1009.3,3.0
2025-11-08 19:00:00,AEPOPT,17.0,9.2,60.0,0.0,10.8,1008.6,3.0
2025-11-08 20:00:00,AEPOPT,17.4,8.3,55.0,0.0,12.2,1008.5,3.0
2025-11-08 21:00:00,AEPOPT,17.0,7.6,54.0,0.0,10.1,1008.8,3.0
2025-11-08 22:00:00,AEPOPT,15.1,7.9,62.0,0.0,7.6,1009.2,3.0
2025-11-08 23:00:00,AEPOPT,12.5,7.4,71.0,0.0,6.1,1009.5,3.0
2025-11-09 00:00:00,AEPOPT,10.9,7.0,77.0,0.0,6.1,1009.6,3.0
2025-11-09 01:00:00,AEPOPT,9.5,6.6,82.0,0.0,6.1,1009.6,1.0
2025-11-09 02:00:00,AEPOPT,8.8,6.2,84.0,0.0,5.8,1009.5,2.0
2025-11-09 03:00:00,AEPOPT,9.5,6.9,84.0,0.0,5.4,1009.6,3.0
2025-11-09 04:00:00,AEPOPT,8.4,6.0,85.0,0.0,5.0,1009.5,3.0
2025-11-09 05:00:00,AEPOPT,8.3,6.1,86.0,0.0,4.3,1008.9,2.0
2025-11-09 06:00:00,AEPOPT,7.8,5.9,88.0,0.0,5.0,1008.9,3.0
2025-11-09 07:00:00,AEPOPT,7.6,6.1,90.0,0.0,4.3,1008.6,3.0
2025-11-09 08:00:00,AEPOPT,8.3,6.4,88.0,0.2,9.7,1007.5,7.0
2025-11-09 09:00:00,AEPOPT,8.1,6.4,89.0,0.0,9.7,1006.0,3.0
2025-11-09 10:00:00,AEPOPT,8.7,6.3,85.0,0.0,10.8,1005.3,3.0
2025-11-09 11:00:00,AEPOPT,9.2,5.7,79.0,0.6,11.9,1005.9,8.0
2025-11-09 12:00:00,AEPOPT,7.5,4.8,83.0,0.8,13.0,1005.2,8.0
2025-11-09 13:00:00,AEPOPT,8.0,6.9,93.0,1.4,16.6,1006.3,9.0
2025-11-09 14:00:00,AEPOPT,9.2,8.0,92.0,0.5,15.8,1006.7,8.0
2025-11-09 15:00:00,AEPOPT,12.2,8.7,79.0,0.0,24.5,1006.6,3.0
2025-11-09 16:00:00,AEPOPT,12.7,7.8,72.0,0.0,22.3,1007.3,3.0
2025-11-09 17:00:00,AEPOPT,13.2,6.8,65.0,0.0,19.8,1007.6,3.0
2025-11-09 18:00:00,AEPOPT,13.2,6.3,63.0,0.0,22.0,1007.6,2.0
2025-11-09 19:00:00,AEPOPT,12.4,5.1,61.0,0.2,24.1,1007.8,7.0
2025-11-09 20:00:00,AEPOPT,12.0,4.0,58.0,0.0,24.1,1008.4,3.0
2025-11-09 21:00:00,AEPOPT,10.2,3.7,64.0,0.0,24.1,1009.6,3.0
2025-11-09 22:00:00,AEPOPT,9.2,3.0,65.0,0.0,23.8,1010.6,3.0
2025-11-09 23:00:00,AEPOPT,5.8,4.4,91.0,0.4,22.7,1012.5,8.0
2025-11-10 00:00:00,AEPOPT,4.4,2.6,88.0,0.2,23.0,1014.0,7.0
2025-11-10 01:00:00,AEPOPT,3.3,1.8,90.0,0.4,22.0,1015.2,8.0
2025-11-10 02:00:00,AEPOPT,2.6,1.0,89.0,0.2,20.5,1015.7,7.0
2025-11-10 03:00:00,AEPOPT,2.2,1.0,92.0,0.2,19.4,1016.3,7.0
2025-11-10 04:00:00,AEPOPT,1.9,0.7,92.0,0.2,18.4,1016.7,7.0
2025-11-10 05:00:00,AEPOPT,1.5,-0.1,89.0,0.1,18.0,1016.7,12.0
2025-11-10 06:00:00,AEPOPT,1.3,-1.1,84.0,0.1,17.6,1016.4,12.0
2025-11-10 07:00:00,AEPOPT,1.4,-2.0,78.0,0.0,18.7,1016.1,3.0
2025-11-10 08:00:00,AEPOPT,1.2,-2.9,74.0,0.0,19.8,1016.1,3.0
2025-11-10 09:00:00,AEPOPT,1.3,-3.8,69.0,0.0,20.5,1015.8,3.0
2025-11-10 10:00:00,AEPOPT,0.6,-3.3,75.0,0.0,18.4,1016.7,3.0
2025-11-10 11:00:00,AEPOPT,0.1,-3.8,75.0,0.0,19.8,1017.0,3.0
2025-11-10 12:00:00,AEPOPT,-0.4,-4.5,74.0,0.0,20.5,1017.5,3.0
2025-11-10 13:00:00,AEPOPT,-0.6,-4.8,73.0,0.0,19.1,1018.0,3.0
2025-11-10 14:00:00,AEPOPT,-0.6,-5.0,72.0,0.2,19.8,1018.3,14.0
2025-11-10 15:00:00,AEPOPT,-0.5,-5.3,70.0,0.1,20.5,1018.5,14.0
2025-11-10 16:00:00,AEPOPT,-0.4,-5.2,70.0,0.0,21.2,1018.5,3.0
2025-11-10 17:00:00,AEPOPT,-0.6,-5.0,72.0,0.5,22.3,1018.3,15.0
2025-11-10 18:00:00,AEPOPT,-0.9,-4.9,74.0,0.6,22.7,1017.6,15.0
2025-11-10 19:00:00,AEPOPT,-0.7,-4.7,74.0,0.4,23.4,1017.3,15.0
2025-11-10 20:00:00,AEPOPT,-0.8,-4.8,74.0,0.3,22.7,1017.6,15.0
2025-11-10 21:00:00,AEPOPT,-0.9,-4.6,76.0,0.3,23.4,1017.7,15.0
2025-11-10 22:00:00,AEPOPT,-0.6,-3.3,82.0,1.0,19.1,1018.0,16.0
2025-11-10 23:00:00,AEPOPT,-0.5,-4.6,74.0,0.2,18.7,1018.4,14.0
2025-11-11 00:00:00,AEPOPT,-1.7,-6.3,71.0,0.0,18.4,1019.3,3.0
2025-11-11 01:00:00,AEPOPT,-2.8,-7.9,68.0,0.0,17.3,1020.2,3.0
2025-11-11 02:00:00,AEPOPT,-3.6,-8.6,68.0,0.0,16.9,1020.9,1.0
2025-11-11 03:00:00,AEPOPT,-4.0,-8.7,70.0,0.0,16.9,1021.4,1.0
2025-11-11 04:00:00,AEPOPT,-4.4,-8.9,71.0,0.0,15.1,1021.5,2.0
2025-11-11 05:00:00,AEPOPT,-3.5,-8.0,71.0,0.0,16.9,1021.3,3.0
2025-11-11 06:00:00,AEPOPT,-3.6,-7.6,74.0,0.0,16.2,1021.4,3.0
2025-11-11 07:00:00,AEPOPT,-3.1,-7.1,74.0,0.0,16.2,1021.3,3.0
2025-11-11 08:00:00,AEPOPT,-2.9,-7.1,73.0,0.0,15.8,1021.6,3.0
2025-11-11 09:00:00,AEPOPT,-2.7,-6.7,74.0,0.0,16.9,1021.4,3.0
2025-11-11 10:00:00,AEPOPT,-2.7,-7.0,72.0,0.0,18.4,1021.7,3.0
2025-11-11 11:00:00,AEPOPT,-2.7,-7.2,71.0,0.0,18.4,1022.3,3.0
2025-11-11 12:00:00,AEPOPT,-3.5,-7.1,76.0,0.0,18.0,1022.9,2.0
2025-11-11 13:00:00,AEPOPT,-3.2,-7.0,75.0,0.0,17.3,1023.9,2.0
2025-11-11 14:00:00,AEPOPT,-1.9,-7.2,67.0,0.0,19.1,1024.4,1.0
2025-11-11 15:00:00,AEPOPT,-0.4,-6.8,62.0,0.0,19.8,1024.5,2.0
2025-11-11 16:00:00,AEPOPT,1.0,-7.3,54.0,0.0,20.2,1024.3,2.0
2025-11-11 17:00:00,AEPOPT,2.0,-7.9,48.0,0.0,20.9,1023.5,3.0
2025-11-11 18:00:00,AEPOPT,3.0,-7.8,45.0,0.0,20.9,1022.2,2.0
2025-11-11 19:00:00,AEPOPT,3.6,-8.1,42.0,0.0,20.2,1021.3,3.0
2025-11-11 20:00:00,AEPOPT,3.9,-8.1,41.0,0.0,18.7,1020.2,2.0
2025-11-11 21:00:00,AEPOPT,3.9,-8.1,41.0,0.0,18.0,1019.4,3.0
2025-11-11 22:00:00,AEPOPT,3.3,-7.2,46.0,0.0,15.5,1018.5,3.0
2025-11-11 23:00:00,AEPOPT,2.7,-7.2,48.0,0.0,15.8,1017.7,3.0
2025-11-12 00:00:00,AEPOPT,3.4,-7.1,46.0,0.0,16.6,1016.8,3.0
2025-11-12 01:00:00,AEPOPT,3.7,-6.8,46.0,0.0,17.6,1016.0,3.0
2025-11-12 02:00:00,AEPOPT,4.2,-7.0,44.0,0.0,19.8,1015.4,3.0
2025-11-12 03:00:00,AEPOPT,3.8,-6.2,48.0,0.0,20.2,1015.2,3.0
2025-11-12 04:00:00,AEPOPT,3.7,-6.3,48.0,0.0,20.2,1014.5,1.0
2025-11-12 05:00:00,AEPOPT,4.1,-5.7,49.0,0.0,21.2,1013.9,1.0
2025-11-12 06:00:00,AEPOPT,4.2,-5.0,51.0,0.0,22.3,1013.7,1.0
2025-11-12 07:00:00,AEPOPT,4.3,-4.4,53.0,0.0,22.0,1013.7,1.0
2025-11-12 08:00:00,AEPOPT,4.3,-3.9,55.0,0.0,22.3,1013.7,1.0
2025-11-12 09:00:00,AEPOPT,4.3,-3.5,57.0,0.0,22.0,1013.8,1.0
2025-11-12 10:00:00,AEPOPT,4.2,-2.9,60.0,0.0,20.5,1014.1,1.0
2025-11-12 11:00:00,AEPOPT,4.0,-2.4,63.0,0.0,19.4,1014.1,1.0
2025-11-12 12:00:00,AEPOPT,3.8,-2.0,66.0,0.0,18.4,1014.6,1.0
2025-11-12 13:00:00,AEPOPT,4.4,-1.4,66.0,0.0,19.1,1015.0,2.0
2025-11-12 14:00:00,AEPOPT,6.4,-0.6,61.0,0.0,16.2,1015.2,1.0
2025-11-12 15:00:00,AEPOPT,8.1,-0.1,56.0,0.0,22.0,1014.8,3.0
2025-11-12 16:00:00,AEPOPT,9.8,0.7,53.0,0.0,24.1,1014.3,2.0
2025-11-12 17:00:00,AEPOPT,11.0,1.3,51.0,0.0,25.6,1013.9,2.0
2025-11-12 18:00:00,AEPOPT,11.6,1.8,51.0,0.0,25.6,1013.4,1.0
2025-11-12 19:00:00,AEPOPT,11.8,1.7,50.0,0.0,25.9,1013.0,1.0
2025-11-12 20:00:00,AEPOPT,11.4,1.6,51.0,0.0,24.5,1013.4,1.0
2025-11-12 21:00:00,AEPOPT,10.6,1.2,52.0,0.0,21.6,1014.0,1.0
2025-11-12 22:00:00,AEPOPT,9.1,0.5,55.0,0.0,19.4,1014.9,2.0
2025-11-12 23:00:00,AEPOPT,7.7,-0.3,57.0,0.0,16.6,1016.0,1.0
2025-11-13 00:00:00,AEPOPT,6.8,-0.4,60.0,0.0,17.3,1017.0,1.0
2025-11-13 01:00:00,AEPOPT,6.2,-0.5,62.0,0.0,16.9,1017.8,1.0
2025-11-13 02:00:00,AEPOPT,5.5,-0.6,65.0,0.0,15.8,1018.4,1.0
2025-11-13 03:00:00,AEPOPT,4.7,-0.7,68.0,0.0,14.0,1019.0,1.0
2025-11-13 04:00:00,AEPOPT,4.9,-1.8,62.0,0.0,11.5,1018.3,1.0
2025-11-13 05:00:00,AEPOPT,4.5,-1.7,64.0,0.0,12.2,1018.6,1.0
2025-11-13 06:00:00,AEPOPT,4.2,-1.4,67.0,0.0,13.3,1018.9,3.0
2025-11-13 07:00:00,AEPOPT,4.1,-1.1,69.0,0.0,13.3,1019.3,3.0
2025-11-13 08:00:00,AEPOPT,4.1,-1.1,69.0,0.0,13.3,1020.0,3.0
2025-11-13 09:00:00,AEPOPT,4.0,-1.0,70.0,0.0,13.0,1020.5,3.0
2025-11-13 10:00:00,AEPOPT,3.7,-1.1,71.0,0.0,12.2,1021.1,3.0
2025-11-13 11:00:00,AEPOPT,3.0,-1.2,74.0,0.0,11.5,1021.7,3.0
2025-11-13 12:00:00,AEPOPT,2.5,-0.9,78.0,0.0,11.2,1022.2,1.0
2025-11-13 13:00:00,AEPOPT,3.2,-0.8,75.0,0.0,11.5,1023.0,1.0
2025-11-13 14:00:00,AEPOPT,5.6,-0.2,66.0,0.0,10.4,1023.5,1.0
2025-11-13 15:00:00,AEPOPT,7.9,0.1,58.0,0.0,11.5,1023.5,1.0
2025-11-13 16:00:00,AEPOPT,9.9,0.2,51.0,0.0,13.3,1023.2,1.0
2025-11-13 17:00:00,AEPOPT,11.3,-0.5,44.0,0.0,15.1,1022.6,1.0
2025-11-13 18:00:00,AEPOPT,12.2,-0.7,41.0,0.0,16.6,1021.6,1.0
2025-11-13 19:00:00,AEPOPT,12.7,-0.9,39.0,0.0,16.2,1021.1,1.0
2025-11-13 20:00:00,AEPOPT,12.8,-1.2,38.0,0.0,15.8,1020.9,1.0
2025-11-13 21:00:00,AEPOPT,12.3,-0.9,40.0,0.0,14.0,1020.8,2.0
2025-11-13 22:00:00,AEPOPT,9.9,-0.3,49.0,0.0,9.7,1021.2,2.0
2025-11-13 23:00:00,AEPOPT,8.0,-0.2,56.0,0.0,10.8,1021.7,1.0
2025-11-14 00:00:00,AEPOPT,7.1,-0.1,60.0,0.0,11.2,1022.2,3.0
2025-11-14 01:00:00,AEPOPT,6.2,0.1,65.0,0.0,10.4,1022.4,2.0
2025-11-14 02:00:00,AEPOPT,5.7,-0.6,64.0,0.0,10.1,1023.1,1.0
2025-11-14 03:00:00,AEPOPT,4.9,-0.3,69.0,0.0,9.0,1023.0,2.0
2025-11-14 04:00:00,AEPOPT,4.0,-0.2,74.0,0.0,7.6,1022.9,1.0
2025-11-14 05:00:00,AEPOPT,3.1,-0.2,79.0,0.0,6.1,1022.8,1.0
2025-11-14 06:00:00,AEPOPT,2.7,-0.2,81.0,0.0,5.8,1023.4,1.0
2025-11-14 07:00:00,AEPOPT,2.3,-0.3,83.0,0.0,5.0,1023.4,1.0
2025-11-14 08:00:00,AEPOPT,2.0,-0.1,86.0,0.0,5.0,1023.7,1.0
2025-11-14 09:00:00,AEPOPT,2.2,0.4,88.0,0.0,3.6,1023.6,2.0
2025-11-14 10:00:00,AEPOPT,3.1,1.3,88.0,0.0,3.6,1024.2,3.0
2025-11-14 11:00:00,AEPOPT,3.1,1.5,89.0,0.0,4.7,1024.4,3.0
2025-11-14 12:00:00,AEPOPT,3.1,1.5,89.0,0.0,6.5,1024.2,3.0
2025-11-14 13:00:00,AEPOPT,3.8,1.7,86.0,0.0,8.6,1024.2,3.0
2025-11-14 14:00:00,AEPOPT,5.9,2.2,77.0,0.0,6.5,1024.1,3.0
2025-11-14 15:00:00,AEPOPT,9.4,2.3,61.0,0.0,7.6,1023.6,3.0
2025-11-14 16:00:00,AEPOPT,12.3,1.6,48.0,0.0,10.1,1022.7,3.0
2025-11-14 17:00:00,AEPOPT,14.4,0.3,38.0,0.0,13.0,1021.0,1.0
2025-11-14 18:00:00,AEPOPT,15.9,-1.2,31.0,0.0,12.2,1019.3,1.0
2025-11-14 19:00:00,AEPOPT,16.3,-1.3,30.0,0.0,11.9,1018.1,3.0
2025-11-14 20:00:00,AEPOPT,16.5,-0.3,32.0,0.2,12.2,1017.2,17.0
2025-11-14 21:00:00,AEPOPT,16.2,2.6,40.0,0.2,9.4,1016.8,17.0
2025-11-14 22:00:00,AEPOPT,14.8,3.0,45.0,0.0,14.4,1016.4,3.0
2025-11-14 23:00:00,AEPOPT,12.3,5.7,64.0,0.2,13.0,1016.5,17.0
2025-11-15 00:00:00,AEPOPT,13.8,6.6,62.0,0.4,14.4,1015.6,17.0
2025-11-15 01:00:00,AEPOPT,13.1,7.3,68.0,0.0,14.0,1015.6,2.0
2025-11-15 02:00:00,AEPOPT,12.3,7.8,74.0,0.0,13.7,1015.5,2.0
2025-11-15 03:00:00,AEPOPT,12.2,8.3,77.0,0.0,14.0,1015.2,2.0
2025-11-15 04:00:00,AEPOPT,11.9,8.7,81.0,0.0,14.8,1015.1,1.0
2025-11-15 05:00:00,AEPOPT,11.5,8.9,84.0,0.0,13.7,1014.6,1.0
2025-11-15 06:00:00,AEPOPT,11.3,9.2,87.0,0.0,13.0,1014.3,3.0
2025-11-15 07:00:00,AEPOPT,11.1,9.2,88.0,0.0,12.2,1014.1,3.0
2025-11-15 08:00:00,AEPOPT,10.9,9.2,89.0,0.0,12.2,1013.9,3.0
2025-11-15 09:00:00,AEPOPT,10.7,9.1,90.0,0.0,13.0,1013.6,3.0
2025-11-15 10:00:00,AEPOPT,10.6,9.0,90.0,0.0,13.0,1013.4,3.0
2025-11-15 11:00:00,AEPOPT,10.5,8.9,90.0,0.0,14.8,1012.7,3.0
2025-11-15 12:00:00,AEPOPT,10.5,9.3,92.0,0.0,15.8,1012.1,3.0
2025-11-15 13:00:00,AEPOPT,11.4,9.7,89.0,0.0,18.4,1011.8,3.0
2025-11-15 14:00:00,AEPOPT,13.6,10.4,81.0,0.0,21.6,1011.3,3.0
2025-11-15 15:00:00,AEPOPT,14.6,10.6,77.0,0.0,18.0,1010.0,3.0
2025-11-15 16:00:00,AEPOPT,16.3,10.8,70.0,0.0,19.1,1008.8,3.0
2025-11-15 17:00:00,AEPOPT,17.6,11.2,66.0,0.0,18.4,1007.4,3.0
2025-11-15 18:00:00,AEPOPT,19.1,11.1,60.0,0.0,25.6,1005.5,3.0
2025-11-15 19:00:00,AEPOPT,18.5,11.3,63.0,0.0,23.0,1004.4,3.0
2025-11-15 20:00:00,AEPOPT,18.1,11.9,67.0,0.0,23.0,1003.0,3.0
2025-11-15 21:00:00,AEPOPT,20.3,12.0,59.0,0.0,23.4,1001.3,3.0
2025-11-15 22:00:00,AEPOPT,19.5,12.5,64.0,0.0,23.0,1000.8,3.0
2025-11-15 23:00:00,AEPOPT,19.2,13.1,68.0,0.0,25.2,1000.5,3.0
2025-11-16 00:00:00,AEPOPT,18.8,13.6,72.0,0.0,23.0,1001.0,3.0
2025-11-16 01:00:00,AEPOPT,18.3,14.0,76.0,0.0,23.4,1001.0,3.0
2025-11-16 02:00:00,AEPOPT,18.0,14.3,79.0,0.1,23.8,1000.5,7.0
2025-11-16 03:00:00,AEPOPT,16.0,14.5,91.0,0.8,25.6,1000.8,17.0
2025-11-16 04:00:00,AEPOPT,15.8,14.7,93.0,0.3,23.0,1000.6,8.0
2025-11-16 05:00:00,AEPOPT,15.4,14.6,95.0,0.0,19.1,1000.5,3.0
2025-11-16 06:00:00,AEPOPT,14.8,14.2,96.0,0.0,16.2,1000.3,3.0
2025-11-16 07:00:00,AEPOPT,14.0,13.0,94.0,0.0,17.6,1000.8,3.0
2025-11-16 08:00:00,AEPOPT,12.7,10.9,89.0,0.0,18.4,1001.8,2.0
2025-11-16 09:00:00,AEPOPT,11.5,8.9,84.0,0.0,16.6,1002.5,1.0
2025-11-16 10:00:00,AEPOPT,10.6,7.5,81.0,0.0,16.2,1003.6,1.0
2025-11-16 11:00:00,AEPOPT,9.7,6.6,81.0,0.0,15.1,1004.5,1.0
2025-11-16 12:00:00,AEPOPT,9.1,5.8,80.0,0.0,17.3,1005.6,1.0
2025-11-16 13:00:00,AEPOPT,8.9,3.7,70.0,0.0,19.4,1006.9,1.0
2025-11-16 14:00:00,AEPOPT,9.3,-0.1,52.0,0.0,22.7,1008.0,1.0
2025-11-16 15:00:00,AEPOPT,9.6,-3.0,41.0,0.0,22.3,1008.7,1.0
2025-11-16 16:00:00,AEPOPT,10.0,-4.0,37.0,0.0,21.2,1009.2,1.0
2025-11-16 17:00:00,AEPOPT,10.5,-3.9,36.0,0.0,21.6,1008.9,1.0
2025-11-16 18:00:00,AEPOPT,11.0,-4.7,33.0,0.0,22.3,1008.4,1.0
2025-11-16 19:00:00,AEPOPT,11.6,-6.8,27.0,0.0,24.1,1008.4,1.0
2025-11-16 20:00:00,AEPOPT,11.4,-7.4,26.0,0.0,24.8,1008.3,1.0
2025-11-16 21:00:00,AEPOPT,10.8,-7.9,26.0,0.0,24.1,1008.9,1.0
2025-11-16 22:00:00,AEPOPT,9.7,-7.0,30.0,0.0,19.8,1009.7,1.0
2025-11-16 23:00:00,AEPOPT,8.6,-7.2,32.0,0.0,17.3,1010.6,1.0
2025-11-17 00:00:00,AEPOPT,7.9,-7.0,34.0,0.0,15.8,1011.4,1.0
2025-11-17 01:00:00,AEPOPT,7.1,-7.0,36.0,0.0,15.5,1012.2,1.0
2025-11-17 02:00:00,AEPOPT,6.4,-6.9,38.0,0.0,15.5,1012.8,1.0
2025-11-17 03:00:00,AEPOPT,5.9,-7.0,39.0,0.0,15.8,1013.5,1.0
2025-11-17 04:00:00,AEPOPT,5.2,-7.3,40.0,0.0,16.2,1014.1,1.0
2025-11-17 05:00:00,AEPOPT,4.3,-7.5,42.0,0.0,15.1,1014.6,1.0
2025-11-17 06:00:00,AEPOPT,3.5,-7.0,46.0,0.0,12.6,1014.8,1.0
2025-11-17 07:00:00,AEPOPT,2.6,-6.5,51.0,0.0,9.4,1015.2,1.0
2025-11-17 08:00:00,AEPOPT,1.9,-6.2,55.0,0.0,8.6,1015.8,1.0
2025-11-17 09:00:00,AEPOPT,1.5,-6.1,57.0,0.0,8.6,1016.3,1.0
2025-11-17 10:00:00,AEPOPT,1.1,-6.2,58.0,0.0,8.6,1017.0,1.0
2025-11-17 11:00:00,AEPOPT,0.8,-5.9,61.0,0.0,8.6,1017.8,1.0
2025-11-17 12:00:00,AEPOPT,0.5,-5.7,63.0,0.0,9.0,1018.5,1.0
2025-11-17 13:00:00,AEPOPT,1.2,-5.5,61.0,0.0,10.1,1019.3,1.0
2025-11-17 14:00:00,AEPOPT,3.6,-5.6,51.0,0.0,9.4,1019.8,1.0
2025-11-17 15:00:00,AEPOPT,5.8,-5.8,43.0,0.0,10.4,1019.6,1.0
2025-11-17 16:00:00,AEPOPT,7.5,-5.6,39.0,0.0,11.9,1019.5,1.0
2025-11-17 17:00:00,AEPOPT,8.7,-5.5,36.0,0.0,13.3,1018.8,1.0
2025-11-17 18:00:00,AEPOPT,9.6,-5.5,34.0,0.0,13.7,1017.9,1.0
2025-11-17 19:00:00,AEPOPT,10.1,-5.4,33.0,0.0,14.0,1017.6,1.0
2025-11-17 20:00:00,AEPOPT,10.2,-5.8,32.0,0.0,14.4,1017.8,1.0
2025-11-17 21:00:00,AEPOPT,9.9,-5.2,34.0,0.0,13.3,1018.3,1.0
2025-11-17 22:00:00,AEPOPT,8.2,-4.6,40.0,0.0,7.2,1018.7,1.0
2025-11-17 23:00:00,AEPOPT,5.8,-3.6,51.0,0.0,5.8,1018.9,1.0
2025-11-18 00:00:00,AEPOPT,4.9,-2.7,58.0,0.0,6.1,1019.4,1.0
2025-11-18 01:00:00,AEPOPT,4.3,-2.3,62.0,0.0,5.8,1019.8,1.0
2025-11-18 02:00:00,AEPOPT,4.0,-2.0,65.0,0.0,2.9,1020.1,1.0
2025-11-18 03:00:00,AEPOPT,3.5,-1.6,69.0,0.0,1.4,1020.6,1.0
2025-11-18 04:00:00,AEPOPT,3.1,-1.1,74.0,0.0,0.7,1020.8,2.0
2025-11-18 05:00:00,AEPOPT,3.4,-0.4,76.0,0.0,2.2,1020.8,3.0
2025-11-18 06:00:00,AEPOPT,2.2,-0.4,83.0,0.0,4.3,1020.8,1.0
2025-11-18 07:00:00,AEPOPT,1.7,-0.7,84.0,0.0,5.4,1020.9,1.0
2025-11-18 08:00:00,AEPOPT,1.9,-1.0,81.0,0.0,7.2,1020.9,1.0
2025-11-18 09:00:00,AEPOPT,3.8,-1.6,68.0,0.0,7.6,1020.6,3.0
2025-11-18 10:00:00,AEPOPT,4.1,-2.1,64.0,0.0,6.8,1021.0,3.0
2025-11-18 11:00:00,AEPOPT,4.4,-2.2,62.0,0.0,7.2,1021.3,3.0
2025-11-18 12:00:00,AEPOPT,4.8,-2.1,61.0,0.2,7.9,1021.2,7.0
2025-11-18 13:00:00,AEPOPT,5.2,-1.7,61.0,0.0,9.0,1021.3,3.0
2025-11-18 14:00:00,AEPOPT,5.8,-1.8,58.0,0.0,10.1,1021.5,3.0
2025-11-18 15:00:00,AEPOPT,6.3,-0.7,61.0,0.0,12.2,1021.0,3.0
2025-11-18 16:00:00,AEPOPT,6.6,0.1,63.0,0.0,13.0,1020.2,3.0
2025-11-18 17:00:00,AEPOPT,8.5,1.2,60.0,2.7,11.9,1019.2,9.0
2025-11-18 18:00:00,AEPOPT,7.4,3.4,76.0,4.0,13.0,1017.3,9.0
2025-11-18 19:00:00,AEPOPT,9.2,3.4,67.0,0.1,8.6,1016.6,7.0
2025-11-18 20:00:00,AEPOPT,8.2,6.2,87.0,2.2,10.4,1016.4,9.0
2025-11-18 21:00:00,AEPOPT,7.4,6.7,95.0,2.8,10.4,1015.5,9.0
2025-11-18 22:00:00,AEPOPT,7.9,6.8,93.0,0.8,10.1,1015.0,8.0
2025-11-18 23:00:00,AEPOPT,7.9,7.5,97.0,0.5,6.5,1015.2,8.0
2025-11-19 00:00:00,AEPOPT,8.0,7.6,97.0,2.2,8.3,1015.0,9.0
2025-11-19 01:00:00,AEPOPT,8.2,7.4,95.0,0.3,4.3,1015.7,8.0
2025-11-19 02:00:00,AEPOPT,8.2,7.4,95.0,0.2,1.8,1016.0,7.0
2025-11-19 03:00:00,AEPOPT,8.1,7.5,96.0,0.0,1.4,1016.2,3.0
2025-11-19 04:00:00,AEPOPT,8.3,7.9,97.0,0.0,6.5,1015.9,3.0
2025-11-19 05:00:00,AEPOPT,6.5,6.2,98.0,0.0,3.2,1016.5,1.0
2025-11-19 06:00:00,AEPOPT,6.2,6.1,99.0,0.0,6.5,1017.3,2.0
2025-11-19 07:00:00,AEPOPT,6.8,6.4,97.0,0.0,7.9,1017.8,3.0
2025-11-19 08:00:00,AEPOPT,6.8,6.5,98.0,0.0,7.6,1018.3,3.0
2025-11-19 09:00:00,AEPOPT,6.8,6.4,97.0,0.0,6.5,1018.7,3.0
2025-11-19 10:00:00,AEPOPT,6.7,6.3,97.0,0.0,6.1,1019.2,3.0
2025-11-19 11:00:00,AEPOPT,6.4,6.0,97.0,0.0,8.6,1020.1,3.0
2025-11-19 12:00:00,AEPOPT,6.0,5.4,96.0,0.0,9.0,1021.0,3.0
2025-11-19 13:00:00,AEPOPT,,,,,,,
2025-11-19 14:00:00,AEPOPT,,,,,,,
2025-11-19 15:00:00,AEPOPT,,,,,,,
2025-11-19 16:00:00,AEPOPT,,,,,,,
2025-11-19 17:00:00,AEPOPT,,,,,,,
2025-11-19 18:00:00,AEPOPT,15.2,9.1,67.0,,2.5,1020.3,
2025-11-19 19:00:00,AEPOPT,,,,,,,
2025-11-19 20:00:00,AEPOPT,,,,,,,
2025-11-19 21:00:00,AEPOPT,,,,,,,
2025-11-19 22:00:00,AEPOPT,,,,,,,
2025-11-19 23:00:00,AEPOPT,,,,,,,
2025-11-20 00:00:00,AEPOPT,12.3,9.8,85.0,,4.7,1020.7,
2025-11-20 01:00:00,AEPOPT,,,,,,,
2025-11-20 02:00:00,AEPOPT,,,,,,,
2025-11-20 03:00:00,AEPOPT,,,,,,,
2025-11-20 04:00:00,AEPOPT,,,,,,,
2025-11-20 05:00:00,AEPOPT,,,,,,,
2025-11-20 06:00:00,AEPOPT,12.2,12.0,99.0,,7.9,1019.6,
2025-11-20 07:00:00,AEPOPT,,,,,,,
2025-11-20 08:00:00,AEPOPT,,,,,,,
2025-11-20 09:00:00,AEPOPT,,,,,,,
2025-11-20 10:00:00,AEPOPT,,,,,,,
2025-11-20 11:00:00,AEPOPT,,,,,,,
2025-11-20 12:00:00,AEPOPT,12.6,12.6,100.0,,7.2,1021.1,
2025-11-20 13:00:00,AEPOPT,,,,,,,
2025-11-20 14:00:00,AEPOPT,,,,,,,
2025-11-20 15:00:00,AEPOPT,,,,,,,
2025-11-20 16:00:00,AEPOPT,,,,,,,
2025-11-20 17:00:00,AEPOPT,,,,,,,
2025-11-20 18:00:00,AEPOPT,17.7,13.6,77.0,,6.5,1019.8,
2025-11-20 19:00:00,AEPOPT,,,,,,,
2025-11-20 20:00:00,AEPOPT,,,,,,,
2025-11-20 21:00:00,AEPOPT,,,,,,,
2025-11-20 22:00:00,AEPOPT,,,,,,,
2025-11-20 23:00:00,AEPOPT,,,,,,,
2025-11-21 00:00:00,AEPOPT,16.3,15.3,94.0,,7.2,1018.9,
2025-11-21 01:00:00,AEPOPT,,,,,,,
2025-11-21 02:00:00,AEPOPT,,,,,,,
2025-11-21 03:00:00,AEPOPT,,,,,,,
2025-11-21 04:00:00,AEPOPT,,,,,,,
2025-11-21 05:00:00,AEPOPT,,,,,,,
2025-11-21 06:00:00,AEPOPT,14.6,14.3,98.0,,10.8,1017.8,
2025-11-21 07:00:00,AEPOPT,,,,,,,
2025-11-21 08:00:00,AEPOPT,,,,,,,
2025-11-21 09:00:00,AEPOPT,,,,,,,
2025-11-21 10:00:00,AEPOPT,,,,,,,
2025-11-21 11:00:00,AEPOPT,,,,,,,
2025-11-21 12:00:00,AEPOPT,14.3,14.0,98.0,,10.4,1015.9,
2025-11-21 13:00:00,AEPOPT,,,,,,,
2025-11-21 14:00:00,AEPOPT,,,,,,,
2025-11-21 15:00:00,AEPOPT,,,,,,,
2025-11-21 16:00:00,AEPOPT,,,,,,,
2025-11-21 17:00:00,AEPOPT,,,,,,,
2025-11-21 18:00:00,AEPOPT,20.1,14.5,70.0,,12.6,1012.3,
2025-11-21 19:00:00,AEPOPT,,,,,,,
2025-11-21 20:00:00,AEPOPT,,,,,,,
2025-11-21 21:00:00,AEPOPT,,,,,,,
2025-11-21 22:00:00,AEPOPT,,,,,,,
2025-11-21 23:00:00,AEPOPT,,,,,,,
2025-11-22 00:00:00,AEPOPT,18.9,13.5,71.0,,19.1,1009.9,
2025-11-22 01:00:00,AEPOPT,,,,,,,
2025-11-22 02:00:00,AEPOPT,,,,,,,
2025-11-22 03:00:00,AEPOPT,,,,,,,
2025-11-22 04:00:00,AEPOPT,,,,,,,
2025-11-22 05:00:00,AEPOPT,,,,,,,
2025-11-22 06:00:00,AEPOPT,17.6,15.0,85.0,,19.4,1011.8,
2025-11-22 07:00:00,AEPOPT,,,,,,,
2025-11-22 08:00:00,AEPOPT,,,,,,,
2025-11-22 09:00:00,AEPOPT,,,,,,,
2025-11-22 10:00:00,AEPOPT,,,,,,,
2025-11-22 11:00:00,AEPOPT,,,,,,,
2025-11-22 12:00:00,AEPOPT,14.4,14.1,98.0,,11.5,1015.3,
2025-11-22 13:00:00,AEPOPT,,,,,,,
2025-11-22 14:00:00,AEPOPT,,,,,,,
2025-11-22 15:00:00,AEPOPT,,,,,,,
2025-11-22 16:00:00,AEPOPT,,,,,,,
2025-11-22 17:00:00,AEPOPT,,,,,,,
2025-11-22 18:00:00,AEPOPT,20.8,11.4,55.0,,11.9,1015.7,
2025-11-22 19:00:00,AEPOPT,,,,,,,
2025-11-22 20:00:00,AEPOPT,,,,,,,
2025-11-22 21:00:00,AEPOPT,,,,,,,
2025-11-22 22:00:00,AEPOPT,,,,,,,
2025-11-22 23:00:00,AEPOPT,,,,,,,
2025-11-23 00:00:00,AEPOPT,14.6,9.4,71.0,,8.3,1017.2,
2025-11-23 01:00:00,AEPOPT,,,,,,,
2025-11-23 02:00:00,AEPOPT,,,,,,,
2025-11-23 03:00:00,AEPOPT,,,,,,,
2025-11-23 04:00:00,AEPOPT,,,,,,,
2025-11-23 05:00:00,AEPOPT,,,,,,,
2025-11-23 06:00:00,AEPOPT,10.9,9.5,91.0,,5.8,1018.0,
2025-11-23 07:00:00,AEPOPT,,,,,,,
2025-11-23 08:00:00,AEPOPT,,,,,,,
2025-11-23 09:00:00,AEPOPT,,,,,,,
2025-11-23 10:00:00,AEPOPT,,,,,,,
2025-11-23 11:00:00,AEPOPT,,,,,,,
2025-11-23 12:00:00,AEPOPT,9.9,9.4,97.0,,6.1,1018.8,
2025-11-23 13:00:00,AEPOPT,,,,,,,
2025-11-23 14:00:00,AEPOPT,,,,,,,
2025-11-23 15:00:00,AEPOPT,,,,,,,
2025-11-23 16:00:00,AEPOPT,,,,,,,
2025-11-23 17:00:00,AEPOPT,,,,,,,
2025-11-23 18:00:00,AEPOPT,13.1,10.1,82.0,,8.6,1018.3,
2025-11-23 19:00:00,AEPOPT,,,,,,,
2025-11-23 20:00:00,AEPOPT,,,,,,,
2025-11-23 21:00:00,AEPOPT,,,,,,,
2025-11-23 22:00:00,AEPOPT,,,,,,,
2025-11-23 23:00:00,AEPOPT,,,,,,,
2025-11-24 00:00:00,AEPOPT,12.0,10.1,88.0,,2.2,1017.9,
2025-11-24 01:00:00,AEPOPT,,,,,,,
2025-11-24 02:00:00,AEPOPT,,,,,,,
2025-11-24 03:00:00,AEPOPT,,,,,,,
2025-11-24 04:00:00,AEPOPT,,,,,,,
2025-11-24 05:00:00,AEPOPT,,,,,,,
2025-11-24 06:00:00,AEPOPT,11.5,10.2,92.0,,5.8,1017.3,
2025-11-24 07:00:00,AEPOPT,,,,,,,
2025-11-24 08:00:00,AEPOPT,,,,,,,
2025-11-24 09:00:00,AEPOPT,,,,,,,
2025-11-24 10:00:00,AEPOPT,,,,,,,
2025-11-24 11:00:00,AEPOPT,,,,,,,
2025-11-24 12:00:00,AEPOPT,11.2,10.9,98.0,,4.7,1016.5,
2025-11-24 13:00:00,AEPOPT,,,,,,,
2025-11-24 14:00:00,AEPOPT,,,,,,,
2025-11-24 15:00:00,AEPOPT,,,,,,,
2025-11-24 16:00:00,AEPOPT,,,,,,,
2025-11-24 17:00:00,AEPOPT,,,,,,,
2025-11-24 18:00:00,AEPOPT,17.2,12.9,76.0,,7.6,1017.1,
2025-11-24 19:00:00,AEPOPT,,,,,,,
2025-11-24 20:00:00,AEPOPT,,,,,,,
2025-11-24 21:00:00,AEPOPT,,,,,,,
2025-11-24 22:00:00,AEPOPT,,,,,,,
2025-11-24 23:00:00,AEPOPT,,,,,,,
2025-11-25 00:00:00,AEPOPT,13.7,12.4,92.0,,3.2,1019.1,
2025-11-25 01:00:00,AEPOPT,,,,,,,
2025-11-25 02:00:00,AEPOPT,,,,,,,
2025-11-25 03:00:00,AEPOPT,,,,,,,
2025-11-25 04:00:00,AEPOPT,,,,,,,
2025-11-25 05:00:00,AEPOPT,,,,,,,
2025-11-25 06:00:00,AEPOPT,10.7,10.1,96.0,,10.8,1021.2,
2025-11-25 07:00:00,AEPOPT,,,,,,,
2025-11-25 08:00:00,AEPOPT,,,,,,,
2025-11-25 09:00:00,AEPOPT,,,,,,,
2025-11-25 10:00:00,AEPOPT,,,,,,,
2025-11-25 11:00:00,AEPOPT,,,,,,,
2025-11-25 12:00:00,AEPOPT,9.2,6.8,85.0,,11.2,1022.6,
2025-11-25 13:00:00,AEPOPT,,,,,,,
2025-11-25 14:00:00,AEPOPT,,,,,,,
2025-11-25 15:00:00,AEPOPT,,,,,,,
2025-11-25 16:00:00,AEPOPT,,,,,,,
2025-11-25 17:00:00,AEPOPT,,,,,,,
2025-11-25 18:00:00,AEPOPT,9.9,9.1,95.0,,15.8,1020.4,
2025-11-25 19:00:00,AEPOPT,,,,,,,
2025-11-25 20:00:00,AEPOPT,,,,,,,
2025-11-25 21:00:00,AEPOPT,,,,,,,
2025-11-25 22:00:00,AEPOPT,,,,,,,
2025-11-25 23:00:00,AEPOPT,,,,,,,
2025-11-26 00:00:00,AEPOPT,12.4,11.9,97.0,,16.2,1017.7,
2025-11-01 00:00:00,AP,6.0,4.3,89.0,0.0,7.0,1010.0,3.0
2025-11-01 01:00:00,AP,6.0,5.0,93.0,0.0,19.0,1010.0,3.0
2025-11-01 02:00:00,AP,7.0,3.6,79.0,0.0,17.0,1011.0,3.0
2025-11-01 03:00:00,AP,7.0,2.7,74.0,0.0,15.0,1011.0,3.0
2025-11-01 04:00:00,AP,7.0,3.1,76.0,0.0,13.0,1011.0,3.0
2025-11-01 05:00:00,AP,7.0,2.5,73.0,0.0,15.0,1012.0,3.0
2025-11-01 06:00:00,AP,7.0,2.5,73.0,0.0,13.0,1012.0,2.0
2025-11-01 07:00:00,AP,6.0,2.1,76.0,0.0,11.0,1013.0,3.0
2025-11-01 08:00:00,AP,6.0,2.1,76.0,0.0,15.0,1013.0,3.0
2025-11-01 09:00:00,AP,5.0,2.2,82.0,0.0,11.0,1013.0,3.0
2025-11-01 10:00:00,AP,4.0,2.4,89.0,0.0,9.0,1014.0,3.0
2025-11-01 11:00:00,AP,4.0,2.4,89.0,0.0,11.0,1015.0,3.0
2025-11-01 12:00:00,AP,4.0,2.4,89.0,0.0,9.0,1016.0,3.0
2025-11-01 13:00:00,AP,7.0,4.1,82.0,0.0,15.0,1017.0,3.0
2025-11-01 14:00:00,AP,9.0,4.0,71.0,0.0,11.0,1017.0,3.0
2025-11-01 15:00:00,AP,9.0,2.3,63.0,0.0,15.0,1017.0,2.0
2025-11-01 16:00:00,AP,9.0,1.9,61.0,0.0,11.0,1017.0,2.0
2025-11-01 17:00:00,AP,11.0,2.6,56.0,0.0,13.0,1017.0,3.0
2025-11-01 18:00:00,AP,11.0,1.5,52.0,0.0,11.0,1017.0,3.0
2025-11-01 19:00:00,AP,11.0,0.4,48.0,0.0,17.0,1017.0,3.0
2025-11-01 20:00:00,AP,11.0,0.4,48.0,0.0,13.0,1018.0,3.0
2025-11-01 21:00:00,AP,9.0,0.7,56.0,0.0,7.0,1018.0,3.0
2025-11-01 22:00:00,AP,8.0,0.2,58.0,0.0,0.0,1019.0,3.0
2025-11-01 23:00:00,AP,7.0,2.1,71.0,0.0,0.0,1019.0,3.0
2025-11-02 00:00:00,AP,7.0,3.1,76.0,0.0,0.0,1020.0,3.0
2025-11-02 01:00:00,AP,6.0,3.2,82.0,0.0,0.0,1020.0,1.0
2025-11-02 02:00:00,AP,6.0,3.2,82.0,0.0,6.0,1021.0,1.0
2025-11-02 03:00:00,AP,4.0,3.0,93.0,0.0,3.6,1021.0,1.0
2025-11-02 04:00:00,AP,5.0,3.3,89.0,0.0,0.0,1021.0,1.0
2025-11-02 05:00:00,AP,4.0,3.0,93.0,0.0,0.0,1021.0,3.0
2025-11-02 06:00:00,AP,4.0,2.4,89.0,0.0,7.0,1022.0,3.0
2025-11-02 07:00:00,AP,3.0,2.0,93.0,0.0,0.0,1022.0,2.0
2025-11-02 08:00:00,AP,3.0,2.4,96.0,0.0,0.0,1022.0,3.0
2025-11-02 09:00:00,AP,2.0,1.4,96.0,0.0,0.0,1022.7,1.0
2025-11-02 10:00:00,AP,2.0,1.0,93.0,0.0,0.0,,1.0
2025-11-02 11:00:00,AP,1.0,0.4,96.0,0.0,0.0,1024.0,2.0
2025-11-02 12:00:00,AP,3.0,2.4,96.0,0.0,7.0,1024.0,3.0
2025-11-02 13:00:00,AP,6.0,3.7,85.0,0.0,0.0,1025.0,3.0
2025-11-02 14:00:00,AP,9.0,4.0,71.0,0.0,7.0,1025.0,3.0
2025-11-02 15:00:00,AP,11.0,3.3,59.0,0.0,7.0,1025.0,3.0
2025-11-02 16:00:00,AP,11.0,3.3,59.0,0.0,7.0,1025.0,3.0
2025-11-02 17:00:00,AP,13.0,3.1,51.0,0.0,7.0,1024.0,3.0
2025-11-02 18:00:00,AP,13.0,3.1,51.0,0.0,11.0,1023.0,2.0
2025-11-02 19:00:00,AP,13.0,3.4,52.0,0.0,13.0,1023.0,2.0
2025-11-02 20:00:00,AP,13.0,3.4,52.0,0.0,7.0,1023.0,3.0
2025-11-02 21:00:00,AP,12.0,3.5,56.0,0.0,13.0,1023.0,3.0
2025-11-02 22:00:00,AP,11.0,4.2,63.0,0.0,9.0,1023.0,3.0
2025-11-02 23:00:00,AP,10.0,3.3,63.0,0.0,7.0,1023.0,2.0
2025-11-03 00:00:00,AP,9.0,3.4,68.0,0.0,7.0,1023.0,1.0
2025-11-03 01:00:00,AP,8.0,3.5,73.0,0.0,7.0,1023.0,1.0
2025-11-03 02:00:00,AP,8.0,3.1,71.0,0.0,9.0,1022.0,1.0
2025-11-03 03:00:00,AP,8.0,3.5,73.0,0.0,7.0,1022.0,1.0
2025-11-03 04:00:00,AP,6.0,3.2,82.0,0.0,7.0,1022.0,1.0
2025-11-03 05:00:00,AP,6.0,3.2,82.0,0.0,6.0,1021.0,1.0
2025-11-03 06:00:00,AP,6.0,3.7,85.0,0.0,9.0,1021.0,1.0
2025-11-03 07:00:00,AP,6.0,3.7,85.0,0.0,7.0,1021.0,1.0
2025-11-03 08:00:00,AP,4.0,2.4,89.0,0.0,9.0,1020.0,1.0
2025-11-03 09:00:00,AP,4.0,2.4,89.0,0.0,9.0,1020.0,1.0
2025-11-03 10:00:00,AP,4.0,2.4,89.0,0.0,7.0,1020.0,1.0
2025-11-03 11:00:00,AP,4.0,3.0,93.0,0.0,9.0,1019.0,1.0
2025-11-03 12:00:00,AP,6.0,4.0,87.0,0.0,15.0,1020.0,1.0
2025-11-03 13:00:00,AP,7.0,5.0,87.0,0.0,11.0,1019.0,3.0
2025-11-03 14:00:00,AP,8.0,4.0,76.0,0.0,15.0,1018.0,2.0
2025-11-03 15:00:00,AP,8.0,3.1,71.0,0.0,19.0,1018.0,3.0
2025-11-03 16:00:00,AP,8.0,1.8,65.0,0.0,22.0,1018.0,3.0
2025-11-03 17:00:00,AP,9.0,1.9,61.0,0.0,28.0,1016.0,3.0
2025-11-03 18:00:00,AP,8.0,1.8,65.0,0.0,20.0,1015.0,3.0
2025-11-03 19:00:00,AP,9.0,2.3,63.0,0.0,22.0,1016.0,3.0
2025-11-03 20:00:00,AP,9.0,3.0,66.0,0.0,22.0,1016.0,3.0
2025-11-03 21:00:00,AP,9.0,3.0,66.0,0.0,15.0,1016.0,3.0
2025-11-03 22:00:00,AP,7.0,1.5,68.0,0.0,9.0,1017.0,3.0
2025-11-03 23:00:00,AP,7.0,0.9,65.0,0.0,20.5,1017.0,2.0
2025-11-04 00:00:00,AP,8.0,0.9,61.0,0.0,19.0,1017.0,1.0
2025-11-04 01:00:00,AP,8.0,1.4,63.0,0.0,26.0,1018.0,2.0
2025-11-04 02:00:00,AP,7.0,0.9,65.0,0.0,20.0,1019.0,1.0
2025-11-04 03:00:00,AP,6.0,-0.1,65.0,0.0,9.0,1020.0,1.0
2025-11-04 04:00:00,AP,6.0,-0.3,64.0,0.0,22.0,1020.0,2.0
2025-11-04 05:00:00,AP,7.3,-1.1,55.0,0.0,11.0,1020.0,1.0
2025-11-04 06:00:00,AP,5.0,-0.6,67.0,0.0,15.0,1020.0,1.0
2025-11-04 07:00:00,AP,4.0,-0.4,73.0,0.0,13.0,1021.0,1.0
2025-11-04 08:00:00,AP,3.0,-0.8,76.0,0.0,13.0,1021.0,1.0
2025-11-04 09:00:00,AP,3.0,-0.5,78.0,0.0,11.0,1022.0,1.0
2025-11-04 10:00:00,AP,2.0,-0.7,82.0,0.0,11.0,1023.0,1.0
2025-11-04 11:00:00,AP,2.0,-0.3,85.0,0.0,11.0,1023.0,1.0
2025-11-04 12:00:00,AP,3.0,-0.3,79.0,0.0,13.0,1024.0,1.0
2025-11-04 13:00:00,AP,6.0,0.9,70.0,0.0,15.0,1024.0,2.0
2025-11-04 14:00:00,AP,8.0,1.4,63.0,0.0,19.0,1024.0,3.0
2025-11-04 15:00:00,AP,11.0,-1.7,41.0,0.0,24.0,1024.0,3.0
2025-11-04 16:00:00,AP,12.0,-1.9,38.0,0.0,17.0,1024.3,1.0
2025-11-04 17:00:00,AP,13.0,-5.1,28.0,0.0,21.6,1023.0,1.0
2025-11-04 18:00:00,AP,13.0,-5.1,28.0,0.0,32.0,1022.6,1.0
2025-11-04 19:00:00,AP,13.0,-7.1,24.0,0.0,26.0,1022.0,1.0
2025-11-04 20:00:00,AP,13.0,-7.6,23.0,0.0,17.0,1023.0,1.0
2025-11-04 21:00:00,AP,11.0,-6.8,28.0,0.0,13.0,1023.0,1.0
2025-11-04 22:00:00,AP,10.0,-7.7,28.0,0.0,9.0,1023.0,1.0
2025-11-04 23:00:00,AP,9.0,-6.4,33.0,0.0,11.0,1023.0,3.0
2025-11-05 00:00:00,AP,9.0,-5.6,35.0,0.0,9.0,1023.0,3.0
2025-11-05 01:00:00,AP,9.0,-5.6,35.0,0.0,7.0,1023.0,3.0
2025-11-05 02:00:00,AP,8.0,-5.5,38.0,0.0,7.0,1022.0,3.0
2025-11-05 03:00:00,AP,7.0,-4.1,45.0,0.0,7.0,1021.0,3.0
2025-11-05 04:00:00,AP,6.0,-4.5,47.0,0.0,7.0,1021.0,1.0
2025-11-05 05:00:00,AP,5.0,-2.8,57.0,0.0,9.0,1021.8,1.0
2025-11-05 06:00:00,AP,6.0,-3.4,51.0,0.0,9.0,1020.0,3.0
2025-11-05 07:00:00,AP,7.0,-1.9,53.0,0.0,9.0,1019.0,3.0
2025-11-05 08:00:00,AP,7.0,-1.9,53.0,0.0,11.0,1018.0,2.0
2025-11-05 09:00:00,AP,6.0,-2.4,55.0,0.0,15.0,1017.0,1.0
2025-11-05 10:00:00,AP,6.0,-1.9,57.0,0.0,15.0,1016.0,3.0
2025-11-05 11:00:00,AP,6.0,-2.4,55.0,0.0,15.0,1014.0,2.0
2025-11-05 12:00:00,AP,7.0,-1.2,56.0,0.0,17.0,1013.0,1.0
2025-11-05 13:00:00,AP,10.0,1.6,56.0,0.0,17.0,1012.0,1.0
2025-11-05 14:00:00,AP,12.0,3.7,57.0,0.0,17.0,1011.0,2.0
2025-11-05 15:00:00,AP,13.0,4.7,57.0,0.0,22.0,1010.0,3.0
2025-11-05 16:00:00,AP,13.0,5.4,60.0,0.0,17.0,1009.0,3.0
2025-11-05 17:00:00,AP,14.0,6.1,59.0,0.0,15.0,1008.0,3.0
2025-11-05 18:00:00,AP,14.0,6.4,60.0,0.0,20.0,1007.0,3.0
2025-11-05 19:00:00,AP,14.0,6.8,62.0,0.0,28.0,1007.0,3.0
2025-11-05 20:00:00,AP,13.0,8.5,74.0,0.0,20.0,1007.0,7.0
2025-11-05 21:00:00,AP,12.0,10.1,88.0,0.0,22.0,1008.0,8.0
2025-11-05 22:00:00,AP,11.0,9.1,88.0,0.0,28.0,1008.0,17.0
2025-11-05 23:00:00,AP,8.0,6.3,89.0,0.0,20.0,1012.0,8.0
2025-11-06 00:00:00,AP,8.0,4.9,81.0,0.5,22.0,1013.0,8.0
2025-11-06 01:00:00,AP,7.0,4.0,81.0,0.0,19.0,1013.0,8.0
2025-11-06 02:00:00,AP,6.0,3.2,82.0,0.0,15.0,1016.0,17.0
2025-11-06 03:00:00,AP,6.0,3.0,81.0,0.2,13.0,1016.0,7.0
2025-11-06 04:00:00,AP,5.0,0.6,73.0,0.2,20.0,1018.0,17.0
2025-11-06 05:00:00,AP,4.0,-0.4,73.0,0.1,13.0,1018.0,17.0
2025-11-06 06:00:00,AP,3.0,-1.4,73.0,0.0,11.0,1019.0,1.0
2025-11-06 07:00:00,AP,3.0,-1.5,72.0,0.0,9.0,1019.0,1.0
2025-11-06 08:00:00,AP,2.0,-2.0,75.0,0.0,11.0,1019.0,1.0
2025-11-06 09:00:00,AP,2.0,-1.4,78.0,0.0,9.0,1020.0,1.0
2025-11-06 10:00:00,AP,2.0,-2.0,75.0,0.0,9.0,1020.0,1.0
2025-11-06 11:00:00,AP,2.0,-1.4,78.0,0.0,9.0,1021.0,1.0
2025-11-06 12:00:00,AP,3.0,-0.8,76.0,0.0,9.0,1022.0,1.0
2025-11-06 13:00:00,AP,5.0,-0.0,70.0,0.0,11.0,1022.0,1.0
2025-11-06 14:00:00,AP,7.0,-0.7,58.0,0.0,21.6,1022.0,1.0
2025-11-06 15:00:00,AP,7.0,-1.9,53.0,0.0,9.0,1023.0,2.0
2025-11-06 16:00:00,AP,8.0,-2.3,48.0,0.0,28.0,1023.0,3.0
2025-11-06 17:00:00,AP,8.0,-2.9,46.0,0.0,20.0,1022.0,2.0
2025-11-06 18:00:00,AP,9.0,-3.5,41.0,0.0,22.0,1021.0,1.0
2025-11-06 19:00:00,AP,8.0,-4.8,40.0,0.0,11.0,1021.0,1.0
2025-11-06 20:00:00,AP,8.0,-4.8,40.0,0.0,11.0,1021.0,2.0
2025-11-06 21:00:00,AP,7.0,-5.0,42.0,0.0,7.0,1021.0,3.0
2025-11-06 22:00:00,AP,6.0,-3.9,49.0,0.0,0.0,1021.0,3.0
2025-11-06 23:00:00,AP,4.0,-3.7,57.0,0.0,0.0,1021.0,3.0
2025-11-07 00:00:00,AP,4.0,-3.3,59.0,0.0,0.0,1021.0,3.0
2025-11-07 01:00:00,AP,2.0,-3.5,67.0,0.0,0.0,1020.0,3.0
2025-11-07 02:00:00,AP,1.0,-2.9,75.0,0.0,9.0,1019.0,3.0
2025-11-07 03:00:00,AP,1.0,-2.9,75.0,0.0,7.0,1019.0,3.0
2025-11-07 04:00:00,AP,1.0,-2.9,75.0,0.0,8.6,1020.4,3.0
2025-11-07 05:00:00,AP,1.0,-2.9,75.0,0.0,5.0,,3.0
2025-11-07 06:00:00,AP,3.0,-3.1,64.0,0.0,17.0,1016.0,3.0
2025-11-07 07:00:00,AP,3.0,-3.6,62.0,0.0,14.8,1017.0,3.0
2025-11-07 08:00:00,AP,2.0,-3.5,67.0,0.0,11.0,1013.0,3.0
2025-11-07 09:00:00,AP,2.0,-3.5,67.0,0.0,13.0,1012.0,3.0
2025-11-07 10:00:00,AP,3.0,-3.8,61.0,0.0,19.0,1013.2,3.0
2025-11-07 11:00:00,AP,3.0,-4.2,59.0,0.0,19.1,1011.8,3.0
2025-11-07 12:00:00,AP,4.0,-4.2,55.0,0.0,17.0,1008.0,3.0
2025-11-07 13:00:00,AP,7.0,-3.5,47.0,0.0,24.0,1007.0,3.0
2025-11-07 14:00:00,AP,9.0,-1.4,48.0,0.0,22.0,1006.0,3.0
2025-11-07 15:00:00,AP,12.0,2.4,52.0,0.0,33.0,1004.0,3.0
2025-11-07 16:00:00,AP,12.0,3.5,56.0,0.0,30.0,1004.2,3.0
2025-11-07 17:00:00,AP,12.0,4.0,58.0,0.0,22.0,1002.0,8.0
2025-11-07 18:00:00,AP,11.0,8.0,82.0,0.0,5.0,,8.0
2025-11-07 19:00:00,AP,9.0,9.0,100.0,0.0,17.0,,8.0
2025-11-07 20:00:00,AP,11.0,10.1,94.0,0.0,22.0,1001.0,8.0
2025-11-07 21:00:00,AP,12.0,10.9,93.0,0.0,24.0,1001.0,3.0
2025-11-07 22:00:00,AP,12.0,11.4,96.0,0.0,17.0,1001.0,3.0
2025-11-07 23:00:00,AP,12.0,11.1,94.0,0.0,20.0,1002.0,7.0
2025-11-08 00:00:00,AP,12.0,10.9,93.0,0.0,15.0,1003.0,8.0
2025-11-08 01:00:00,AP,11.0,9.9,93.0,0.4,13.0,1003.0,8.0
2025-11-08 02:00:00,AP,12.0,10.1,88.0,0.0,17.0,1003.0,3.0
2025-11-08 03:00:00,AP,11.0,10.1,94.0,0.1,13.0,1003.0,7.0
2025-11-08 04:00:00,AP,11.0,9.1,88.0,0.5,17.0,1004.0,8.0
2025-11-08 05:00:00,AP,10.0,8.9,93.0,0.0,19.0,1004.0,3.0
2025-11-08 06:00:00,AP,10.0,9.1,94.0,0.0,15.0,1005.0,3.0
2025-11-08 07:00:00,AP,8.0,6.0,87.0,0.0,11.0,1005.0,2.0
2025-11-08 08:00:00,AP,6.0,5.0,93.0,0.0,9.0,1006.0,2.0
2025-11-08 09:00:00,AP,6.0,5.6,97.0,0.0,6.0,1007.0,1.0
2025-11-08 10:00:00,AP,6.0,5.4,96.0,0.0,7.0,1008.0,5.0
2025-11-08 11:00:00,AP,5.0,5.0,100.0,0.0,7.0,1008.0,5.0
2025-11-08 12:00:00,AP,6.0,6.0,100.0,0.0,7.0,1008.0,5.0
2025-11-08 13:00:00,AP,6.0,6.0,100.0,0.0,6.0,1009.0,5.0
2025-11-08 14:00:00,AP,7.0,7.0,100.0,0.0,0.0,1009.0,5.0
2025-11-08 15:00:00,AP,8.0,6.0,87.0,0.0,9.0,1009.0,3.0
2025-11-08 16:00:00,AP,9.0,7.0,87.0,0.0,6.0,1009.0,3.0
2025-11-08 17:00:00,AP,9.0,7.0,87.0,0.0,0.0,1009.0,3.0
2025-11-08 18:00:00,AP,9.0,6.3,83.0,0.0,7.0,1009.0,3.0
2025-11-08 19:00:00,AP,9.0,6.3,83.0,0.0,0.0,1010.0,3.0
2025-11-08 20:00:00,AP,9.0,6.3,83.0,0.0,6.0,1010.0,3.0
2025-11-08 21:00:00,AP,9.0,7.0,87.0,0.0,9.0,1010.0,3.0
2025-11-08 22:00:00,AP,7.0,5.0,87.0,0.0,11.0,1011.0,3.0
2025-11-08 23:00:00,AP,5.0,4.0,93.0,0.0,9.0,1011.0,3.0
2025-11-09 00:00:00,AP,5.0,4.0,93.0,0.0,11.0,1011.0,3.0
2025-11-09 01:00:00,AP,5.0,4.0,93.0,0.0,4.0,,3.0
2025-11-09 02:00:00,AP,5.0,4.0,93.0,0.0,6.0,1011.0,3.0
2025-11-09 03:00:00,AP,4.9,4.3,96.0,0.0,5.8,1010.5,3.0
2025-11-09 04:00:00,AP,4.0,4.0,100.0,0.0,6.0,1011.0,3.0
2025-11-09 05:00:00,AP,4.0,4.0,100.0,0.0,6.0,1011.0,3.0
2025-11-09 06:00:00,AP,4.0,4.0,100.0,0.0,7.0,1010.0,3.0
2025-11-09 07:00:00,AP,4.0,4.0,100.0,0.0,0.0,,3.0
2025-11-09 08:00:00,AP,4.0,4.0,100.0,0.0,6.0,1009.0,3.0
2025-11-09 09:00:00,AP,4.0,4.0,100.0,0.0,7.0,1009.1,7.0
2025-11-09 10:00:00,AP,4.0,4.0,100.0,0.0,7.0,1008.0,5.0
2025-11-09 11:00:00,AP,4.0,4.0,100.0,0.0,11.0,1007.0,5.0
2025-11-09 12:00:00,AP,4.0,4.0,100.0,0.0,7.0,1008.0,5.0
2025-11-09 13:00:00,AP,5.0,5.0,100.0,0.0,8.6,1007.2,5.0
2025-11-09 14:00:00,AP,6.0,6.0,100.0,0.0,7.0,1006.5,3.0
2025-11-09 15:00:00,AP,6.0,6.0,100.0,0.0,6.0,,8.0
2025-11-09 16:00:00,AP,6.0,6.0,100.0,0.1,0.0,1005.0,9.0
2025-11-09 17:00:00,AP,7.0,7.0,100.0,0.0,6.0,1004.0,9.0
2025-11-09 18:00:00,AP,7.0,7.0,100.0,0.0,6.0,1004.0,8.0
2025-11-09 19:00:00,AP,7.0,7.0,100.0,0.0,9.0,1005.0,7.0
2025-11-09 20:00:00,AP,7.0,5.9,93.0,0.0,13.0,1006.0,7.0
2025-11-09 21:00:00,AP,6.0,5.0,93.0,0.0,15.0,1006.0,3.0
2025-11-09 22:00:00,AP,6.0,5.0,93.0,0.0,9.0,1006.0,3.0
2025-11-09 23:00:00,AP,6.0,5.0,93.0,0.1,0.0,,7.0
2025-11-10 00:00:00,AP,6.0,5.0,93.0,0.0,6.0,1008.0,3.0
2025-11-10 01:00:00,AP,4.0,4.0,100.0,0.0,6.0,,8.0
2025-11-10 02:00:00,AP,2.0,1.4,96.0,0.0,9.0,1009.0,8.0
2025-11-10 03:00:00,AP,1.0,0.4,96.0,0.0,6.0,1009.0,8.0
2025-11-10 04:00:00,AP,-1.0,-1.6,96.0,0.0,14.4,1010.0,12.0
2025-11-10 05:00:00,AP,-1.0,-1.0,100.0,0.0,9.0,,3.0
2025-11-10 06:00:00,AP,-1.0,-1.0,100.0,0.0,9.0,1011.0,3.0
2025-11-10 07:00:00,AP,-1.0,-2.0,93.0,0.0,7.0,1011.0,3.0
2025-11-10 08:00:00,AP,-1.0,-2.0,93.0,0.0,6.0,,3.0
2025-11-10 09:00:00,AP,-1.0,-2.0,93.0,0.0,9.0,1011.0,3.0
2025-11-10 10:00:00,AP,-2.0,-2.0,100.0,0.0,9.0,1011.0,3.0
2025-11-10 11:00:00,AP,-2.0,-3.0,93.0,0.0,11.0,1011.0,14.0
2025-11-10 12:00:00,AP,-1.0,-4.3,78.0,0.0,9.0,1013.4,3.0
2025-11-10 13:00:00,AP,-2.0,-3.0,93.0,0.0,9.0,1012.0,3.0
2025-11-10 14:00:00,AP,-2.0,-3.0,93.0,0.0,11.0,1012.0,3.0
2025-11-10 15:00:00,AP,-2.0,-3.0,93.0,0.0,15.0,1013.0,3.0
2025-11-10 16:00:00,AP,-1.0,-3.8,81.0,0.0,7.0,1012.0,3.0
2025-11-10 17:00:00,AP,-1.0,-4.0,80.0,0.0,7.0,,3.0
2025-11-10 18:00:00,AP,-1.0,-6.0,69.0,0.0,24.0,1011.0,3.0
2025-11-10 19:00:00,AP,-1.0,-6.0,69.0,0.0,9.0,,3.0
2025-11-10 20:00:00,AP,-2.0,-5.8,75.0,0.0,15.0,1012.0,3.0
2025-11-10 21:00:00,AP,-3.0,-6.8,75.0,0.0,19.8,1013.4,3.0
2025-11-10 22:00:00,AP,-3.0,-6.0,80.0,0.0,13.0,1012.0,3.0
2025-11-10 23:00:00,AP,-2.4,-6.7,72.0,0.0,15.1,1014.1,3.0
2025-11-11 00:00:00,AP,-4.0,-5.1,92.0,0.0,22.0,1012.0,21.0
2025-11-11 01:00:00,AP,-2.8,-5.6,81.0,0.0,28.0,1013.5,15.0
2025-11-11 02:00:00,AP,-4.0,-5.0,93.0,0.0,20.0,1011.0,14.0
2025-11-11 03:00:00,AP,-4.0,-5.0,93.0,0.0,9.0,,21.0
2025-11-11 04:00:00,AP,-3.0,-4.0,93.0,0.0,17.0,1011.0,15.0
2025-11-11 05:00:00,AP,-3.3,-4.4,92.0,0.0,10.0,,15.0
2025-11-11 06:00:00,AP,-3.0,-4.0,93.0,0.0,15.0,1010.0,15.0
2025-11-11 07:00:00,AP,-3.3,-4.4,92.0,0.0,9.0,,15.0
2025-11-11 08:00:00,AP,-4.0,-5.0,93.0,0.0,17.0,1010.0,15.0
2025-11-11 09:00:00,AP,-5.0,-6.1,92.0,0.3,14.0,,15.0
2025-11-11 10:00:00,AP,-5.0,-6.0,93.0,0.0,22.7,1012.7,3.0
2025-11-11 11:00:00,AP,-5.0,-6.0,93.0,0.0,28.0,1010.0,3.0
2025-11-11 12:00:00,AP,-5.0,-6.0,93.0,0.2,33.0,,14.0
2025-11-11 13:00:00,AP,-4.0,-6.0,86.0,0.0,26.0,1012.0,15.0
2025-11-11 14:00:00,AP,-3.0,-4.0,93.0,0.0,13.0,,14.0
2025-11-11 15:00:00,AP,-2.0,-4.7,82.0,0.0,30.2,1014.9,3.0
2025-11-11 16:00:00,AP,-2.0,-3.0,93.0,0.0,26.0,1013.0,3.0
2025-11-11 17:00:00,AP,-2.0,-3.0,93.0,0.0,30.6,1013.0,14.0
2025-11-11 18:00:00,AP,-2.0,-3.0,93.0,0.0,22.0,1013.0,15.0
2025-11-11 19:00:00,AP,0.0,-2.1,86.0,0.0,17.0,1012.0,3.0
2025-11-11 20:00:00,AP,1.0,-6.1,59.0,0.0,19.0,1012.0,3.0
2025-11-11 21:00:00,AP,0.0,-5.6,66.0,0.0,20.5,1015.0,3.0
2025-11-11 22:00:00,AP,-1.0,-6.5,66.0,0.0,13.0,1012.0,3.0
2025-11-11 23:00:00,AP,-1.0,-6.5,66.0,0.0,17.0,1012.0,3.0
2025-11-12 00:00:00,AP,-1.0,-6.5,66.0,0.0,20.0,1011.0,3.0
2025-11-12 01:00:00,AP,-1.0,-6.5,66.0,0.0,20.0,1011.0,3.0
2025-11-12 02:00:00,AP,-1.8,-6.4,71.0,0.0,16.2,1013.2,3.0
2025-11-12 03:00:00,AP,-1.0,-6.5,66.0,0.0,20.0,1010.0,3.0
2025-11-12 04:00:00,AP,-1.0,-5.8,70.0,0.0,20.2,1011.3,14.0
2025-11-12 05:00:00,AP,0.0,-6.0,64.0,0.2,15.0,1008.0,14.0
2025-11-12 06:00:00,AP,-0.2,-5.0,70.0,0.0,20.5,1009.6,3.0
2025-11-12 07:00:00,AP,1.0,-5.7,61.0,0.0,19.0,1007.0,3.0
2025-11-12 08:00:00,AP,0.2,-4.1,73.0,0.0,22.0,1008.5,3.0
2025-11-12 09:00:00,AP,1.0,-5.0,64.0,0.0,22.0,1007.0,3.0
2025-11-12 10:00:00,AP,1.0,-4.0,69.0,0.0,15.0,,3.0
2025-11-12 11:00:00,AP,2.0,-3.7,66.0,0.0,15.0,1007.0,3.0
2025-11-12 12:00:00,AP,2.0,-3.9,65.0,0.0,17.0,1007.0,3.0
2025-11-12 13:00:00,AP,2.0,-2.0,75.0,0.0,8.0,,3.0
2025-11-12 14:00:00,AP,1.0,-0.9,87.0,0.0,20.0,1008.0,12.0
2025-11-12 15:00:00,AP,1.0,-0.9,87.0,0.0,19.0,1008.0,12.0
2025-11-12 16:00:00,AP,2.0,0.8,92.0,0.0,19.0,1007.0,12.0
2025-11-12 17:00:00,AP,3.0,1.1,87.0,0.0,13.0,1007.0,12.0
2025-11-12 18:00:00,AP,3.0,0.4,83.0,0.0,20.0,1007.0,7.0
2025-11-12 19:00:00,AP,4.0,0.7,79.0,0.0,24.0,1007.0,3.0
2025-11-12 20:00:00,AP,5.0,0.9,75.0,0.1,22.0,1008.0,7.0
2025-11-12 21:00:00,AP,6.0,0.9,70.0,0.3,19.0,1008.0,8.0
2025-11-12 22:00:00,AP,5.0,2.2,82.0,0.0,9.0,1010.0,3.0
2025-11-12 23:00:00,AP,5.0,2.0,81.0,0.0,20.0,1010.0,3.0
2025-11-13 00:00:00,AP,5.0,0.9,75.0,0.0,20.0,1011.0,3.0
2025-11-13 01:00:00,AP,5.0,-0.0,70.0,0.0,24.0,1012.0,3.0
2025-11-13 02:00:00,AP,5.0,0.6,73.0,0.0,19.0,1012.0,3.0
2025-11-13 03:00:00,AP,5.0,0.6,73.0,0.0,17.0,1012.0,3.0
2025-11-13 04:00:00,AP,4.0,-0.4,73.0,0.2,15.0,1013.7,7.0
2025-11-13 05:00:00,AP,4.0,-0.4,73.0,0.1,13.0,1013.0,12.0
2025-11-13 06:00:00,AP,3.0,-0.5,78.0,0.0,15.0,1013.0,3.0
2025-11-13 07:00:00,AP,2.0,-2.0,75.0,0.0,19.0,1014.0,3.0
2025-11-13 08:00:00,AP,2.0,-2.0,75.0,0.0,15.0,1013.0,2.0
2025-11-13 09:00:00,AP,2.0,-0.7,82.0,0.0,15.0,1014.0,2.0
2025-11-13 10:00:00,AP,2.0,-0.7,82.0,0.0,15.0,1014.0,2.0
2025-11-13 11:00:00,AP,1.0,-1.2,85.0,0.0,13.0,1015.0,3.0
2025-11-13 12:00:00,AP,2.0,-0.7,82.0,0.0,13.0,1016.0,3.0
2025-11-13 13:00:00,AP,3.0,-0.8,76.0,0.0,17.6,1017.0,3.0
2025-11-13 14:00:00,AP,5.0,-1.0,65.0,0.0,30.0,1017.0,3.0
2025-11-13 15:00:00,AP,6.0,-1.2,60.0,0.0,20.0,1018.0,3.0
2025-11-13 16:00:00,AP,6.0,-1.9,57.0,0.0,19.0,1018.0,3.0
2025-11-13 17:00:00,AP,7.0,-0.7,58.0,0.0,17.0,1017.0,3.0
2025-11-13 18:00:00,AP,8.0,-1.3,52.0,0.0,19.0,1017.0,3.0
2025-11-13 19:00:00,AP,7.0,-3.0,49.0,0.0,17.0,1017.0,3.0
2025-11-13 20:00:00,AP,8.0,-3.2,45.0,0.0,22.0,1018.0,3.0
2025-11-13 21:00:00,AP,6.0,-3.6,50.0,0.0,15.0,1018.0,2.0
2025-11-13 22:00:00,AP,4.0,-3.7,57.0,0.0,6.0,1019.0,2.0
2025-11-13 23:00:00,AP,3.0,-2.5,67.0,0.0,7.0,1019.0,3.0
2025-11-14 00:00:00,AP,3.0,-1.9,70.0,0.0,9.0,1019.0,3.0
2025-11-14 01:00:00,AP,3.0,-1.9,70.0,0.0,6.0,1020.0,3.0
2025-11-14 02:00:00,AP,2.0,-2.3,73.0,0.0,0.0,1020.0,3.0
2025-11-14 03:00:00,AP,1.0,-2.2,79.0,0.0,0.0,1020.0,1.0
2025-11-14 04:00:00,AP,1.0,-1.7,82.0,0.0,7.0,1020.0,1.0
2025-11-14 05:00:00,AP,-2.0,-3.7,88.0,0.0,0.0,1020.0,1.0
2025-11-14 06:00:00,AP,-2.0,-3.7,88.0,0.0,7.0,1020.0,1.0
2025-11-14 07:00:00,AP,-3.0,-4.1,92.0,0.0,7.0,1020.0,1.0
2025-11-14 08:00:00,AP,-2.0,-3.1,92.0,0.0,11.0,1020.0,1.0
2025-11-14 09:00:00,AP,-3.0,-3.5,96.0,0.0,10.1,1021.7,1.0
2025-11-14 10:00:00,AP,-3.0,-3.5,96.0,0.0,9.0,1021.0,1.0
2025-11-14 11:00:00,AP,-3.0,-3.5,96.0,0.0,9.0,1021.0,3.0
2025-11-14 12:00:00,AP,-1.0,-1.6,96.0,0.0,13.0,1021.0,1.0
2025-11-14 13:00:00,AP,1.0,-0.8,88.0,0.0,9.0,1021.0,3.0
2025-11-14 14:00:00,AP,2.0,0.4,89.0,0.0,6.0,1021.0,3.0
2025-11-14 15:00:00,AP,4.0,0.7,79.0,0.0,11.0,1020.0,3.0
2025-11-14 16:00:00,AP,4.0,0.2,76.0,0.0,11.0,1019.0,3.0
2025-11-14 17:00:00,AP,6.0,0.5,68.0,0.0,7.0,1018.0,3.0
2025-11-14 18:00:00,AP,6.0,1.5,73.0,0.0,13.0,1017.0,3.0
2025-11-14 19:00:00,AP,7.0,0.9,65.0,0.0,9.0,1017.0,3.0
2025-11-14 20:00:00,AP,7.0,0.9,65.0,0.0,11.0,1016.0,3.0
2025-11-14 21:00:00,AP,6.0,-0.7,62.0,0.0,7.0,1015.0,3.0
2025-11-14 22:00:00,AP,6.0,0.3,67.0,0.0,6.0,1015.0,3.0
2025-11-14 23:00:00,AP,6.0,0.9,70.0,0.0,0.0,1015.0,3.0
2025-11-15 00:00:00,AP,5.0,1.1,76.0,0.0,6.0,1015.0,3.0
2025-11-15 01:00:00,AP,5.0,1.1,76.0,0.0,0.0,1015.0,3.0
2025-11-15 02:00:00,AP,4.0,0.2,76.0,0.0,6.0,1014.0,2.0
2025-11-15 03:00:00,AP,3.0,-0.3,79.0,0.0,11.0,1013.0,3.0
2025-11-15 04:00:00,AP,4.0,0.2,76.0,0.0,7.0,1013.0,3.0
2025-11-15 05:00:00,AP,4.0,0.2,76.0,0.0,7.0,1013.0,3.0
2025-11-15 06:00:00,AP,4.0,-0.4,73.0,0.0,7.0,1012.0,3.0
2025-11-15 07:00:00,AP,3.0,-0.8,76.0,0.0,0.0,1012.0,3.0
2025-11-15 08:00:00,AP,1.0,0.4,96.0,0.0,6.0,1011.0,3.0
2025-11-15 09:00:00,AP,2.0,0.4,89.0,0.0,11.0,1011.0,3.0
2025-11-15 10:00:00,AP,4.0,1.0,81.0,0.0,9.0,1010.0,3.0
2025-11-15 11:00:00,AP,4.0,1.0,81.0,0.0,9.0,1010.0,3.0
2025-11-15 12:00:00,AP,7.0,2.5,73.0,0.0,17.0,1008.0,3.0
2025-11-15 13:00:00,AP,7.0,2.7,74.0,0.0,17.0,1008.0,3.0
2025-11-15 14:00:00,AP,8.0,4.0,76.0,0.0,15.0,1007.0,3.0
2025-11-15 15:00:00,AP,11.0,5.9,71.0,0.0,17.0,1006.0,3.0
2025-11-15 16:00:00,AP,12.0,7.1,72.0,0.0,11.0,1005.0,3.0
2025-11-15 17:00:00,AP,14.0,11.0,82.0,0.0,24.0,1003.0,3.0
2025-11-15 18:00:00,AP,14.0,11.2,83.0,0.0,28.0,1000.0,7.0
2025-11-15 19:00:00,AP,14.0,10.8,81.0,0.6,17.0,999.0,8.0
2025-11-15 20:00:00,AP,15.0,11.8,81.0,0.1,17.0,998.0,7.0
2025-11-15 21:00:00,AP,15.6,11.8,78.0,0.0,11.0,,3.0
2025-11-15 22:00:00,AP,15.6,12.2,80.0,0.0,9.0,,3.0
2025-11-15 23:00:00,AP,14.4,12.8,90.0,0.0,9.0,,8.0
2025-11-16 00:00:00,AP,14.0,13.0,94.0,0.1,12.0,,25.0
2025-11-16 01:00:00,AP,14.0,13.0,94.0,0.0,10.0,,9.0
2025-11-16 02:00:00,AP,14.0,13.0,94.0,0.0,12.0,,9.0
2025-11-16 03:00:00,AP,14.0,12.0,88.0,0.1,11.0,,7.0
2025-11-16 04:00:00,AP,12.2,9.9,86.0,0.0,12.0,,8.0
2025-11-16 05:00:00,AP,11.0,8.9,87.0,0.0,13.0,,8.0
2025-11-16 06:00:00,AP,8.0,6.0,87.0,0.0,9.0,,8.0
2025-11-16 07:00:00,AP,7.8,3.8,76.0,0.0,9.0,,3.0
2025-11-16 08:00:00,AP,6.0,2.1,76.0,0.0,10.0,,2.0
2025-11-16 09:00:00,AP,6.0,2.1,76.0,0.0,7.0,,3.0
2025-11-16 10:00:00,AP,4.4,-0.0,73.0,0.0,6.0,,3.0
2025-11-16 11:00:00,AP,4.0,-1.0,70.0,0.0,11.0,,3.0
2025-11-16 12:00:00,AP,4.0,-1.0,70.0,0.0,9.0,,2.0
2025-11-16 13:00:00,AP,4.0,-1.0,70.0,0.0,6.0,,3.0
2025-11-16 14:00:00,AP,3.3,-1.6,70.0,0.0,11.0,,3.0
2025-11-16 15:00:00,AP,3.0,-1.0,75.0,0.0,11.0,,17.0
2025-11-16 16:00:00,AP,3.3,-2.9,64.0,0.0,14.0,,17.0
2025-11-16 17:00:00,AP,4.4,-1.6,65.0,0.1,16.0,,7.0
2025-11-16 18:00:00,AP,3.9,-5.1,52.0,0.0,14.0,,3.0
2025-11-16 19:00:00,AP,3.3,-4.9,55.0,0.0,33.8,1003.4,3.0
2025-11-16 20:00:00,AP,2.8,-5.1,56.0,0.0,15.0,,2.0
2025-11-16 21:00:00,AP,2.2,-3.3,67.0,0.0,31.0,1004.8,3.0
2025-11-16 22:00:00,AP,1.7,-3.4,69.0,0.0,8.0,,3.0
2025-11-16 23:00:00,AP,1.1,-2.1,79.0,0.0,6.0,,3.0
2025-11-17 00:00:00,AP,1.0,-2.1,80.0,0.0,7.0,,3.0
2025-11-17 01:00:00,AP,2.2,-3.9,64.0,0.0,7.0,,3.0
2025-11-17 02:00:00,AP,2.2,-5.0,59.0,0.0,23.0,1007.9,3.0
2025-11-17 03:00:00,AP,0.6,-2.8,78.0,0.0,8.0,,3.0
2025-11-17 04:00:00,AP,1.7,-4.4,64.0,0.0,7.0,,3.0
2025-11-17 05:00:00,AP,1.1,-4.3,67.0,0.0,11.0,,3.0
2025-11-17 06:00:00,AP,0.6,-3.9,72.0,0.0,7.0,,3.0
2025-11-17 07:00:00,AP,0.7,-2.9,77.0,0.4,20.9,1009.3,15.0
2025-11-17 08:00:00,AP,0.0,-3.4,78.0,0.0,8.0,,3.0
2025-11-17 09:00:00,AP,0.1,-4.2,73.0,0.0,19.4,1010.4,2.0
2025-11-17 10:00:00,AP,0.6,-5.0,66.0,0.0,9.0,,3.0
2025-11-17 11:00:00,AP,0.6,-5.0,66.0,0.0,19.1,1011.9,3.0
2025-11-17 12:00:00,AP,0.6,-5.0,66.0,0.0,9.0,,3.0
2025-11-17 13:00:00,AP,1.1,-4.9,64.0,0.0,10.0,,3.0
2025-11-17 14:00:00,AP,1.4,-4.7,64.0,0.0,10.0,,3.0
2025-11-17 15:00:00,AP,1.7,-5.7,58.0,0.0,8.0,,3.0
2025-11-17 16:00:00,AP,1.7,-5.7,58.0,0.0,24.8,1015.5,3.0
2025-11-17 17:00:00,AP,1.7,-5.0,61.0,0.0,9.0,,3.0
2025-11-17 18:00:00,AP,2.9,-6.2,51.0,0.0,25.9,1015.2,3.0
2025-11-17 19:00:00,AP,2.5,-5.9,54.0,0.0,24.8,1015.6,3.0
2025-11-17 20:00:00,AP,2.5,-6.4,52.0,0.0,24.1,1016.1,3.0
2025-11-17 21:00:00,AP,2.0,-5.8,56.0,0.0,22.0,1016.9,3.0
2025-11-17 22:00:00,AP,1.7,-5.2,60.0,0.0,16.6,1017.9,3.0
2025-11-17 23:00:00,AP,1.6,-5.1,61.0,0.0,14.8,1018.5,3.0
2025-11-18 00:00:00,AP,1.5,-5.2,61.0,0.0,13.7,1018.9,3.0
2025-11-18 01:00:00,AP,1.1,-5.2,63.0,0.0,12.6,1019.4,3.0
2025-11-18 02:00:00,AP,1.0,-5.0,64.0,0.0,11.5,1020.0,3.0
2025-11-18 03:00:00,AP,0.3,-4.9,68.0,0.0,8.6,1020.4,3.0
2025-11-18 04:00:00,AP,-0.5,-4.7,73.0,0.0,9.0,1020.8,3.0
2025-11-18 05:00:00,AP,-1.0,-4.7,76.0,0.0,7.9,1020.9,3.0
2025-11-18 06:00:00,AP,-2.1,-4.9,81.0,0.0,8.3,1021.0,3.0
2025-11-18 07:00:00,AP,-2.2,-4.7,83.0,0.0,9.4,1021.2,1.0
2025-11-18 08:00:00,AP,-2.4,-4.7,84.0,0.0,9.0,1021.5,1.0
2025-11-18 09:00:00,AP,-2.8,-5.1,84.0,0.0,8.6,1021.3,2.0
2025-11-18 10:00:00,AP,-2.8,-5.0,85.0,0.0,8.6,1021.8,3.0
2025-11-18 11:00:00,AP,-2.9,-4.9,86.0,0.0,7.9,1022.2,3.0
2025-11-18 12:00:00,AP,-1.7,-4.4,82.0,0.0,7.9,1022.6,3.0
2025-11-18 13:00:00,AP,-0.6,-3.8,79.0,0.0,7.2,1023.2,3.0
2025-11-18 14:00:00,AP,0.5,-3.6,74.0,0.0,5.4,1023.5,3.0
2025-11-18 15:00:00,AP,1.2,-3.8,69.0,0.0,5.8,1023.5,3.0
2025-11-18 16:00:00,AP,1.9,-3.8,66.0,0.0,5.4,1023.4,3.0
2025-11-18 17:00:00,AP,1.9,-3.6,67.0,0.0,5.4,1022.5,3.0
2025-11-18 18:00:00,AP,2.4,-3.3,66.0,0.0,6.5,1021.6,3.0
2025-11-18 19:00:00,AP,3.2,-3.2,63.0,0.0,6.8,1020.6,3.0
2025-11-18 20:00:00,AP,3.7,-2.9,62.0,0.0,6.5,1020.4,3.0
2025-11-18 21:00:00,AP,3.1,-2.4,67.0,0.0,7.2,1020.2,3.0
2025-11-18 22:00:00,AP,2.4,-1.6,75.0,0.3,8.3,1020.3,12.0
2025-11-18 23:00:00,AP,1.7,0.1,89.0,0.3,10.1,1020.1,12.0
2025-11-19 00:00:00,AP,1.6,0.4,92.0,0.1,9.4,1019.8,12.0
2025-11-19 01:00:00,AP,1.6,0.3,91.0,0.0,8.3,1019.8,3.0
2025-11-19 02:00:00,AP,1.5,0.6,94.0,0.2,6.5,1020.0,12.0
2025-11-19 03:00:00,AP,1.0,1.0,100.0,1.1,5.4,1020.6,13.0
2025-11-19 04:00:00,AP,0.8,0.8,100.0,1.5,13.0,1019.6,13.0
2025-11-19 05:00:00,AP,0.6,0.6,100.0,2.5,9.0,1019.7,13.0
2025-11-19 06:00:00,AP,0.6,0.5,99.0,0.7,9.7,1019.6,12.0
2025-11-19 07:00:00,AP,0.1,-0.0,99.0,0.0,9.0,1020.2,3.0
2025-11-19 08:00:00,AP,0.4,-0.0,97.0,0.0,9.0,1020.7,3.0
2025-11-19 09:00:00,AP,0.6,0.2,97.0,0.0,9.7,1020.8,3.0
2025-11-19 10:00:00,AP,0.5,0.1,97.0,0.0,9.4,1021.2,3.0
2025-11-19 11:00:00,AP,-0.4,-0.7,98.0,0.0,9.4,1022.0,2.0
2025-11-19 12:00:00,AP,-1.2,-1.6,97.0,0.0,9.7,1022.8,1.0
2025-11-19 13:00:00,AP,-0.7,-1.1,97.0,0.0,10.4,1023.0,1.0
2025-11-19 14:00:00,AP,1.2,-0.1,91.0,0.0,7.2,1023.7,1.0
2025-11-19 15:00:00,AP,2.1,0.3,88.0,0.0,6.8,1023.8,1.0
2025-11-19 16:00:00,AP,3.4,0.3,80.0,0.0,5.0,1023.6,1.0
2025-11-19 17:00:00,AP,5.8,0.1,67.0,0.0,3.2,1023.1,1.0
2025-11-19 18:00:00,AP,6.4,-0.1,63.0,0.0,5.0,1022.5,1.0
2025-11-19 19:00:00,AP,7.8,-0.2,57.0,0.0,6.8,1022.2,1.0
2025-11-19 20:00:00,AP,7.6,-0.4,57.0,0.0,7.2,1022.4,1.0
2025-11-19 21:00:00,AP,6.6,0.3,64.0,0.0,6.5,1022.5,3.0
2025-11-19 22:00:00,AP,3.1,-0.4,78.0,0.0,6.8,1022.5,3.0
2025-11-19 23:00:00,AP,2.7,-0.6,79.0,0.0,9.4,1022.9,3.0
2025-11-20 00:00:00,AP,1.4,-1.0,84.0,0.0,9.0,1023.5,3.0
2025-11-20 01:00:00,AP,0.3,-1.5,88.0,0.0,8.6,1023.8,3.0
2025-11-20 02:00:00,AP,0.1,-1.5,89.0,0.0,8.6,1023.7,3.0
2025-11-20 03:00:00,AP,-0.2,-1.6,90.0,0.0,9.4,1023.8,3.0
2025-11-20 04:00:00,AP,-0.8,-1.9,92.0,0.0,8.3,1023.3,3.0
2025-11-20 05:00:00,AP,-1.9,-2.9,93.0,0.0,8.3,1023.1,3.0
2025-11-20 06:00:00,AP,-1.7,-2.7,93.0,0.0,7.6,1022.7,3.0
2025-11-20 07:00:00,AP,,,,,,,
2025-11-20 08:00:00,AP,,,,,,,
2025-11-20 09:00:00,AP,,,,,,,
2025-11-20 10:00:00,AP,,,,,,,
2025-11-20 11:00:00,AP,,,,,,,
2025-11-20 12:00:00,AP,-2.8,-3.6,94.0,,3.2,1022.6,
2025-11-20 13:00:00,AP,,,,,,,
2025-11-20 14:00:00,AP,,,,,,,
2025-11-20 15:00:00,AP,,,,,,,
2025-11-20 16:00:00,AP,,,,,,,
2025-11-20 17:00:00,AP,,,,,,,
2025-11-20 18:00:00,AP,7.9,1.3,63.0,,7.2,1020.8,
2025-11-20 19:00:00,AP,,,,,,,
2025-11-20 20:00:00,AP,,,,,,,
2025-11-20 21:00:00,AP,,,,,,,
2025-11-20 22:00:00,AP,,,,,,,
2025-11-20 23:00:00,AP,,,,,,,
2025-11-21 00:00:00,AP,5.2,2.2,81.0,,6.5,1020.1,
2025-11-21 01:00:00,AP,,,,,,,
2025-11-21 02:00:00,AP,,,,,,,
2025-11-21 03:00:00,AP,,,,,,,
2025-11-21 04:00:00,AP,,,,,,,
2025-11-21 05:00:00,AP,,,,,,,
2025-11-21 06:00:00,AP,4.6,3.1,90.0,,9.7,1017.3,
2025-11-21 07:00:00,AP,,,,,,,
2025-11-21 08:00:00,AP,,,,,,,
2025-11-21 09:00:00,AP,,,,,,,
2025-11-21 10:00:00,AP,,,,,,,
2025-11-21 11:00:00,AP,,,,,,,
2025-11-21 12:00:00,AP,5.4,5.0,97.0,,9.4,1015.6,
2025-11-21 13:00:00,AP,,,,,,,
2025-11-21 14:00:00,AP,,,,,,,
2025-11-21 15:00:00,AP,,,,,,,
2025-11-21 16:00:00,AP,,,,,,,
2025-11-21 17:00:00,AP,,,,,,,
2025-11-21 18:00:00,AP,10.8,6.2,73.0,,13.0,1013.6,
2025-11-21 19:00:00,AP,,,,,,,
2025-11-21 20:00:00,AP,,,,,,,
2025-11-21 21:00:00,AP,,,,,,,
2025-11-21 22:00:00,AP,,,,,,,
2025-11-21 23:00:00,AP,,,,,,,
2025-11-22 00:00:00,AP,5.8,3.3,84.0,,8.6,1015.4,
2025-11-22 01:00:00,AP,,,,,,,
2025-11-22 02:00:00,AP,,,,,,,
2025-11-22 03:00:00,AP,,,,,,,
2025-11-22 04:00:00,AP,,,,,,,
2025-11-22 05:00:00,AP,,,,,,,
2025-11-22 06:00:00,AP,2.4,0.9,90.0,,8.6,1015.8,
2025-11-22 07:00:00,AP,,,,,,,
2025-11-22 08:00:00,AP,,,,,,,
2025-11-22 09:00:00,AP,,,,,,,
2025-11-22 10:00:00,AP,,,,,,,
2025-11-22 11:00:00,AP,,,,,,,
2025-11-22 12:00:00,AP,-1.2,-2.0,94.0,,8.6,1017.7,
2025-11-22 13:00:00,AP,,,,,,,
2025-11-22 14:00:00,AP,,,,,,,
2025-11-22 15:00:00,AP,,,,,,,
2025-11-22 16:00:00,AP,,,,,,,
2025-11-22 17:00:00,AP,,,,,,,
2025-11-22 18:00:00,AP,7.2,-3.1,48.0,,4.7,1016.7,
2025-11-22 19:00:00,AP,,,,,,,
2025-11-22 20:00:00,AP,,,,,,,
2025-11-22 21:00:00,AP,,,,,,,
2025-11-22 22:00:00,AP,,,,,,,
2025-11-22 23:00:00,AP,,,,,,,
2025-11-23 00:00:00,AP,0.4,-1.8,85.0,,3.6,1018.4,
2025-11-23 01:00:00,AP,,,,,,,
2025-11-23 02:00:00,AP,,,,,,,
2025-11-23 03:00:00,AP,,,,,,,
2025-11-23 04:00:00,AP,,,,,,,
2025-11-23 05:00:00,AP,,,,,,,
2025-11-23 06:00:00,AP,-1.5,-3.4,87.0,,6.1,1018.5,
2025-11-23 07:00:00,AP,,,,,,,
2025-11-23 08:00:00,AP,,,,,,,
2025-11-23 09:00:00,AP,,,,,,,
2025-11-23 10:00:00,AP,,,,,,,
2025-11-23 11:00:00,AP,,,,,,,
2025-11-23 12:00:00,AP,-1.5,-2.8,91.0,,6.5,1019.4,
2025-11-23 13:00:00,AP,,,,,,,
2025-11-23 14:00:00,AP,,,,,,,
2025-11-23 15:00:00,AP,,,,,,,
2025-11-23 16:00:00,AP,,,,,,,
2025-11-23 17:00:00,AP,,,,,,,
2025-11-23 18:00:00,AP,9.2,-1.5,47.0,,10.4,1017.9,
2025-11-23 19:00:00,AP,,,,,,,
2025-11-23 20:00:00,AP,,,,,,,
2025-11-23 21:00:00,AP,,,,,,,
2025-11-23 22:00:00,AP,,,,,,,
2025-11-23 23:00:00,AP,,,,,,,
2025-11-24 00:00:00,AP,4.2,-0.6,71.0,,9.0,1018.2,
2025-11-24 01:00:00,AP,,,,,,,
2025-11-24 02:00:00,AP,,,,,,,
2025-11-24 03:00:00,AP,,,,,,,
2025-11-24 04:00:00,AP,,,,,,,
2025-11-24 05:00:00,AP,,,,,,,
2025-11-24 06:00:00,AP,2.2,-1.4,77.0,,11.5,1018.5,
2025-11-24 07:00:00,AP,,,,,,,
2025-11-24 08:00:00,AP,,,,,,,
2025-11-24 09:00:00,AP,,,,,,,
2025-11-24 10:00:00,AP,,,,,,,
2025-11-24 11:00:00,AP,,,,,,,
2025-11-24 12:00:00,AP,1.6,-1.1,82.0,,12.6,1019.1,
2025-11-24 13:00:00,AP,,,,,,,
2025-11-24 14:00:00,AP,,,,,,,
2025-11-24 15:00:00,AP,,,,,,,
2025-11-24 16:00:00,AP,,,,,,,
2025-11-24 17:00:00,AP,,,,,,,
2025-11-24 18:00:00,AP,12.2,1.5,48.0,,15.5,1016.4,
2025-11-24 19:00:00,AP,,,,,,,
2025-11-24 20:00:00,AP,,,,,,,
2025-11-24 21:00:00,AP,,,,,,,
2025-11-24 22:00:00,AP,,,,,,,
2025-11-24 23:00:00,AP,,,,,,,
2025-11-25 00:00:00,AP,8.6,1.7,62.0,,16.2,1016.7,
2025-11-25 01:00:00,AP,,,,,,,
2025-11-25 02:00:00,AP,,,,,,,
2025-11-25 03:00:00,AP,,,,,,,
2025-11-25 04:00:00,AP,,,,,,,
2025-11-25 05:00:00,AP,,,,,,,
2025-11-25 06:00:00,AP,5.5,3.7,88.0,,11.2,1018.2,
2025-11-25 07:00:00,AP,,,,,,,
2025-11-25 08:00:00,AP,,,,,,,
2025-11-25 09:00:00,AP,,,,,,,
2025-11-25 10:00:00,AP,,,,,,,
2025-11-25 11:00:00,AP,,,,,,,
2025-11-25 12:00:00,AP,5.6,5.5,99.0,,7.6,1021.3,
2025-11-25 13:00:00,AP,,,,,,,
2025-11-25 14:00:00,AP,,,,,,,
2025-11-25 15:00:00,AP,,,,,,,
2025-11-25 16:00:00,AP,,,,,,,
2025-11-25 17:00:00,AP,,,,,,,
2025-11-25 18:00:00,AP,8.4,1.5,62.0,,10.8,1022.1,
2025-11-25 19:00:00,AP,,,,,,,
2025-11-25 20:00:00,AP,,,,,,,
2025-11-25 21:00:00,AP,,,,,,,
2025-11-25 22:00:00,AP,,,,,,,
2025-11-25 23:00:00,AP,,,,,,,
2025-11-26 00:00:00,AP,2.5,0.7,88.0,,9.4,1024.4,
2025-11-26 01:00:00,AP,,,,,,,
2025-11-26 02:00:00,AP,,,,,,,
2025-11-26 03:00:00,AP,,,,,,,
2025-11-26 04:00:00,AP,,,,,,,
2025-11-26 05:00:00,AP,,,,,,,
2025-11-26 06:00:00,AP,-1.3,-1.6,98.0,,5.4,1025.4,
2025-11-26 07:00:00,AP,,,,,,,
2025-11-26 08:00:00,AP,,,,,,,
2025-11-26 09:00:00,AP,,,,,,,
2025-11-26 10:00:00,AP,,,,,,,
2025-11-26 11:00:00,AP,,,,,,,
2025-11-26 12:00:00,AP,-1.2,-2.0,94.0,,7.6,1027.0,
2025-11-26 13:00:00,AP,,,,,,,
2025-11-26 14:00:00,AP,,,,,,,
2025-11-26 15:00:00,AP,,,,,,,
2025-11-26 16:00:00,AP,,,,,,,
2025-11-26 17:00:00,AP,,,,,,,
2025-11-26 18:00:00,AP,6.0,-2.6,54.0,,8.6,1025.4,
2025-11-26 19:00:00,AP,,,,,,,
2025-11-26 20:00:00,AP,,,,,,,
2025-11-26 21:00:00,AP,,,,,,,
2025-11-26 22:00:00,AP,,,,,,,
2025-11-26 23:00:00,AP,,,,,,,
2025-11-27 00:00:00,AP,2.9,-2.8,66.0,,13.0,1024.9,
2025-11-01 00:00:00,BC,13.0,1.3,45.0,0.0,22.7,1009.0,1.0
2025-11-01 01:00:00,BC,13.0,1.3,45.0,0.0,21.2,1010.0,1.0
2025-11-01 02:00:00,BC,13.0,1.9,47.0,0.0,20.9,1010.0,1.0
2025-11-01 03:00:00,BC,12.0,1.6,49.0,0.0,20.9,1011.0,1.0
2025-11-01 04:00:00,BC,12.0,1.6,49.0,0.0,20.2,1011.0,2.0
2025-11-01 05:00:00,BC,12.0,2.4,52.0,0.0,18.0,1011.0,1.0
2025-11-01 06:00:00,BC,10.0,2.1,58.0,0.0,15.8,1012.0,1.0
2025-11-01 07:00:00,BC,11.0,2.6,56.0,0.0,16.6,1013.0,1.0
2025-11-01 08:00:00,BC,9.0,2.3,63.0,0.0,15.5,1013.0,1.0
2025-11-01 09:00:00,BC,10.0,2.1,58.0,0.0,13.0,1014.0,1.0
2025-11-01 10:00:00,BC,8.0,1.8,65.0,0.0,12.2,1015.0,1.0
2025-11-01 11:00:00,BC,8.0,1.4,63.0,0.0,12.6,1015.0,2.0
2025-11-01 12:00:00,BC,9.0,1.4,59.0,0.0,13.0,1016.0,2.0
2025-11-01 13:00:00,BC,12.0,1.9,50.0,0.0,12.2,1017.0,3.0
2025-11-01 14:00:00,BC,14.0,1.9,44.0,0.0,13.7,1017.0,3.0
2025-11-01 15:00:00,BC,15.0,0.8,38.0,0.0,17.3,1017.0,1.0
2025-11-01 16:00:00,BC,16.0,-0.7,32.0,0.0,17.3,1017.0,1.0
2025-11-01 17:00:00,BC,17.0,-0.3,31.0,0.0,16.9,1017.0,3.0
2025-11-01 18:00:00,BC,17.0,0.2,32.0,0.0,21.6,1017.0,3.0
2025-11-01 19:00:00,BC,17.0,0.6,33.0,0.0,22.0,1017.0,3.0
2025-11-01 20:00:00,BC,17.0,1.0,34.0,0.0,18.7,1017.0,3.0
2025-11-01 21:00:00,BC,16.0,0.9,36.0,0.0,11.9,1018.0,3.0
2025-11-01 22:00:00,BC,14.0,1.9,44.0,0.0,6.8,1019.0,3.0
2025-11-01 23:00:00,BC,14.0,2.9,47.0,0.0,6.1,1019.0,2.0
2025-11-02 00:00:00,BC,13.0,4.2,55.0,0.0,6.8,1020.0,3.0
2025-11-02 01:00:00,BC,12.0,3.7,57.0,0.0,6.1,1020.0,3.0
2025-11-02 02:00:00,BC,11.0,3.8,61.0,0.0,6.5,1021.0,3.0
2025-11-02 03:00:00,BC,11.0,4.2,63.0,0.0,5.8,1021.0,3.0
2025-11-02 04:00:00,BC,10.0,3.9,66.0,0.0,5.0,1022.0,3.0
2025-11-02 05:00:00,BC,9.0,3.6,69.0,0.0,6.5,1022.0,3.0
2025-11-02 06:00:00,BC,9.0,3.6,69.0,0.0,6.1,1023.0,3.0
2025-11-02 07:00:00,BC,9.0,4.0,71.0,0.0,6.5,1023.0,3.0
2025-11-02 08:00:00,BC,9.0,4.4,73.0,0.0,7.2,1023.0,3.0
2025-11-02 09:00:00,BC,8.0,3.7,74.0,0.0,7.2,1024.0,3.0
2025-11-02 10:00:00,BC,7.0,3.8,80.0,0.0,6.1,1024.0,3.0
2025-11-02 11:00:00,BC,8.0,4.0,76.0,0.0,5.0,1025.0,3.0
2025-11-02 12:00:00,BC,9.0,4.0,71.0,0.0,5.4,1026.0,3.0
2025-11-02 13:00:00,BC,11.0,4.9,66.0,0.0,5.8,1026.0,3.0
2025-11-02 14:00:00,BC,14.0,3.5,49.0,0.0,6.5,1026.0,3.0
2025-11-02 15:00:00,BC,16.0,3.1,42.0,0.0,5.4,1027.0,3.0
2025-11-02 16:00:00,BC,16.0,1.7,38.0,0.0,5.4,1026.0,1.0
2025-11-02 17:00:00,BC,17.0,2.2,37.0,0.0,5.4,1025.0,2.0
2025-11-02 18:00:00,BC,18.0,-0.8,28.0,0.0,6.5,1025.0,2.0
2025-11-02 19:00:00,BC,18.0,-0.8,28.0,0.0,7.6,1025.0,2.0
2025-11-02 20:00:00,BC,17.0,-1.2,29.0,0.0,8.3,1025.0,2.0
2025-11-02 21:00:00,BC,16.0,1.3,37.0,0.0,6.1,1025.0,3.0
2025-11-02 22:00:00,BC,14.0,1.9,44.0,0.0,5.0,1024.0,3.0
2025-11-02 23:00:00,BC,13.0,1.9,47.0,0.0,5.0,1024.0,3.0
2025-11-03 00:00:00,BC,13.0,3.1,51.0,0.0,7.6,1024.0,2.0
2025-11-03 01:00:00,BC,13.0,5.2,59.0,0.0,10.4,1025.0,3.0
2025-11-03 02:00:00,BC,13.0,8.1,72.0,0.0,10.8,1025.0,3.0
2025-11-03 03:00:00,BC,12.0,8.1,77.0,0.0,9.7,1024.0,3.0
2025-11-03 04:00:00,BC,12.0,8.1,77.0,0.0,9.4,1024.0,3.0
2025-11-03 05:00:00,BC,11.0,8.2,83.0,0.0,7.6,1024.0,3.0
2025-11-03 06:00:00,BC,11.0,7.7,80.0,0.0,4.7,1023.0,3.0
2025-11-03 07:00:00,BC,11.0,7.7,80.0,0.0,3.6,1023.0,3.0
2025-11-03 08:00:00,BC,12.0,8.1,77.0,0.0,5.0,1023.0,3.0
2025-11-03 09:00:00,BC,12.0,9.2,83.0,0.3,4.7,1023.0,8.0
2025-11-03 10:00:00,BC,11.0,8.2,83.0,0.6,5.0,1022.0,8.0
2025-11-03 11:00:00,BC,12.0,9.2,83.0,0.7,6.8,1022.0,8.0
2025-11-03 12:00:00,BC,12.0,8.7,80.0,0.7,8.6,1023.0,8.0
2025-11-03 13:00:00,BC,13.0,9.6,80.0,0.2,6.5,1022.0,7.0
2025-11-03 14:00:00,BC,13.0,8.7,75.0,0.0,4.3,1021.0,3.0
2025-11-03 15:00:00,BC,14.0,9.0,72.0,0.0,6.8,1020.0,3.0
2025-11-03 16:00:00,BC,15.0,7.3,60.0,0.0,5.0,1018.0,3.0
2025-11-03 17:00:00,BC,17.0,7.1,52.0,0.0,6.1,1017.0,3.0
2025-11-03 18:00:00,BC,18.0,6.2,46.0,0.0,11.5,1016.0,3.0
2025-11-03 19:00:00,BC,19.0,4.0,37.0,0.0,10.8,1015.0,3.0
2025-11-03 20:00:00,BC,19.0,2.8,34.0,0.0,11.9,1014.0,1.0
2025-11-03 21:00:00,BC,18.0,1.9,34.0,0.0,10.1,1014.0,2.0
2025-11-03 22:00:00,BC,17.0,1.8,36.0,0.0,14.4,1015.0,1.0
2025-11-03 23:00:00,BC,16.0,2.8,41.0,0.0,20.2,1015.0,1.0
2025-11-04 00:00:00,BC,15.0,2.8,44.0,0.0,19.8,1016.0,1.0
2025-11-04 01:00:00,BC,14.0,0.6,40.0,0.0,20.2,1017.0,1.0
2025-11-04 02:00:00,BC,14.0,-0.5,37.0,0.0,21.6,1018.0,1.0
2025-11-04 03:00:00,BC,13.0,0.1,41.0,0.0,25.2,1018.0,1.0
2025-11-04 04:00:00,BC,12.0,1.0,47.0,0.0,20.5,1018.0,1.0
2025-11-04 05:00:00,BC,11.0,1.0,50.0,0.0,20.2,1018.0,1.0
2025-11-04 06:00:00,BC,11.0,2.0,54.0,0.0,19.8,1019.0,1.0
2025-11-04 07:00:00,BC,9.0,1.2,58.0,0.0,18.4,1020.0,1.0
2025-11-04 08:00:00,BC,9.0,0.7,56.0,0.0,17.3,1020.0,1.0
2025-11-04 09:00:00,BC,9.0,0.7,56.0,0.0,16.6,1021.0,1.0
2025-11-04 10:00:00,BC,9.0,0.2,54.0,0.0,15.5,1022.0,1.0
2025-11-04 11:00:00,BC,9.0,-0.6,51.0,0.0,14.0,1022.0,1.0
2025-11-04 12:00:00,BC,11.0,-0.8,44.0,0.0,14.8,1024.0,1.0
2025-11-04 13:00:00,BC,12.0,-1.2,40.0,0.0,16.2,1024.0,1.0
2025-11-04 14:00:00,BC,14.0,-0.8,36.0,0.0,15.5,1024.0,1.0
2025-11-04 15:00:00,BC,15.0,-2.0,31.0,0.0,16.9,1024.0,3.0
2025-11-04 16:00:00,BC,16.0,-2.5,28.0,0.0,18.0,1023.0,3.0
2025-11-04 17:00:00,BC,17.0,-2.6,26.0,0.0,17.6,1022.0,3.0
2025-11-04 18:00:00,BC,17.0,-4.3,23.0,0.0,18.4,1022.0,3.0
2025-11-04 19:00:00,BC,17.0,-4.9,22.0,0.0,19.1,1022.0,3.0
2025-11-04 20:00:00,BC,17.0,-6.1,20.0,0.0,18.0,1022.0,2.0
2025-11-04 21:00:00,BC,17.0,-4.9,22.0,0.0,15.5,1022.0,1.0
2025-11-04 22:00:00,BC,14.0,-4.2,28.0,0.0,13.0,1023.0,1.0
2025-11-04 23:00:00,BC,14.0,-3.3,30.0,0.0,11.9,1023.0,1.0
2025-11-05 00:00:00,BC,13.0,-2.9,33.0,0.0,11.5,1024.0,1.0
2025-11-05 01:00:00,BC,12.0,-3.4,34.0,0.0,11.5,1024.0,2.0
2025-11-05 02:00:00,BC,12.0,-4.6,31.0,0.0,11.2,1024.0,2.0
2025-11-05 03:00:00,BC,11.0,-4.3,34.0,0.0,11.2,1024.0,1.0
2025-11-05 04:00:00,BC,11.0,-3.5,36.0,0.0,10.8,1024.0,1.0
2025-11-05 05:00:00,BC,9.0,-2.6,44.0,0.0,10.4,1023.0,1.0
2025-11-05 06:00:00,BC,9.0,-3.2,42.0,0.0,10.1,1023.0,1.0
2025-11-05 07:00:00,BC,9.0,-1.7,47.0,0.0,9.7,1022.0,1.0
2025-11-05 08:00:00,BC,8.0,-0.5,55.0,0.0,9.4,1022.0,1.0
2025-11-05 09:00:00,BC,7.0,-0.2,60.0,0.0,7.9,1022.0,1.0
2025-11-05 10:00:00,BC,7.0,-0.2,60.0,0.0,8.6,1021.0,1.0
2025-11-05 11:00:00,BC,8.0,0.2,58.0,0.0,10.1,1021.0,1.0
2025-11-05 12:00:00,BC,8.0,0.2,58.0,0.0,11.5,1020.0,1.0
2025-11-05 13:00:00,BC,11.0,-0.8,44.0,0.0,11.9,1019.0,1.0
2025-11-05 14:00:00,BC,15.0,-0.7,34.0,0.0,12.6,1017.0,1.0
2025-11-05 15:00:00,BC,17.0,0.6,33.0,0.0,14.4,1016.0,1.0
2025-11-05 16:00:00,BC,19.0,0.6,29.0,0.0,15.5,1013.0,1.0
2025-11-05 17:00:00,BC,20.0,0.4,27.0,0.0,16.9,1011.0,3.0
2025-11-05 18:00:00,BC,20.0,2.4,31.0,0.0,18.0,1010.0,3.0
2025-11-05 19:00:00,BC,21.0,3.2,31.0,0.0,18.7,1008.0,3.0
2025-11-05 20:00:00,BC,22.0,3.1,29.0,0.0,20.5,1007.0,3.0
2025-11-05 21:00:00,BC,21.0,3.7,32.0,0.0,20.5,1007.0,3.0
2025-11-05 22:00:00,BC,18.0,4.5,41.0,0.0,20.9,1007.0,2.0
2025-11-05 23:00:00,BC,18.0,3.8,39.0,0.0,21.2,1007.0,3.0
2025-11-06 00:00:00,BC,18.0,4.2,40.0,0.0,20.5,1006.0,1.0
2025-11-06 01:00:00,BC,21.0,4.1,33.0,0.0,21.2,1006.0,1.0
2025-11-06 02:00:00,BC,20.0,4.5,36.0,0.0,24.8,1006.0,2.0
2025-11-06 03:00:00,BC,19.0,6.8,45.0,0.0,29.2,1009.0,2.0
2025-11-06 04:00:00,BC,16.0,-0.3,33.0,0.0,31.3,1012.0,2.0
2025-11-06 05:00:00,BC,14.0,-0.8,36.0,0.0,24.1,1014.0,2.0
2025-11-06 06:00:00,BC,13.0,-0.3,40.0,0.0,25.2,1015.0,1.0
2025-11-06 07:00:00,BC,12.0,-1.2,40.0,0.0,21.6,1016.0,1.0
2025-11-06 08:00:00,BC,11.0,-2.4,39.0,0.0,19.8,1017.0,1.0
2025-11-06 09:00:00,BC,11.0,-1.4,42.0,0.0,19.8,1018.0,1.0
2025-11-06 10:00:00,BC,10.0,-1.7,44.0,0.0,19.1,1019.0,1.0
2025-11-06 11:00:00,BC,9.0,-2.6,44.0,0.0,17.6,1020.0,1.0
2025-11-06 12:00:00,BC,10.0,-2.3,42.0,0.0,15.8,1021.0,1.0
2025-11-06 13:00:00,BC,11.0,-2.4,39.0,0.0,17.3,1022.0,1.0
2025-11-06 14:00:00,BC,12.0,-3.0,35.0,0.0,18.0,1022.0,1.0
2025-11-06 15:00:00,BC,13.0,-3.7,31.0,0.0,19.1,1022.0,1.0
2025-11-06 16:00:00,BC,13.0,-6.1,26.0,0.0,18.0,1022.0,1.0
2025-11-06 17:00:00,BC,14.0,-6.8,23.0,0.0,18.4,1021.0,1.0
2025-11-06 18:00:00,BC,15.0,-7.1,21.0,0.0,15.5,1021.0,1.0
2025-11-06 19:00:00,BC,15.0,-6.5,22.0,0.0,18.4,1021.0,1.0
2025-11-06 20:00:00,BC,15.0,-6.0,23.0,0.0,15.8,1021.0,1.0
2025-11-06 21:00:00,BC,14.0,-5.7,25.0,0.0,12.2,1021.0,1.0
2025-11-06 22:00:00,BC,13.0,-5.1,28.0,0.0,9.4,1021.0,1.0
2025-11-06 23:00:00,BC,12.0,-4.2,32.0,0.0,7.6,1022.0,1.0
2025-11-07 00:00:00,BC,11.0,-3.5,36.0,0.0,8.3,1022.0,1.0
2025-11-07 01:00:00,BC,10.0,-2.3,42.0,0.0,7.9,1022.0,1.0
2025-11-07 02:00:00,BC,9.0,-1.7,47.0,0.0,7.2,1022.0,1.0
2025-11-07 03:00:00,BC,8.0,-1.3,52.0,0.0,6.5,1022.0,1.0
2025-11-07 04:00:00,BC,7.0,-1.2,56.0,0.0,6.1,1022.0,2.0
2025-11-07 05:00:00,BC,7.0,-0.2,60.0,0.0,5.8,1021.0,1.0
2025-11-07 06:00:00,BC,6.0,0.3,67.0,0.0,4.0,1021.0,2.0
2025-11-07 07:00:00,BC,5.0,-0.0,70.0,0.0,3.6,1020.0,3.0
2025-11-07 08:00:00,BC,5.0,-0.0,70.0,0.0,5.0,1020.0,3.0
2025-11-07 09:00:00,BC,5.0,-0.6,67.0,0.0,5.4,1020.0,3.0
2025-11-07 10:00:00,BC,4.0,-0.4,73.0,0.0,6.5,1019.0,3.0
2025-11-07 11:00:00,BC,4.0,-0.4,73.0,0.0,10.1,1019.0,1.0
2025-11-07 12:00:00,BC,6.0,-1.2,60.0,0.0,12.2,1019.0,3.0
2025-11-07 13:00:00,BC,9.0,-1.4,48.0,0.0,14.8,1018.0,3.0
2025-11-07 14:00:00,BC,12.0,-1.5,39.0,0.0,14.0,1017.0,3.0
2025-11-07 15:00:00,BC,14.0,-1.6,34.0,0.0,15.5,1016.0,3.0
2025-11-07 16:00:00,BC,16.0,-1.1,31.0,0.0,18.7,1014.0,3.0
2025-11-07 17:00:00,BC,17.0,-0.3,31.0,0.0,19.4,1012.0,3.0
2025-11-07 18:00:00,BC,18.0,2.3,35.0,0.0,21.6,1011.0,3.0
2025-11-07 19:00:00,BC,17.0,5.3,46.0,0.0,24.1,1009.0,3.0
2025-11-07 20:00:00,BC,16.0,5.6,50.0,0.0,23.8,1009.0,3.0
2025-11-07 21:00:00,BC,15.0,6.0,55.0,0.0,24.8,1008.0,3.0
2025-11-07 22:00:00,BC,14.0,6.8,62.0,0.0,23.0,1007.0,3.0
2025-11-07 23:00:00,BC,14.0,6.4,60.0,0.0,20.2,1007.0,3.0
2025-11-08 00:00:00,BC,14.0,5.6,57.0,0.0,19.4,1006.0,3.0
2025-11-08 01:00:00,BC,13.0,5.4,60.0,0.0,20.2,1006.0,3.0
2025-11-08 02:00:00,BC,14.0,6.8,62.0,0.0,18.7,1006.0,3.0
2025-11-08 03:00:00,BC,13.0,10.9,87.0,0.0,19.4,1006.0,3.0
2025-11-08 04:00:00,BC,13.0,11.4,90.0,0.1,19.8,1006.0,9.0
2025-11-08 05:00:00,BC,13.0,11.9,93.0,0.1,17.6,1006.0,9.0
2025-11-08 06:00:00,BC,13.0,11.9,93.0,0.1,18.7,1005.0,9.0
2025-11-08 07:00:00,BC,13.0,12.5,97.0,0.0,16.6,1005.0,9.0
2025-11-08 08:00:00,BC,14.0,12.9,93.0,1.8,15.5,1005.0,9.0
2025-11-08 09:00:00,BC,14.0,12.9,93.0,0.5,13.0,1006.0,8.0
2025-11-08 10:00:00,BC,14.0,12.9,93.0,0.0,11.9,1006.0,3.0
2025-11-08 11:00:00,BC,13.0,11.9,93.0,0.0,11.5,1007.0,3.0
2025-11-08 12:00:00,BC,14.0,11.9,87.0,0.0,11.5,1009.0,1.0
2025-11-08 13:00:00,BC,16.0,12.2,78.0,0.0,13.3,1010.0,1.0
2025-11-08 14:00:00,BC,18.0,10.8,63.0,0.0,10.8,1010.0,1.0
2025-11-08 15:00:00,BC,18.0,6.8,48.0,0.0,11.9,1010.0,1.0
2025-11-08 16:00:00,BC,19.0,5.8,42.0,0.0,10.1,1010.0,1.0
2025-11-08 17:00:00,BC,21.0,6.1,38.0,0.0,7.9,1009.0,1.0
2025-11-08 18:00:00,BC,21.0,4.9,35.0,0.0,5.8,1010.0,1.0
2025-11-08 19:00:00,BC,21.0,3.7,32.0,0.0,7.9,1009.0,1.0
2025-11-08 20:00:00,BC,21.0,4.9,35.0,0.0,7.9,1008.0,1.0
2025-11-08 21:00:00,BC,17.0,8.2,56.0,0.0,7.2,1009.0,3.0
2025-11-08 22:00:00,BC,17.0,8.7,58.0,0.0,9.7,1010.0,3.0
2025-11-08 23:00:00,BC,16.0,8.7,62.0,0.0,10.8,1011.0,3.0
2025-11-09 00:00:00,BC,14.0,8.0,67.0,0.0,11.5,1011.0,2.0
2025-11-09 01:00:00,BC,13.0,8.1,72.0,0.0,11.2,1011.0,2.0
2025-11-09 02:00:00,BC,13.0,8.7,75.0,0.0,11.9,1011.0,3.0
2025-11-09 03:00:00,BC,13.0,9.1,77.0,0.0,12.2,1012.0,3.0
2025-11-09 04:00:00,BC,12.0,8.7,80.0,0.0,12.2,1011.0,1.0
2025-11-09 05:00:00,BC,12.0,9.2,83.0,0.0,11.5,1011.0,2.0
2025-11-09 06:00:00,BC,12.0,9.2,83.0,0.0,11.2,1011.0,2.0
2025-11-09 07:00:00,BC,12.0,8.1,77.0,0.0,10.1,1011.0,1.0
2025-11-09 08:00:00,BC,11.0,8.2,83.0,0.0,8.3,1011.0,1.0
2025-11-09 09:00:00,BC,11.0,8.7,86.0,0.0,7.6,1010.0,1.0
2025-11-09 10:00:00,BC,11.0,8.7,86.0,0.0,6.8,1010.0,3.0
2025-11-09 11:00:00,BC,12.0,9.7,86.0,0.0,6.5,1010.0,3.0
2025-11-09 12:00:00,BC,12.0,9.2,83.0,0.0,7.9,1010.0,3.0
2025-11-09 13:00:00,BC,14.0,9.0,72.0,0.0,9.4,1010.0,3.0
2025-11-09 14:00:00,BC,14.0,9.6,75.0,0.0,9.7,1009.0,3.0
2025-11-09 15:00:00,BC,14.0,11.2,83.0,0.0,10.1,1008.0,3.0
2025-11-09 16:00:00,BC,14.0,11.9,87.0,0.0,12.2,1007.0,17.0
2025-11-09 17:00:00,BC,16.0,13.7,86.0,0.7,15.5,1006.0,17.0
2025-11-09 18:00:00,BC,16.0,13.8,87.0,0.0,13.7,1006.0,3.0
2025-11-09 19:00:00,BC,16.0,14.4,90.0,0.0,14.4,1006.0,3.0
2025-11-09 20:00:00,BC,17.2,14.5,84.0,0.0,14.4,1005.0,3.0
2025-11-09 21:00:00,BC,17.0,15.3,90.0,0.0,14.0,1006.0,3.0
2025-11-09 22:00:00,BC,15.0,14.4,96.0,0.0,14.4,1006.0,2.0
2025-11-09 23:00:00,BC,16.0,14.9,93.0,0.0,8.3,1006.0,1.0
2025-11-10 00:00:00,BC,16.0,12.7,81.0,0.0,7.2,1006.0,2.0
2025-11-10 01:00:00,BC,15.6,12.2,80.0,0.2,13.3,1005.0,17.0
2025-11-10 02:00:00,BC,14.0,9.6,75.0,0.0,16.2,1008.0,3.0
2025-11-10 03:00:00,BC,13.0,8.7,75.0,0.0,16.9,1008.0,8.0
2025-11-10 04:00:00,BC,13.0,9.6,80.0,0.0,13.7,1008.0,9.0
2025-11-10 05:00:00,BC,13.0,6.8,66.0,0.0,16.6,1008.0,7.0
2025-11-10 06:00:00,BC,12.0,4.7,61.0,0.3,12.6,1007.0,8.0
2025-11-10 07:00:00,BC,12.0,2.4,52.0,0.6,12.6,1007.0,8.0
2025-11-10 08:00:00,BC,11.0,2.0,54.0,0.1,12.6,1007.0,7.0
2025-11-10 09:00:00,BC,10.0,1.1,54.0,0.0,11.9,1008.0,3.0
2025-11-10 10:00:00,BC,9.0,-0.9,50.0,0.0,14.4,1008.0,3.0
2025-11-10 11:00:00,BC,8.0,-2.1,49.0,0.0,18.0,1009.0,3.0
2025-11-10 12:00:00,BC,8.0,-1.0,53.0,0.0,17.6,1009.0,3.0
2025-11-10 13:00:00,BC,8.0,-1.5,51.0,0.0,16.9,1010.0,3.0
2025-11-10 14:00:00,BC,8.0,-2.1,49.0,0.0,18.7,1010.0,3.0
2025-11-10 15:00:00,BC,8.0,-2.3,48.0,0.0,20.5,1009.0,3.0
2025-11-10 16:00:00,BC,9.0,-3.9,40.0,0.0,21.2,1008.0,3.0
2025-11-10 17:00:00,BC,10.0,-4.4,36.0,0.0,22.0,1007.0,3.0
2025-11-10 18:00:00,BC,9.0,-5.3,36.0,0.0,21.6,1007.0,2.0
2025-11-10 19:00:00,BC,8.0,-6.2,36.0,0.0,20.5,1008.0,3.0
2025-11-10 20:00:00,BC,8.0,-5.8,37.0,0.0,20.5,1009.0,3.0
2025-11-10 21:00:00,BC,7.0,-6.3,38.0,0.0,20.2,1009.0,3.0
2025-11-10 22:00:00,BC,6.0,-7.2,38.0,0.0,20.2,1010.0,2.0
2025-11-10 23:00:00,BC,5.0,-8.1,38.0,0.0,20.2,1010.0,3.0
2025-11-11 00:00:00,BC,4.0,-8.7,39.0,0.0,19.8,1011.0,3.0
2025-11-11 01:00:00,BC,4.0,-8.7,39.0,0.0,18.7,1011.0,3.0
2025-11-11 02:00:00,BC,3.0,-8.7,42.0,0.0,21.2,1011.0,1.0
2025-11-11 03:00:00,BC,3.0,-8.1,44.0,0.0,19.8,1011.0,1.0
2025-11-11 04:00:00,BC,3.0,-8.7,42.0,0.0,19.4,1011.0,1.0
2025-11-11 05:00:00,BC,2.0,-9.0,44.0,0.0,17.6,1011.0,1.0
2025-11-11 06:00:00,BC,2.0,-9.0,44.0,0.0,17.6,1011.0,1.0
2025-11-11 07:00:00,BC,1.0,-9.0,47.0,0.0,20.9,1012.0,2.0
2025-11-11 08:00:00,BC,1.0,-10.8,41.0,0.0,23.8,1011.0,3.0
2025-11-11 09:00:00,BC,1.0,-10.2,43.0,0.0,25.9,1012.0,1.0
2025-11-11 10:00:00,BC,1.0,-9.6,45.0,0.0,25.2,1012.0,1.0
2025-11-11 11:00:00,BC,1.0,-9.6,45.0,0.0,24.1,1013.0,1.0
2025-11-11 12:00:00,BC,1.0,-10.2,43.0,0.0,25.2,1014.0,1.0
2025-11-11 13:00:00,BC,2.0,-9.6,42.0,0.0,25.9,1015.0,2.0
2025-11-11 14:00:00,BC,2.0,-10.2,40.0,0.0,27.7,1015.0,3.0
2025-11-11 15:00:00,BC,3.0,-12.1,32.0,0.0,29.9,1015.0,3.0
2025-11-11 16:00:00,BC,5.0,-11.1,30.0,0.0,31.3,1014.0,3.0
2025-11-11 17:00:00,BC,6.0,-10.7,29.0,0.0,31.3,1014.0,2.0
2025-11-11 18:00:00,BC,7.0,-9.8,29.0,0.0,38.2,1014.0,2.0
2025-11-11 19:00:00,BC,7.0,-9.0,31.0,0.0,36.4,1014.0,2.0
2025-11-11 20:00:00,BC,7.0,-8.2,33.0,0.0,33.5,1015.0,2.0
2025-11-11 21:00:00,BC,6.0,-7.9,36.0,0.0,27.7,1016.0,3.0
2025-11-11 22:00:00,BC,6.0,-7.2,38.0,0.0,24.1,1016.0,3.0
2025-11-11 23:00:00,BC,4.0,-8.7,39.0,0.0,20.9,1017.0,2.0
2025-11-12 00:00:00,BC,4.0,-8.7,39.0,0.0,17.3,1017.0,1.0
2025-11-12 01:00:00,BC,4.0,-7.7,42.0,0.0,17.3,1017.0,1.0
2025-11-12 02:00:00,BC,3.0,-7.5,46.0,0.0,16.9,1016.0,3.0
2025-11-12 03:00:00,BC,3.0,-6.9,48.0,0.0,15.1,1016.0,3.0
2025-11-12 04:00:00,BC,3.0,-6.9,48.0,0.0,14.4,1016.0,3.0
2025-11-12 05:00:00,BC,3.0,-7.5,46.0,0.0,13.7,1015.0,3.0
2025-11-12 06:00:00,BC,3.0,-6.9,48.0,0.0,15.8,1014.0,3.0
2025-11-12 07:00:00,BC,4.0,-7.1,44.0,0.0,15.8,1014.0,3.0
2025-11-12 08:00:00,BC,4.0,-6.0,48.0,0.0,16.6,1014.0,3.0
2025-11-12 09:00:00,BC,5.0,-6.5,43.0,0.0,16.9,1013.0,3.0
2025-11-12 10:00:00,BC,6.0,-6.9,39.0,0.0,17.6,1013.0,3.0
2025-11-12 11:00:00,BC,6.0,-6.9,39.0,0.0,18.4,1013.0,2.0
2025-11-12 12:00:00,BC,6.0,-6.9,39.0,0.0,19.1,1012.0,2.0
2025-11-12 13:00:00,BC,7.0,-7.0,36.0,0.0,18.7,1012.0,2.0
2025-11-12 14:00:00,BC,8.0,-6.9,34.0,0.0,18.4,1011.0,1.0
2025-11-12 15:00:00,BC,11.0,-5.9,30.0,0.0,17.3,1010.0,3.0
2025-11-12 16:00:00,BC,12.0,-5.0,30.0,0.0,16.9,1009.0,3.0
2025-11-12 17:00:00,BC,13.0,-4.2,30.0,0.0,19.1,1009.0,3.0
2025-11-12 18:00:00,BC,14.0,-3.3,30.0,0.0,18.7,1008.0,3.0
2025-11-12 19:00:00,BC,15.0,-2.0,31.0,0.0,24.5,1008.0,3.0
2025-11-12 20:00:00,BC,15.0,-2.0,31.0,0.0,19.4,1009.0,3.0
2025-11-12 21:00:00,BC,15.0,-2.0,31.0,0.0,16.9,1009.0,1.0
2025-11-12 22:00:00,BC,14.0,-2.4,32.0,0.0,20.5,1010.0,2.0
2025-11-12 23:00:00,BC,13.0,-2.5,34.0,0.0,19.4,1010.0,3.0
2025-11-13 00:00:00,BC,13.0,-2.9,33.0,0.0,14.0,1011.0,3.0
2025-11-13 01:00:00,BC,12.0,-2.2,37.0,0.0,18.0,1011.0,3.0
2025-11-13 02:00:00,BC,13.0,-2.5,34.0,0.0,20.9,1012.0,2.0
2025-11-13 03:00:00,BC,12.0,-3.0,35.0,0.0,19.1,1013.0,2.0
2025-11-13 04:00:00,BC,12.0,-2.6,36.0,0.0,18.7,1013.0,1.0
2025-11-13 05:00:00,BC,11.0,-2.8,38.0,0.0,17.3,1014.0,1.0
2025-11-13 06:00:00,BC,10.0,-2.3,42.0,0.0,16.6,1014.0,1.0
2025-11-13 07:00:00,BC,8.0,-2.1,49.0,0.0,17.3,1015.0,1.0
2025-11-13 08:00:00,BC,7.0,-2.4,51.0,0.0,18.0,1015.0,1.0
2025-11-13 09:00:00,BC,7.0,-2.4,51.0,0.0,19.1,1015.0,1.0
2025-11-13 10:00:00,BC,7.0,-2.4,51.0,0.0,18.0,1016.0,1.0
2025-11-13 11:00:00,BC,7.0,-3.5,47.0,0.0,16.2,1016.0,1.0
2025-11-13 12:00:00,BC,7.0,-3.0,49.0,0.0,15.5,1017.0,1.0
2025-11-13 13:00:00,BC,10.0,-2.3,42.0,0.0,16.2,1017.0,1.0
2025-11-13 14:00:00,BC,12.0,-3.0,35.0,0.0,16.9,1016.0,1.0
2025-11-13 15:00:00,BC,12.0,-4.2,32.0,0.0,22.3,1016.0,1.0
2025-11-13 16:00:00,BC,13.0,-4.2,30.0,0.0,27.7,1016.0,1.0
2025-11-13 17:00:00,BC,13.0,-6.1,26.0,0.0,25.9,1015.0,3.0
2025-11-13 18:00:00,BC,14.0,-6.8,23.0,0.0,27.0,1016.0,2.0
2025-11-13 19:00:00,BC,14.0,-5.7,25.0,0.0,23.8,1016.0,3.0
2025-11-13 20:00:00,BC,13.0,-6.1,26.0,0.0,22.0,1017.0,1.0
2025-11-13 21:00:00,BC,13.0,-6.1,26.0,0.0,16.6,1017.0,2.0
2025-11-13 22:00:00,BC,12.0,-6.4,27.0,0.0,14.0,1018.0,1.0
2025-11-13 23:00:00,BC,11.0,-6.4,29.0,0.0,11.2,1018.0,1.0
2025-11-14 00:00:00,BC,10.0,-5.5,33.0,0.0,12.2,1018.0,1.0
2025-11-14 01:00:00,BC,9.0,-6.4,33.0,0.0,13.7,1019.0,1.0
2025-11-14 02:00:00,BC,8.0,-4.1,42.0,0.0,11.5,1019.0,1.0
2025-11-14 03:00:00,BC,7.0,-4.4,44.0,0.0,12.6,1020.0,1.0
2025-11-14 04:00:00,BC,7.0,-5.0,42.0,0.0,11.9,1020.0,1.0
2025-11-14 05:00:00,BC,6.0,-2.9,53.0,0.0,11.2,1020.0,1.0
2025-11-14 06:00:00,BC,5.0,-3.3,55.0,0.0,11.2,1020.0,1.0
2025-11-14 07:00:00,BC,5.0,-3.8,53.0,0.0,10.4,1020.0,1.0
2025-11-14 08:00:00,BC,5.0,-3.8,53.0,0.0,10.8,1021.0,2.0
2025-11-14 09:00:00,BC,6.0,-3.9,49.0,0.0,11.5,1021.0,1.0
2025-11-14 10:00:00,BC,5.0,-4.3,51.0,0.0,11.5,1022.0,1.0
2025-11-14 11:00:00,BC,5.0,-3.8,53.0,0.0,11.9,1022.0,1.0
2025-11-14 12:00:00,BC,6.0,-3.4,51.0,0.0,11.9,1023.0,1.0
2025-11-14 13:00:00,BC,9.0,-2.6,44.0,0.0,11.9,1023.0,1.0
2025-11-14 14:00:00,BC,11.0,-3.5,36.0,0.0,11.2,1023.0,1.0
2025-11-14 15:00:00,BC,12.0,-4.6,31.0,0.0,13.7,1022.0,1.0
2025-11-14 16:00:00,BC,13.0,-5.6,27.0,0.0,14.8,1021.0,1.0
2025-11-14 17:00:00,BC,13.0,-4.6,29.0,0.0,14.0,1020.0,3.0
2025-11-14 18:00:00,BC,13.0,-4.2,30.0,0.0,13.7,1019.0,2.0
2025-11-14 19:00:00,BC,12.0,-4.2,32.0,0.0,13.3,1019.0,2.0
2025-11-14 20:00:00,BC,12.0,-3.0,35.0,0.0,11.9,1018.0,3.0
2025-11-14 21:00:00,BC,11.0,-2.8,38.0,0.0,8.3,1017.0,3.0
2025-11-14 22:00:00,BC,10.6,-2.1,41.0,0.0,7.6,1017.0,3.0
2025-11-14 23:00:00,BC,11.1,-2.3,39.0,0.0,8.3,1017.0,3.0
2025-11-15 00:00:00,BC,10.6,-0.5,46.0,0.0,5.4,1016.0,3.0
2025-11-15 01:00:00,BC,11.1,-1.0,43.0,0.0,5.8,1016.0,3.0
2025-11-15 02:00:00,BC,10.6,-1.1,44.0,0.0,6.1,1016.0,3.0
2025-11-15 03:00:00,BC,10.6,-0.5,46.0,0.0,6.8,1015.0,3.0
2025-11-15 04:00:00,BC,10.6,-0.5,46.0,0.0,6.1,1014.0,3.0
2025-11-15 05:00:00,BC,10.0,0.6,52.0,0.0,6.5,1013.0,3.0
2025-11-15 06:00:00,BC,9.4,0.0,52.0,0.0,5.8,1013.0,3.0
2025-11-15 07:00:00,BC,8.9,0.6,56.0,0.0,5.8,1013.0,3.0
2025-11-15 08:00:00,BC,8.9,1.1,58.0,0.0,7.6,1012.0,3.0
2025-11-15 09:00:00,BC,7.8,1.2,63.0,0.0,7.6,1012.0,3.0
2025-11-15 10:00:00,BC,8.3,1.7,63.0,0.0,7.2,1012.0,3.0
2025-11-15 11:00:00,BC,8.9,1.1,58.0,0.0,5.8,1012.0,3.0
2025-11-15 12:00:00,BC,8.3,0.5,58.0,0.0,4.7,1013.0,3.0
2025-11-15 13:00:00,BC,9.4,1.8,59.0,0.0,4.7,1012.0,3.0
2025-11-15 14:00:00,BC,10.0,1.6,56.0,0.0,3.2,1011.0,2.0
2025-11-15 15:00:00,BC,11.1,0.5,48.0,0.0,4.7,1010.0,3.0
2025-11-15 16:00:00,BC,10.0,2.8,61.0,0.0,5.8,1009.0,3.0
2025-11-15 17:00:00,BC,10.6,4.3,65.0,0.0,5.0,1007.0,3.0
2025-11-15 18:00:00,BC,11.1,3.9,61.0,0.0,5.4,1005.0,3.0
2025-11-15 19:00:00,BC,11.1,4.3,63.0,0.0,7.9,1004.0,3.0
2025-11-15 20:00:00,BC,11.1,4.3,63.0,0.0,8.6,1003.0,3.0
2025-11-15 21:00:00,BC,10.6,6.7,77.0,0.0,11.2,1002.0,3.0
2025-11-15 22:00:00,BC,10.6,6.7,77.0,0.0,12.6,1001.0,3.0
2025-11-15 23:00:00,BC,10.0,7.2,83.0,0.0,12.2,1000.0,3.0
2025-11-16 00:00:00,BC,10.6,7.8,83.0,0.0,13.7,999.0,3.0
2025-11-16 01:00:00,BC,10.6,7.8,83.0,0.0,17.3,997.0,3.0
2025-11-16 02:00:00,BC,10.6,7.8,83.0,0.0,16.6,996.0,3.0
2025-11-16 03:00:00,BC,10.6,7.1,79.0,0.0,21.6,994.0,3.0
2025-11-16 04:00:00,BC,15.0,8.9,67.0,0.0,21.2,993.0,3.0
2025-11-16 05:00:00,BC,16.1,8.8,62.0,1.1,20.9,993.0,9.0
2025-11-16 06:00:00,BC,16.1,10.0,67.0,2.1,16.6,992.0,9.0
2025-11-16 07:00:00,BC,18.3,11.1,63.0,0.6,20.9,992.0,8.0
2025-11-16 08:00:00,BC,17.2,11.0,67.0,0.0,21.2,992.0,3.0
2025-11-16 09:00:00,BC,17.2,10.6,65.0,0.0,22.0,993.0,2.0
2025-11-16 10:00:00,BC,17.2,6.1,48.0,0.0,23.0,994.0,2.0
2025-11-16 11:00:00,BC,16.7,6.2,50.0,0.0,23.0,994.6,3.0
2025-11-16 12:00:00,BC,16.1,3.8,44.0,0.0,22.7,995.9,3.0
2025-11-16 13:00:00,BC,15.6,-1.5,31.0,0.0,22.7,997.1,1.0
2025-11-16 14:00:00,BC,15.0,-3.8,27.0,0.0,28.1,997.7,1.0
2025-11-16 15:00:00,BC,14.4,-4.9,26.0,0.0,30.2,998.0,1.0
2025-11-16 16:00:00,BC,14.4,-4.9,26.0,0.0,33.8,998.4,1.0
2025-11-16 17:00:00,BC,13.9,-6.9,23.0,0.0,30.2,997.7,2.0
2025-11-16 18:00:00,BC,13.9,-5.8,25.0,0.0,31.0,998.2,2.0
2025-11-16 19:00:00,BC,12.8,-4.8,29.0,0.0,32.8,998.5,1.0
2025-11-16 20:00:00,BC,11.7,-5.7,29.0,0.0,32.0,999.0,1.0
2025-11-16 21:00:00,BC,10.6,-5.0,33.0,0.0,28.8,1000.2,3.0
2025-11-16 22:00:00,BC,10.0,-4.4,36.0,0.0,27.4,1001.3,3.0
2025-11-16 23:00:00,BC,8.9,-5.0,37.0,0.0,27.7,1002.7,1.0
2025-11-17 00:00:00,BC,8.3,-5.5,37.0,0.0,27.4,1003.5,1.0
2025-11-17 01:00:00,BC,7.8,-6.0,37.0,0.0,25.6,1004.1,2.0
2025-11-17 02:00:00,BC,7.8,-6.0,37.0,0.0,23.0,1004.9,3.0
2025-11-17 03:00:00,BC,7.8,-7.1,34.0,0.0,20.5,1005.9,2.0
2025-11-17 04:00:00,BC,7.8,-7.1,34.0,0.0,17.6,1006.4,1.0
2025-11-17 05:00:00,BC,7.2,-7.2,35.0,0.0,15.8,1006.7,1.0
2025-11-17 06:00:00,BC,7.2,-7.6,34.0,0.0,15.8,1007.0,1.0
2025-11-17 07:00:00,BC,6.7,-7.3,36.0,0.0,15.8,1007.3,1.0
2025-11-17 08:00:00,BC,6.7,-6.6,38.0,0.0,15.8,1007.5,1.0
2025-11-17 09:00:00,BC,6.7,-5.9,40.0,0.0,17.3,1008.0,1.0
2025-11-17 10:00:00,BC,6.7,-5.9,40.0,0.0,19.1,,3.0
2025-11-17 11:00:00,BC,7.2,-6.2,38.0,0.0,19.4,1010.3,2.0
2025-11-17 12:00:00,BC,7.2,-6.2,38.0,0.0,18.0,1010.8,2.0
2025-11-17 13:00:00,BC,7.8,-7.1,34.0,0.0,16.9,1011.7,3.0
2025-11-17 14:00:00,BC,8.3,-8.3,30.0,0.0,25.6,1012.6,2.0
2025-11-17 15:00:00,BC,8.3,-9.6,27.0,0.0,27.0,1012.4,3.0
2025-11-17 16:00:00,BC,8.3,-7.8,31.0,0.0,27.0,1012.4,2.0
2025-11-17 17:00:00,BC,8.9,-8.2,29.0,0.0,27.0,1012.5,3.0
2025-11-17 18:00:00,BC,8.8,-7.0,32.0,0.0,25.6,1012.2,2.0
2025-11-17 19:00:00,BC,9.3,-6.5,32.0,0.0,25.2,1012.3,3.0
2025-11-17 20:00:00,BC,8.5,-6.5,34.0,0.0,22.7,1013.1,3.0
2025-11-17 21:00:00,BC,7.6,-5.5,39.0,0.0,19.8,1014.1,1.0
2025-11-17 22:00:00,BC,6.2,-5.1,44.0,0.0,16.2,1015.3,1.0
2025-11-17 23:00:00,BC,5.3,-4.5,49.0,0.0,15.1,1016.2,1.0
2025-11-18 00:00:00,BC,4.5,-4.2,53.0,0.0,13.3,1017.0,1.0
2025-11-18 01:00:00,BC,3.8,-4.2,56.0,0.0,13.3,1017.7,1.0
2025-11-18 02:00:00,BC,3.6,-4.4,56.0,0.0,14.4,1018.7,1.0
2025-11-18 03:00:00,BC,3.4,-4.5,56.0,0.0,15.1,1019.5,1.0
2025-11-18 04:00:00,BC,2.9,-4.5,58.0,0.0,14.4,1020.0,1.0
2025-11-18 05:00:00,BC,2.3,-4.2,62.0,0.0,12.6,1020.3,1.0
2025-11-18 06:00:00,BC,1.8,-4.3,64.0,0.0,12.2,1020.7,1.0
2025-11-18 07:00:00,BC,1.3,-4.1,67.0,0.0,10.8,1021.0,1.0
2025-11-18 08:00:00,BC,0.9,-4.1,69.0,0.0,10.8,1021.3,1.0
2025-11-18 09:00:00,BC,0.6,-4.2,70.0,0.0,10.8,1021.6,1.0
2025-11-18 10:00:00,BC,0.4,-4.2,71.0,0.0,10.4,1022.2,1.0
2025-11-18 11:00:00,BC,0.2,-4.1,73.0,0.0,10.4,1022.7,1.0
2025-11-18 12:00:00,BC,0.2,-3.9,74.0,0.0,10.1,1023.4,2.0
2025-11-18 13:00:00,BC,1.6,-3.3,70.0,0.0,9.7,1024.0,1.0
2025-11-18 14:00:00,BC,3.5,-2.5,65.0,0.0,7.2,1024.6,3.0
2025-11-18 15:00:00,BC,5.8,-2.5,55.0,0.0,7.6,1024.7,3.0
2025-11-18 16:00:00,BC,6.4,-3.3,50.0,0.0,7.9,1024.9,3.0
2025-11-18 17:00:00,BC,7.8,-3.4,45.0,0.0,9.7,1024.3,3.0
2025-11-18 18:00:00,BC,7.5,-3.4,46.0,0.0,6.1,1022.7,3.0
2025-11-18 19:00:00,BC,7.9,-3.3,45.0,0.0,5.0,1022.2,3.0
2025-11-18 20:00:00,BC,8.0,-3.2,45.0,0.0,4.3,1021.9,3.0
2025-11-18 21:00:00,BC,7.6,-0.9,55.0,0.0,4.0,1022.1,3.0
2025-11-18 22:00:00,BC,6.6,-0.4,61.0,0.0,5.0,1022.1,3.0
2025-11-18 23:00:00,BC,6.8,-0.4,60.0,0.0,5.8,1022.6,3.0
2025-11-19 00:00:00,BC,6.5,-0.7,60.0,0.4,7.2,1022.6,8.0
2025-11-19 01:00:00,BC,4.7,2.6,86.0,2.0,9.7,1022.5,9.0
2025-11-19 02:00:00,BC,4.6,3.7,94.0,3.0,11.2,1022.2,9.0
2025-11-19 03:00:00,BC,4.9,4.2,95.0,3.2,14.0,1021.8,9.0
2025-11-19 04:00:00,BC,5.2,4.5,95.0,2.5,11.2,1022.4,9.0
2025-11-19 05:00:00,BC,5.2,4.5,95.0,0.3,12.2,1021.5,8.0
2025-11-19 06:00:00,BC,5.4,4.5,94.0,0.1,11.9,1020.9,7.0
2025-11-19 07:00:00,BC,5.6,4.6,93.0,0.0,11.9,1020.6,3.0
2025-11-19 08:00:00,BC,5.6,4.7,94.0,0.3,13.0,1020.3,8.0
2025-11-19 09:00:00,BC,5.4,4.7,95.0,0.6,11.5,1020.1,8.0
2025-11-19 10:00:00,BC,5.4,4.7,95.0,0.0,11.9,1020.3,3.0
2025-11-19 11:00:00,BC,5.5,4.8,95.0,0.0,10.4,1020.7,3.0
2025-11-19 12:00:00,BC,5.5,4.8,95.0,0.0,10.8,1021.1,3.0
2025-11-19 13:00:00,BC,5.8,4.9,94.0,0.0,10.1,1021.4,3.0
2025-11-19 14:00:00,BC,7.0,5.3,89.0,0.0,11.5,1021.8,3.0
2025-11-19 15:00:00,BC,8.5,6.3,86.0,0.0,12.6,1022.1,3.0
2025-11-19 16:00:00,BC,9.2,6.5,83.0,0.0,11.9,1022.3,3.0
2025-11-19 17:00:00,BC,9.4,6.1,80.0,0.0,12.2,1021.9,3.0
2025-11-19 18:00:00,BC,9.7,5.9,77.0,0.0,11.5,1021.4,3.0
2025-11-19 19:00:00,BC,10.1,5.9,75.0,0.0,10.1,1021.3,3.0
2025-11-19 20:00:00,BC,9.8,5.8,76.0,0.0,9.4,1021.4,3.0
2025-11-19 21:00:00,BC,9.4,5.4,76.0,0.0,10.4,1022.0,3.0
2025-11-19 22:00:00,BC,8.8,5.4,79.0,0.0,10.8,1022.4,3.0
2025-11-19 23:00:00,BC,8.3,5.2,81.0,0.0,10.4,1022.8,3.0
2025-11-20 00:00:00,BC,8.2,5.1,81.0,0.0,11.9,1022.9,3.0
2025-11-20 01:00:00,BC,7.9,5.0,82.0,0.0,13.0,1023.2,3.0
2025-11-20 02:00:00,BC,7.7,4.8,82.0,0.0,11.2,1023.5,3.0
2025-11-20 03:00:00,BC,7.6,4.7,82.0,0.0,10.4,1023.7,3.0
2025-11-20 04:00:00,BC,7.4,4.7,83.0,0.0,10.8,1023.3,3.0
2025-11-20 05:00:00,BC,7.0,4.5,84.0,0.0,10.8,1023.0,3.0
2025-11-20 06:00:00,BC,6.6,4.4,86.0,0.0,9.7,1023.0,3.0
2025-11-20 07:00:00,BC,5.8,4.3,90.0,,5.5,1022.8,4.0
2025-11-20 08:00:00,BC,5.6,4.1,90.0,,5.5,1022.6,4.0
2025-11-20 09:00:00,BC,5.6,4.1,90.0,,7.4,1022.6,4.0
2025-11-20 10:00:00,BC,6.2,3.9,85.0,,5.5,1022.8,4.0
2025-11-20 11:00:00,BC,6.8,3.6,80.0,,5.5,1023.1,4.0
2025-11-20 12:00:00,BC,5.7,4.2,90.0,,5.4,1023.4,4.0
2025-11-20 13:00:00,BC,6.6,4.6,87.0,,7.4,1023.5,4.0
2025-11-20 14:00:00,BC,7.2,5.0,86.0,,9.3,1023.6,4.0
2025-11-20 15:00:00,BC,8.0,5.3,83.0,,9.3,1023.0,4.0
2025-11-20 16:00:00,BC,10.1,5.3,72.0,,9.3,1022.2,4.0
2025-11-20 17:00:00,BC,12.2,5.4,63.0,,7.4,1021.4,4.0
2025-11-20 18:00:00,BC,10.4,5.8,73.0,,0.0,1021.7,4.0
2025-11-20 19:00:00,BC,10.4,6.0,74.0,,7.4,1020.9,4.0
2025-11-20 20:00:00,BC,9.6,6.3,80.0,,7.4,1020.5,4.0
2025-11-20 21:00:00,BC,8.7,6.3,85.0,,7.4,1020.6,4.0
2025-11-20 22:00:00,BC,9.1,6.0,81.0,,5.5,1020.8,4.0
2025-11-20 23:00:00,BC,9.6,5.8,77.0,,5.5,1021.0,4.0
2025-11-21 00:00:00,BC,9.5,7.1,85.0,,0.4,1021.4,4.0
2025-11-21 01:00:00,BC,8.1,6.1,87.0,,3.7,1020.7,4.0
2025-11-21 02:00:00,BC,7.7,6.0,89.0,,3.7,1020.5,4.0
2025-11-21 03:00:00,BC,7.2,6.1,93.0,,3.7,1020.2,4.0
2025-11-21 04:00:00,BC,8.0,5.8,86.0,,3.7,1019.9,4.0
2025-11-21 05:00:00,BC,8.8,5.5,80.0,,1.8,1019.6,4.0
2025-11-21 06:00:00,BC,6.1,5.1,93.0,,1.4,1019.8,4.0
2025-11-21 07:00:00,BC,7.7,5.8,88.0,,1.8,1018.8,4.0
2025-11-21 08:00:00,BC,7.5,5.6,88.0,,1.8,1018.4,4.0
2025-11-21 09:00:00,BC,7.6,5.9,89.0,,3.7,1018.8,4.0
2025-11-21 10:00:00,BC,7.9,5.9,87.0,,3.7,1018.5,4.0
2025-11-21 11:00:00,BC,8.2,5.8,85.0,,3.7,1018.3,4.0
2025-11-21 12:00:00,BC,6.1,5.8,98.0,,4.3,1017.9,4.0
2025-11-21 13:00:00,BC,8.6,6.4,86.0,,5.5,1017.9,4.0
2025-11-21 14:00:00,BC,9.8,6.5,80.0,,7.4,1017.7,4.0
2025-11-21 15:00:00,BC,11.1,7.2,77.0,,9.3,1017.2,4.0
2025-11-21 16:00:00,BC,13.4,7.8,69.0,,9.3,1015.8,3.0
2025-11-21 17:00:00,BC,15.7,8.7,63.0,,9.3,1014.3,3.0
2025-11-21 18:00:00,BC,12.0,8.8,81.0,,10.1,1013.9,3.0
2025-11-21 19:00:00,BC,14.8,8.9,68.0,,9.3,1014.3,3.0
2025-11-21 20:00:00,BC,14.6,9.2,70.0,,9.3,1013.9,3.0
2025-11-21 21:00:00,BC,13.6,9.4,76.0,,7.4,1013.8,3.0
2025-11-21 22:00:00,BC,13.6,9.1,74.0,,5.5,1013.5,3.0
2025-11-21 23:00:00,BC,13.6,8.4,71.0,,3.7,1013.3,4.0
2025-11-22 00:00:00,BC,11.2,9.8,91.0,,0.7,1012.7,7.0
2025-11-22 01:00:00,BC,12.0,9.0,82.0,,3.7,1013.8,7.0
2025-11-22 02:00:00,BC,11.2,8.6,84.0,,3.7,1013.8,7.0
2025-11-22 03:00:00,BC,10.6,8.4,86.0,,5.5,1013.4,8.0
2025-11-22 04:00:00,BC,11.1,7.4,78.0,,7.4,1013.6,8.0
2025-11-22 05:00:00,BC,11.7,6.8,72.0,,9.3,1013.8,8.0
2025-11-22 06:00:00,BC,10.5,9.9,96.0,,7.6,1011.9,8.0
2025-11-22 07:00:00,BC,9.7,8.3,91.0,,9.3,1013.4,8.0
2025-11-22 08:00:00,BC,9.4,7.8,90.0,,9.3,1013.5,8.0
2025-11-22 09:00:00,BC,9.2,7.5,89.0,,9.3,1013.7,8.0
2025-11-22 10:00:00,BC,9.8,6.5,80.0,,11.1,1013.8,8.0
2025-11-22 11:00:00,BC,10.5,5.7,72.0,,11.1,1014.0,8.0
2025-11-22 12:00:00,BC,7.7,6.5,92.0,,12.2,1013.9,7.0
2025-11-22 13:00:00,BC,9.2,6.5,83.0,,11.1,1014.7,7.0
2025-11-22 14:00:00,BC,9.1,6.5,84.0,,13.0,1015.0,3.0
2025-11-22 15:00:00,BC,10.4,6.7,78.0,,13.0,1015.6,3.0
2025-11-22 16:00:00,BC,11.9,6.2,68.0,,13.0,1014.9,3.0
2025-11-22 17:00:00,BC,13.4,5.5,59.0,,13.0,1014.3,4.0
2025-11-22 18:00:00,BC,8.0,1.2,62.0,,8.6,1014.9,3.0
2025-11-22 19:00:00,BC,12.4,4.6,59.0,,13.0,1014.2,3.0
2025-11-22 20:00:00,BC,11.2,3.7,60.0,,11.1,1014.0,3.0
2025-11-22 21:00:00,BC,11.0,4.0,62.0,,9.3,1014.0,3.0
2025-11-22 22:00:00,BC,11.1,3.6,60.0,,7.4,1014.1,3.0
2025-11-22 23:00:00,BC,11.1,3.6,60.0,,7.4,1014.2,3.0
2025-11-23 00:00:00,BC,5.1,1.0,75.0,,5.8,1017.5,3.0
2025-11-23 01:00:00,BC,9.2,4.0,70.0,,5.5,1015.1,3.0
2025-11-23 02:00:00,BC,8.9,3.5,69.0,,5.5,1015.1,3.0
2025-11-23 03:00:00,BC,8.5,3.3,70.0,,5.5,1015.1,3.0
2025-11-23 04:00:00,BC,9.0,3.0,66.0,,5.5,1014.3,2.0
2025-11-23 05:00:00,BC,9.5,2.8,63.0,,3.7,1013.5,2.0
2025-11-23 06:00:00,BC,2.3,-0.6,81.0,,6.1,1018.8,3.0
2025-11-23 07:00:00,BC,6.2,4.5,89.0,,5.5,1014.7,3.0
2025-11-23 08:00:00,BC,7.0,4.5,84.0,,5.5,1014.5,3.0
2025-11-23 09:00:00,BC,7.0,4.5,84.0,,5.5,1014.5,3.0
2025-11-23 10:00:00,BC,7.4,3.6,77.0,,5.5,1014.3,3.0
2025-11-23 11:00:00,BC,7.8,3.1,72.0,,5.5,1014.1,3.0
2025-11-23 12:00:00,BC,-0.5,-1.9,90.0,,2.9,1019.9,3.0
2025-11-23 13:00:00,BC,8.0,2.7,69.0,,5.5,1016.2,3.0
2025-11-23 14:00:00,BC,9.7,3.0,63.0,,7.4,1016.1,3.0
2025-11-23 15:00:00,BC,10.6,2.7,58.0,,9.3,1015.9,3.0
2025-11-23 16:00:00,BC,13.0,1.9,47.0,,9.3,1014.8,3.0
2025-11-23 17:00:00,BC,15.4,1.2,38.0,,11.1,1013.7,3.0
2025-11-23 18:00:00,BC,10.7,2.3,56.0,,4.7,1018.7,3.0
2025-11-23 19:00:00,BC,14.4,2.9,46.0,,11.1,1014.8,3.0
2025-11-23 20:00:00,BC,14.6,2.5,44.0,,11.1,1014.8,3.0
2025-11-23 21:00:00,BC,13.6,3.1,49.0,,9.3,1014.9,2.0
2025-11-23 22:00:00,BC,12.5,2.9,52.0,,7.4,1015.2,2.0
2025-11-23 23:00:00,BC,11.4,2.9,56.0,,7.4,1015.4,3.0
2025-11-24 00:00:00,BC,6.1,2.9,80.0,,5.0,1019.2,3.0
2025-11-24 01:00:00,BC,9.5,2.8,63.0,,3.7,1015.7,2.0
2025-11-24 02:00:00,BC,9.6,2.9,63.0,,5.5,1015.7,2.0
2025-11-24 03:00:00,BC,9.2,2.1,61.0,,3.7,1015.6,2.0
2025-11-24 04:00:00,BC,8.4,2.4,66.0,,5.5,1015.1,2.0
2025-11-24 05:00:00,BC,7.6,2.9,72.0,,5.5,1014.7,2.0
2025-11-24 06:00:00,BC,4.2,1.4,82.0,,6.1,1019.5,3.0
2025-11-24 07:00:00,BC,6.9,2.6,74.0,,3.7,1016.4,2.0
2025-11-24 08:00:00,BC,7.0,2.7,74.0,,3.7,1016.3,2.0
2025-11-24 09:00:00,BC,7.0,3.2,77.0,,3.7,1016.5,2.0
2025-11-24 10:00:00,BC,6.0,2.8,80.0,,5.5,1016.4,2.0
2025-11-24 11:00:00,BC,5.0,2.5,84.0,,5.5,1016.3,3.0
2025-11-24 12:00:00,BC,1.9,0.6,91.0,,4.0,1020.9,3.0
2025-11-24 13:00:00,BC,7.7,3.2,73.0,,5.5,1018.1,3.0
2025-11-24 14:00:00,BC,9.4,3.6,67.0,,7.4,1018.5,3.0
2025-11-24 15:00:00,BC,10.6,3.8,63.0,,11.1,1018.0,2.0
2025-11-24 16:00:00,BC,13.5,3.3,50.0,,11.1,1016.7,3.0
2025-11-24 17:00:00,BC,16.4,2.4,39.0,,11.1,1015.3,3.0
2025-11-24 18:00:00,BC,14.1,7.6,65.0,,4.7,1019.2,3.0
2025-11-24 19:00:00,BC,16.1,3.5,43.0,,11.1,1016.0,3.0
2025-11-24 20:00:00,BC,16.6,3.6,42.0,,7.4,1015.9,2.0
2025-11-24 21:00:00,BC,15.7,4.1,46.0,,5.5,1016.3,2.0
2025-11-24 22:00:00,BC,13.9,3.6,50.0,,7.4,1016.2,2.0
2025-11-24 23:00:00,BC,12.1,3.1,54.0,,9.3,1016.2,3.0
2025-11-25 00:00:00,BC,9.3,6.4,82.0,,6.1,1019.0,3.0
2025-11-25 01:00:00,BC,10.9,4.8,66.0,,5.5,1017.1,3.0
2025-11-25 02:00:00,BC,10.8,4.9,67.0,,5.5,1017.4,3.0
2025-11-25 03:00:00,BC,10.4,4.7,68.0,,7.4,1017.4,3.0
2025-11-25 04:00:00,BC,10.0,4.4,68.0,,9.3,1016.9,3.0
2025-11-25 05:00:00,BC,9.6,4.0,68.0,,9.3,1016.4,3.0
2025-11-25 06:00:00,BC,8.3,5.1,80.0,,9.0,1018.2,3.0
2025-11-25 07:00:00,BC,8.0,3.8,75.0,,7.4,1017.2,3.0
2025-11-25 08:00:00,BC,8.2,4.0,75.0,,5.5,1017.4,3.0
2025-11-25 09:00:00,BC,7.8,3.8,76.0,,7.4,1017.6,3.0
2025-11-25 10:00:00,BC,7.8,3.8,76.0,,7.4,1018.0,3.0
2025-11-25 11:00:00,BC,7.8,3.8,76.0,,9.3,1018.5,3.0
2025-11-25 12:00:00,BC,9.3,3.7,68.0,,11.2,1019.5,3.0
2025-11-25 13:00:00,BC,8.1,2.8,69.0,,9.3,1019.4,3.0
2025-11-25 14:00:00,BC,9.3,2.6,63.0,,9.3,1020.1,3.0
2025-11-25 15:00:00,BC,10.3,3.1,61.0,,13.0,1020.0,3.0
2025-11-25 16:00:00,BC,12.3,3.3,54.0,,14.8,1018.7,3.0
2025-11-25 17:00:00,BC,14.4,3.2,47.0,,18.5,1017.4,3.0
2025-11-25 18:00:00,BC,11.9,8.7,81.0,,7.6,1019.8,3.0
2025-11-25 19:00:00,BC,13.7,4.0,52.0,,13.0,1018.5,3.0
2025-11-25 20:00:00,BC,13.6,3.9,52.0,,9.3,1018.2,3.0
2025-11-25 21:00:00,BC,13.3,3.6,52.0,,9.3,1018.8,2.0
2025-11-25 22:00:00,BC,11.6,3.1,56.0,,9.3,1018.6,2.0
2025-11-25 23:00:00,BC,10.0,2.6,60.0,,7.4,1018.5,3.0
2025-11-26 00:00:00,BC,9.1,7.2,88.0,,7.6,1021.2,3.0
2025-11-26 01:00:00,BC,9.9,4.1,67.0,,5.5,1019.3,3.0
2025-11-26 02:00:00,BC,9.6,3.6,66.0,,5.5,1019.3,3.0
2025-11-26 03:00:00,BC,9.2,2.7,64.0,,7.4,1019.2,2.0
2025-11-26 04:00:00,BC,7.8,2.5,69.0,,7.4,1018.5,3.0
2025-11-26 05:00:00,BC,6.5,2.2,74.0,,5.5,1017.7,3.0
2025-11-26 06:00:00,BC,5.8,2.8,81.0,,9.0,1022.4,3.0
2025-11-26 07:00:00,BC,6.7,2.4,74.0,,5.5,1019.5,3.0
2025-11-26 08:00:00,BC,6.4,2.3,75.0,,5.5,1019.3,2.0
2025-11-26 09:00:00,BC,6.3,2.2,75.0,,5.5,1019.3,2.0
2025-11-26 10:00:00,BC,6.5,2.2,74.0,,5.5,1019.2,3.0
2025-11-26 11:00:00,BC,6.7,2.6,75.0,,3.7,1019.2,3.0
2025-11-26 12:00:00,BC,3.1,-0.4,78.0,,8.3,1025.2,3.0
2025-11-26 13:00:00,BC,7.0,1.7,69.0,,7.4,1021.3,3.0
2025-11-26 14:00:00,BC,8.3,1.2,61.0,,7.4,1021.7,3.0
2025-11-26 15:00:00,BC,9.1,1.3,58.0,,13.0,1021.5,3.0
2025-11-26 16:00:00,BC,11.5,2.3,53.0,,13.0,1019.6,3.0
2025-11-26 17:00:00,BC,13.9,3.1,48.0,,13.0,1017.6,3.0
2025-11-26 18:00:00,BC,9.2,0.4,54.0,,6.1,1025.1,3.0
2025-11-26 19:00:00,BC,12.2,2.9,53.0,,9.3,1019.7,3.0
2025-11-26 20:00:00,BC,12.3,3.0,53.0,,7.4,1019.3,3.0
2025-11-26 21:00:00,BC,11.5,3.3,57.0,,5.5,1019.7,2.0
2025-11-26 22:00:00,BC,10.8,2.9,58.0,,5.5,1019.2,2.0
2025-11-26 23:00:00,BC,10.0,2.6,60.0,,5.5,1018.7,3.0
2025-11-27 00:00:00,BC,6.5,1.6,71.0,,5.8,1025.4,3.0
2025-11-27 01:00:00,BC,8.6,3.0,68.0,,7.4,1019.8,3.0
2025-11-27 02:00:00,BC,8.0,3.1,71.0,,7.4,1019.9,3.0
2025-11-27 03:00:00,BC,7.8,2.9,71.0,,9.3,1019.9,3.0
2025-11-27 04:00:00,BC,7.1,2.0,70.0,,7.4,1019.3,
2025-11-27 05:00:00,BC,6.4,1.1,69.0,,5.5,1018.6,
2025-11-27 06:00:00,BC,6.4,2.1,74.0,,5.5,1020.3,
2025-11-27 07:00:00,BC,6.2,1.9,74.0,,7.4,1020.2,
2025-11-27 08:00:00,BC,6.0,1.5,73.0,,9.3,1020.0,
2025-11-27 09:00:00,BC,5.9,1.4,73.0,,11.1,1020.0,
2025-11-27 10:00:00,BC,5.8,1.3,73.0,,7.4,1020.4,
2025-11-27 11:00:00,BC,5.8,1.1,72.0,,5.5,1020.7,
2025-11-27 12:00:00,BC,4.7,0.8,76.0,,7.4,1021.5,
2025-11-27 13:00:00,BC,6.0,0.9,70.0,,9.3,1021.7,
2025-11-27 14:00:00,BC,7.2,1.3,66.0,,11.1,1021.9,
2025-11-27 15:00:00,BC,8.7,1.6,61.0,,13.0,1021.8,
2025-11-01 00:00:00,CE,9.0,6.3,83.0,0.0,0.0,1013.0,2.0
2025-11-01 01:00:00,CE,8.0,7.7,98.0,0.0,0.0,1014.0,5.0
2025-11-01 02:00:00,CE,4.0,3.9,99.0,0.0,0.0,1014.0,5.0
2025-11-01 03:00:00,CE,7.0,4.0,81.0,0.0,0.0,1014.0,3.0
2025-11-01 04:00:00,CE,7.0,2.9,75.0,0.0,6.0,1014.0,3.0
2025-11-01 05:00:00,CE,7.0,2.7,74.0,0.0,6.0,1015.0,3.0
2025-11-01 06:00:00,CE,7.0,1.9,70.0,0.0,0.0,1015.0,3.0
2025-11-01 07:00:00,CE,7.0,2.3,72.0,0.0,0.0,1015.0,3.0
2025-11-01 08:00:00,CE,7.0,2.5,73.0,0.0,6.0,1015.0,3.0
2025-11-01 09:00:00,CE,7.0,2.9,75.0,0.0,6.0,1015.0,3.0
2025-11-01 10:00:00,CE,7.0,3.1,76.0,0.0,6.0,1016.0,3.0
2025-11-01 11:00:00,CE,6.0,2.3,77.0,0.0,6.0,1016.0,3.0
2025-11-01 12:00:00,CE,5.0,2.4,83.0,0.0,0.0,1017.0,2.0
2025-11-01 13:00:00,CE,5.0,2.4,83.0,0.0,6.0,1017.0,1.0
2025-11-01 14:00:00,CE,7.0,2.5,73.0,0.0,6.0,1018.0,1.0
2025-11-01 15:00:00,CE,8.0,2.7,69.0,0.0,7.0,1019.0,1.0
2025-11-01 16:00:00,CE,10.0,2.6,60.0,0.0,9.0,1019.0,1.0
2025-11-01 17:00:00,CE,11.0,1.8,53.0,0.1,0.0,1019.0,17.0
2025-11-01 18:00:00,CE,11.0,1.0,50.0,0.0,9.0,1018.0,3.0
2025-11-01 19:00:00,CE,10.0,2.1,58.0,0.0,9.0,1018.0,3.0
2025-11-01 20:00:00,CE,10.0,1.9,57.0,0.0,6.0,1018.0,3.0
2025-11-01 21:00:00,CE,10.0,1.6,56.0,0.0,7.0,1019.0,3.0
2025-11-01 22:00:00,CE,10.0,1.1,54.0,0.0,0.0,1019.0,3.0
2025-11-01 23:00:00,CE,9.0,0.9,57.0,0.0,0.0,1020.0,3.0
2025-11-02 00:00:00,CE,9.0,1.4,59.0,0.0,0.0,1021.0,3.0
2025-11-02 01:00:00,CE,9.0,2.1,62.0,0.0,0.0,1021.0,3.0
2025-11-02 02:00:00,CE,8.0,2.2,67.0,0.0,0.0,1021.0,3.0
2025-11-02 03:00:00,CE,7.0,2.7,74.0,0.0,0.0,1021.0,2.0
2025-11-02 04:00:00,CE,3.0,1.5,90.0,0.0,0.0,1021.0,2.0
2025-11-02 05:00:00,CE,2.0,1.4,96.0,0.0,0.0,1021.0,1.0
2025-11-02 06:00:00,CE,1.0,0.3,95.0,0.0,0.0,1021.0,5.0
2025-11-02 07:00:00,CE,1.0,0.9,99.0,0.0,0.0,1022.0,1.0
2025-11-02 08:00:00,CE,2.0,1.9,99.0,0.0,0.0,1022.0,2.0
2025-11-02 09:00:00,CE,0.0,-0.3,98.0,0.0,0.0,1022.0,5.0
2025-11-02 10:00:00,CE,0.0,-0.1,99.0,0.0,0.0,1023.0,5.0
2025-11-02 11:00:00,CE,0.0,-0.1,99.0,0.0,0.0,1024.0,5.0
2025-11-02 12:00:00,CE,2.0,1.9,99.0,0.0,0.0,1024.0,5.0
2025-11-02 13:00:00,CE,1.0,0.9,99.0,0.0,0.0,1024.0,5.0
2025-11-02 14:00:00,CE,4.0,3.9,99.0,0.0,0.0,1024.0,5.0
2025-11-02 15:00:00,CE,8.0,5.1,82.0,0.0,6.0,1024.0,2.0
2025-11-02 16:00:00,CE,10.0,3.9,66.0,0.0,15.0,1024.0,1.0
2025-11-02 17:00:00,CE,11.0,1.5,52.0,0.0,17.0,1023.0,2.0
2025-11-02 18:00:00,CE,12.0,0.7,46.0,0.0,13.0,1022.0,2.0
2025-11-02 19:00:00,CE,13.0,0.1,41.0,0.0,13.0,1022.0,3.0
2025-11-02 20:00:00,CE,12.0,0.1,44.0,0.0,7.0,1021.0,3.0
2025-11-02 21:00:00,CE,12.0,-0.5,42.0,0.0,17.0,1021.0,3.0
2025-11-02 22:00:00,CE,11.0,-0.5,45.0,0.0,11.0,1021.0,2.0
2025-11-02 23:00:00,CE,11.0,0.1,47.0,0.0,7.0,1021.0,2.0
2025-11-03 00:00:00,CE,10.0,0.1,50.0,0.0,11.0,1020.0,1.0
2025-11-03 01:00:00,CE,10.0,0.1,50.0,0.0,15.0,1020.0,1.0
2025-11-03 02:00:00,CE,9.0,0.2,54.0,0.0,11.0,1020.0,1.0
2025-11-03 03:00:00,CE,9.0,0.7,56.0,0.0,9.0,1021.0,1.0
2025-11-03 04:00:00,CE,8.0,0.5,59.0,0.0,13.0,1020.0,1.0
2025-11-03 05:00:00,CE,7.0,0.2,62.0,0.0,6.0,1021.0,2.0
2025-11-03 06:00:00,CE,7.0,0.9,65.0,0.0,11.0,1021.0,1.0
2025-11-03 07:00:00,CE,7.0,1.7,69.0,0.0,9.0,1020.0,3.0
2025-11-03 08:00:00,CE,7.0,1.9,70.0,0.0,13.0,1020.0,3.0
2025-11-03 09:00:00,CE,6.0,1.3,72.0,0.2,11.0,1019.0,7.0
2025-11-03 10:00:00,CE,7.0,1.9,70.0,0.0,9.0,1019.0,3.0
2025-11-03 11:00:00,CE,6.0,1.3,72.0,0.0,7.0,1018.0,3.0
2025-11-03 12:00:00,CE,7.0,2.1,71.0,0.0,11.0,1019.0,2.0
2025-11-03 13:00:00,CE,6.0,1.7,74.0,0.0,7.0,1020.0,1.0
2025-11-03 14:00:00,CE,8.0,2.7,69.0,0.0,9.0,1021.0,1.0
2025-11-03 15:00:00,CE,11.0,3.8,61.0,0.0,9.0,1022.0,1.0
2025-11-03 16:00:00,CE,12.0,3.2,55.0,0.0,7.0,1022.0,1.0
2025-11-03 17:00:00,CE,15.0,0.0,36.0,0.0,13.0,1022.0,1.0
2025-11-03 18:00:00,CE,16.0,-2.5,28.0,0.0,13.0,1022.0,1.0
2025-11-03 19:00:00,CE,17.0,-3.2,25.0,0.0,11.0,1022.0,1.0
2025-11-03 20:00:00,CE,14.8,-0.1,36.0,0.0,17.0,1022.0,1.0
2025-11-03 21:00:00,CE,14.6,-0.3,36.0,0.0,15.0,1022.0,1.0
2025-11-03 22:00:00,CE,13.4,0.4,41.0,0.0,15.0,1022.0,1.0
2025-11-03 23:00:00,CE,12.7,-4.0,31.0,0.0,0.0,1023.0,1.0
2025-11-04 00:00:00,CE,10.0,-2.3,42.0,0.0,0.0,1024.0,1.0
2025-11-04 01:00:00,CE,6.0,-1.4,59.0,0.0,0.0,1024.0,1.0
2025-11-04 02:00:00,CE,3.0,-2.5,67.0,0.0,0.0,1024.0,1.0
2025-11-04 03:00:00,CE,3.0,-1.2,74.0,0.0,0.0,1025.0,1.0
2025-11-04 04:00:00,CE,1.0,-2.1,80.0,0.0,0.0,1025.0,2.0
2025-11-04 05:00:00,CE,7.0,-3.3,48.0,0.0,6.0,1025.0,3.0
2025-11-04 06:00:00,CE,3.0,-1.2,74.0,0.0,0.0,1025.0,3.0
2025-11-04 07:00:00,CE,1.0,-1.4,84.0,0.0,0.0,1025.0,3.0
2025-11-04 08:00:00,CE,1.0,-2.1,80.0,0.0,0.0,1026.0,3.0
2025-11-04 09:00:00,CE,1.0,-0.9,87.0,0.0,0.0,1026.0,3.0
2025-11-04 10:00:00,CE,0.0,-1.6,89.0,0.0,0.0,1026.0,3.0
2025-11-04 11:00:00,CE,0.0,-1.4,90.0,0.0,0.0,1026.0,3.0
2025-11-04 12:00:00,CE,2.0,0.1,87.0,0.0,0.0,1026.0,3.0
2025-11-04 13:00:00,CE,2.0,0.2,88.0,0.0,0.0,1026.0,3.0
2025-11-04 14:00:00,CE,7.0,1.9,70.0,0.0,0.0,1026.0,3.0
2025-11-04 15:00:00,CE,10.0,1.1,54.0,0.0,4.0,1026.0,3.0
2025-11-04 16:00:00,CE,12.0,1.6,49.0,0.0,6.0,1025.0,3.0
2025-11-04 17:00:00,CE,15.0,0.4,37.0,0.0,6.0,1024.0,3.0
2025-11-04 18:00:00,CE,17.0,-3.2,25.0,0.0,11.0,1022.0,3.0
2025-11-04 19:00:00,CE,18.0,-4.0,22.0,0.0,17.0,1020.0,2.0
2025-11-04 20:00:00,CE,18.0,-2.3,25.0,0.0,17.0,1019.0,1.0
2025-11-04 21:00:00,CE,19.0,1.5,31.0,0.0,22.0,1018.0,2.0
2025-11-04 22:00:00,CE,18.0,2.3,35.0,0.0,11.0,1017.0,1.0
2025-11-04 23:00:00,CE,16.0,3.1,42.0,0.0,15.0,1016.0,1.0
2025-11-05 00:00:00,CE,15.0,4.7,50.0,0.0,15.0,1016.0,1.0
2025-11-05 01:00:00,CE,15.0,6.0,55.0,0.0,15.0,1016.0,1.0
2025-11-05 02:00:00,CE,15.0,7.5,61.0,0.0,19.0,1015.0,1.0
2025-11-05 03:00:00,CE,14.0,8.2,68.0,0.0,20.0,1015.0,1.0
2025-11-05 04:00:00,CE,13.0,8.1,72.0,0.0,17.0,1014.0,1.0
2025-11-05 05:00:00,CE,13.0,8.5,74.0,0.0,17.0,1013.0,1.0
2025-11-05 06:00:00,CE,13.0,8.9,76.0,0.0,15.0,1012.0,1.0
2025-11-05 07:00:00,CE,13.0,8.7,75.0,0.0,15.0,1012.0,1.0
2025-11-05 08:00:00,CE,13.0,9.1,77.0,0.0,11.0,1011.0,1.0
2025-11-05 09:00:00,CE,13.0,8.7,75.0,0.0,13.0,1010.0,1.0
2025-11-05 10:00:00,CE,12.0,7.9,76.0,0.0,6.0,1011.0,1.0
2025-11-05 11:00:00,CE,13.0,7.7,70.0,0.0,15.0,1011.0,1.0
2025-11-05 12:00:00,CE,12.0,7.9,76.0,0.0,9.0,1011.0,3.0
2025-11-05 13:00:00,CE,12.0,7.7,75.0,0.0,11.0,1012.0,2.0
2025-11-05 14:00:00,CE,13.0,8.3,73.0,0.0,15.0,1012.0,3.0
2025-11-05 15:00:00,CE,14.0,8.6,70.0,0.0,13.0,1013.0,3.0
2025-11-05 16:00:00,CE,17.0,8.7,58.0,0.0,13.0,1014.0,2.0
2025-11-05 17:00:00,CE,17.0,7.3,53.0,0.0,22.0,1016.0,1.0
2025-11-05 18:00:00,CE,18.0,4.2,40.0,0.0,20.0,1017.0,1.0
2025-11-05 19:00:00,CE,17.0,1.8,36.0,0.0,20.0,1018.0,1.0
2025-11-05 20:00:00,CE,17.0,0.2,32.0,0.0,26.0,1019.0,1.0
2025-11-05 21:00:00,CE,16.0,-2.0,29.0,0.0,19.0,1020.0,1.0
2025-11-05 22:00:00,CE,15.0,-1.6,32.0,0.0,15.0,1020.0,1.0
2025-11-05 23:00:00,CE,13.0,-2.9,33.0,0.0,0.0,1021.0,1.0
2025-11-06 00:00:00,CE,8.0,-1.3,52.0,0.0,0.0,1022.0,1.0
2025-11-06 01:00:00,CE,5.0,-0.0,70.0,0.0,0.0,1022.0,1.0
2025-11-06 02:00:00,CE,4.0,-0.6,72.0,0.0,0.0,1022.0,1.0
2025-11-06 03:00:00,CE,2.0,-0.7,82.0,0.0,0.0,1023.0,1.0
2025-11-06 04:00:00,CE,2.0,-0.4,84.0,0.0,0.0,1024.0,1.0
2025-11-06 05:00:00,CE,2.0,-1.1,80.0,0.0,0.0,1024.0,1.0
2025-11-06 06:00:00,CE,1.0,-1.6,83.0,0.0,0.0,1024.0,1.0
2025-11-06 07:00:00,CE,0.0,-1.9,87.0,0.0,0.0,1025.0,3.0
2025-11-06 08:00:00,CE,-1.0,-2.7,88.0,0.0,0.0,1024.0,2.0
2025-11-06 09:00:00,CE,-1.0,-2.7,88.0,0.0,0.0,1024.0,2.0
2025-11-06 10:00:00,CE,1.0,-1.2,85.0,0.0,0.0,1023.0,3.0
2025-11-06 11:00:00,CE,-1.0,-2.9,87.0,0.0,0.0,1024.0,2.0
2025-11-06 12:00:00,CE,-2.0,-2.7,95.0,0.0,0.0,1024.0,1.0
2025-11-06 13:00:00,CE,0.0,-1.4,90.0,0.0,0.0,1024.0,1.0
2025-11-06 14:00:00,CE,5.0,0.2,71.0,0.0,0.0,1024.0,3.0
2025-11-06 15:00:00,CE,10.0,0.6,52.0,0.0,0.0,1024.0,2.0
2025-11-06 16:00:00,CE,12.0,-0.8,41.0,0.0,9.0,1023.0,1.0
2025-11-06 17:00:00,CE,15.0,-2.0,31.0,0.0,17.0,1022.0,1.0
2025-11-06 18:00:00,CE,15.0,-3.8,27.0,0.0,20.0,1020.0,3.0
2025-11-06 19:00:00,CE,16.0,-4.6,24.0,0.0,17.0,1019.0,3.0
2025-11-06 20:00:00,CE,16.0,-4.0,25.0,0.0,13.0,1018.0,3.0
2025-11-06 21:00:00,CE,16.0,-3.5,26.0,0.0,11.0,1017.0,3.0
2025-11-06 22:00:00,CE,15.0,-3.4,28.0,0.0,7.0,1016.0,3.0
2025-11-06 23:00:00,CE,13.0,-1.4,37.0,0.0,9.0,1015.0,3.0
2025-11-07 00:00:00,CE,14.0,-0.8,36.0,0.0,13.0,1014.0,3.0
2025-11-07 01:00:00,CE,13.0,-1.0,38.0,0.0,13.0,1013.0,3.0
2025-11-07 02:00:00,CE,13.0,-1.0,38.0,0.0,19.0,1011.0,3.0
2025-11-07 03:00:00,CE,13.0,-0.6,39.0,0.0,19.0,1010.0,3.0
2025-11-07 04:00:00,CE,14.0,-0.1,38.0,0.0,11.0,1009.0,3.0
2025-11-07 05:00:00,CE,13.0,0.1,41.0,0.0,22.0,1007.0,3.0
2025-11-07 06:00:00,CE,14.0,0.3,39.0,0.0,22.0,1006.0,8.0
2025-11-07 07:00:00,CE,12.0,3.2,55.0,0.0,17.0,1004.0,9.0
2025-11-07 08:00:00,CE,9.0,6.6,85.0,0.0,13.0,1004.0,8.0
2025-11-07 09:00:00,CE,9.0,7.4,90.0,0.0,11.0,1003.0,8.0
2025-11-07 10:00:00,CE,10.0,9.2,95.0,0.0,9.0,1001.0,8.0
2025-11-07 11:00:00,CE,11.0,10.5,97.0,0.0,9.0,1001.0,3.0
2025-11-07 12:00:00,CE,12.0,11.5,97.0,0.0,9.0,1000.0,3.0
2025-11-07 13:00:00,CE,12.0,11.4,96.0,0.0,11.0,1001.0,3.0
2025-11-07 14:00:00,CE,13.0,10.5,85.0,0.0,17.0,1001.0,3.0
2025-11-07 15:00:00,CE,14.0,8.4,69.0,0.0,15.0,1002.0,3.0
2025-11-07 16:00:00,CE,15.0,7.8,62.0,0.0,24.0,1002.0,1.0
2025-11-07 17:00:00,CE,16.0,7.2,56.0,0.0,19.0,1002.0,1.0
2025-11-07 18:00:00,CE,17.0,6.5,50.0,0.0,19.0,1002.0,1.0
2025-11-07 19:00:00,CE,18.0,6.5,47.0,0.0,15.0,1002.0,1.0
2025-11-07 20:00:00,CE,19.0,7.1,46.0,0.0,19.0,1002.0,1.0
2025-11-07 21:00:00,CE,19.0,6.8,45.0,0.0,15.0,1002.0,1.0
2025-11-07 22:00:00,CE,18.0,5.9,45.0,0.0,11.0,1002.0,2.0
2025-11-07 23:00:00,CE,16.0,6.1,52.0,0.0,6.0,1003.0,2.0
2025-11-08 00:00:00,CE,14.0,5.9,58.0,0.0,0.0,1003.0,2.0
2025-11-08 01:00:00,CE,15.0,5.2,52.0,0.0,0.0,1003.0,1.0
2025-11-08 02:00:00,CE,14.0,6.1,59.0,0.0,17.0,1004.0,3.0
2025-11-08 03:00:00,CE,12.0,7.1,72.0,0.0,11.0,1005.0,2.0
2025-11-08 04:00:00,CE,12.0,7.1,72.0,0.0,0.0,1006.0,2.0
2025-11-08 05:00:00,CE,11.0,7.9,81.0,0.0,0.0,1007.0,1.0
2025-11-08 06:00:00,CE,11.0,7.5,79.0,0.0,6.0,1008.0,2.0
2025-11-08 07:00:00,CE,11.0,6.1,72.0,0.0,9.0,1008.0,3.0
2025-11-08 08:00:00,CE,10.0,5.4,73.0,0.0,11.0,1008.0,3.0
2025-11-08 09:00:00,CE,10.0,5.6,74.0,0.0,9.0,1009.0,3.0
2025-11-08 10:00:00,CE,10.0,6.3,78.0,0.0,17.0,1010.0,2.0
2025-11-08 11:00:00,CE,9.0,6.8,86.0,0.0,15.0,1009.0,3.0
2025-11-08 12:00:00,CE,9.0,6.4,84.0,0.0,6.0,1010.0,3.0
2025-11-08 13:00:00,CE,9.0,6.4,84.0,0.0,6.0,1011.0,3.0
2025-11-08 14:00:00,CE,9.0,5.6,79.0,0.0,13.0,1011.0,3.0
2025-11-08 15:00:00,CE,9.0,4.2,72.0,0.0,9.0,1012.0,3.0
2025-11-08 16:00:00,CE,10.0,4.2,67.0,0.0,6.0,1012.0,3.0
2025-11-08 17:00:00,CE,10.0,3.5,64.0,0.1,9.0,1012.0,7.0
2025-11-08 18:00:00,CE,10.0,3.3,63.0,0.1,11.0,1011.0,7.0
2025-11-08 19:00:00,CE,10.0,3.3,63.0,0.1,9.0,1011.0,7.0
2025-11-08 20:00:00,CE,10.0,3.3,63.0,0.2,11.0,1011.0,7.0
2025-11-08 21:00:00,CE,9.0,5.6,79.0,0.0,13.0,1011.0,8.0
2025-11-08 22:00:00,CE,7.0,5.1,88.0,0.0,11.0,1011.0,8.0
2025-11-08 23:00:00,CE,7.0,5.5,90.0,0.4,13.0,1011.0,8.0
2025-11-09 00:00:00,CE,7.0,5.8,92.0,0.0,6.0,1011.0,7.0
2025-11-09 01:00:00,CE,6.0,5.4,96.0,0.9,11.0,1010.0,8.0
2025-11-09 02:00:00,CE,6.0,5.4,96.0,0.0,15.0,1010.0,8.0
2025-11-09 03:00:00,CE,5.0,4.4,96.0,0.0,15.0,1010.0,8.0
2025-11-09 04:00:00,CE,5.0,4.3,95.0,1.6,15.0,1011.0,7.0
2025-11-09 05:00:00,CE,4.0,3.6,97.0,1.1,15.0,1011.0,8.0
2025-11-09 06:00:00,CE,5.0,4.6,97.0,0.0,13.0,1011.0,8.0
2025-11-09 07:00:00,CE,5.0,4.6,97.0,0.7,20.0,1011.0,8.0
2025-11-09 08:00:00,CE,3.0,2.3,95.0,0.0,22.0,1012.0,9.0
2025-11-09 09:00:00,CE,3.0,2.4,96.0,0.6,20.0,1013.0,8.0
2025-11-09 10:00:00,CE,2.0,0.7,91.0,0.2,19.0,1014.0,12.0
2025-11-09 11:00:00,CE,2.0,0.8,92.0,0.0,20.0,1015.0,12.0
2025-11-09 12:00:00,CE,2.0,0.5,90.0,0.1,19.0,1015.0,14.0
2025-11-09 13:00:00,CE,1.0,-0.6,89.0,0.1,28.0,1017.0,14.0
2025-11-09 14:00:00,CE,1.0,-0.3,91.0,0.0,17.0,1018.0,14.0
2025-11-09 15:00:00,CE,1.0,-2.7,76.0,0.1,24.0,1019.0,14.0
2025-11-09 16:00:00,CE,2.0,-2.0,75.0,0.0,19.0,1019.0,3.0
2025-11-09 17:00:00,CE,2.0,-2.3,73.0,0.0,20.0,1020.0,3.0
2025-11-09 18:00:00,CE,2.0,-2.7,71.0,0.0,19.0,1020.0,3.0
2025-11-09 19:00:00,CE,1.0,-4.8,65.0,0.0,24.0,1021.0,3.0
2025-11-09 20:00:00,CE,2.0,-5.4,58.0,0.0,20.0,1021.0,3.0
2025-11-09 21:00:00,CE,0.0,-7.3,58.0,0.0,13.0,1022.0,3.0
2025-11-09 22:00:00,CE,0.0,-6.6,61.0,0.0,19.0,1023.0,3.0
2025-11-09 23:00:00,CE,0.0,-7.5,57.0,0.0,9.0,1023.0,3.0
2025-11-10 00:00:00,CE,-1.0,-8.0,59.0,0.0,9.0,1024.0,3.0
2025-11-10 01:00:00,CE,-1.0,-8.4,57.0,0.0,11.0,1024.0,1.0
2025-11-10 02:00:00,CE,-1.0,-5.6,71.0,0.0,15.0,1024.0,3.0
2025-11-10 03:00:00,CE,-2.0,-4.2,85.0,0.0,19.0,1023.0,3.0
2025-11-10 04:00:00,CE,-2.0,-3.7,88.0,0.0,13.0,1023.0,3.0
2025-11-10 05:00:00,CE,-2.0,-3.4,90.0,0.3,13.0,1022.0,15.0
2025-11-10 06:00:00,CE,-2.0,-4.3,84.0,0.4,17.0,1022.0,15.0
2025-11-10 07:00:00,CE,-2.0,-5.7,76.0,0.2,20.0,1021.0,14.0
2025-11-10 08:00:00,CE,-2.0,-6.2,73.0,0.2,22.0,1021.0,14.0
2025-11-10 09:00:00,CE,-2.0,-3.9,87.0,0.0,22.0,1021.0,3.0
2025-11-10 10:00:00,CE,-2.0,-4.5,83.0,0.0,26.0,1022.0,3.0
2025-11-10 11:00:00,CE,-2.0,-5.1,79.0,0.0,20.0,1023.0,3.0
2025-11-10 12:00:00,CE,-3.0,-6.8,75.0,0.0,22.0,1023.0,3.0
2025-11-10 13:00:00,CE,-2.0,-6.0,74.0,0.0,17.0,1024.0,1.0
2025-11-10 14:00:00,CE,-1.0,-5.8,70.0,0.0,20.0,1025.0,3.0
2025-11-10 15:00:00,CE,0.0,-5.8,65.0,0.0,20.0,1026.0,2.0
2025-11-10 16:00:00,CE,1.0,-5.9,60.0,0.0,20.0,1026.0,2.0
2025-11-10 17:00:00,CE,2.0,-5.8,56.0,0.0,20.0,1026.0,2.0
2025-11-10 18:00:00,CE,2.0,-6.1,55.0,0.0,15.0,1025.0,1.0
2025-11-10 19:00:00,CE,3.0,-7.8,45.0,0.0,15.0,1024.0,1.0
2025-11-10 20:00:00,CE,3.0,-7.8,45.0,0.0,13.0,1024.0,1.0
2025-11-10 21:00:00,CE,2.0,-7.3,50.0,0.0,15.0,1024.0,1.0
2025-11-10 22:00:00,CE,1.0,-6.6,57.0,0.0,13.0,1025.0,3.0
2025-11-10 23:00:00,CE,0.0,-7.0,59.0,0.0,13.0,1025.0,2.0
2025-11-11 00:00:00,CE,0.0,-6.2,63.0,0.0,6.0,1024.0,2.0
2025-11-11 01:00:00,CE,-1.0,-6.5,66.0,0.0,7.0,1024.0,1.0
2025-11-11 02:00:00,CE,-2.0,-6.5,71.0,0.0,6.0,1024.0,1.0
2025-11-11 03:00:00,CE,-2.0,-5.8,75.0,0.0,0.0,1023.0,1.0
2025-11-11 04:00:00,CE,-3.0,-6.5,77.0,0.0,6.0,1023.0,1.0
2025-11-11 05:00:00,CE,-3.0,-6.3,78.0,0.0,6.0,1022.0,1.0
2025-11-11 06:00:00,CE,-4.0,-6.8,81.0,0.0,0.0,1022.0,2.0
2025-11-11 07:00:00,CE,-4.0,-6.8,81.0,0.0,6.0,1021.0,3.0
2025-11-11 08:00:00,CE,-3.0,-6.1,79.0,0.0,6.0,1021.0,3.0
2025-11-11 09:00:00,CE,-3.0,-6.3,78.0,0.0,9.0,1020.0,3.0
2025-11-11 10:00:00,CE,-2.0,-5.5,77.0,0.0,6.0,1020.0,3.0
2025-11-11 11:00:00,CE,-1.0,-4.9,75.0,0.0,7.0,1019.0,3.0
2025-11-11 12:00:00,CE,-2.0,-5.3,78.0,0.1,11.0,1018.0,14.0
2025-11-11 13:00:00,CE,-1.0,-5.4,72.0,0.0,15.0,1017.0,3.0
2025-11-11 14:00:00,CE,0.0,-5.2,68.0,0.0,11.0,1017.0,3.0
2025-11-11 15:00:00,CE,1.0,-5.9,60.0,0.0,20.0,1015.0,3.0
2025-11-11 16:00:00,CE,3.0,-6.1,51.0,0.0,26.0,1014.0,3.0
2025-11-11 17:00:00,CE,5.0,-5.1,48.0,0.0,26.0,1011.0,3.0
2025-11-11 18:00:00,CE,5.0,-4.6,50.0,0.0,26.0,1010.0,3.0
2025-11-11 19:00:00,CE,6.0,-4.5,47.0,0.0,24.0,1009.0,3.0
2025-11-11 20:00:00,CE,8.0,-4.4,41.0,0.0,20.0,1008.0,3.0
2025-11-11 21:00:00,CE,7.0,-3.8,46.0,0.0,17.0,1008.0,3.0
2025-11-11 22:00:00,CE,7.0,-3.5,47.0,0.0,15.0,1007.0,3.0
2025-11-11 23:00:00,CE,6.0,-3.6,50.0,0.0,13.0,1008.0,2.0
2025-11-12 00:00:00,CE,5.0,-2.8,57.0,0.0,6.0,1008.0,3.0
2025-11-12 01:00:00,CE,5.0,-1.9,61.0,0.0,6.0,1008.0,1.0
2025-11-12 02:00:00,CE,5.0,-1.7,62.0,0.0,15.0,1009.0,1.0
2025-11-12 03:00:00,CE,5.0,-1.5,63.0,0.0,15.0,1009.0,1.0
2025-11-12 04:00:00,CE,4.0,-1.4,68.0,0.0,9.0,1009.0,1.0
2025-11-12 05:00:00,CE,4.0,-0.4,73.0,0.0,11.0,1010.0,1.0
2025-11-12 06:00:00,CE,5.0,0.9,75.0,0.0,9.0,1009.0,1.0
2025-11-12 07:00:00,CE,5.0,1.1,76.0,0.0,13.0,1009.0,1.0
2025-11-12 08:00:00,CE,5.0,1.7,79.0,0.0,13.0,1010.0,1.0
2025-11-12 09:00:00,CE,5.0,2.2,82.0,0.0,15.0,1010.0,1.0
2025-11-12 10:00:00,CE,4.0,1.7,85.0,0.0,9.0,1011.0,1.0
2025-11-12 11:00:00,CE,4.0,2.0,87.0,0.0,11.0,1011.0,2.0
2025-11-12 12:00:00,CE,4.0,1.5,84.0,0.0,9.0,1012.0,3.0
2025-11-12 13:00:00,CE,4.0,0.9,80.0,0.0,9.0,1013.0,3.0
2025-11-12 14:00:00,CE,5.0,0.2,71.0,0.0,13.0,1014.0,3.0
2025-11-12 15:00:00,CE,8.0,0.0,57.0,0.0,17.0,1015.0,3.0
2025-11-12 16:00:00,CE,10.0,0.3,51.0,0.0,15.0,1016.0,1.0
2025-11-12 17:00:00,CE,12.0,-0.8,41.0,0.0,19.0,1015.0,1.0
2025-11-12 18:00:00,CE,13.0,-1.4,37.0,0.0,20.0,1015.0,1.0
2025-11-12 19:00:00,CE,13.0,-1.7,36.0,0.0,20.0,1015.0,3.0
2025-11-12 20:00:00,CE,14.0,-1.2,35.0,0.0,19.0,1015.0,1.0
2025-11-12 21:00:00,CE,14.0,-0.1,38.0,0.0,24.0,1016.0,1.0
2025-11-12 22:00:00,CE,12.0,-0.8,41.0,0.0,15.0,1016.0,1.0
2025-11-12 23:00:00,CE,11.0,0.4,48.0,0.0,11.0,1017.0,1.0
2025-11-13 00:00:00,CE,9.0,-0.3,52.0,0.0,0.0,1017.0,1.0
2025-11-13 01:00:00,CE,7.0,-0.5,59.0,0.0,0.0,1017.0,3.0
2025-11-13 02:00:00,CE,6.0,-0.3,64.0,0.0,6.0,1018.0,3.0
2025-11-13 03:00:00,CE,5.0,-0.4,68.0,0.0,6.0,1019.0,3.0
2025-11-13 04:00:00,CE,5.0,-0.4,68.0,0.0,6.0,1019.0,3.0
2025-11-13 05:00:00,CE,5.0,-0.0,70.0,0.0,6.0,1019.0,3.0
2025-11-13 06:00:00,CE,5.0,0.4,72.0,0.0,6.0,1020.0,3.0
2025-11-13 07:00:00,CE,4.0,-0.0,75.0,0.0,0.0,1021.0,3.0
2025-11-13 08:00:00,CE,3.0,-0.6,77.0,0.0,0.0,1021.0,2.0
2025-11-13 09:00:00,CE,0.0,-1.0,93.0,0.0,0.0,1021.0,1.0
2025-11-13 10:00:00,CE,2.0,-1.4,78.0,0.0,0.0,1022.0,1.0
2025-11-13 11:00:00,CE,-2.0,-3.9,87.0,0.0,0.0,1022.0,1.0
2025-11-13 12:00:00,CE,-1.0,-2.4,90.0,0.0,0.0,1022.0,1.0
2025-11-13 13:00:00,CE,-1.0,-2.1,92.0,0.0,0.0,1023.0,1.0
2025-11-13 14:00:00,CE,3.0,0.6,84.0,0.0,0.0,1023.0,1.0
2025-11-13 15:00:00,CE,6.0,-0.1,65.0,0.0,0.0,1024.0,1.0
2025-11-13 16:00:00,CE,8.0,-0.2,56.0,0.0,0.0,1024.0,1.0
2025-11-13 17:00:00,CE,11.0,0.4,48.0,0.0,6.0,1023.0,2.0
2025-11-13 18:00:00,CE,12.0,-0.2,43.0,0.0,9.0,1023.0,2.0
2025-11-13 19:00:00,CE,13.0,-0.3,40.0,0.0,13.0,1022.0,2.0
2025-11-13 20:00:00,CE,13.0,-0.3,40.0,0.0,0.0,1022.0,2.0
2025-11-13 21:00:00,CE,14.0,-0.8,36.0,0.0,0.0,1021.0,3.0
2025-11-13 22:00:00,CE,12.0,-0.8,41.0,0.0,0.0,1021.0,3.0
2025-11-13 23:00:00,CE,8.0,-0.2,56.0,0.0,0.0,1021.0,1.0
2025-11-14 00:00:00,CE,9.0,0.7,56.0,0.0,0.0,1021.0,2.0
2025-11-14 01:00:00,CE,11.0,1.5,52.0,0.0,6.0,1021.0,2.0
2025-11-14 02:00:00,CE,10.0,1.9,57.0,0.0,6.0,1020.0,2.0
2025-11-14 03:00:00,CE,9.0,0.9,57.0,0.0,7.0,1020.0,1.0
2025-11-14 04:00:00,CE,9.0,0.7,56.0,0.0,6.0,1020.0,1.0
2025-11-14 05:00:00,CE,7.0,0.4,63.0,0.0,6.0,1020.0,1.0
2025-11-14 06:00:00,CE,8.0,0.2,58.0,0.0,7.0,1019.0,1.0
2025-11-14 07:00:00,CE,8.0,-0.5,55.0,0.0,9.0,1018.0,1.0
2025-11-14 08:00:00,CE,7.0,-0.2,60.0,0.0,0.0,1018.0,1.0
2025-11-14 09:00:00,CE,6.0,-0.1,65.0,0.0,0.0,1017.0,2.0
2025-11-14 10:00:00,CE,6.0,-0.1,65.0,0.0,0.0,1017.0,2.0
2025-11-14 11:00:00,CE,5.0,0.4,72.0,0.0,0.0,1017.0,3.0
2025-11-14 12:00:00,CE,5.0,0.6,73.0,0.0,0.0,1017.0,3.0
2025-11-14 13:00:00,CE,4.0,0.3,77.0,0.0,0.0,1017.0,1.0
2025-11-14 14:00:00,CE,8.0,2.5,68.0,0.0,6.0,1017.0,1.0
2025-11-14 15:00:00,CE,11.0,4.0,62.0,0.0,11.0,1016.0,1.0
2025-11-14 16:00:00,CE,15.0,6.5,57.0,0.0,7.0,1016.0,1.0
2025-11-14 17:00:00,CE,17.0,7.3,53.0,0.0,0.0,1015.0,1.0
2025-11-14 18:00:00,CE,19.0,8.6,51.0,0.0,7.0,1014.0,1.0
2025-11-14 19:00:00,CE,20.0,9.8,52.0,0.0,9.0,1013.0,1.0
2025-11-14 20:00:00,CE,21.0,11.0,53.0,0.0,11.0,1012.0,1.0
2025-11-14 21:00:00,CE,22.0,12.5,55.0,0.0,6.0,1012.0,1.0
2025-11-14 22:00:00,CE,20.0,12.5,62.0,0.0,6.0,1012.0,1.0
2025-11-14 23:00:00,CE,15.0,11.8,81.0,0.0,0.0,1011.0,1.0
2025-11-15 00:00:00,CE,13.0,11.2,89.0,0.0,0.0,1011.0,1.0
2025-11-15 01:00:00,CE,13.0,12.1,94.0,0.0,6.0,1010.0,1.0
2025-11-15 02:00:00,CE,15.0,12.5,85.0,0.0,6.0,1010.0,1.0
2025-11-15 03:00:00,CE,16.0,13.5,85.0,0.0,7.0,1010.0,1.0
2025-11-15 04:00:00,CE,17.0,13.3,79.0,0.0,11.0,1009.0,3.0
2025-11-15 05:00:00,CE,17.0,13.5,80.0,0.0,13.0,1008.0,3.0
2025-11-15 06:00:00,CE,17.0,13.9,82.0,0.0,9.0,1007.0,2.0
2025-11-15 07:00:00,CE,16.0,13.3,84.0,0.0,7.0,1006.0,3.0
2025-11-15 08:00:00,CE,15.0,13.2,89.0,0.0,9.0,1006.0,3.0
2025-11-15 09:00:00,CE,15.0,13.2,89.0,0.0,9.0,1005.0,3.0
2025-11-15 10:00:00,CE,16.0,14.0,88.0,0.0,11.0,1004.0,3.0
2025-11-15 11:00:00,CE,16.0,13.8,87.0,0.0,15.0,1003.0,3.0
2025-11-15 12:00:00,CE,16.0,14.2,89.0,0.0,13.0,1002.0,3.0
2025-11-15 13:00:00,CE,17.0,15.0,88.0,0.0,11.0,1002.0,3.0
2025-11-15 14:00:00,CE,17.0,14.8,87.0,0.0,11.0,1002.0,3.0
2025-11-15 15:00:00,CE,18.0,15.3,84.0,0.0,13.0,1001.0,3.0
2025-11-15 16:00:00,CE,19.0,14.7,76.0,0.0,19.0,1002.0,3.0
2025-11-15 17:00:00,CE,19.0,13.6,71.0,0.0,24.0,1001.0,3.0
2025-11-15 18:00:00,CE,19.0,12.3,65.0,0.0,24.0,1000.0,3.0
2025-11-15 19:00:00,CE,20.0,11.2,57.0,0.0,15.0,1000.0,1.0
2025-11-15 20:00:00,CE,22.0,9.5,45.0,0.0,20.0,1000.0,3.0
2025-11-15 21:00:00,CE,22.0,8.8,43.0,0.0,17.0,1001.0,3.0
2025-11-15 22:00:00,CE,20.0,6.3,41.0,0.0,13.0,1002.0,1.0
2025-11-15 23:00:00,CE,18.0,5.9,45.0,0.0,7.0,1003.0,1.0
2025-11-16 00:00:00,CE,17.0,5.0,45.0,0.0,19.0,1004.0,1.0
2025-11-16 01:00:00,CE,15.0,4.1,48.0,0.0,13.0,1005.0,1.0
2025-11-16 02:00:00,CE,14.0,4.0,51.0,0.0,17.0,1006.0,1.0
2025-11-16 03:00:00,CE,13.0,3.4,52.0,0.0,13.0,1006.0,1.0
2025-11-16 04:00:00,CE,13.0,3.6,53.0,0.0,13.0,1007.0,1.0
2025-11-16 05:00:00,CE,12.0,2.7,53.0,0.0,17.0,1008.0,2.0
2025-11-16 06:00:00,CE,11.0,2.3,55.0,0.0,24.0,1008.0,2.0
2025-11-16 07:00:00,CE,9.0,-5.6,35.0,0.0,13.0,1009.0,1.0
2025-11-16 08:00:00,CE,8.0,-6.5,35.0,0.0,17.0,1010.0,1.0
2025-11-16 09:00:00,CE,7.0,-6.3,38.0,0.0,11.0,1011.0,1.0
2025-11-16 10:00:00,CE,5.0,-6.2,44.0,0.0,11.0,1011.0,1.0
2025-11-16 11:00:00,CE,5.0,-5.7,46.0,0.0,7.0,1012.0,1.0
2025-11-16 12:00:00,CE,3.6,-6.4,48.0,0.0,3.0,,1.0
2025-11-16 13:00:00,CE,3.3,-6.4,49.0,0.0,3.0,,1.0
2025-11-16 14:00:00,CE,5.0,-6.5,43.0,0.0,3.0,,1.0
2025-11-16 15:00:00,CE,6.4,-8.3,34.0,0.0,12.0,,1.0
2025-11-16 16:00:00,CE,7.7,-9.2,29.0,0.0,8.0,,1.0
2025-11-16 17:00:00,CE,8.7,-9.3,27.0,0.0,6.0,,1.0
2025-11-16 18:00:00,CE,9.5,-9.5,25.0,0.0,4.0,,1.0
2025-11-16 19:00:00,CE,10.5,-9.2,24.0,0.0,6.0,,1.0
2025-11-16 20:00:00,CE,10.6,-9.1,24.0,0.0,9.0,,1.0
2025-11-16 21:00:00,CE,10.5,-8.2,26.0,0.0,3.0,,1.0
2025-11-16 22:00:00,CE,9.2,-7.5,30.0,0.0,6.0,,1.0
2025-11-16 23:00:00,CE,7.6,-6.9,35.0,0.0,3.0,,1.0
2025-11-17 00:00:00,CE,6.0,-6.6,40.0,0.0,0.0,,1.0
2025-11-17 01:00:00,CE,4.5,-6.1,46.0,0.0,3.0,,1.0
2025-11-17 02:00:00,CE,3.5,-5.9,50.0,0.0,0.0,,1.0
2025-11-17 03:00:00,CE,2.7,-5.7,54.0,0.0,0.0,,1.0
2025-11-17 04:00:00,CE,0.2,-5.4,66.0,0.0,0.0,,1.0
2025-11-17 05:00:00,CE,0.7,-6.0,61.0,0.0,0.0,,1.0
2025-11-17 06:00:00,CE,-2.6,-6.4,75.0,0.0,0.0,,1.0
2025-11-17 07:00:00,CE,-1.7,-5.7,74.0,0.0,0.0,,1.0
2025-11-17 08:00:00,CE,-0.1,-4.4,73.0,0.0,0.0,,2.0
2025-11-17 09:00:00,CE,-2.4,-5.2,81.0,0.0,0.0,,2.0
2025-11-17 10:00:00,CE,-2.0,-4.0,86.0,0.0,0.0,,2.0
2025-11-17 11:00:00,CE,-2.8,-5.3,83.0,0.0,0.0,1019.1,1.0
2025-11-17 12:00:00,CE,-0.6,-5.4,70.0,0.0,5.4,1019.6,1.0
2025-11-17 13:00:00,CE,-0.8,-5.2,72.0,0.0,4.7,1020.3,1.0
2025-11-17 14:00:00,CE,1.1,-4.9,64.0,0.0,5.4,1020.9,1.0
2025-11-17 15:00:00,CE,3.3,-5.6,52.0,0.0,3.2,1021.1,2.0
2025-11-17 16:00:00,CE,5.1,-5.8,45.0,0.0,2.5,1020.5,1.0
2025-11-17 17:00:00,CE,6.4,-6.2,40.0,0.0,1.4,1020.0,3.0
2025-11-17 18:00:00,CE,7.5,-6.6,36.0,0.0,3.2,1019.4,3.0
2025-11-17 19:00:00,CE,7.8,-6.3,36.0,0.0,3.6,1019.1,3.0
2025-11-17 20:00:00,CE,8.4,-6.2,35.0,0.0,2.5,1018.8,3.0
2025-11-17 21:00:00,CE,8.5,-6.1,35.0,0.0,2.9,1018.6,3.0
2025-11-17 22:00:00,CE,7.6,-3.6,45.0,0.0,5.0,1018.3,3.0
2025-11-17 23:00:00,CE,6.8,-3.4,48.0,0.0,5.8,1018.2,3.0
2025-11-18 00:00:00,CE,5.4,-3.4,53.0,0.0,6.8,1018.2,3.0
2025-11-18 01:00:00,CE,5.5,-3.3,53.0,0.0,9.4,1018.0,3.0
2025-11-18 02:00:00,CE,5.9,-3.2,52.0,0.0,11.2,1018.2,3.0
2025-11-18 03:00:00,CE,5.4,-2.7,56.0,0.0,10.1,1018.6,3.0
2025-11-18 04:00:00,CE,4.7,-2.6,59.0,0.0,13.0,1018.4,3.0
2025-11-18 05:00:00,CE,4.6,-2.7,59.0,0.0,10.4,1018.8,3.0
2025-11-18 06:00:00,CE,4.9,-2.4,59.0,0.0,11.5,1018.8,3.0
2025-11-18 07:00:00,CE,4.7,-2.0,62.0,0.2,14.8,1018.6,7.0
2025-11-18 08:00:00,CE,4.4,-0.8,69.0,0.2,15.1,1018.2,7.0
2025-11-18 09:00:00,CE,4.4,-0.2,72.0,0.0,19.4,1016.8,3.0
2025-11-18 10:00:00,CE,4.7,-0.1,71.0,0.0,18.4,1016.5,3.0
2025-11-18 11:00:00,CE,4.6,0.4,74.0,0.2,19.8,1015.9,7.0
2025-11-18 12:00:00,CE,4.4,1.8,83.0,1.2,18.7,1015.8,9.0
2025-11-18 13:00:00,CE,4.4,2.1,85.0,0.2,19.8,1015.5,7.0
2025-11-18 14:00:00,CE,4.8,2.5,85.0,0.0,17.3,1015.8,3.0
2025-11-18 15:00:00,CE,5.0,2.9,86.0,0.2,17.6,1015.5,7.0
2025-11-18 16:00:00,CE,5.2,3.4,88.0,0.4,16.6,1015.4,8.0
2025-11-18 17:00:00,CE,5.6,3.8,88.0,0.2,18.0,1014.8,7.0
2025-11-18 18:00:00,CE,6.2,3.7,84.0,0.2,15.8,1014.0,7.0
2025-11-18 19:00:00,CE,6.5,3.8,83.0,0.1,13.7,1014.2,7.0
2025-11-18 20:00:00,CE,6.0,4.0,87.0,0.3,16.6,1013.7,8.0
2025-11-18 21:00:00,CE,6.3,4.1,86.0,0.0,13.3,1013.6,3.0
2025-11-18 22:00:00,CE,6.0,4.2,88.0,0.0,15.8,1014.4,3.0
2025-11-18 23:00:00,CE,5.7,3.9,88.0,0.0,14.8,1015.7,3.0
2025-11-19 00:00:00,CE,5.7,3.9,88.0,0.0,14.4,1016.0,3.0
2025-11-19 01:00:00,CE,5.7,3.9,88.0,0.0,14.8,1017.2,3.0
2025-11-19 02:00:00,CE,5.6,3.8,88.0,0.0,15.1,1017.7,3.0
2025-11-19 03:00:00,CE,5.5,3.7,88.0,0.0,13.7,1018.6,3.0
2025-11-19 04:00:00,CE,5.4,3.7,89.0,0.0,11.5,1019.3,3.0
2025-11-19 05:00:00,CE,5.4,3.6,88.0,0.0,12.6,1019.6,3.0
2025-11-19 06:00:00,CE,5.2,3.4,88.0,0.0,12.6,1019.7,3.0
2025-11-19 07:00:00,CE,5.1,3.4,89.0,0.0,10.4,1020.2,3.0
2025-11-19 08:00:00,CE,5.0,3.5,90.0,0.0,11.9,1020.8,3.0
2025-11-19 09:00:00,CE,4.9,3.2,89.0,0.0,12.2,1021.2,3.0
2025-11-19 10:00:00,CE,4.8,3.1,89.0,0.0,11.9,1021.6,3.0
2025-11-19 11:00:00,CE,4.8,3.1,89.0,0.0,11.5,1022.2,3.0
2025-11-19 12:00:00,CE,4.7,3.0,89.0,0.0,11.5,1022.6,3.0
2025-11-19 13:00:00,CE,4.3,2.8,90.0,0.0,10.8,1023.2,3.0
2025-11-19 14:00:00,CE,4.5,2.7,88.0,0.0,12.2,1023.7,3.0
2025-11-19 15:00:00,CE,4.8,2.3,84.0,0.0,12.6,1024.2,3.0
2025-11-19 16:00:00,CE,5.7,2.0,77.0,0.0,11.2,1024.1,3.0
2025-11-19 17:00:00,CE,6.6,2.1,73.0,0.0,10.1,1023.7,3.0
2025-11-19 18:00:00,CE,7.4,2.3,70.0,0.0,7.9,1022.8,3.0
2025-11-19 19:00:00,CE,8.0,2.5,68.0,0.0,6.8,1022.2,3.0
2025-11-19 20:00:00,CE,8.1,2.6,68.0,0.0,6.5,1022.0,3.0
2025-11-19 21:00:00,CE,8.2,2.6,68.0,0.0,6.5,1022.0,3.0
2025-11-19 22:00:00,CE,8.0,2.9,70.0,0.0,6.5,1022.1,3.0
2025-11-19 23:00:00,CE,7.5,3.5,76.0,0.0,4.7,1022.3,3.0
2025-11-20 00:00:00,CE,7.4,3.6,77.0,0.0,6.5,1022.5,3.0
2025-11-20 01:00:00,CE,6.6,3.6,81.0,0.0,6.5,1022.6,3.0
2025-11-20 02:00:00,CE,6.3,3.6,83.0,0.0,5.4,1022.7,3.0
2025-11-20 03:00:00,CE,6.1,3.6,84.0,0.0,4.7,1022.6,3.0
2025-11-20 04:00:00,CE,5.9,3.6,85.0,0.0,4.3,1022.5,3.0
2025-11-20 05:00:00,CE,5.8,3.6,86.0,0.0,4.7,1022.2,3.0
2025-11-20 06:00:00,CE,6.7,4.2,84.0,0.0,4.7,1021.3,3.0
2025-11-20 07:00:00,CE,,,,,,,
2025-11-20 08:00:00,CE,,,,,,,
2025-11-20 09:00:00,CE,,,,,,,
2025-11-20 10:00:00,CE,,,,,,,
2025-11-20 11:00:00,CE,,,,,,,
2025-11-20 12:00:00,CE,6.2,4.4,88.0,,2.9,1020.8,
2025-11-20 13:00:00,CE,,,,,,,
2025-11-20 14:00:00,CE,,,,,,,
2025-11-20 15:00:00,CE,,,,,,,
2025-11-20 16:00:00,CE,,,,,,,
2025-11-20 17:00:00,CE,,,,,,,
2025-11-20 18:00:00,CE,12.2,5.6,64.0,,7.2,1018.0,
2025-11-20 19:00:00,CE,,,,,,,
2025-11-20 20:00:00,CE,,,,,,,
2025-11-20 21:00:00,CE,,,,,,,
2025-11-20 22:00:00,CE,,,,,,,
2025-11-20 23:00:00,CE,,,,,,,
2025-11-21 00:00:00,CE,9.6,6.9,83.0,,4.0,1016.2,
2025-11-21 01:00:00,CE,,,,,,,
2025-11-21 02:00:00,CE,,,,,,,
2025-11-21 03:00:00,CE,,,,,,,
2025-11-21 04:00:00,CE,,,,,,,
2025-11-21 05:00:00,CE,,,,,,,
2025-11-21 06:00:00,CE,6.7,5.0,89.0,,6.5,1016.0,
2025-11-21 07:00:00,CE,,,,,,,
2025-11-21 08:00:00,CE,,,,,,,
2025-11-21 09:00:00,CE,,,,,,,
2025-11-21 10:00:00,CE,,,,,,,
2025-11-21 11:00:00,CE,,,,,,,
2025-11-21 12:00:00,CE,5.3,4.4,94.0,,10.1,1017.1,
2025-11-21 13:00:00,CE,,,,,,,
2025-11-21 14:00:00,CE,,,,,,,
2025-11-21 15:00:00,CE,,,,,,,
2025-11-21 16:00:00,CE,,,,,,,
2025-11-21 17:00:00,CE,,,,,,,
2025-11-21 18:00:00,CE,8.4,3.4,71.0,,13.3,1016.0,
2025-11-21 19:00:00,CE,,,,,,,
2025-11-21 20:00:00,CE,,,,,,,
2025-11-21 21:00:00,CE,,,,,,,
2025-11-21 22:00:00,CE,,,,,,,
2025-11-21 23:00:00,CE,,,,,,,
2025-11-22 00:00:00,CE,5.8,3.0,82.0,,9.7,1016.5,
2025-11-22 01:00:00,CE,,,,,,,
2025-11-22 02:00:00,CE,,,,,,,
2025-11-22 03:00:00,CE,,,,,,,
2025-11-22 04:00:00,CE,,,,,,,
2025-11-22 05:00:00,CE,,,,,,,
2025-11-22 06:00:00,CE,4.2,1.9,85.0,,10.8,1017.3,
2025-11-22 07:00:00,CE,,,,,,,
2025-11-22 08:00:00,CE,,,,,,,
2025-11-22 09:00:00,CE,,,,,,,
2025-11-22 10:00:00,CE,,,,,,,
2025-11-22 11:00:00,CE,,,,,,,
2025-11-22 12:00:00,CE,1.1,-0.1,92.0,,8.3,1019.5,
2025-11-22 13:00:00,CE,,,,,,,
2025-11-22 14:00:00,CE,,,,,,,
2025-11-22 15:00:00,CE,,,,,,,
2025-11-22 16:00:00,CE,,,,,,,
2025-11-22 17:00:00,CE,,,,,,,
2025-11-22 18:00:00,CE,8.9,1.8,61.0,,4.7,1019.2,
2025-11-22 19:00:00,CE,,,,,,,
2025-11-22 20:00:00,CE,,,,,,,
2025-11-22 21:00:00,CE,,,,,,,
2025-11-22 22:00:00,CE,,,,,,,
2025-11-22 23:00:00,CE,,,,,,,
2025-11-23 00:00:00,CE,5.3,0.1,69.0,,6.8,1018.4,
2025-11-23 01:00:00,CE,,,,,,,
2025-11-23 02:00:00,CE,,,,,,,
2025-11-23 03:00:00,CE,,,,,,,
2025-11-23 04:00:00,CE,,,,,,,
2025-11-23 05:00:00,CE,,,,,,,
2025-11-23 06:00:00,CE,2.5,-1.3,76.0,,8.3,1018.7,
2025-11-23 07:00:00,CE,,,,,,,
2025-11-23 08:00:00,CE,,,,,,,
2025-11-23 09:00:00,CE,,,,,,,
2025-11-23 10:00:00,CE,,,,,,,
2025-11-23 11:00:00,CE,,,,,,,
2025-11-23 12:00:00,CE,0.6,-1.6,85.0,,5.4,1018.4,
2025-11-23 13:00:00,CE,,,,,,,
2025-11-23 14:00:00,CE,,,,,,,
2025-11-23 15:00:00,CE,,,,,,,
2025-11-23 16:00:00,CE,,,,,,,
2025-11-23 17:00:00,CE,,,,,,,
2025-11-23 18:00:00,CE,11.1,1.6,52.0,,11.2,1016.3,
2025-11-23 19:00:00,CE,,,,,,,
2025-11-23 20:00:00,CE,,,,,,,
2025-11-23 21:00:00,CE,,,,,,,
2025-11-23 22:00:00,CE,,,,,,,
2025-11-23 23:00:00,CE,,,,,,,
2025-11-24 00:00:00,CE,9.3,4.3,71.0,,10.8,1015.0,
2025-11-24 01:00:00,CE,,,,,,,
2025-11-24 02:00:00,CE,,,,,,,
2025-11-24 03:00:00,CE,,,,,,,
2025-11-24 04:00:00,CE,,,,,,,
2025-11-24 05:00:00,CE,,,,,,,
2025-11-24 06:00:00,CE,7.5,4.6,82.0,,14.0,1015.1,
2025-11-24 07:00:00,CE,,,,,,,
2025-11-24 08:00:00,CE,,,,,,,
2025-11-24 09:00:00,CE,,,,,,,
2025-11-24 10:00:00,CE,,,,,,,
2025-11-24 11:00:00,CE,,,,,,,
2025-11-24 12:00:00,CE,6.5,4.3,86.0,,10.8,1015.0,
2025-11-24 13:00:00,CE,,,,,,,
2025-11-24 14:00:00,CE,,,,,,,
2025-11-24 15:00:00,CE,,,,,,,
2025-11-24 16:00:00,CE,,,,,,,
2025-11-24 17:00:00,CE,,,,,,,
2025-11-24 18:00:00,CE,14.1,7.6,65.0,,12.6,1015.6,
2025-11-24 19:00:00,CE,,,,,,,
2025-11-24 20:00:00,CE,,,,,,,
2025-11-24 21:00:00,CE,,,,,,,
2025-11-24 22:00:00,CE,,,,,,,
2025-11-24 23:00:00,CE,,,,,,,
2025-11-25 00:00:00,CE,10.5,8.3,86.0,,7.6,1017.1,
2025-11-25 01:00:00,CE,,,,,,,
2025-11-25 02:00:00,CE,,,,,,,
2025-11-25 03:00:00,CE,,,,,,,
2025-11-25 04:00:00,CE,,,,,,,
2025-11-25 05:00:00,CE,,,,,,,
2025-11-25 06:00:00,CE,7.1,4.8,85.0,,11.9,1020.9,
2025-11-25 07:00:00,CE,,,,,,,
2025-11-25 08:00:00,CE,,,,,,,
2025-11-25 09:00:00,CE,,,,,,,
2025-11-25 10:00:00,CE,,,,,,,
2025-11-25 11:00:00,CE,,,,,,,
2025-11-25 12:00:00,CE,4.2,1.4,82.0,,9.0,1024.2,
2025-11-25 13:00:00,CE,,,,,,,
2025-11-25 14:00:00,CE,,,,,,,
2025-11-25 15:00:00,CE,,,,,,,
2025-11-25 16:00:00,CE,,,,,,,
2025-11-25 17:00:00,CE,,,,,,,
2025-11-25 18:00:00,CE,9.9,3.8,66.0,,7.9,1024.2,
2025-11-25 19:00:00,CE,,,,,,,
2025-11-25 20:00:00,CE,,,,,,,
2025-11-25 21:00:00,CE,,,,,,,
2025-11-25 22:00:00,CE,,,,,,,
2025-11-25 23:00:00,CE,,,,,,,
2025-11-26 00:00:00,CE,6.0,4.0,87.0,,12.2,1024.0,
2025-11-26 01:00:00,CE,,,,,,,
2025-11-26 02:00:00,CE,,,,,,,
2025-11-26 03:00:00,CE,,,,,,,
2025-11-26 04:00:00,CE,,,,,,,
2025-11-26 05:00:00,CE,,,,,,,
2025-11-26 06:00:00,CE,4.3,2.8,90.0,,12.2,1022.6,
2025-11-26 07:00:00,CE,,,,,,,
2025-11-26 08:00:00,CE,,,,,,,
2025-11-26 09:00:00,CE,,,,,,,
2025-11-26 10:00:00,CE,,,,,,,
2025-11-26 11:00:00,CE,,,,,,,
2025-11-26 12:00:00,CE,5.2,-0.4,67.0,,15.5,1021.6,
2025-11-26 13:00:00,CE,,,,,,,
2025-11-26 14:00:00,CE,,,,,,,
2025-11-26 15:00:00,CE,,,,,,,
2025-11-26 16:00:00,CE,,,,,,,
2025-11-26 17:00:00,CE,,,,,,,
2025-11-26 18:00:00,CE,7.4,0.4,61.0,,17.3,1018.9,
2025-11-26 19:00:00,CE,,,,,,,
2025-11-26 20:00:00,CE,,,,,,,
2025-11-26 21:00:00,CE,,,,,,,
2025-11-26 22:00:00,CE,,,,,,,
2025-11-26 23:00:00,CE,,,,,,,
2025-11-27 00:00:00,CE,6.6,-0.6,60.0,,19.8,1018.6,
2025-11-01 00:00:00,DAY,7.0,2.5,73.0,0.0,7.0,1014.0,3.0
2025-11-01 01:00:00,DAY,4.0,1.4,83.0,0.0,7.0,1014.0,3.0
2025-11-01 02:00:00,DAY,4.0,1.9,86.0,0.0,7.0,1014.0,1.0
2025-11-01 03:00:00,DAY,5.0,2.5,84.0,0.0,7.0,1015.0,1.0
2025-11-01 04:00:00,DAY,5.0,2.4,83.0,0.0,7.0,1015.0,2.0
2025-11-01 05:00:00,DAY,6.0,3.3,83.0,0.0,7.0,1015.0,1.0
2025-11-01 06:00:00,DAY,6.0,4.0,87.0,0.0,9.0,1015.0,3.0
2025-11-01 07:00:00,DAY,5.0,2.9,86.0,0.0,9.0,1015.0,3.0
2025-11-01 08:00:00,DAY,6.0,3.3,83.0,0.0,13.0,1015.0,3.0
2025-11-01 09:00:00,DAY,5.0,2.5,84.0,0.0,11.0,1015.0,3.0
2025-11-01 10:00:00,DAY,5.0,2.5,84.0,0.0,7.0,1016.0,3.0
2025-11-01 11:00:00,DAY,3.0,2.0,93.0,0.0,6.0,1017.0,3.0
2025-11-01 12:00:00,DAY,4.0,2.8,92.0,0.0,0.0,1017.0,1.0
2025-11-01 13:00:00,DAY,6.0,4.3,89.0,0.0,0.0,1018.0,3.0
2025-11-01 14:00:00,DAY,8.0,5.1,82.0,0.0,0.0,1018.0,3.0
2025-11-01 15:00:00,DAY,10.0,5.2,72.0,0.0,6.0,1018.0,3.0
2025-11-01 16:00:00,DAY,13.0,4.7,57.0,0.0,7.0,1018.0,3.0
2025-11-01 17:00:00,DAY,15.0,2.8,44.0,0.0,13.0,1018.0,2.0
2025-11-01 18:00:00,DAY,14.0,3.7,50.0,0.0,9.0,1017.0,3.0
2025-11-01 19:00:00,DAY,14.0,0.6,40.0,0.0,13.0,1017.0,1.0
2025-11-01 20:00:00,DAY,14.0,-0.5,37.0,0.0,13.0,1018.0,1.0
2025-11-01 21:00:00,DAY,12.0,-0.2,43.0,0.0,17.0,1018.0,1.0
2025-11-01 22:00:00,DAY,10.0,-1.4,45.0,0.0,7.0,1019.0,2.0
2025-11-01 23:00:00,DAY,9.0,-0.6,51.0,0.0,6.0,1019.0,3.0
2025-11-02 00:00:00,DAY,9.0,-0.1,53.0,0.0,9.0,1020.0,3.0
2025-11-02 01:00:00,DAY,7.0,0.4,63.0,0.0,7.0,1020.0,2.0
2025-11-02 02:00:00,DAY,6.0,1.9,75.0,0.0,6.0,1021.0,1.0
2025-11-02 03:00:00,DAY,7.0,1.3,67.0,0.0,0.0,1021.0,1.0
2025-11-02 04:00:00,DAY,7.0,0.7,64.0,0.0,0.0,1021.0,2.0
2025-11-02 05:00:00,DAY,7.0,2.3,72.0,0.0,0.0,1021.0,1.0
2025-11-02 06:00:00,DAY,7.0,1.9,70.0,0.0,0.0,1021.0,1.0
2025-11-02 07:00:00,DAY,7.0,3.6,79.0,0.0,0.0,1022.0,1.0
2025-11-02 08:00:00,DAY,7.0,2.9,75.0,0.0,0.0,1022.0,3.0
2025-11-02 09:00:00,DAY,7.0,3.4,78.0,0.0,0.0,1022.0,1.0
2025-11-02 10:00:00,DAY,7.0,4.0,81.0,0.0,0.0,1022.0,3.0
2025-11-02 11:00:00,DAY,7.0,4.0,81.0,0.0,0.0,1023.0,3.0
2025-11-02 12:00:00,DAY,7.0,3.2,77.0,0.0,7.0,1023.0,3.0
2025-11-02 13:00:00,DAY,7.0,2.7,74.0,0.0,0.0,1024.0,3.0
2025-11-02 14:00:00,DAY,8.0,2.5,68.0,0.0,0.0,1024.0,3.0
2025-11-02 15:00:00,DAY,8.0,2.5,68.0,0.0,6.0,1024.0,3.0
2025-11-02 16:00:00,DAY,9.0,1.9,61.0,0.0,6.0,1024.0,3.0
2025-11-02 17:00:00,DAY,9.0,3.0,66.0,0.0,6.0,1023.0,3.0
2025-11-02 18:00:00,DAY,10.0,3.1,62.0,0.0,0.0,1023.0,3.0
2025-11-02 19:00:00,DAY,12.0,4.0,58.0,0.0,0.0,1022.0,3.0
2025-11-02 20:00:00,DAY,12.0,4.2,59.0,0.0,0.0,1022.0,3.0
2025-11-02 21:00:00,DAY,11.0,3.5,60.0,0.0,0.0,1022.0,3.0
2025-11-02 22:00:00,DAY,9.0,4.8,75.0,0.0,0.0,1022.0,2.0
2025-11-02 23:00:00,DAY,7.0,4.1,82.0,0.0,0.0,1022.0,3.0
2025-11-03 00:00:00,DAY,8.0,4.9,81.0,0.0,0.0,1023.0,1.0
2025-11-03 01:00:00,DAY,8.0,4.9,81.0,0.0,0.0,1022.0,1.0
2025-11-03 02:00:00,DAY,7.0,5.0,87.0,0.0,0.0,1022.0,1.0
2025-11-03 03:00:00,DAY,8.0,5.6,85.0,0.0,6.0,1022.0,1.0
2025-11-03 04:00:00,DAY,6.0,4.3,89.0,0.0,0.0,1022.0,1.0
2025-11-03 05:00:00,DAY,5.0,4.0,93.0,0.0,0.0,1022.0,5.0
2025-11-03 06:00:00,DAY,4.0,2.5,90.0,0.0,0.0,1022.0,5.0
2025-11-03 07:00:00,DAY,5.0,4.0,93.0,0.0,6.0,1022.0,1.0
2025-11-03 08:00:00,DAY,5.0,4.3,95.0,0.0,0.0,1022.0,5.0
2025-11-03 09:00:00,DAY,5.0,4.3,95.0,0.0,7.0,1021.0,5.0
2025-11-03 10:00:00,DAY,4.0,2.8,92.0,0.0,7.0,1022.0,5.0
2025-11-03 11:00:00,DAY,2.0,1.0,93.0,0.0,11.0,1022.0,1.0
2025-11-03 12:00:00,DAY,4.0,2.8,92.0,0.0,15.0,1023.0,1.0
2025-11-03 13:00:00,DAY,9.0,5.9,81.0,0.0,22.0,1022.0,1.0
2025-11-03 14:00:00,DAY,10.0,4.6,69.0,0.0,20.0,1022.0,3.0
2025-11-03 15:00:00,DAY,11.0,3.5,60.0,0.0,26.0,1021.0,3.0
2025-11-03 16:00:00,DAY,13.0,3.1,51.0,0.0,26.0,1021.0,1.0
2025-11-03 17:00:00,DAY,14.0,2.9,47.0,0.0,26.0,1021.0,1.0
2025-11-03 18:00:00,DAY,15.0,3.5,46.0,0.0,26.0,1020.0,1.0
2025-11-03 19:00:00,DAY,15.0,3.5,46.0,0.0,24.0,1020.0,1.0
2025-11-03 20:00:00,DAY,16.0,4.1,45.0,0.0,24.0,1020.0,1.0
2025-11-03 21:00:00,DAY,15.0,3.8,47.0,0.0,13.0,1021.0,1.0
2025-11-03 22:00:00,DAY,13.0,1.9,47.0,0.0,15.0,1022.0,1.0
2025-11-03 23:00:00,DAY,11.0,1.5,52.0,0.0,9.0,1022.0,1.0
2025-11-04 00:00:00,DAY,8.0,1.4,63.0,0.0,9.0,1023.0,1.0
2025-11-04 01:00:00,DAY,6.0,0.5,68.0,0.0,7.0,1023.0,1.0
2025-11-04 02:00:00,DAY,6.0,1.1,71.0,0.0,0.0,1024.0,1.0
2025-11-04 03:00:00,DAY,4.0,0.7,79.0,0.0,0.0,1024.0,1.0
2025-11-04 04:00:00,DAY,4.0,1.2,82.0,0.0,6.0,1025.0,1.0
2025-11-04 05:00:00,DAY,4.0,1.2,82.0,0.0,7.0,1025.0,1.0
2025-11-04 06:00:00,DAY,4.0,0.9,80.0,0.0,9.0,1025.0,1.0
2025-11-04 07:00:00,DAY,4.0,0.2,76.0,0.0,9.0,1025.0,1.0
2025-11-04 08:00:00,DAY,2.0,-0.9,81.0,0.0,0.0,1025.0,3.0
2025-11-04 09:00:00,DAY,2.0,-0.1,86.0,0.0,0.0,1026.0,1.0
2025-11-04 10:00:00,DAY,1.0,-0.9,87.0,0.0,0.0,1027.0,2.0
2025-11-04 11:00:00,DAY,1.0,-0.6,89.0,0.0,0.0,1027.0,3.0
2025-11-04 12:00:00,DAY,2.0,-0.3,85.0,0.0,0.0,1027.0,3.0
2025-11-04 13:00:00,DAY,4.0,1.2,82.0,0.0,0.0,1028.0,3.0
2025-11-04 14:00:00,DAY,7.0,2.5,73.0,0.0,0.0,1028.0,3.0
2025-11-04 15:00:00,DAY,10.0,1.9,57.0,0.0,6.0,1027.0,3.0
2025-11-04 16:00:00,DAY,13.0,0.1,41.0,0.0,13.0,1027.0,3.0
2025-11-04 17:00:00,DAY,16.0,-3.0,27.0,0.0,19.0,1026.0,3.0
2025-11-04 18:00:00,DAY,17.0,-1.6,28.0,0.0,17.0,1025.0,1.0
2025-11-04 19:00:00,DAY,17.0,-2.6,26.0,0.0,20.0,1023.0,2.0
2025-11-04 20:00:00,DAY,16.0,-2.5,28.0,0.0,19.0,1023.0,1.0
2025-11-04 21:00:00,DAY,13.0,-1.4,37.0,0.0,9.0,1023.0,3.0
2025-11-04 22:00:00,DAY,13.0,-2.5,34.0,0.0,9.0,1022.0,3.0
2025-11-04 23:00:00,DAY,12.0,-1.5,39.0,0.0,0.0,1022.0,3.0
2025-11-05 00:00:00,DAY,11.0,0.1,47.0,0.0,9.0,1022.0,3.0
2025-11-05 01:00:00,DAY,11.0,-0.2,46.0,0.0,13.0,1021.0,1.0
2025-11-05 02:00:00,DAY,10.0,0.6,52.0,0.0,9.0,1020.0,1.0
2025-11-05 03:00:00,DAY,8.0,1.4,63.0,0.0,9.0,1019.0,1.0
2025-11-05 04:00:00,DAY,9.0,1.4,59.0,0.0,7.0,1019.0,1.0
2025-11-05 05:00:00,DAY,9.0,1.9,61.0,0.0,9.0,1018.0,1.0
2025-11-05 06:00:00,DAY,8.0,2.0,66.0,0.0,11.0,1018.0,1.0
2025-11-05 07:00:00,DAY,7.0,1.7,69.0,0.0,9.0,1017.0,1.0
2025-11-05 08:00:00,DAY,9.0,4.0,71.0,0.0,11.0,1016.0,1.0
2025-11-05 09:00:00,DAY,10.0,5.2,72.0,0.0,20.0,1015.0,1.0
2025-11-05 10:00:00,DAY,11.0,6.1,72.0,0.0,22.0,1015.0,1.0
2025-11-05 11:00:00,DAY,11.0,6.1,72.0,0.0,26.0,1014.0,1.0
2025-11-05 12:00:00,DAY,12.0,7.3,73.0,0.0,26.0,1014.0,2.0
2025-11-05 13:00:00,DAY,13.0,7.0,67.0,0.0,32.0,1014.0,3.0
2025-11-05 14:00:00,DAY,13.0,7.4,69.0,0.0,20.0,1014.0,1.0
2025-11-05 15:00:00,DAY,17.0,8.7,58.0,0.0,28.0,1013.0,1.0
2025-11-05 16:00:00,DAY,18.0,8.0,52.0,0.0,26.0,1012.0,1.0
2025-11-05 17:00:00,DAY,19.0,8.9,52.0,0.0,22.0,1012.0,1.0
2025-11-05 18:00:00,DAY,20.0,9.0,49.0,0.0,37.0,1012.0,3.0
2025-11-05 19:00:00,DAY,20.0,8.6,48.0,0.0,28.0,1013.0,3.0
2025-11-05 20:00:00,DAY,19.0,8.3,50.0,0.0,33.0,1013.0,1.0
2025-11-05 21:00:00,DAY,19.0,8.0,49.0,0.0,26.0,1015.0,3.0
2025-11-05 22:00:00,DAY,17.0,6.8,51.0,0.0,20.0,1016.0,2.0
2025-11-05 23:00:00,DAY,15.0,6.0,55.0,0.0,17.0,1018.0,2.0
2025-11-06 00:00:00,DAY,13.0,4.7,57.0,0.0,13.0,1019.0,1.0
2025-11-06 01:00:00,DAY,11.0,3.5,60.0,0.0,20.0,1021.0,1.0
2025-11-06 02:00:00,DAY,10.0,2.8,61.0,0.0,19.0,1022.0,1.0
2025-11-06 03:00:00,DAY,8.0,2.0,66.0,0.0,6.0,1022.0,1.0
2025-11-06 04:00:00,DAY,4.0,1.2,82.0,0.0,6.0,1023.0,1.0
2025-11-06 05:00:00,DAY,4.0,1.4,83.0,0.0,0.0,1023.0,1.0
2025-11-06 06:00:00,DAY,3.0,1.5,90.0,0.0,0.0,1023.0,1.0
2025-11-06 07:00:00,DAY,2.0,1.0,93.0,0.0,0.0,1023.0,1.0
2025-11-06 08:00:00,DAY,2.0,1.0,93.0,0.0,0.0,1023.0,2.0
2025-11-06 09:00:00,DAY,1.0,-0.2,92.0,0.0,0.0,1024.0,1.0
2025-11-06 10:00:00,DAY,1.0,-0.2,92.0,0.0,0.0,1024.0,1.0
2025-11-06 11:00:00,DAY,1.0,-0.3,91.0,0.0,0.0,1025.0,1.0
2025-11-06 12:00:00,DAY,2.0,0.4,89.0,0.0,0.0,1025.0,1.0
2025-11-06 13:00:00,DAY,5.0,1.5,78.0,0.0,0.0,1025.0,1.0
2025-11-06 14:00:00,DAY,8.0,2.2,67.0,0.0,0.0,1025.0,1.0
2025-11-06 15:00:00,DAY,11.0,2.3,55.0,0.0,0.0,1025.0,1.0
2025-11-06 16:00:00,DAY,13.0,-1.0,38.0,0.0,0.0,1025.0,1.0
2025-11-06 17:00:00,DAY,13.0,-1.4,37.0,0.0,0.0,1023.0,1.0
2025-11-06 18:00:00,DAY,14.0,-0.8,36.0,0.0,6.0,1022.0,1.0
2025-11-06 19:00:00,DAY,14.0,-2.4,32.0,0.0,0.0,1021.0,1.0
2025-11-06 20:00:00,DAY,14.0,-2.4,32.0,0.0,9.0,1021.0,1.0
2025-11-06 21:00:00,DAY,13.0,-2.9,33.0,0.0,13.0,1020.0,1.0
2025-11-06 22:00:00,DAY,12.0,-1.9,38.0,0.0,6.0,1019.0,3.0
2025-11-06 23:00:00,DAY,9.0,-1.4,48.0,0.0,0.0,1019.0,3.0
2025-11-07 00:00:00,DAY,9.0,-0.1,53.0,0.0,7.0,1018.0,2.0
2025-11-07 01:00:00,DAY,7.0,-1.7,54.0,0.0,6.0,1018.0,3.0
2025-11-07 02:00:00,DAY,9.0,-0.6,51.0,0.0,0.0,1017.0,3.0
2025-11-07 03:00:00,DAY,7.0,-1.2,56.0,0.0,0.0,1016.0,3.0
2025-11-07 04:00:00,DAY,7.0,-2.7,50.0,0.0,6.0,1015.0,3.0
2025-11-07 05:00:00,DAY,7.0,-3.3,48.0,0.0,7.0,1013.0,3.0
2025-11-07 06:00:00,DAY,8.0,-3.5,44.0,0.0,11.0,1012.0,3.0
2025-11-07 07:00:00,DAY,7.0,-3.8,46.0,0.0,6.0,1011.0,3.0
2025-11-07 08:00:00,DAY,7.0,-3.3,48.0,0.0,9.0,1009.0,3.0
2025-11-07 09:00:00,DAY,8.0,-3.2,45.0,0.0,7.0,1008.0,3.0
2025-11-07 10:00:00,DAY,10.0,-2.3,42.0,0.0,13.0,1007.0,3.0
2025-11-07 11:00:00,DAY,11.0,0.7,49.0,0.0,19.0,1006.0,3.0
2025-11-07 12:00:00,DAY,12.0,3.7,57.0,0.0,22.0,1005.0,3.0
2025-11-07 13:00:00,DAY,14.0,5.9,58.0,0.0,24.0,1005.0,3.0
2025-11-07 14:00:00,DAY,14.0,6.1,59.0,0.1,24.0,1004.0,25.0
2025-11-07 15:00:00,DAY,12.0,9.0,82.0,0.0,20.0,1004.0,9.0
2025-11-07 16:00:00,DAY,12.0,11.1,94.0,1.1,20.0,1004.0,9.0
2025-11-07 17:00:00,DAY,13.0,12.1,94.0,0.0,24.0,1003.0,5.0
2025-11-07 18:00:00,DAY,13.0,12.1,94.0,0.1,22.0,1003.0,5.0
2025-11-07 19:00:00,DAY,14.0,13.0,94.0,0.0,22.0,1002.0,3.0
2025-11-07 20:00:00,DAY,14.0,13.0,94.0,0.0,17.0,1002.0,3.0
2025-11-07 21:00:00,DAY,15.0,13.0,88.0,0.0,15.0,1002.0,3.0
2025-11-07 22:00:00,DAY,12.0,11.1,94.0,0.0,9.0,1003.0,3.0
2025-11-07 23:00:00,DAY,11.0,10.1,94.0,0.0,13.0,1003.0,5.0
2025-11-08 00:00:00,DAY,13.0,12.1,94.0,0.0,13.0,1003.0,5.0
2025-11-08 01:00:00,DAY,9.0,8.4,96.0,0.0,7.0,1004.0,5.0
2025-11-08 02:00:00,DAY,9.0,8.4,96.0,0.0,0.0,1005.0,5.0
2025-11-08 03:00:00,DAY,7.0,6.4,96.0,0.0,0.0,1005.0,5.0
2025-11-08 04:00:00,DAY,8.0,6.9,93.0,0.0,0.0,1005.0,5.0
2025-11-08 05:00:00,DAY,7.0,6.4,96.0,0.0,6.0,1006.0,5.0
2025-11-08 06:00:00,DAY,8.0,7.1,94.0,0.0,7.0,1006.0,1.0
2025-11-08 07:00:00,DAY,7.0,6.3,95.0,0.0,6.0,1006.0,5.0
2025-11-08 08:00:00,DAY,7.0,6.1,94.0,0.0,0.0,1007.0,2.0
2025-11-08 09:00:00,DAY,7.0,6.3,95.0,0.0,7.0,1008.0,1.0
2025-11-08 10:00:00,DAY,5.0,4.1,94.0,0.0,0.0,1008.0,1.0
2025-11-08 11:00:00,DAY,5.0,4.3,95.0,0.0,6.0,1008.0,5.0
2025-11-08 12:00:00,DAY,5.0,4.4,96.0,0.0,0.0,1009.0,5.0
2025-11-08 13:00:00,DAY,9.0,7.3,89.0,0.0,6.0,1009.0,1.0
2025-11-08 14:00:00,DAY,11.0,7.1,77.0,0.0,7.0,1010.0,1.0
2025-11-08 15:00:00,DAY,13.0,7.7,70.0,0.0,6.0,1010.0,1.0
2025-11-08 16:00:00,DAY,14.0,7.5,65.0,0.0,7.0,1010.0,3.0
2025-11-08 17:00:00,DAY,14.0,6.8,62.0,0.0,9.0,1009.0,3.0
2025-11-08 18:00:00,DAY,16.0,6.4,53.0,0.0,13.0,1009.0,3.0
2025-11-08 19:00:00,DAY,16.0,5.6,50.0,0.0,13.0,1009.0,3.0
2025-11-08 20:00:00,DAY,15.0,6.0,55.0,0.0,13.0,1009.0,3.0
2025-11-08 21:00:00,DAY,14.0,5.4,56.0,0.0,11.0,1009.0,3.0
2025-11-08 22:00:00,DAY,12.0,4.7,61.0,0.0,7.0,1010.0,3.0
2025-11-08 23:00:00,DAY,10.0,5.2,72.0,0.0,0.0,1010.0,3.0
2025-11-09 00:00:00,DAY,9.0,5.9,81.0,0.0,0.0,1010.0,1.0
2025-11-09 01:00:00,DAY,8.0,5.6,85.0,0.0,7.0,1010.0,3.0
2025-11-09 02:00:00,DAY,8.0,5.8,86.0,0.0,11.0,1010.0,3.0
2025-11-09 03:00:00,DAY,8.0,6.0,87.0,0.0,0.0,1011.0,7.0
2025-11-09 04:00:00,DAY,8.0,6.0,87.0,0.0,7.0,1010.0,9.0
2025-11-09 05:00:00,DAY,7.0,5.9,93.0,1.0,6.0,1009.0,9.0
2025-11-09 06:00:00,DAY,6.0,5.0,93.0,0.0,6.0,1007.0,3.0
2025-11-09 07:00:00,DAY,7.0,5.8,92.0,0.0,7.0,1006.0,3.0
2025-11-09 08:00:00,DAY,7.0,5.9,93.0,0.3,11.0,1005.0,8.0
2025-11-09 09:00:00,DAY,7.0,5.9,93.0,0.1,11.0,1006.0,8.0
2025-11-09 10:00:00,DAY,7.0,5.9,93.0,0.1,9.0,1006.0,5.0
2025-11-09 11:00:00,DAY,7.0,5.9,93.0,0.0,9.0,1006.0,17.0
2025-11-09 12:00:00,DAY,7.0,7.0,100.0,0.0,6.0,1006.0,17.0
2025-11-09 13:00:00,DAY,8.0,6.8,92.0,0.0,0.0,1007.0,3.0
2025-11-09 14:00:00,DAY,8.0,6.9,93.0,0.0,11.0,1007.0,3.0
2025-11-09 15:00:00,DAY,8.0,6.9,93.0,0.0,9.0,1007.0,5.0
2025-11-09 16:00:00,DAY,6.0,4.0,87.0,0.0,30.0,1008.0,8.0
2025-11-09 17:00:00,DAY,3.0,2.0,93.0,0.3,20.0,1010.0,5.0
2025-11-09 18:00:00,DAY,3.0,1.1,87.0,0.0,19.0,1012.0,7.0
2025-11-09 19:00:00,DAY,3.0,1.1,87.0,0.0,17.0,1012.0,8.0
2025-11-09 20:00:00,DAY,3.0,1.1,87.0,0.0,22.0,1012.0,5.0
2025-11-09 21:00:00,DAY,2.0,0.4,89.0,0.0,15.0,1015.0,7.0
2025-11-09 22:00:00,DAY,2.0,0.5,90.0,0.0,15.0,1016.0,8.0
2025-11-09 23:00:00,DAY,2.0,1.0,93.0,0.0,11.0,1016.0,5.0
2025-11-10 00:00:00,DAY,2.0,1.0,93.0,0.0,15.0,1017.0,12.0
2025-11-10 01:00:00,DAY,2.0,0.4,89.0,0.0,6.0,1017.0,12.0
2025-11-10 02:00:00,DAY,1.0,-0.9,87.0,0.0,17.0,1017.0,3.0
2025-11-10 03:00:00,DAY,1.0,-0.9,87.0,0.0,22.0,1017.0,3.0
2025-11-10 04:00:00,DAY,0.0,-2.4,84.0,0.0,19.0,1017.0,3.0
2025-11-10 05:00:00,DAY,-1.0,-3.4,84.0,0.0,17.0,1018.0,3.0
2025-11-10 06:00:00,DAY,-1.0,-3.0,86.0,0.0,17.0,1017.0,3.0
2025-11-10 07:00:00,DAY,-2.0,-4.0,86.0,0.0,17.0,1017.0,3.0
2025-11-10 08:00:00,DAY,-2.0,-4.3,84.0,0.0,22.0,1017.0,14.0
2025-11-10 09:00:00,DAY,-2.0,-3.9,87.0,0.0,15.0,1017.0,15.0
2025-11-10 10:00:00,DAY,-3.0,-4.7,88.0,0.0,11.0,1017.0,15.0
2025-11-10 11:00:00,DAY,-3.0,-5.0,86.0,0.0,11.0,1017.0,15.0
2025-11-10 12:00:00,DAY,-3.0,-5.0,86.0,0.0,15.0,1017.0,15.0
2025-11-10 13:00:00,DAY,-3.0,-5.0,86.0,0.0,13.0,1018.0,14.0
2025-11-10 14:00:00,DAY,-3.0,-5.0,86.0,0.0,11.0,1018.0,15.0
2025-11-10 15:00:00,DAY,-2.0,-4.0,86.0,0.0,13.0,1018.0,15.0
2025-11-10 16:00:00,DAY,-2.0,-4.0,86.0,0.0,13.0,1018.0,15.0
2025-11-10 17:00:00,DAY,-1.0,-3.0,86.0,0.0,13.0,1018.0,5.0
2025-11-10 18:00:00,DAY,-1.0,-5.2,73.0,0.0,19.0,1018.0,3.0
2025-11-10 19:00:00,DAY,-1.0,-6.0,69.0,0.0,19.0,1018.0,3.0
2025-11-10 20:00:00,DAY,-2.0,-7.9,64.0,0.0,20.0,1019.0,3.0
2025-11-10 21:00:00,DAY,-2.0,-8.3,62.0,0.0,19.0,1020.0,1.0
2025-11-10 22:00:00,DAY,-3.0,-9.5,61.0,0.0,13.0,1020.0,1.0
2025-11-10 23:00:00,DAY,-3.0,-9.5,61.0,0.0,15.0,1021.0,1.0
2025-11-11 00:00:00,DAY,-3.0,-9.7,60.0,0.0,13.0,1020.0,3.0
2025-11-11 01:00:00,DAY,-2.0,-8.3,62.0,0.0,15.0,1020.0,3.0
2025-11-11 02:00:00,DAY,-2.0,-6.9,69.0,0.0,17.0,1020.0,3.0
2025-11-11 03:00:00,DAY,-2.0,-6.9,69.0,0.0,24.0,1020.0,3.0
2025-11-11 04:00:00,DAY,-2.0,-6.5,71.0,0.0,20.0,1020.0,14.0
2025-11-11 05:00:00,DAY,-2.0,-6.0,74.0,0.1,17.0,1020.0,14.0
2025-11-11 06:00:00,DAY,-2.0,-7.7,65.0,0.0,17.0,1019.0,3.0
2025-11-11 07:00:00,DAY,-2.0,-7.7,65.0,0.0,26.0,1020.0,3.0
2025-11-11 08:00:00,DAY,-2.0,-7.3,67.0,0.0,22.0,1020.0,3.0
2025-11-11 09:00:00,DAY,-3.0,-8.3,67.0,0.0,19.0,1020.0,3.0
2025-11-11 10:00:00,DAY,-4.0,-8.3,72.0,0.0,11.0,1020.0,3.0
2025-11-11 11:00:00,DAY,-4.0,-7.8,75.0,0.0,15.0,1020.0,2.0
2025-11-11 12:00:00,DAY,-4.0,-8.1,73.0,0.0,15.0,1021.0,3.0
2025-11-11 13:00:00,DAY,-3.0,-7.7,70.0,0.0,19.0,1021.0,3.0
2025-11-11 14:00:00,DAY,-1.0,-6.5,66.0,0.0,26.0,1021.0,3.0
2025-11-11 15:00:00,DAY,0.0,-6.6,61.0,0.0,22.0,1021.0,3.0
2025-11-11 16:00:00,DAY,1.0,-6.1,59.0,0.0,33.0,1020.0,3.0
2025-11-11 17:00:00,DAY,2.0,-6.1,55.0,0.0,24.0,1018.0,3.0
2025-11-11 18:00:00,DAY,2.0,-6.1,55.0,0.0,22.0,1017.0,3.0
2025-11-11 19:00:00,DAY,2.0,-6.1,55.0,0.0,22.0,1016.0,3.0
2025-11-11 20:00:00,DAY,3.0,-5.4,54.0,0.0,30.0,1014.0,3.0
2025-11-11 21:00:00,DAY,5.0,-3.0,56.0,0.0,26.0,1013.0,3.0
2025-11-11 22:00:00,DAY,2.0,-5.8,56.0,0.0,19.0,1013.0,3.0
2025-11-11 23:00:00,DAY,2.0,-5.4,58.0,0.0,19.0,1013.0,3.0
2025-11-12 00:00:00,DAY,2.0,-4.9,60.0,0.0,17.0,1012.0,3.0
2025-11-12 01:00:00,DAY,2.0,-4.7,61.0,0.0,13.0,1012.0,3.0
2025-11-12 02:00:00,DAY,2.0,-4.5,62.0,0.0,17.0,1011.0,1.0
2025-11-12 03:00:00,DAY,2.0,-4.7,61.0,0.0,15.0,1011.0,2.0
2025-11-12 04:00:00,DAY,3.0,-4.4,58.0,0.0,22.0,1010.0,1.0
2025-11-12 05:00:00,DAY,3.0,-3.8,61.0,0.0,22.0,1011.0,1.0
2025-11-12 06:00:00,DAY,2.0,-3.9,65.0,0.0,19.0,1011.0,1.0
2025-11-12 07:00:00,DAY,2.0,-3.7,66.0,0.0,20.0,1011.0,1.0
2025-11-12 08:00:00,DAY,2.0,-2.9,70.0,0.0,19.0,1011.0,1.0
2025-11-12 09:00:00,DAY,2.0,-2.9,70.0,0.0,17.0,1011.0,1.0
2025-11-12 10:00:00,DAY,2.0,-2.5,72.0,0.0,15.0,1011.0,1.0
2025-11-12 11:00:00,DAY,2.0,-2.3,73.0,0.0,20.0,1012.0,1.0
2025-11-12 12:00:00,DAY,4.0,-1.2,69.0,0.0,24.0,1012.0,1.0
2025-11-12 13:00:00,DAY,5.0,-0.8,66.0,0.0,24.0,1013.0,3.0
2025-11-12 14:00:00,DAY,7.0,0.2,62.0,0.0,24.0,1013.0,3.0
2025-11-12 15:00:00,DAY,10.0,1.9,57.0,0.0,28.0,1013.0,3.0
2025-11-12 16:00:00,DAY,11.0,1.8,53.0,0.0,33.0,1013.0,3.0
2025-11-12 17:00:00,DAY,3.5,0.7,82.0,0.0,16.9,1014.8,1.0
2025-11-12 18:00:00,DAY,12.0,-0.2,43.0,0.0,30.0,1014.0,1.0
2025-11-12 19:00:00,DAY,12.0,-1.5,39.0,0.0,24.0,1014.0,1.0
2025-11-12 20:00:00,DAY,12.0,-3.0,35.0,0.0,30.0,1014.0,1.0
2025-11-12 21:00:00,DAY,11.0,-2.4,39.0,0.0,20.0,1015.0,1.0
2025-11-12 22:00:00,DAY,9.0,-2.6,44.0,0.0,20.0,1015.0,1.0
2025-11-12 23:00:00,DAY,7.0,-3.3,48.0,0.0,15.0,1016.0,1.0
2025-11-13 00:00:00,DAY,6.0,-2.4,55.0,0.0,13.0,1017.0,1.0
2025-11-13 01:00:00,DAY,4.0,-3.3,59.0,0.0,11.0,1017.0,1.0
2025-11-13 02:00:00,DAY,2.0,-3.1,69.0,0.0,9.0,1017.0,1.0
2025-11-13 03:00:00,DAY,7.0,-1.9,53.0,0.0,15.0,1017.0,3.0
2025-11-13 04:00:00,DAY,3.8,-1.0,71.0,0.0,16.6,1018.5,3.0
2025-11-13 05:00:00,DAY,3.6,-1.0,72.0,0.0,16.2,1018.9,3.0
2025-11-13 06:00:00,DAY,4.0,-2.0,65.0,0.0,13.0,1018.0,3.0
2025-11-13 07:00:00,DAY,5.0,-1.2,64.0,0.0,13.0,1019.0,3.0
2025-11-13 08:00:00,DAY,5.0,-1.0,65.0,0.0,11.0,1019.0,3.0
2025-11-13 09:00:00,DAY,1.0,-2.9,75.0,0.0,9.0,1020.0,3.0
2025-11-13 10:00:00,DAY,2.0,-1.8,76.0,0.0,7.0,1020.0,3.0
2025-11-13 11:00:00,DAY,1.0,-2.4,78.0,0.0,6.0,1021.0,1.0
2025-11-13 12:00:00,DAY,2.0,-2.0,75.0,0.0,6.0,1021.0,1.0
2025-11-13 13:00:00,DAY,6.0,0.5,68.0,0.0,0.0,1022.0,1.0
2025-11-13 14:00:00,DAY,9.0,0.2,54.0,0.0,11.0,1022.0,1.0
2025-11-13 15:00:00,DAY,11.0,0.4,48.0,0.0,20.0,1023.0,1.0
2025-11-13 16:00:00,DAY,12.0,-0.2,43.0,0.0,11.0,1022.0,1.0
2025-11-13 17:00:00,DAY,13.0,-1.7,36.0,0.0,17.0,1022.0,3.0
2025-11-13 18:00:00,DAY,14.0,-1.6,34.0,0.0,13.0,1022.0,2.0
2025-11-13 19:00:00,DAY,14.0,-2.4,32.0,0.0,17.0,1021.0,2.0
2025-11-13 20:00:00,DAY,13.0,-3.3,32.0,0.0,20.0,1022.0,2.0
2025-11-13 21:00:00,DAY,12.0,-3.8,33.0,0.0,11.0,1021.0,3.0
2025-11-13 22:00:00,DAY,8.0,-2.9,46.0,0.0,6.0,1022.0,3.0
2025-11-13 23:00:00,DAY,7.0,-2.7,50.0,0.0,0.0,1022.0,3.0
2025-11-14 00:00:00,DAY,5.0,-1.9,61.0,0.0,0.0,1022.0,2.0
2025-11-14 01:00:00,DAY,4.0,-1.6,67.0,0.0,0.0,1022.0,2.0
2025-11-14 02:00:00,DAY,5.0,0.8,74.0,0.0,0.0,1022.0,1.0
2025-11-14 03:00:00,DAY,5.0,0.6,73.0,0.0,0.0,1022.0,1.0
2025-11-14 04:00:00,DAY,6.0,0.5,68.0,0.0,0.0,1021.0,1.0
2025-11-14 05:00:00,DAY,6.0,1.1,71.0,0.0,0.0,1022.0,1.0
2025-11-14 06:00:00,DAY,6.0,1.3,72.0,0.0,0.0,1022.0,3.0
2025-11-14 07:00:00,DAY,5.0,1.3,77.0,0.0,0.0,1021.0,3.0
2025-11-14 08:00:00,DAY,5.0,1.3,77.0,0.0,0.0,1021.0,3.0
2025-11-14 09:00:00,DAY,5.0,-0.0,70.0,0.0,0.0,1021.0,3.0
2025-11-14 10:00:00,DAY,5.0,0.6,73.0,0.0,0.0,1021.0,2.0
2025-11-14 11:00:00,DAY,2.0,-0.7,82.0,0.0,0.0,1021.0,1.0
2025-11-14 12:00:00,DAY,5.0,-0.4,68.0,0.0,0.0,1021.0,1.0
2025-11-14 13:00:00,DAY,7.0,-0.0,61.0,0.0,0.0,1021.0,3.0
2025-11-14 14:00:00,DAY,10.0,-0.5,48.0,0.0,7.0,1020.0,3.0
2025-11-14 15:00:00,DAY,11.0,0.1,47.0,0.0,11.0,1020.0,3.0
2025-11-14 16:00:00,DAY,13.0,3.1,51.0,0.2,9.0,1018.0,17.0
2025-11-14 17:00:00,DAY,16.0,6.1,52.0,0.5,17.0,1017.0,17.0
2025-11-14 18:00:00,DAY,16.0,6.4,53.0,0.2,20.0,1016.0,7.0
2025-11-14 19:00:00,DAY,17.0,7.3,53.0,0.0,20.0,1015.0,2.0
2025-11-14 20:00:00,DAY,17.0,7.9,55.0,0.0,13.0,1015.0,1.0
2025-11-14 21:00:00,DAY,15.0,8.2,64.0,0.0,13.0,1015.0,1.0
2025-11-14 22:00:00,DAY,14.0,8.8,71.0,0.0,11.0,1015.0,1.0
2025-11-14 23:00:00,DAY,13.0,8.1,72.0,0.0,6.0,1014.0,1.0
2025-11-15 00:00:00,DAY,11.0,7.7,80.0,0.0,0.0,1014.0,1.0
2025-11-15 01:00:00,DAY,10.0,7.2,83.0,0.0,0.0,1014.0,5.0
2025-11-15 02:00:00,DAY,9.0,7.1,88.0,0.0,0.0,1014.0,1.0
2025-11-15 03:00:00,DAY,12.0,8.8,81.0,0.0,7.0,1013.0,1.0
2025-11-15 04:00:00,DAY,12.0,9.4,84.0,0.0,6.0,1013.0,1.0
2025-11-15 05:00:00,DAY,11.0,9.4,90.0,0.0,13.0,1012.0,3.0
2025-11-15 06:00:00,DAY,11.0,9.6,91.0,0.0,11.0,1012.0,3.0
2025-11-15 07:00:00,DAY,13.0,11.1,88.0,0.0,13.0,1011.0,3.0
2025-11-15 08:00:00,DAY,14.0,11.7,86.0,0.0,15.0,1011.0,1.0
2025-11-15 09:00:00,DAY,14.0,11.7,86.0,0.0,17.0,1010.0,2.0
2025-11-15 10:00:00,DAY,14.0,11.7,86.0,0.0,17.0,1009.0,2.0
2025-11-15 11:00:00,DAY,15.0,12.3,84.0,0.0,19.0,1009.0,3.0
2025-11-15 12:00:00,DAY,15.0,12.1,83.0,0.0,20.0,1008.0,3.0
2025-11-15 13:00:00,DAY,16.0,12.4,79.0,0.0,24.0,1008.0,3.0
2025-11-15 14:00:00,DAY,17.0,12.5,75.0,0.0,30.0,1006.0,3.0
2025-11-15 15:00:00,DAY,18.0,13.3,74.0,0.0,28.0,1006.0,3.0
2025-11-15 16:00:00,DAY,18.0,12.9,72.0,0.0,32.0,1004.0,3.0
2025-11-15 17:00:00,DAY,18.0,13.1,73.0,0.0,30.0,1003.0,3.0
2025-11-15 18:00:00,DAY,19.0,13.6,71.0,0.0,28.0,1001.0,3.0
2025-11-15 19:00:00,DAY,20.0,13.9,68.0,0.0,32.0,1000.0,3.0
2025-11-15 20:00:00,DAY,20.0,13.9,68.0,0.0,33.0,999.0,3.0
2025-11-15 21:00:00,DAY,20.3,14.2,68.0,0.0,10.0,1000.3,3.0
2025-11-15 22:00:00,DAY,21.1,14.3,65.0,0.1,12.0,999.8,7.0
2025-11-15 23:00:00,DAY,20.1,14.0,68.0,0.0,12.0,1000.1,3.0
2025-11-16 00:00:00,DAY,19.9,13.6,67.0,0.0,11.0,1000.4,2.0
2025-11-16 01:00:00,DAY,19.3,12.6,65.0,0.1,10.0,1000.8,17.0
2025-11-16 02:00:00,DAY,17.7,10.6,63.0,0.2,10.0,1001.3,5.0
2025-11-16 03:00:00,DAY,16.9,9.1,60.0,0.1,11.0,1001.6,17.0
2025-11-16 04:00:00,DAY,15.3,8.8,65.0,0.0,10.0,1002.0,2.0
2025-11-16 05:00:00,DAY,14.0,8.2,68.0,0.0,10.0,1002.3,3.0
2025-11-16 06:00:00,DAY,12.5,7.6,72.0,0.0,8.0,1002.9,2.0
2025-11-16 07:00:00,DAY,11.9,6.6,70.0,0.0,9.0,1003.4,1.0
2025-11-16 08:00:00,DAY,10.9,5.4,69.0,0.0,10.0,1004.3,1.0
2025-11-16 09:00:00,DAY,10.1,4.7,69.0,0.0,9.0,1005.0,1.0
2025-11-16 10:00:00,DAY,9.3,1.0,56.0,0.0,10.0,1006.0,1.0
2025-11-16 11:00:00,DAY,8.1,1.3,62.0,0.0,10.0,1007.2,1.0
2025-11-16 12:00:00,DAY,7.4,0.4,61.0,0.0,9.0,1008.4,1.0
2025-11-16 13:00:00,DAY,7.9,-1.1,53.0,0.0,9.0,1009.5,1.0
2025-11-16 14:00:00,DAY,8.0,-5.1,39.0,0.0,17.0,1010.3,1.0
2025-11-16 15:00:00,DAY,9.6,-4.4,37.0,0.0,13.0,1010.7,1.0
2025-11-16 16:00:00,DAY,10.7,-5.3,32.0,0.0,10.0,1011.1,1.0
2025-11-16 17:00:00,DAY,11.3,-8.5,24.0,0.0,11.0,1010.8,1.0
2025-11-16 18:00:00,DAY,11.8,-7.6,25.0,0.0,12.0,1010.1,1.0
2025-11-16 19:00:00,DAY,12.0,-7.9,24.0,0.0,15.0,1009.7,1.0
2025-11-16 20:00:00,DAY,11.3,-8.0,25.0,0.0,17.0,1010.0,1.0
2025-11-16 21:00:00,DAY,10.0,-9.1,25.0,0.0,12.0,1010.4,1.0
2025-11-16 22:00:00,DAY,8.8,-9.2,27.0,0.0,9.0,1011.1,1.0
2025-11-16 23:00:00,DAY,7.4,-10.8,26.0,0.0,9.0,1012.0,1.0
2025-11-17 00:00:00,DAY,6.1,-10.2,30.0,0.0,7.0,1012.9,1.0
2025-11-17 01:00:00,DAY,5.0,-9.2,35.0,0.0,4.0,1013.7,1.0
2025-11-17 02:00:00,DAY,3.7,-8.3,41.0,0.0,4.0,1014.4,1.0
2025-11-17 03:00:00,DAY,-0.8,-6.0,68.0,0.0,6.0,1014.9,1.0
2025-11-17 04:00:00,DAY,1.0,-7.5,53.0,0.0,0.0,1015.0,1.0
2025-11-17 05:00:00,DAY,1.9,-7.2,51.0,0.0,0.0,1015.2,1.0
2025-11-17 06:00:00,DAY,-1.1,-6.6,66.0,0.0,0.0,1015.3,1.0
2025-11-17 07:00:00,DAY,-2.1,-6.8,70.0,0.0,3.0,1015.5,1.0
2025-11-17 08:00:00,DAY,-2.6,-6.6,74.0,0.0,0.0,1016.1,1.0
2025-11-17 09:00:00,DAY,-2.1,-6.3,73.0,0.0,0.0,1016.6,1.0
2025-11-17 10:00:00,DAY,-1.8,-5.8,74.0,0.0,0.0,1017.3,1.0
2025-11-17 11:00:00,DAY,-1.1,-5.9,70.0,0.0,7.2,1018.2,1.0
2025-11-17 12:00:00,DAY,-1.3,-5.7,72.0,0.0,7.2,1019.0,1.0
2025-11-17 13:00:00,DAY,-0.4,-5.2,70.0,0.0,7.9,1019.8,1.0
2025-11-17 14:00:00,DAY,1.9,-4.2,64.0,0.0,7.6,1020.5,1.0
2025-11-17 15:00:00,DAY,4.0,-3.5,58.0,0.0,7.6,1020.4,1.0
2025-11-17 16:00:00,DAY,5.7,-3.1,53.0,0.0,8.6,1020.3,1.0
2025-11-17 17:00:00,DAY,6.9,-3.1,49.0,0.0,10.1,1019.8,1.0
2025-11-17 18:00:00,DAY,7.8,-3.1,46.0,0.0,10.8,1018.9,1.0
2025-11-17 19:00:00,DAY,8.6,-3.0,44.0,0.0,11.9,1018.6,1.0
2025-11-17 20:00:00,DAY,9.0,-3.2,42.0,0.0,12.6,1018.4,1.0
2025-11-17 21:00:00,DAY,8.9,-3.3,42.0,0.0,11.5,1018.5,1.0
2025-11-17 22:00:00,DAY,6.8,-2.1,53.0,0.0,5.8,1018.6,1.0
2025-11-17 23:00:00,DAY,4.9,-2.0,61.0,0.0,6.5,1018.8,1.0
2025-11-18 00:00:00,DAY,4.4,-2.0,63.0,0.0,4.7,1018.9,1.0
2025-11-18 01:00:00,DAY,3.8,-2.2,65.0,0.0,4.7,1019.1,1.0
2025-11-18 02:00:00,DAY,4.5,-1.5,65.0,0.0,5.0,1019.5,3.0
2025-11-18 03:00:00,DAY,5.0,-1.0,65.0,0.0,5.0,1019.9,3.0
2025-11-18 04:00:00,DAY,3.8,-1.6,68.0,0.0,3.2,1020.1,3.0
2025-11-18 05:00:00,DAY,3.1,-1.8,70.0,0.0,1.1,1020.1,3.0
2025-11-18 06:00:00,DAY,2.9,-1.6,72.0,0.0,1.8,1020.2,3.0
2025-11-18 07:00:00,DAY,1.5,-1.9,78.0,0.0,3.6,1020.1,2.0
2025-11-18 08:00:00,DAY,0.9,-1.7,83.0,0.0,4.3,1020.1,3.0
2025-11-18 09:00:00,DAY,0.8,-1.8,83.0,0.0,5.8,1019.9,3.0
2025-11-18 10:00:00,DAY,3.6,-1.9,67.0,0.0,5.8,1020.1,3.0
2025-11-18 11:00:00,DAY,3.3,0.5,82.0,1.8,5.8,1020.7,9.0
2025-11-18 12:00:00,DAY,3.5,0.6,81.0,0.3,9.0,1020.5,8.0
2025-11-18 13:00:00,DAY,3.9,0.8,80.0,0.0,13.3,1020.1,3.0
2025-11-18 14:00:00,DAY,4.4,0.9,78.0,0.1,14.0,1020.3,7.0
2025-11-18 15:00:00,DAY,5.1,1.8,79.0,0.1,13.7,1019.9,7.0
2025-11-18 16:00:00,DAY,5.2,2.0,80.0,0.2,15.5,1019.5,7.0
2025-11-18 17:00:00,DAY,6.1,2.6,78.0,0.0,15.8,1018.0,3.0
2025-11-18 18:00:00,DAY,7.4,1.7,67.0,0.0,16.9,1016.7,3.0
2025-11-18 19:00:00,DAY,7.4,2.7,72.0,0.3,16.6,1015.8,8.0
2025-11-18 20:00:00,DAY,7.6,3.3,74.0,0.0,14.0,1014.9,3.0
2025-11-18 21:00:00,DAY,7.6,4.0,78.0,0.3,13.3,1014.4,8.0
2025-11-18 22:00:00,DAY,7.4,4.2,80.0,0.0,12.2,1014.6,3.0
2025-11-18 23:00:00,DAY,7.0,4.5,84.0,0.3,9.4,1014.8,8.0
2025-11-19 00:00:00,DAY,6.6,5.1,90.0,0.3,9.4,1015.3,8.0
2025-11-19 01:00:00,DAY,6.5,5.3,92.0,0.1,10.4,1015.8,7.0
2025-11-19 02:00:00,DAY,5.8,5.1,95.0,0.0,11.9,1015.5,3.0
2025-11-19 03:00:00,DAY,5.0,4.6,97.0,0.0,4.7,1016.3,2.0
2025-11-19 04:00:00,DAY,4.0,3.9,99.0,0.0,5.0,1016.9,2.0
2025-11-19 05:00:00,DAY,4.9,4.6,98.0,0.0,8.3,1017.2,3.0
2025-11-19 06:00:00,DAY,5.3,4.7,96.0,0.0,9.7,1017.4,3.0
2025-11-19 07:00:00,DAY,5.3,4.7,96.0,0.0,10.8,1018.0,3.0
2025-11-19 08:00:00,DAY,5.1,4.4,95.0,0.0,10.1,1018.7,3.0
2025-11-19 09:00:00,DAY,4.9,4.2,95.0,0.0,9.7,1019.3,3.0
2025-11-19 10:00:00,DAY,4.8,3.9,94.0,0.0,10.4,1019.8,3.0
2025-11-19 11:00:00,DAY,4.5,3.5,93.0,0.0,10.4,1020.7,3.0
2025-11-19 12:00:00,DAY,4.2,2.9,91.0,0.0,12.6,1021.5,3.0
2025-11-19 13:00:00,DAY,3.8,2.3,90.0,0.0,12.2,1022.5,3.0
2025-11-19 14:00:00,DAY,4.2,2.1,86.0,0.0,10.4,1023.1,3.0
2025-11-19 15:00:00,DAY,5.2,2.2,81.0,0.0,9.7,1023.5,3.0
2025-11-19 16:00:00,DAY,6.6,2.3,74.0,0.0,9.0,1023.4,3.0
2025-11-19 17:00:00,DAY,7.9,2.6,69.0,0.0,8.3,1022.7,3.0
2025-11-19 18:00:00,DAY,9.2,3.2,66.0,0.0,7.2,1021.6,3.0
2025-11-19 19:00:00,DAY,9.7,3.4,65.0,0.0,6.1,1021.2,3.0
2025-11-19 20:00:00,DAY,10.1,3.6,64.0,0.0,5.8,1021.2,3.0
2025-11-19 21:00:00,DAY,10.2,3.7,64.0,0.0,5.4,1021.5,3.0
2025-11-19 22:00:00,DAY,9.5,3.9,68.0,0.0,4.0,1021.8,3.0
2025-11-19 23:00:00,DAY,8.7,3.9,72.0,0.0,6.5,1022.1,3.0
2025-11-20 00:00:00,DAY,8.4,4.0,74.0,0.0,6.5,1022.4,3.0
2025-11-20 01:00:00,DAY,8.1,4.1,76.0,0.0,9.4,1022.0,3.0
2025-11-20 02:00:00,DAY,7.8,4.2,78.0,0.0,8.6,1021.9,3.0
2025-11-20 03:00:00,DAY,7.6,4.4,80.0,0.0,6.8,1021.8,3.0
2025-11-20 04:00:00,DAY,7.4,4.4,81.0,0.0,5.0,1021.9,3.0
2025-11-20 05:00:00,DAY,7.4,4.5,82.0,0.0,5.0,1021.6,3.0
2025-11-20 06:00:00,DAY,7.0,4.5,84.0,0.0,4.3,1021.7,3.0
2025-11-20 07:00:00,DAY,,,,,,,
2025-11-20 08:00:00,DAY,,,,,,,
2025-11-20 09:00:00,DAY,,,,,,,
2025-11-20 10:00:00,DAY,,,,,,,
2025-11-20 11:00:00,DAY,,,,,,,
2025-11-20 12:00:00,DAY,5.6,4.6,93.0,,4.0,1021.8,
2025-11-20 13:00:00,DAY,,,,,,,
2025-11-20 14:00:00,DAY,,,,,,,
2025-11-20 15:00:00,DAY,,,,,,,
2025-11-20 16:00:00,DAY,,,,,,,
2025-11-20 17:00:00,DAY,,,,,,,
2025-11-20 18:00:00,DAY,13.1,5.5,60.0,,6.5,1019.6,
2025-11-20 19:00:00,DAY,,,,,,,
2025-11-20 20:00:00,DAY,,,,,,,
2025-11-20 21:00:00,DAY,,,,,,,
2025-11-20 22:00:00,DAY,,,,,,,
2025-11-20 23:00:00,DAY,,,,,,,
2025-11-21 00:00:00,DAY,9.7,7.1,84.0,,5.4,1018.0,
2025-11-21 01:00:00,DAY,,,,,,,
2025-11-21 02:00:00,DAY,,,,,,,
2025-11-21 03:00:00,DAY,,,,,,,
2025-11-21 04:00:00,DAY,,,,,,,
2025-11-21 05:00:00,DAY,,,,,,,
2025-11-21 06:00:00,DAY,8.8,8.2,96.0,,5.0,1015.7,
2025-11-21 07:00:00,DAY,,,,,,,
2025-11-21 08:00:00,DAY,,,,,,,
2025-11-21 09:00:00,DAY,,,,,,,
2025-11-21 10:00:00,DAY,,,,,,,
2025-11-21 11:00:00,DAY,,,,,,,
2025-11-21 12:00:00,DAY,9.9,9.6,98.0,,7.2,1015.2,
2025-11-21 13:00:00,DAY,,,,,,,
2025-11-21 14:00:00,DAY,,,,,,,
2025-11-21 15:00:00,DAY,,,,,,,
2025-11-21 16:00:00,DAY,,,,,,,
2025-11-21 17:00:00,DAY,,,,,,,
2025-11-21 18:00:00,DAY,14.0,9.8,76.0,,6.5,1013.4,
2025-11-21 19:00:00,DAY,,,,,,,
2025-11-21 20:00:00,DAY,,,,,,,
2025-11-21 21:00:00,DAY,,,,,,,
2025-11-21 22:00:00,DAY,,,,,,,
2025-11-21 23:00:00,DAY,,,,,,,
2025-11-22 00:00:00,DAY,10.3,9.4,94.0,,14.0,1012.3,
2025-11-22 01:00:00,DAY,,,,,,,
2025-11-22 02:00:00,DAY,,,,,,,
2025-11-22 03:00:00,DAY,,,,,,,
2025-11-22 04:00:00,DAY,,,,,,,
2025-11-22 05:00:00,DAY,,,,,,,
2025-11-22 06:00:00,DAY,7.0,5.9,93.0,,14.0,1013.3,
2025-11-22 07:00:00,DAY,,,,,,,
2025-11-22 08:00:00,DAY,,,,,,,
2025-11-22 09:00:00,DAY,,,,,,,
2025-11-22 10:00:00,DAY,,,,,,,
2025-11-22 11:00:00,DAY,,,,,,,
2025-11-22 12:00:00,DAY,5.8,3.1,83.0,,12.2,1016.3,
2025-11-22 13:00:00,DAY,,,,,,,
2025-11-22 14:00:00,DAY,,,,,,,
2025-11-22 15:00:00,DAY,,,,,,,
2025-11-22 16:00:00,DAY,,,,,,,
2025-11-22 17:00:00,DAY,,,,,,,
2025-11-22 18:00:00,DAY,10.1,1.2,54.0,,8.3,1016.9,
2025-11-22 19:00:00,DAY,,,,,,,
2025-11-22 20:00:00,DAY,,,,,,,
2025-11-22 21:00:00,DAY,,,,,,,
2025-11-22 22:00:00,DAY,,,,,,,
2025-11-22 23:00:00,DAY,,,,,,,
2025-11-23 00:00:00,DAY,4.6,0.7,76.0,,5.8,1018.5,
2025-11-23 01:00:00,DAY,,,,,,,
2025-11-23 02:00:00,DAY,,,,,,,
2025-11-23 03:00:00,DAY,,,,,,,
2025-11-23 04:00:00,DAY,,,,,,,
2025-11-23 05:00:00,DAY,,,,,,,
2025-11-23 06:00:00,DAY,0.5,-1.1,89.0,,5.0,1019.0,
2025-11-23 07:00:00,DAY,,,,,,,
2025-11-23 08:00:00,DAY,,,,,,,
2025-11-23 09:00:00,DAY,,,,,,,
2025-11-23 10:00:00,DAY,,,,,,,
2025-11-23 11:00:00,DAY,,,,,,,
2025-11-23 12:00:00,DAY,-0.6,-1.7,92.0,,5.0,1019.5,
2025-11-23 13:00:00,DAY,,,,,,,
2025-11-23 14:00:00,DAY,,,,,,,
2025-11-23 15:00:00,DAY,,,,,,,
2025-11-23 16:00:00,DAY,,,,,,,
2025-11-23 17:00:00,DAY,,,,,,,
2025-11-23 18:00:00,DAY,11.0,1.0,50.0,,7.6,1018.8,
2025-11-23 19:00:00,DAY,,,,,,,
2025-11-23 20:00:00,DAY,,,,,,,
2025-11-23 21:00:00,DAY,,,,,,,
2025-11-23 22:00:00,DAY,,,,,,,
2025-11-23 23:00:00,DAY,,,,,,,
2025-11-24 00:00:00,DAY,6.4,1.9,73.0,,9.4,1018.5,
2025-11-24 01:00:00,DAY,,,,,,,
2025-11-24 02:00:00,DAY,,,,,,,
2025-11-24 03:00:00,DAY,,,,,,,
2025-11-24 04:00:00,DAY,,,,,,,
2025-11-24 05:00:00,DAY,,,,,,,
2025-11-24 06:00:00,DAY,3.7,1.1,83.0,,8.6,1018.6,
2025-11-24 07:00:00,DAY,,,,,,,
2025-11-24 08:00:00,DAY,,,,,,,
2025-11-24 09:00:00,DAY,,,,,,,
2025-11-24 10:00:00,DAY,,,,,,,
2025-11-24 11:00:00,DAY,,,,,,,
2025-11-24 12:00:00,DAY,2.8,0.0,82.0,,9.7,1019.5,
2025-11-24 13:00:00,DAY,,,,,,,
2025-11-24 14:00:00,DAY,,,,,,,
2025-11-24 15:00:00,DAY,,,,,,,
2025-11-24 16:00:00,DAY,,,,,,,
2025-11-24 17:00:00,DAY,,,,,,,
2025-11-24 18:00:00,DAY,13.2,4.1,54.0,,14.8,1018.2,
2025-11-24 19:00:00,DAY,,,,,,,
2025-11-24 20:00:00,DAY,,,,,,,
2025-11-24 21:00:00,DAY,,,,,,,
2025-11-24 22:00:00,DAY,,,,,,,
2025-11-24 23:00:00,DAY,,,,,,,
2025-11-25 00:00:00,DAY,11.2,4.4,63.0,,13.3,1018.5,
2025-11-25 01:00:00,DAY,,,,,,,
2025-11-25 02:00:00,DAY,,,,,,,
2025-11-25 03:00:00,DAY,,,,,,,
2025-11-25 04:00:00,DAY,,,,,,,
2025-11-25 05:00:00,DAY,,,,,,,
2025-11-25 06:00:00,DAY,9.3,7.4,88.0,,8.3,1020.1,
2025-11-25 07:00:00,DAY,,,,,,,
2025-11-25 08:00:00,DAY,,,,,,,
2025-11-25 09:00:00,DAY,,,,,,,
2025-11-25 10:00:00,DAY,,,,,,,
2025-11-25 11:00:00,DAY,,,,,,,
2025-11-25 12:00:00,DAY,8.6,8.2,97.0,,3.2,1021.7,
2025-11-25 13:00:00,DAY,,,,,,,
2025-11-25 14:00:00,DAY,,,,,,,
2025-11-25 15:00:00,DAY,,,,,,,
2025-11-25 16:00:00,DAY,,,,,,,
2025-11-25 17:00:00,DAY,,,,,,,
2025-11-25 18:00:00,DAY,13.0,8.3,73.0,,5.8,1022.0,
2025-11-25 19:00:00,DAY,,,,,,,
2025-11-25 20:00:00,DAY,,,,,,,
2025-11-25 21:00:00,DAY,,,,,,,
2025-11-25 22:00:00,DAY,,,,,,,
2025-11-25 23:00:00,DAY,,,,,,,
2025-11-26 00:00:00,DAY,9.8,5.8,76.0,,12.2,1022.6,
2025-11-26 01:00:00,DAY,,,,,,,
2025-11-26 02:00:00,DAY,,,,,,,
2025-11-26 03:00:00,DAY,,,,,,,
2025-11-26 04:00:00,DAY,,,,,,,
2025-11-26 05:00:00,DAY,,,,,,,
2025-11-26 06:00:00,DAY,6.2,3.0,80.0,,13.3,1022.8,
2025-11-26 07:00:00,DAY,,,,,,,
2025-11-26 08:00:00,DAY,,,,,,,
2025-11-26 09:00:00,DAY,,,,,,,
2025-11-26 10:00:00,DAY,,,,,,,
2025-11-26 11:00:00,DAY,,,,,,,
2025-11-26 12:00:00,DAY,5.7,0.5,69.0,,16.6,1022.7,
2025-11-26 13:00:00,DAY,,,,,,,
2025-11-26 14:00:00,DAY,,,,,,,
2025-11-26 15:00:00,DAY,,,,,,,
2025-11-26 16:00:00,DAY,,,,,,,
2025-11-26 17:00:00,DAY,,,,,,,
2025-11-26 18:00:00,DAY,9.5,-0.7,49.0,,20.9,1019.5,
2025-11-26 19:00:00,DAY,,,,,,,
2025-11-26 20:00:00,DAY,,,,,,,
2025-11-26 21:00:00,DAY,,,,,,,
2025-11-26 22:00:00,DAY,,,,,,,
2025-11-26 23:00:00,DAY,,,,,,,
2025-11-27 00:00:00,DAY,7.6,-3.3,46.0,,20.2,1019.0,
2025-11-01 00:00:00,DEOK,6.0,5.0,93.0,0.0,0.0,1016.0,3.0
2025-11-01 01:00:00,DEOK,5.0,4.4,96.0,0.0,0.0,1016.0,3.0
2025-11-01 02:00:00,DEOK,4.0,3.6,97.0,0.0,0.0,1016.0,3.0
2025-11-01 03:00:00,DEOK,4.0,4.0,100.0,0.0,0.0,1016.0,3.0
2025-11-01 04:00:00,DEOK,4.0,3.4,96.0,0.0,0.0,1016.0,3.0
2025-11-01 05:00:00,DEOK,5.0,4.4,96.0,0.0,0.0,1016.0,3.0
2025-11-01 06:00:00,DEOK,4.0,3.6,97.0,0.0,0.0,1016.0,3.0
2025-11-01 07:00:00,DEOK,5.0,4.4,96.0,0.0,0.0,1017.0,3.0
2025-11-01 08:00:00,DEOK,3.0,3.0,100.0,0.0,0.0,1017.0,5.0
2025-11-01 09:00:00,DEOK,3.0,3.0,100.0,0.0,0.0,1017.0,5.0
2025-11-01 10:00:00,DEOK,3.0,3.0,100.0,0.0,0.0,1017.0,5.0
2025-11-01 11:00:00,DEOK,3.0,2.6,97.0,0.0,0.0,1018.0,2.0
2025-11-01 12:00:00,DEOK,4.0,3.6,97.0,0.0,0.0,1018.0,3.0
2025-11-01 13:00:00,DEOK,7.0,5.9,93.0,0.0,0.0,1019.0,3.0
2025-11-01 14:00:00,DEOK,8.0,5.3,83.0,0.0,6.0,1019.0,3.0
2025-11-01 15:00:00,DEOK,11.0,6.5,74.0,0.0,7.0,1019.0,3.0
2025-11-01 16:00:00,DEOK,13.0,5.4,60.0,0.0,0.0,1019.0,3.0
2025-11-01 17:00:00,DEOK,15.0,3.8,47.0,0.0,20.0,1019.0,3.0
2025-11-01 18:00:00,DEOK,14.0,2.3,45.0,0.0,13.0,1019.0,3.0
2025-11-01 19:00:00,DEOK,15.0,2.2,42.0,0.0,13.0,1018.0,2.0
2025-11-01 20:00:00,DEOK,14.0,1.3,42.0,0.0,9.0,1019.0,1.0
2025-11-01 21:00:00,DEOK,12.0,0.4,45.0,0.0,9.0,1019.0,1.0
2025-11-01 22:00:00,DEOK,12.0,0.4,45.0,0.0,7.0,1019.0,3.0
2025-11-01 23:00:00,DEOK,8.0,4.6,79.0,0.0,0.0,1020.0,3.0
2025-11-02 00:00:00,DEOK,7.0,4.1,82.0,0.0,0.0,1021.0,3.0
2025-11-02 01:00:00,DEOK,8.0,4.6,79.0,0.0,0.0,1021.0,3.0
2025-11-02 02:00:00,DEOK,7.0,4.8,86.0,0.0,6.0,1021.0,3.0
2025-11-02 03:00:00,DEOK,7.0,5.5,90.0,0.0,0.0,1022.0,3.0
2025-11-02 04:00:00,DEOK,8.0,5.8,86.0,0.0,0.0,1022.0,3.0
2025-11-02 05:00:00,DEOK,8.0,4.6,79.0,0.0,6.0,1023.0,3.0
2025-11-02 06:00:00,DEOK,7.0,5.9,93.0,0.0,0.0,1022.0,3.0
2025-11-02 07:00:00,DEOK,7.0,5.9,93.0,0.0,0.0,1022.0,3.0
2025-11-02 08:00:00,DEOK,7.0,5.9,93.0,0.0,0.0,1022.0,3.0
2025-11-02 09:00:00,DEOK,7.0,5.5,90.0,0.5,0.0,1023.0,8.0
2025-11-02 10:00:00,DEOK,7.0,5.9,93.0,0.0,0.0,1023.0,8.0
2025-11-02 11:00:00,DEOK,7.0,5.9,93.0,0.0,0.0,1023.0,8.0
2025-11-02 12:00:00,DEOK,7.0,5.9,93.0,0.0,0.0,1024.0,9.0
2025-11-02 13:00:00,DEOK,7.0,4.8,86.0,0.0,0.0,1025.0,17.0
2025-11-02 14:00:00,DEOK,8.0,5.8,86.0,0.0,6.0,1025.0,3.0
2025-11-02 15:00:00,DEOK,9.0,6.3,83.0,0.0,6.0,1025.0,3.0
2025-11-02 16:00:00,DEOK,9.0,5.2,77.0,0.0,7.0,1025.0,3.0
2025-11-02 17:00:00,DEOK,9.0,5.2,77.0,0.0,0.0,1024.0,3.0
2025-11-02 18:00:00,DEOK,11.0,6.5,74.0,0.0,0.0,1023.0,3.0
2025-11-02 19:00:00,DEOK,11.0,6.5,74.0,0.0,0.0,1023.0,3.0
2025-11-02 20:00:00,DEOK,11.0,5.9,71.0,0.0,0.0,1023.0,3.0
2025-11-02 21:00:00,DEOK,11.0,5.9,71.0,0.0,0.0,1023.0,2.0
2025-11-02 22:00:00,DEOK,10.0,7.2,83.0,0.0,0.0,1023.0,2.0
2025-11-02 23:00:00,DEOK,9.0,7.3,89.0,0.0,0.0,1023.0,1.0
2025-11-03 00:00:00,DEOK,9.0,7.3,89.0,0.0,0.0,1024.0,1.0
2025-11-03 01:00:00,DEOK,8.0,6.9,93.0,0.0,0.0,1024.0,1.0
2025-11-03 02:00:00,DEOK,8.0,6.9,93.0,0.0,6.0,1023.0,1.0
2025-11-03 03:00:00,DEOK,9.0,6.8,86.0,0.0,0.0,1024.0,1.0
2025-11-03 04:00:00,DEOK,7.0,5.9,93.0,0.0,0.0,1024.0,1.0
2025-11-03 05:00:00,DEOK,5.0,5.0,100.0,0.0,6.0,1024.0,5.0
2025-11-03 06:00:00,DEOK,5.0,5.0,100.0,0.0,6.0,1024.0,5.0
2025-11-03 07:00:00,DEOK,5.0,5.0,100.0,0.0,0.0,1024.0,5.0
2025-11-03 08:00:00,DEOK,4.0,4.0,100.0,0.0,0.0,1023.0,5.0
2025-11-03 09:00:00,DEOK,2.0,2.0,100.0,0.0,0.0,1024.0,5.0
2025-11-03 10:00:00,DEOK,4.0,4.0,100.0,0.0,6.0,1024.0,5.0
2025-11-03 11:00:00,DEOK,3.0,3.0,100.0,0.0,7.0,1024.0,1.0
2025-11-03 12:00:00,DEOK,4.0,3.0,93.0,0.0,6.0,1025.0,1.0
2025-11-03 13:00:00,DEOK,6.0,3.8,86.0,0.0,9.0,1025.0,1.0
2025-11-03 14:00:00,DEOK,8.0,4.0,76.0,0.0,17.0,1025.0,2.0
2025-11-03 15:00:00,DEOK,11.0,4.2,63.0,0.0,26.0,1024.0,3.0
2025-11-03 16:00:00,DEOK,13.0,4.7,57.0,0.0,20.0,1023.0,1.0
2025-11-03 17:00:00,DEOK,14.0,4.0,51.0,0.0,20.0,1023.0,1.0
2025-11-03 18:00:00,DEOK,15.0,3.8,47.0,0.0,19.0,1022.0,1.0
2025-11-03 19:00:00,DEOK,16.0,4.4,46.0,0.0,20.0,1022.0,1.0
2025-11-03 20:00:00,DEOK,16.0,4.7,47.0,0.0,22.0,1022.0,1.0
2025-11-03 21:00:00,DEOK,14.0,4.0,51.0,0.0,19.0,1022.0,1.0
2025-11-03 22:00:00,DEOK,13.0,3.6,53.0,0.0,11.0,1023.0,1.0
2025-11-03 23:00:00,DEOK,10.0,4.4,68.0,0.0,6.0,1024.0,1.0
2025-11-04 00:00:00,DEOK,11.0,5.3,68.0,0.0,0.0,1025.0,1.0
2025-11-04 01:00:00,DEOK,7.0,5.9,93.0,0.0,0.0,1025.0,1.0
2025-11-04 02:00:00,DEOK,5.0,4.4,96.0,0.0,0.0,1026.0,1.0
2025-11-04 03:00:00,DEOK,4.0,3.4,96.0,0.0,0.0,1026.0,5.0
2025-11-04 04:00:00,DEOK,3.0,2.6,97.0,0.0,0.0,1026.0,5.0
2025-11-04 05:00:00,DEOK,2.0,2.0,100.0,0.0,0.0,1027.0,5.0
2025-11-04 06:00:00,DEOK,1.0,1.0,100.0,0.0,0.0,1027.0,5.0
2025-11-04 07:00:00,DEOK,1.0,1.0,100.0,0.0,0.0,1027.0,5.0
2025-11-04 08:00:00,DEOK,1.0,0.4,96.0,0.0,0.0,1027.0,5.0
2025-11-04 09:00:00,DEOK,2.0,2.0,100.0,0.0,0.0,1028.0,5.0
2025-11-04 10:00:00,DEOK,2.0,2.0,100.0,0.0,0.0,1028.0,5.0
2025-11-04 11:00:00,DEOK,2.0,1.6,97.0,0.0,0.0,1028.0,5.0
2025-11-04 12:00:00,DEOK,2.0,2.0,100.0,0.0,0.0,1029.0,5.0
2025-11-04 13:00:00,DEOK,4.0,4.0,100.0,0.0,6.0,1030.0,5.0
2025-11-04 14:00:00,DEOK,6.0,6.0,100.0,0.0,0.0,1030.0,5.0
2025-11-04 15:00:00,DEOK,9.0,7.9,93.0,0.0,0.0,1029.0,3.0
2025-11-04 16:00:00,DEOK,14.0,5.6,57.0,0.0,6.0,1028.0,3.0
2025-11-04 17:00:00,DEOK,17.0,1.0,34.0,0.0,15.0,1027.0,3.0
2025-11-04 18:00:00,DEOK,17.0,-0.3,31.0,0.0,13.0,1026.0,3.0
2025-11-04 19:00:00,DEOK,17.0,-1.6,28.0,0.0,11.0,1025.0,3.0
2025-11-04 20:00:00,DEOK,17.0,-0.7,30.0,0.0,13.0,1024.0,3.0
2025-11-04 21:00:00,DEOK,13.0,-1.0,38.0,0.0,9.0,1023.0,2.0
2025-11-04 22:00:00,DEOK,11.0,3.8,61.0,0.0,0.0,1024.0,1.0
2025-11-04 23:00:00,DEOK,9.0,2.3,63.0,0.0,0.0,1023.0,3.0
2025-11-05 00:00:00,DEOK,8.0,4.0,76.0,0.0,0.0,1023.0,3.0
2025-11-05 01:00:00,DEOK,7.0,4.1,82.0,0.0,0.0,1022.0,3.0
2025-11-05 02:00:00,DEOK,6.0,3.8,86.0,0.0,0.0,1022.0,2.0
2025-11-05 03:00:00,DEOK,6.0,4.3,89.0,0.0,0.0,1021.0,3.0
2025-11-05 04:00:00,DEOK,7.0,3.8,80.0,0.0,0.0,1020.0,2.0
2025-11-05 05:00:00,DEOK,7.0,3.1,76.0,0.0,0.0,1020.0,2.0
2025-11-05 06:00:00,DEOK,4.0,3.6,97.0,0.0,0.0,1019.0,2.0
2025-11-05 07:00:00,DEOK,4.0,3.4,96.0,0.0,0.0,1019.0,3.0
2025-11-05 08:00:00,DEOK,3.0,3.0,100.0,0.0,0.0,1018.0,1.0
2025-11-05 09:00:00,DEOK,3.0,3.0,100.0,0.0,0.0,1018.0,1.0
2025-11-05 10:00:00,DEOK,6.0,4.3,89.0,0.0,13.0,1017.0,1.0
2025-11-05 11:00:00,DEOK,10.0,6.7,80.0,0.0,22.0,1017.0,3.0
2025-11-05 12:00:00,DEOK,12.0,7.5,74.0,0.0,24.0,1017.0,3.0
2025-11-05 13:00:00,DEOK,14.0,8.0,67.0,0.0,28.0,1016.0,3.0
2025-11-05 14:00:00,DEOK,16.0,8.2,60.0,0.0,26.0,1016.0,3.0
2025-11-05 15:00:00,DEOK,17.0,8.2,56.0,0.0,20.0,1016.0,3.0
2025-11-05 16:00:00,DEOK,19.0,8.9,52.0,0.0,19.0,1015.0,3.0
2025-11-05 17:00:00,DEOK,19.0,8.6,51.0,0.0,30.0,1014.0,1.0
2025-11-05 18:00:00,DEOK,20.0,9.0,49.0,0.0,22.0,1014.0,1.0
2025-11-05 19:00:00,DEOK,21.0,9.2,47.0,0.0,24.0,1014.0,2.0
2025-11-05 20:00:00,DEOK,21.0,9.2,47.0,0.0,19.0,1015.0,1.0
2025-11-05 21:00:00,DEOK,20.0,9.0,49.0,0.0,19.0,1016.0,3.0
2025-11-05 22:00:00,DEOK,19.0,8.0,49.0,0.0,24.0,1017.0,1.0
2025-11-05 23:00:00,DEOK,18.0,7.4,50.0,0.0,19.0,1018.0,1.0
2025-11-06 00:00:00,DEOK,16.0,7.2,56.0,0.0,28.0,1020.0,3.0
2025-11-06 01:00:00,DEOK,14.0,5.1,55.0,0.0,33.0,1021.0,1.0
2025-11-06 02:00:00,DEOK,12.0,4.2,59.0,0.0,19.0,1023.0,1.0
2025-11-06 03:00:00,DEOK,10.0,2.1,58.0,0.0,13.0,1024.0,1.0
2025-11-06 04:00:00,DEOK,8.0,2.5,68.0,0.0,0.0,1024.0,1.0
2025-11-06 05:00:00,DEOK,5.0,2.9,86.0,0.0,0.0,1024.0,1.0
2025-11-06 06:00:00,DEOK,4.0,3.0,93.0,0.0,0.0,1024.0,1.0
2025-11-06 07:00:00,DEOK,2.0,2.0,100.0,0.0,0.0,1025.0,1.0
2025-11-06 08:00:00,DEOK,1.0,0.6,97.0,0.0,0.0,1025.0,1.0
2025-11-06 09:00:00,DEOK,1.0,1.0,100.0,0.0,0.0,1025.0,5.0
2025-11-06 10:00:00,DEOK,1.0,1.0,100.0,0.0,0.0,1025.0,5.0
2025-11-06 11:00:00,DEOK,0.0,0.0,100.0,0.0,0.0,1026.0,5.0
2025-11-06 12:00:00,DEOK,-1.0,-1.0,100.0,0.0,0.0,1026.0,5.0
2025-11-06 13:00:00,DEOK,1.0,1.0,100.0,0.0,0.0,1026.0,5.0
2025-11-06 14:00:00,DEOK,4.0,3.6,97.0,0.0,0.0,1026.0,5.0
2025-11-06 15:00:00,DEOK,8.0,3.1,71.0,0.0,6.0,1026.0,1.0
2025-11-06 16:00:00,DEOK,13.0,1.9,47.0,0.0,0.0,1025.0,1.0
2025-11-06 17:00:00,DEOK,14.0,-0.5,37.0,0.0,7.0,1024.0,1.0
2025-11-06 18:00:00,DEOK,15.0,0.8,38.0,0.0,7.0,1023.0,1.0
2025-11-06 19:00:00,DEOK,15.0,-0.7,34.0,0.0,7.0,1022.0,1.0
2025-11-06 20:00:00,DEOK,15.0,-1.1,33.0,0.0,7.0,1021.0,2.0
2025-11-06 21:00:00,DEOK,14.0,-1.6,34.0,0.0,11.0,1021.0,1.0
2025-11-06 22:00:00,DEOK,9.0,2.3,63.0,0.0,7.0,1020.0,1.0
2025-11-06 23:00:00,DEOK,6.0,1.5,73.0,0.0,6.0,1020.0,1.0
2025-11-07 00:00:00,DEOK,4.0,0.7,79.0,0.0,0.0,1019.0,1.0
2025-11-07 01:00:00,DEOK,4.0,1.9,86.0,0.0,0.0,1018.0,1.0
2025-11-07 02:00:00,DEOK,3.0,0.4,83.0,0.0,0.0,1017.0,3.0
2025-11-07 03:00:00,DEOK,3.0,0.9,86.0,0.0,0.0,1017.0,3.0
2025-11-07 04:00:00,DEOK,2.0,0.8,92.0,0.0,6.0,1015.0,3.0
2025-11-07 05:00:00,DEOK,2.0,1.4,96.0,0.0,0.0,1015.0,3.0
2025-11-07 06:00:00,DEOK,2.0,1.4,96.0,0.0,0.0,1013.0,3.0
2025-11-07 07:00:00,DEOK,2.0,0.8,92.0,0.0,0.0,1012.0,3.0
2025-11-07 08:00:00,DEOK,3.0,0.4,83.0,0.0,6.0,1011.0,3.0
2025-11-07 09:00:00,DEOK,7.0,0.2,62.0,0.0,13.0,1010.0,3.0
2025-11-07 10:00:00,DEOK,7.0,0.2,62.0,0.0,9.0,1009.0,3.0
2025-11-07 11:00:00,DEOK,8.0,1.4,63.0,0.0,9.0,1008.0,3.0
2025-11-07 12:00:00,DEOK,10.0,2.8,61.0,0.0,9.0,1008.0,3.0
2025-11-07 13:00:00,DEOK,12.0,5.8,66.0,0.0,11.0,1007.0,3.0
2025-11-07 14:00:00,DEOK,14.0,8.0,67.0,0.3,20.0,1006.0,8.0
2025-11-07 15:00:00,DEOK,14.0,8.6,70.0,0.0,13.0,1007.0,25.0
2025-11-07 16:00:00,DEOK,14.0,12.4,90.0,0.0,9.0,1006.0,3.0
2025-11-07 17:00:00,DEOK,16.0,13.7,86.0,0.3,20.0,1005.0,8.0
2025-11-07 18:00:00,DEOK,15.0,13.9,93.0,0.2,24.0,1004.0,5.0
2025-11-07 19:00:00,DEOK,16.0,14.4,90.0,0.0,20.0,1004.0,5.0
2025-11-07 20:00:00,DEOK,16.0,14.9,93.0,0.0,13.0,1004.0,5.0
2025-11-07 21:00:00,DEOK,16.0,14.4,90.0,0.3,15.0,1004.0,5.0
2025-11-07 22:00:00,DEOK,14.0,13.4,96.0,0.3,11.0,1004.0,5.0
2025-11-07 23:00:00,DEOK,14.0,14.0,100.0,0.0,0.0,1004.0,5.0
2025-11-08 00:00:00,DEOK,13.0,13.0,100.0,0.1,0.0,1005.0,5.0
2025-11-08 01:00:00,DEOK,11.0,11.0,100.0,0.0,0.0,1005.0,5.0
2025-11-08 02:00:00,DEOK,8.0,8.0,100.0,0.0,0.0,1006.0,5.0
2025-11-08 03:00:00,DEOK,8.0,8.0,100.0,0.0,0.0,1007.0,5.0
2025-11-08 04:00:00,DEOK,7.0,7.0,100.0,0.0,0.0,1007.0,5.0
2025-11-08 05:00:00,DEOK,8.0,8.0,100.0,0.0,0.0,1007.0,5.0
2025-11-08 06:00:00,DEOK,8.0,8.0,100.0,0.0,0.0,1008.0,5.0
2025-11-08 07:00:00,DEOK,7.0,7.0,100.0,0.0,0.0,1008.0,5.0
2025-11-08 08:00:00,DEOK,6.0,6.0,100.0,0.0,6.0,1009.0,5.0
2025-11-08 09:00:00,DEOK,6.0,6.0,100.0,0.0,0.0,1009.0,5.0
2025-11-08 10:00:00,DEOK,5.0,5.0,100.0,0.0,0.0,1009.0,5.0
2025-11-08 11:00:00,DEOK,5.0,5.0,100.0,0.0,0.0,1010.0,5.0
2025-11-08 12:00:00,DEOK,5.0,5.0,100.0,0.0,0.0,1010.0,5.0
2025-11-08 13:00:00,DEOK,7.0,6.6,97.0,0.0,0.0,1011.0,5.0
2025-11-08 14:00:00,DEOK,9.0,9.0,100.0,0.0,0.0,1011.0,5.0
2025-11-08 15:00:00,DEOK,10.0,10.0,100.0,0.0,0.0,1011.0,5.0
2025-11-08 16:00:00,DEOK,12.0,10.9,93.0,0.0,9.0,1011.0,3.0
2025-11-08 17:00:00,DEOK,15.0,10.0,72.0,0.0,11.0,1010.0,3.0
2025-11-08 18:00:00,DEOK,16.0,9.9,67.0,0.0,7.0,1010.0,3.0
2025-11-08 19:00:00,DEOK,17.0,7.6,54.0,0.0,13.0,1010.0,3.0
2025-11-08 20:00:00,DEOK,17.0,7.1,52.0,0.0,13.0,1009.0,3.0
2025-11-08 21:00:00,DEOK,16.0,7.5,57.0,0.0,11.0,1009.0,3.0
2025-11-08 22:00:00,DEOK,11.0,7.7,80.0,0.0,0.0,1010.0,2.0
2025-11-08 23:00:00,DEOK,9.0,7.3,89.0,0.0,0.0,1010.0,2.0
2025-11-09 00:00:00,DEOK,8.0,6.9,93.0,0.0,0.0,1010.0,3.0
2025-11-09 01:00:00,DEOK,8.0,6.9,93.0,0.0,6.0,1010.0,3.0
2025-11-09 02:00:00,DEOK,8.0,7.4,96.0,0.0,0.0,1011.0,3.0
2025-11-09 03:00:00,DEOK,8.0,7.4,96.0,0.0,0.0,1010.0,3.0
2025-11-09 04:00:00,DEOK,6.0,6.0,100.0,0.0,6.0,1011.0,3.0
2025-11-09 05:00:00,DEOK,7.0,7.0,100.0,0.0,7.0,1009.0,3.0
2025-11-09 06:00:00,DEOK,7.0,6.4,96.0,0.0,0.0,1008.0,3.0
2025-11-09 07:00:00,DEOK,6.0,6.0,100.0,0.0,0.0,1008.0,5.0
2025-11-09 08:00:00,DEOK,6.0,6.0,100.0,0.7,0.0,1006.0,5.0
2025-11-09 09:00:00,DEOK,9.0,7.3,89.0,0.1,0.0,1008.0,8.0
2025-11-09 10:00:00,DEOK,8.0,7.6,97.0,0.0,0.0,1007.0,5.0
2025-11-09 11:00:00,DEOK,7.0,7.0,100.0,0.0,6.0,1007.0,5.0
2025-11-09 12:00:00,DEOK,7.0,7.0,100.0,0.0,0.0,1008.0,5.0
2025-11-09 13:00:00,DEOK,9.0,7.9,93.0,0.0,15.0,1008.0,5.0
2025-11-09 14:00:00,DEOK,8.0,4.8,80.0,0.0,22.0,1010.0,8.0
2025-11-09 15:00:00,DEOK,8.0,4.6,79.0,0.0,24.0,1011.0,3.0
2025-11-09 16:00:00,DEOK,7.0,4.7,85.0,0.0,32.0,1012.0,5.0
2025-11-09 17:00:00,DEOK,6.0,4.3,89.0,0.0,28.0,1012.0,3.0
2025-11-09 18:00:00,DEOK,4.0,1.9,86.0,0.0,22.0,1013.0,7.0
2025-11-09 19:00:00,DEOK,4.0,1.2,82.0,0.0,15.0,1014.0,7.0
2025-11-09 20:00:00,DEOK,3.9,1.1,82.0,0.0,6.0,1015.0,5.0
2025-11-09 21:00:00,DEOK,4.0,-1.4,68.0,0.0,19.0,1017.0,3.0
2025-11-09 22:00:00,DEOK,4.0,-2.0,65.0,0.0,9.0,1018.0,3.0
2025-11-09 23:00:00,DEOK,3.0,-1.4,73.0,0.0,20.0,1019.0,3.0
2025-11-10 00:00:00,DEOK,3.0,-1.5,72.0,0.0,19.0,1019.0,3.0
2025-11-10 01:00:00,DEOK,1.7,-2.8,72.0,0.2,11.0,1019.0,7.0
2025-11-10 02:00:00,DEOK,1.0,-1.7,82.0,0.0,13.0,1020.0,3.0
2025-11-10 03:00:00,DEOK,0.0,-2.9,81.0,0.0,15.0,1020.0,3.0
2025-11-10 04:00:00,DEOK,0.0,-2.2,85.0,0.0,15.0,1020.0,3.0
2025-11-10 05:00:00,DEOK,-1.0,-4.3,78.0,0.0,24.0,1020.0,3.0
2025-11-10 06:00:00,DEOK,-1.0,-4.9,75.0,0.0,13.0,1020.0,3.0
2025-11-10 07:00:00,DEOK,-1.0,-5.4,72.0,0.1,19.0,1020.0,14.0
2025-11-10 08:00:00,DEOK,-1.0,-6.0,69.0,0.0,22.0,1020.0,3.0
2025-11-10 09:00:00,DEOK,-2.0,-7.5,66.0,0.0,22.0,1019.0,3.0
2025-11-10 10:00:00,DEOK,-2.0,-7.5,66.0,0.0,22.0,1019.0,3.0
2025-11-10 11:00:00,DEOK,-2.0,-7.5,66.0,0.0,19.0,1020.0,3.0
2025-11-10 12:00:00,DEOK,-2.0,-6.5,71.0,0.0,15.0,1020.0,15.0
2025-11-10 13:00:00,DEOK,-2.0,-6.5,71.0,0.0,17.0,1020.0,15.0
2025-11-10 14:00:00,DEOK,-3.0,-4.6,89.0,0.0,9.0,1021.0,15.0
2025-11-10 15:00:00,DEOK,-2.0,-4.2,85.0,0.0,9.0,1021.0,15.0
2025-11-10 16:00:00,DEOK,-2.0,-3.7,88.0,0.0,11.0,1021.0,15.0
2025-11-10 17:00:00,DEOK,-2.0,-3.7,88.0,0.0,15.0,1020.0,15.0
2025-11-10 18:00:00,DEOK,-1.0,-3.2,85.0,0.0,15.0,1020.0,15.0
2025-11-10 19:00:00,DEOK,-1.0,-3.2,85.0,0.0,9.0,1020.0,15.0
2025-11-10 20:00:00,DEOK,0.0,-4.4,72.0,0.0,19.0,1021.0,3.0
2025-11-10 21:00:00,DEOK,0.0,-6.6,61.0,0.0,13.0,1022.0,3.0
2025-11-10 22:00:00,DEOK,-1.0,-8.2,58.0,0.0,7.0,1022.0,1.0
2025-11-10 23:00:00,DEOK,-2.0,-9.1,58.0,0.0,11.0,1023.0,1.0
2025-11-11 00:00:00,DEOK,-2.0,-10.3,53.0,0.0,13.0,1024.0,1.0
2025-11-11 01:00:00,DEOK,-2.0,-9.1,58.0,0.0,17.0,1024.0,1.0
2025-11-11 02:00:00,DEOK,-2.0,-8.1,63.0,0.0,15.0,1023.0,1.0
2025-11-11 03:00:00,DEOK,-2.0,-8.1,63.0,0.0,19.0,1023.0,2.0
2025-11-11 04:00:00,DEOK,-2.0,-8.1,63.0,0.0,15.0,1023.0,3.0
2025-11-11 05:00:00,DEOK,-2.0,-8.1,63.0,0.0,19.0,1023.0,3.0
2025-11-11 06:00:00,DEOK,-2.0,-6.9,69.0,0.0,13.0,1023.0,3.0
2025-11-11 07:00:00,DEOK,-2.0,-7.5,66.0,0.0,19.0,1023.0,3.0
2025-11-11 08:00:00,DEOK,-3.0,-7.0,74.0,0.0,15.0,1023.0,3.0
2025-11-11 09:00:00,DEOK,-4.0,-7.9,74.0,0.0,11.0,1023.0,1.0
2025-11-11 10:00:00,DEOK,-4.0,-7.4,77.0,0.0,13.0,1023.0,1.0
2025-11-11 11:00:00,DEOK,-4.0,-7.9,74.0,0.0,11.0,1023.0,2.0
2025-11-11 12:00:00,DEOK,-3.0,-7.0,74.0,0.0,13.0,1024.0,2.0
2025-11-11 13:00:00,DEOK,-2.0,-6.5,71.0,0.0,17.0,1024.0,3.0
2025-11-11 14:00:00,DEOK,0.0,-6.6,61.0,0.0,13.0,1024.0,3.0
2025-11-11 15:00:00,DEOK,1.0,-6.3,58.0,0.0,20.0,1024.0,3.0
2025-11-11 16:00:00,DEOK,2.0,-5.4,58.0,0.0,20.0,1023.0,3.0
2025-11-11 17:00:00,DEOK,2.0,-6.3,54.0,0.0,22.0,1021.0,3.0
2025-11-11 18:00:00,DEOK,2.0,-6.8,52.0,0.0,26.0,1020.0,3.0
2025-11-11 19:00:00,DEOK,3.0,-5.4,54.0,0.0,26.0,1018.0,3.0
2025-11-11 20:00:00,DEOK,3.0,-6.4,50.0,0.0,24.0,1017.0,3.0
2025-11-11 21:00:00,DEOK,3.0,-5.9,52.0,0.0,22.0,1014.0,3.0
2025-11-11 22:00:00,DEOK,4.0,-5.0,52.0,0.0,19.0,1015.0,3.0
2025-11-11 23:00:00,DEOK,3.0,-5.2,55.0,0.0,15.0,1015.0,3.0
2025-11-12 00:00:00,DEOK,3.0,-4.7,57.0,0.7,17.0,1014.0,12.0
2025-11-12 01:00:00,DEOK,3.0,-4.7,57.0,0.3,17.0,1014.0,12.0
2025-11-12 02:00:00,DEOK,3.0,-4.7,57.0,0.0,15.0,1014.0,1.0
2025-11-12 03:00:00,DEOK,4.0,-5.0,52.0,0.0,22.0,1013.0,1.0
2025-11-12 04:00:00,DEOK,4.0,-5.2,51.0,0.0,22.0,1013.0,1.0
2025-11-12 05:00:00,DEOK,5.0,-4.3,51.0,0.0,28.0,1013.0,1.0
2025-11-12 06:00:00,DEOK,4.0,-4.2,55.0,0.0,15.0,1013.0,1.0
2025-11-12 07:00:00,DEOK,4.0,-3.3,59.0,0.0,15.0,1014.0,1.0
2025-11-12 08:00:00,DEOK,4.0,-3.7,57.0,0.0,15.0,1014.0,1.0
2025-11-12 09:00:00,DEOK,3.0,-3.1,64.0,0.0,15.0,1014.0,1.0
2025-11-12 10:00:00,DEOK,3.0,-2.5,67.0,0.0,13.0,1014.0,1.0
2025-11-12 11:00:00,DEOK,3.0,-2.5,67.0,0.0,9.0,1015.0,1.0
2025-11-12 12:00:00,DEOK,4.0,-1.4,68.0,0.0,17.0,1015.0,2.0
2025-11-12 13:00:00,DEOK,7.0,-0.7,58.0,0.0,19.0,1016.0,2.0
2025-11-12 14:00:00,DEOK,9.0,0.2,54.0,0.0,20.0,1016.0,2.0
2025-11-12 15:00:00,DEOK,12.0,1.3,48.0,0.0,30.0,1016.0,1.0
2025-11-12 16:00:00,DEOK,13.0,0.7,43.0,0.0,28.0,1016.0,1.0
2025-11-12 17:00:00,DEOK,14.0,-0.8,36.0,0.0,28.0,1015.0,2.0
2025-11-12 18:00:00,DEOK,14.0,-2.0,33.0,0.0,24.0,1015.0,1.0
2025-11-12 19:00:00,DEOK,15.0,-3.4,28.0,0.0,26.0,1016.0,3.0
2025-11-12 20:00:00,DEOK,14.0,-4.7,27.0,0.0,32.0,1016.0,3.0
2025-11-12 21:00:00,DEOK,13.0,-4.2,30.0,0.0,33.0,1017.0,2.0
2025-11-12 22:00:00,DEOK,12.0,-3.8,33.0,0.0,11.0,1017.0,2.0
2025-11-12 23:00:00,DEOK,9.0,-2.6,44.0,0.0,7.0,1018.0,1.0
2025-11-13 00:00:00,DEOK,9.0,-2.6,44.0,0.0,0.0,1018.0,1.0
2025-11-13 01:00:00,DEOK,4.0,-2.2,64.0,0.0,0.0,1019.0,1.0
2025-11-13 02:00:00,DEOK,6.0,-0.3,64.0,0.0,0.0,1019.0,2.0
2025-11-13 03:00:00,DEOK,8.0,-2.1,49.0,0.0,6.0,1019.0,3.0
2025-11-13 04:00:00,DEOK,9.0,-2.6,44.0,0.0,11.0,1020.0,3.0
2025-11-13 05:00:00,DEOK,9.0,-2.0,46.0,0.0,13.0,1020.0,3.0
2025-11-13 06:00:00,DEOK,8.0,-2.3,48.0,0.0,9.0,1020.0,3.0
2025-11-13 07:00:00,DEOK,6.0,-1.9,57.0,0.0,6.0,1021.0,3.0
2025-11-13 08:00:00,DEOK,8.0,-1.5,51.0,0.0,11.0,1021.0,3.0
2025-11-13 09:00:00,DEOK,4.0,-2.0,65.0,0.0,6.0,1022.0,3.0
2025-11-13 10:00:00,DEOK,2.0,-0.7,82.0,0.0,0.0,1022.0,3.0
2025-11-13 11:00:00,DEOK,1.0,-0.8,88.0,0.0,0.0,1023.0,3.0
2025-11-13 12:00:00,DEOK,0.0,-1.7,88.0,0.0,0.0,1023.0,2.0
2025-11-13 13:00:00,DEOK,4.0,1.2,82.0,0.0,0.0,1024.0,1.0
2025-11-13 14:00:00,DEOK,9.0,1.9,61.0,0.0,6.0,1024.0,2.0
2025-11-13 15:00:00,DEOK,11.0,0.4,48.0,0.0,7.0,1024.0,1.0
2025-11-13 16:00:00,DEOK,12.0,-0.8,41.0,0.0,7.0,1024.0,1.0
2025-11-13 17:00:00,DEOK,13.0,-1.0,38.0,0.0,11.0,1024.0,2.0
2025-11-13 18:00:00,DEOK,13.0,-2.1,35.0,0.0,11.0,1023.0,2.0
2025-11-13 19:00:00,DEOK,14.0,-2.0,33.0,0.0,0.0,1023.0,1.0
2025-11-13 20:00:00,DEOK,14.0,-2.0,33.0,0.0,6.0,1023.0,1.0
2025-11-13 21:00:00,DEOK,12.0,-2.2,37.0,0.0,9.0,1023.0,1.0
2025-11-13 22:00:00,DEOK,8.0,-1.0,53.0,0.0,0.0,1023.0,1.0
2025-11-13 23:00:00,DEOK,5.0,-0.0,70.0,0.0,0.0,1023.0,1.0
2025-11-14 00:00:00,DEOK,4.0,-0.4,73.0,0.0,0.0,1023.0,1.0
2025-11-14 01:00:00,DEOK,3.0,-0.5,78.0,0.0,0.0,1023.0,1.0
2025-11-14 02:00:00,DEOK,3.0,-0.3,79.0,0.0,0.0,1023.0,1.0
2025-11-14 03:00:00,DEOK,4.0,0.7,79.0,0.0,0.0,1023.0,1.0
2025-11-14 04:00:00,DEOK,5.0,1.7,79.0,0.0,0.0,1023.0,1.0
2025-11-14 05:00:00,DEOK,4.0,1.4,83.0,0.0,0.0,1023.0,1.0
2025-11-14 06:00:00,DEOK,4.0,1.4,83.0,0.0,0.0,1023.0,1.0
2025-11-14 07:00:00,DEOK,4.0,0.7,79.0,0.0,0.0,1023.0,2.0
2025-11-14 08:00:00,DEOK,4.0,1.9,86.0,0.0,0.0,1022.0,3.0
2025-11-14 09:00:00,DEOK,2.0,0.8,92.0,0.0,0.0,1023.0,2.0
2025-11-14 10:00:00,DEOK,2.0,0.8,92.0,0.0,0.0,1023.0,1.0
2025-11-14 11:00:00,DEOK,1.0,1.0,100.0,0.0,0.0,1023.0,1.0
2025-11-14 12:00:00,DEOK,3.0,1.4,89.0,0.0,0.0,1023.0,1.0
2025-11-14 13:00:00,DEOK,6.0,3.7,85.0,0.0,0.0,1022.0,1.0
2025-11-14 14:00:00,DEOK,7.0,2.7,74.0,0.0,7.0,1022.0,2.0
2025-11-14 15:00:00,DEOK,8.0,4.0,76.0,0.0,6.0,1022.0,1.0
2025-11-14 16:00:00,DEOK,10.0,5.0,71.0,0.0,9.0,1020.0,3.0
2025-11-14 17:00:00,DEOK,14.0,6.1,59.0,0.1,13.0,1019.0,7.0
2025-11-14 18:00:00,DEOK,17.0,7.6,54.0,0.0,11.0,1018.0,3.0
2025-11-14 19:00:00,DEOK,18.0,8.0,52.0,0.0,19.0,1017.0,3.0
2025-11-14 20:00:00,DEOK,19.0,8.9,52.0,0.0,19.0,1016.0,3.0
2025-11-14 21:00:00,DEOK,17.0,9.9,63.0,0.0,7.0,1016.0,2.0
2025-11-14 22:00:00,DEOK,13.0,8.7,75.0,0.0,0.0,1016.0,1.0
2025-11-14 23:00:00,DEOK,12.0,9.2,83.0,0.0,0.0,1015.0,1.0
2025-11-15 00:00:00,DEOK,9.0,7.9,93.0,0.0,0.0,1015.0,1.0
2025-11-15 01:00:00,DEOK,8.0,7.6,97.0,0.0,0.0,1015.0,1.0
2025-11-15 02:00:00,DEOK,9.0,8.4,96.0,0.0,0.0,1015.0,1.0
2025-11-15 03:00:00,DEOK,7.0,7.0,100.0,0.0,0.0,1015.0,5.0
2025-11-15 04:00:00,DEOK,6.0,6.0,100.0,0.0,0.0,1014.0,1.0
2025-11-15 05:00:00,DEOK,7.0,6.4,96.0,0.0,0.0,1014.0,5.0
2025-11-15 06:00:00,DEOK,7.0,7.0,100.0,0.0,0.0,1013.0,5.0
2025-11-15 07:00:00,DEOK,7.0,6.4,96.0,0.0,0.0,1013.0,3.0
2025-11-15 08:00:00,DEOK,7.0,6.6,97.0,0.0,0.0,1012.0,3.0
2025-11-15 09:00:00,DEOK,7.0,5.9,93.0,0.0,0.0,1012.0,3.0
2025-11-15 10:00:00,DEOK,8.0,7.4,96.0,0.0,0.0,1012.0,5.0
2025-11-15 11:00:00,DEOK,8.0,8.0,100.0,0.0,6.0,1011.0,3.0
2025-11-15 12:00:00,DEOK,10.0,9.4,96.0,0.0,0.0,1010.0,3.0
2025-11-15 13:00:00,DEOK,16.0,13.1,83.0,0.0,19.0,1010.0,3.0
2025-11-15 14:00:00,DEOK,17.0,12.5,75.0,0.0,26.0,1008.0,3.0
2025-11-15 15:00:00,DEOK,18.0,12.4,70.0,0.0,24.0,1009.0,3.0
2025-11-15 16:00:00,DEOK,19.0,13.4,70.0,0.0,26.0,1007.0,3.0
2025-11-15 17:00:00,DEOK,19.0,13.0,68.0,0.0,24.0,1006.0,3.0
2025-11-15 18:00:00,DEOK,21.0,14.4,66.0,0.0,26.0,1003.0,3.0
2025-11-15 19:00:00,DEOK,21.0,13.9,64.0,0.0,30.0,1002.0,3.0
2025-11-15 20:00:00,DEOK,22.0,14.6,63.0,0.0,24.0,1001.0,2.0
2025-11-15 21:00:00,DEOK,21.0,13.9,64.0,0.0,20.0,1001.0,2.0
2025-11-15 22:00:00,DEOK,21.0,14.4,66.0,0.0,20.0,1001.0,3.0
2025-11-15 23:00:00,DEOK,20.6,14.5,68.0,0.0,6.0,1003.0,3.0
2025-11-16 00:00:00,DEOK,20.0,14.4,70.0,0.0,8.0,1003.0,3.0
2025-11-16 01:00:00,DEOK,19.4,14.4,73.0,0.1,9.0,1002.0,17.0
2025-11-16 02:00:00,DEOK,20.6,12.8,61.0,0.4,10.0,1003.0,17.0
2025-11-16 03:00:00,DEOK,18.9,9.4,54.0,0.0,6.0,1004.0,3.0
2025-11-16 04:00:00,DEOK,17.2,8.3,56.0,0.0,4.0,1004.0,1.0
2025-11-16 05:00:00,DEOK,16.7,7.1,53.0,0.0,6.0,1004.0,2.0
2025-11-16 06:00:00,DEOK,15.0,6.8,58.0,0.0,7.0,1004.0,1.0
2025-11-16 07:00:00,DEOK,13.9,6.7,62.0,0.0,9.0,1005.0,1.0
2025-11-16 08:00:00,DEOK,12.8,5.7,62.0,0.0,7.0,1005.0,1.0
2025-11-16 09:00:00,DEOK,12.2,5.6,64.0,0.0,7.0,1006.0,1.0
2025-11-16 10:00:00,DEOK,11.1,3.4,59.0,0.0,9.0,1007.0,1.0
2025-11-16 11:00:00,DEOK,10.0,1.1,54.0,0.0,11.0,,1.0
2025-11-16 12:00:00,DEOK,9.4,1.8,59.0,0.0,7.0,,1.0
2025-11-16 13:00:00,DEOK,10.0,0.6,52.0,0.0,10.0,,1.0
2025-11-16 14:00:00,DEOK,10.6,0.6,50.0,0.0,14.0,,1.0
2025-11-16 15:00:00,DEOK,11.1,-2.7,38.0,0.0,9.0,,1.0
2025-11-16 16:00:00,DEOK,11.7,-2.1,38.0,0.0,9.0,,1.0
2025-11-16 17:00:00,DEOK,12.8,-3.9,31.0,0.0,8.0,,1.0
2025-11-16 18:00:00,DEOK,12.8,-6.7,25.0,0.0,11.0,,1.0
2025-11-16 19:00:00,DEOK,12.8,-6.2,26.0,0.0,8.0,,1.0
2025-11-16 20:00:00,DEOK,12.8,-8.4,22.0,0.0,11.0,,1.0
2025-11-16 21:00:00,DEOK,11.7,-9.3,22.0,0.0,13.0,,1.0
2025-11-16 22:00:00,DEOK,10.0,-9.1,25.0,0.0,10.0,,1.0
2025-11-16 23:00:00,DEOK,8.9,-9.1,27.0,0.0,6.0,,1.0
2025-11-17 00:00:00,DEOK,8.3,-8.7,29.0,0.0,4.0,,1.0
2025-11-17 01:00:00,DEOK,8.3,-8.7,29.0,0.0,6.0,,2.0
2025-11-17 02:00:00,DEOK,7.2,-8.4,32.0,0.0,4.0,,1.0
2025-11-17 03:00:00,DEOK,6.1,-8.2,35.0,0.0,0.0,,1.0
2025-11-17 04:00:00,DEOK,5.6,-7.9,37.0,0.0,3.0,,1.0
2025-11-17 05:00:00,DEOK,0.0,-5.0,69.0,0.0,0.0,,1.0
2025-11-17 06:00:00,DEOK,-1.1,-4.4,78.0,0.0,0.0,,1.0
2025-11-17 07:00:00,DEOK,-1.1,-4.4,78.0,0.0,0.0,,1.0
2025-11-17 08:00:00,DEOK,-1.7,-4.4,82.0,0.0,0.0,,1.0
2025-11-17 09:00:00,DEOK,-1.7,-4.4,82.0,0.0,0.0,,1.0
2025-11-17 10:00:00,DEOK,-2.8,-4.4,89.0,0.0,0.0,,1.0
2025-11-17 11:00:00,DEOK,-2.8,-4.4,89.0,0.0,0.0,1018.5,1.0
2025-11-17 12:00:00,DEOK,-2.8,-4.4,89.0,0.0,0.0,1018.8,1.0
2025-11-17 13:00:00,DEOK,0.6,-2.1,82.0,0.0,0.0,1019.8,1.0
2025-11-17 14:00:00,DEOK,5.6,-2.2,57.0,0.0,3.0,1020.8,1.0
2025-11-17 15:00:00,DEOK,7.2,-3.9,45.0,0.0,0.0,1020.5,1.0
2025-11-17 16:00:00,DEOK,9.4,-3.9,39.0,0.0,5.8,1019.8,1.0
2025-11-17 17:00:00,DEOK,10.0,-5.1,34.0,0.0,4.0,1019.1,1.0
2025-11-17 18:00:00,DEOK,11.1,-5.0,32.0,0.0,3.0,1018.9,1.0
2025-11-17 19:00:00,DEOK,9.4,-3.5,40.0,0.0,7.9,1019.0,1.0
2025-11-17 20:00:00,DEOK,9.8,-3.2,40.0,0.0,7.6,1018.9,1.0
2025-11-17 21:00:00,DEOK,9.8,-3.2,40.0,0.0,7.2,1018.9,1.0
2025-11-17 22:00:00,DEOK,8.5,-0.0,55.0,0.0,2.2,1019.0,1.0
2025-11-17 23:00:00,DEOK,7.3,-1.4,54.0,0.0,1.8,1019.1,1.0
2025-11-18 00:00:00,DEOK,6.6,-1.5,56.0,0.0,2.2,1019.5,2.0
2025-11-18 01:00:00,DEOK,5.8,-1.6,59.0,0.0,2.5,1019.7,1.0
2025-11-18 02:00:00,DEOK,5.5,-1.2,62.0,0.0,1.8,1020.4,3.0
2025-11-18 03:00:00,DEOK,4.9,-0.9,66.0,0.0,2.2,1020.6,3.0
2025-11-18 04:00:00,DEOK,4.1,-0.9,70.0,0.0,5.4,1020.5,2.0
2025-11-18 05:00:00,DEOK,3.7,-0.9,72.0,0.0,6.1,1020.3,3.0
2025-11-18 06:00:00,DEOK,3.1,-1.3,73.0,0.0,5.0,1020.4,1.0
2025-11-18 07:00:00,DEOK,2.9,-1.5,73.0,0.0,5.4,1020.4,3.0
2025-11-18 08:00:00,DEOK,2.8,-1.7,72.0,0.0,6.5,1020.4,3.0
2025-11-18 09:00:00,DEOK,3.9,-1.3,69.0,0.0,7.2,1020.0,3.0
2025-11-18 10:00:00,DEOK,4.3,-0.9,69.0,0.0,6.8,1020.8,3.0
2025-11-18 11:00:00,DEOK,3.7,2.2,90.0,1.7,8.6,1020.7,9.0
2025-11-18 12:00:00,DEOK,4.2,2.4,88.0,0.1,10.8,1020.4,7.0
2025-11-18 13:00:00,DEOK,4.7,2.6,86.0,0.0,14.4,1020.1,3.0
2025-11-18 14:00:00,DEOK,5.2,2.2,81.0,0.6,13.3,1020.0,8.0
2025-11-18 15:00:00,DEOK,6.0,1.7,74.0,0.0,13.0,1019.2,3.0
2025-11-18 16:00:00,DEOK,7.5,1.1,64.0,0.0,12.2,1018.5,3.0
2025-11-18 17:00:00,DEOK,8.5,1.4,61.0,0.0,9.7,1017.8,3.0
2025-11-18 18:00:00,DEOK,6.4,4.6,88.0,4.7,14.8,1016.8,9.0
2025-11-18 19:00:00,DEOK,7.1,4.9,86.0,3.0,16.2,1015.7,9.0
2025-11-18 20:00:00,DEOK,7.6,5.6,87.0,1.5,16.2,1014.1,9.0
2025-11-18 21:00:00,DEOK,8.6,6.2,85.0,0.0,10.8,1013.8,3.0
2025-11-18 22:00:00,DEOK,8.2,6.2,87.0,3.9,12.2,1014.2,9.0
2025-11-18 23:00:00,DEOK,8.0,6.6,91.0,0.9,8.6,1014.1,8.0
2025-11-19 00:00:00,DEOK,8.1,6.9,92.0,0.0,4.3,1015.0,3.0
2025-11-19 01:00:00,DEOK,8.1,7.3,95.0,0.2,2.2,1015.4,7.0
2025-11-19 02:00:00,DEOK,8.0,7.4,96.0,0.0,6.1,1015.5,3.0
2025-11-19 03:00:00,DEOK,7.6,7.2,97.0,0.0,7.6,1015.4,3.0
2025-11-19 04:00:00,DEOK,6.1,5.8,98.0,0.0,3.6,1016.3,1.0
2025-11-19 05:00:00,DEOK,5.3,5.2,99.0,0.0,5.4,1016.5,1.0
2025-11-19 06:00:00,DEOK,5.1,5.0,99.0,0.0,7.2,1016.9,5.0
2025-11-19 07:00:00,DEOK,6.2,5.8,97.0,0.0,9.4,1017.6,3.0
2025-11-19 08:00:00,DEOK,6.9,6.3,96.0,0.0,9.7,1018.2,3.0
2025-11-19 09:00:00,DEOK,6.9,6.3,96.0,0.0,8.6,1018.6,3.0
2025-11-19 10:00:00,DEOK,6.8,6.2,96.0,0.0,6.8,1019.2,3.0
2025-11-19 11:00:00,DEOK,6.9,6.2,95.0,0.0,5.8,1019.8,3.0
2025-11-19 12:00:00,DEOK,6.9,6.2,95.0,0.0,6.8,1020.6,3.0
2025-11-19 13:00:00,DEOK,6.9,6.3,96.0,0.0,9.7,1021.5,3.0
2025-11-19 14:00:00,DEOK,7.3,6.1,92.0,0.0,8.3,1022.2,3.0
2025-11-19 15:00:00,DEOK,8.0,6.3,89.0,0.0,6.5,1022.6,3.0
2025-11-19 16:00:00,DEOK,8.9,6.5,85.0,0.0,6.5,1022.6,3.0
2025-11-19 17:00:00,DEOK,9.8,6.9,82.0,0.0,6.1,1022.1,3.0
2025-11-19 18:00:00,DEOK,11.2,7.1,76.0,0.0,5.4,1021.3,3.0
2025-11-19 19:00:00,DEOK,11.8,7.3,74.0,0.0,5.0,1020.8,3.0
2025-11-19 20:00:00,DEOK,12.0,7.5,74.0,0.0,5.0,1020.8,3.0
2025-11-19 21:00:00,DEOK,11.8,7.5,75.0,0.0,4.3,1021.3,3.0
2025-11-19 22:00:00,DEOK,11.3,8.0,80.0,0.0,3.6,1021.4,3.0
2025-11-19 23:00:00,DEOK,10.6,7.8,83.0,0.0,7.6,1021.6,3.0
2025-11-20 00:00:00,DEOK,10.3,7.5,83.0,0.0,7.9,1021.4,3.0
2025-11-20 01:00:00,DEOK,10.2,7.4,83.0,0.0,6.1,1021.6,3.0
2025-11-20 02:00:00,DEOK,10.0,7.4,84.0,0.0,6.1,1021.5,3.0
2025-11-20 03:00:00,DEOK,9.3,7.1,86.0,0.0,5.0,1021.3,3.0
2025-11-20 04:00:00,DEOK,9.5,7.3,86.0,0.0,4.3,1021.5,3.0
2025-11-20 05:00:00,DEOK,9.4,7.5,88.0,0.0,2.9,1021.4,3.0
2025-11-20 06:00:00,DEOK,9.1,7.5,90.0,0.0,2.2,1021.3,3.0
2025-11-20 07:00:00,DEOK,7.8,5.4,85.0,,5.5,1021.1,4.0
2025-11-20 08:00:00,DEOK,7.6,5.2,85.0,,3.7,1021.4,4.0
2025-11-20 09:00:00,DEOK,7.3,4.9,85.0,,3.7,1021.6,4.0
2025-11-20 10:00:00,DEOK,7.4,5.0,85.0,,5.5,1021.3,4.0
2025-11-20 11:00:00,DEOK,7.6,5.2,85.0,,5.5,1020.9,4.0
2025-11-20 12:00:00,DEOK,6.0,5.3,95.0,,0.4,1021.9,4.0
2025-11-20 13:00:00,DEOK,8.7,5.3,79.0,,5.5,1021.6,4.0
2025-11-20 14:00:00,DEOK,10.3,5.9,74.0,,5.5,1022.0,4.0
2025-11-20 15:00:00,DEOK,11.5,5.8,68.0,,5.5,1021.6,4.0
2025-11-20 16:00:00,DEOK,12.7,6.5,66.0,,7.4,1020.6,4.0
2025-11-20 17:00:00,DEOK,13.9,7.2,64.0,,11.1,1019.6,4.0
2025-11-20 18:00:00,DEOK,13.6,7.4,66.0,,2.5,1019.9,4.0
2025-11-20 19:00:00,DEOK,14.5,7.8,64.0,,9.3,1018.9,4.0
2025-11-20 20:00:00,DEOK,15.1,7.9,62.0,,9.3,1018.4,4.0
2025-11-20 21:00:00,DEOK,14.0,8.2,68.0,,7.4,1018.4,4.0
2025-11-20 22:00:00,DEOK,13.5,8.1,70.0,,7.4,1018.1,4.0
2025-11-20 23:00:00,DEOK,13.0,8.3,73.0,,9.3,1017.7,7.0
2025-11-21 00:00:00,DEOK,12.0,8.8,81.0,,6.8,1017.7,7.0
2025-11-21 01:00:00,DEOK,12.2,8.7,79.0,,9.3,1017.5,7.0
2025-11-21 02:00:00,DEOK,11.9,8.4,79.0,,7.4,1017.6,7.0
2025-11-21 03:00:00,DEOK,11.8,8.3,79.0,,7.4,1017.2,8.0
2025-11-21 04:00:00,DEOK,12.1,8.9,81.0,,7.4,1016.5,8.0
2025-11-21 05:00:00,DEOK,12.5,9.5,82.0,,9.3,1015.9,8.0
2025-11-21 06:00:00,DEOK,10.8,9.9,94.0,,5.8,1015.4,8.0
2025-11-21 07:00:00,DEOK,11.6,9.7,88.0,,7.4,1015.6,8.0
2025-11-21 08:00:00,DEOK,11.2,9.5,89.0,,7.4,1015.4,8.0
2025-11-21 09:00:00,DEOK,11.2,9.6,90.0,,5.5,1015.6,8.0
2025-11-21 10:00:00,DEOK,11.7,9.6,87.0,,7.4,1015.4,8.0
2025-11-21 11:00:00,DEOK,12.3,9.5,83.0,,7.4,1015.2,8.0
2025-11-21 12:00:00,DEOK,11.1,10.8,98.0,,3.2,1014.5,7.0
2025-11-21 13:00:00,DEOK,12.4,9.4,82.0,,7.4,1015.6,7.0
2025-11-21 14:00:00,DEOK,12.9,9.5,80.0,,7.4,1016.0,7.0
2025-11-21 15:00:00,DEOK,13.3,9.5,78.0,,7.4,1015.8,7.0
2025-11-21 16:00:00,DEOK,13.7,9.5,76.0,,11.1,1014.9,7.0
2025-11-21 17:00:00,DEOK,14.2,9.4,73.0,,13.0,1013.9,8.0
2025-11-21 18:00:00,DEOK,13.8,12.0,89.0,,5.4,1013.1,8.0
2025-11-21 19:00:00,DEOK,14.8,11.0,78.0,,11.1,1013.5,8.0
2025-11-21 20:00:00,DEOK,14.7,10.9,78.0,,9.3,1013.5,8.0
2025-11-21 21:00:00,DEOK,13.9,10.9,82.0,,9.3,1013.5,8.0
2025-11-21 22:00:00,DEOK,13.1,10.1,82.0,,13.0,1013.6,8.0
2025-11-21 23:00:00,DEOK,12.4,9.2,81.0,,14.8,1013.6,9.0
2025-11-22 00:00:00,DEOK,12.2,11.7,97.0,,11.2,1011.3,9.0
2025-11-22 01:00:00,DEOK,12.7,9.3,80.0,,13.0,1013.4,8.0
2025-11-22 02:00:00,DEOK,12.7,9.0,78.0,,11.1,1014.0,8.0
2025-11-22 03:00:00,DEOK,12.5,8.8,78.0,,11.1,1014.1,8.0
2025-11-22 04:00:00,DEOK,12.1,8.4,78.0,,13.0,1013.4,8.0
2025-11-22 05:00:00,DEOK,11.7,8.0,78.0,,14.8,1012.7,8.0
2025-11-22 06:00:00,DEOK,10.0,9.4,96.0,,13.7,1011.7,7.0
2025-11-22 07:00:00,DEOK,11.3,8.3,82.0,,13.0,1012.5,7.0
2025-11-22 08:00:00,DEOK,11.3,8.2,81.0,,13.0,1012.7,7.0
2025-11-22 09:00:00,DEOK,11.3,8.0,80.0,,13.0,1012.6,4.0
2025-11-22 10:00:00,DEOK,11.0,7.7,80.0,,13.0,1013.5,4.0
2025-11-22 11:00:00,DEOK,10.7,7.4,80.0,,14.8,1014.3,4.0
2025-11-22 12:00:00,DEOK,7.6,4.9,83.0,,13.3,1015.2,4.0
2025-11-22 13:00:00,DEOK,10.6,7.3,80.0,,14.8,1015.4,4.0
2025-11-22 14:00:00,DEOK,11.6,7.3,75.0,,16.7,1015.7,4.0
2025-11-22 15:00:00,DEOK,12.1,7.6,74.0,,14.8,1015.3,4.0
2025-11-22 16:00:00,DEOK,13.7,7.5,66.0,,16.7,1014.4,4.0
2025-11-22 17:00:00,DEOK,15.3,7.3,59.0,,18.5,1013.4,4.0
2025-11-22 18:00:00,DEOK,11.9,4.4,60.0,,8.6,1016.1,4.0
2025-11-22 19:00:00,DEOK,14.8,6.6,58.0,,16.7,1013.8,4.0
2025-11-22 20:00:00,DEOK,15.2,6.0,54.0,,14.8,1013.7,4.0
2025-11-22 21:00:00,DEOK,14.2,6.1,58.0,,14.8,1013.8,4.0
2025-11-22 22:00:00,DEOK,13.2,5.4,59.0,,13.0,1013.9,4.0
2025-11-22 23:00:00,DEOK,12.1,4.6,60.0,,13.0,1014.0,4.0
2025-11-23 00:00:00,DEOK,7.4,3.4,76.0,,5.4,1018.3,4.0
2025-11-23 01:00:00,DEOK,10.7,5.0,68.0,,11.1,1015.8,4.0
2025-11-23 02:00:00,DEOK,10.4,5.2,70.0,,9.3,1015.9,4.0
2025-11-23 03:00:00,DEOK,9.2,5.2,76.0,,11.1,1016.2,4.0
2025-11-23 04:00:00,DEOK,9.1,4.9,75.0,,11.1,1015.8,4.0
2025-11-23 05:00:00,DEOK,9.0,4.6,74.0,,11.1,1015.3,4.0
2025-11-23 06:00:00,DEOK,3.0,1.7,91.0,,2.2,1019.2,4.0
2025-11-23 07:00:00,DEOK,8.1,5.4,83.0,,11.1,1016.2,4.0
2025-11-23 08:00:00,DEOK,8.0,5.1,82.0,,9.3,1016.5,4.0
2025-11-23 09:00:00,DEOK,7.7,4.8,82.0,,9.3,1016.9,4.0
2025-11-23 10:00:00,DEOK,7.0,4.1,82.0,,9.3,1016.9,4.0
2025-11-23 11:00:00,DEOK,6.2,3.5,83.0,,11.1,1016.8,4.0
2025-11-23 12:00:00,DEOK,1.6,1.5,99.0,,1.1,1019.8,4.0
2025-11-23 13:00:00,DEOK,7.5,3.5,76.0,,9.3,1018.0,4.0
2025-11-23 14:00:00,DEOK,8.7,3.5,70.0,,9.3,1018.8,4.0
2025-11-23 15:00:00,DEOK,10.2,3.5,63.0,,9.3,1018.6,4.0
2025-11-23 16:00:00,DEOK,11.1,2.7,56.0,,13.0,1017.5,4.0
2025-11-23 17:00:00,DEOK,12.1,2.0,50.0,,16.7,1016.4,3.0
2025-11-23 18:00:00,DEOK,11.9,2.9,54.0,,3.2,1019.2,3.0
2025-11-23 19:00:00,DEOK,13.9,3.1,48.0,,13.0,1016.8,3.0
2025-11-23 20:00:00,DEOK,14.5,3.0,46.0,,13.0,1016.6,3.0
2025-11-23 21:00:00,DEOK,13.6,2.8,48.0,,11.1,1016.5,3.0
2025-11-23 22:00:00,DEOK,11.8,2.3,52.0,,11.1,1016.1,3.0
2025-11-23 23:00:00,DEOK,10.1,1.7,56.0,,11.1,1015.8,3.0
2025-11-24 00:00:00,DEOK,8.0,3.1,71.0,,6.8,1018.8,3.0
2025-11-24 01:00:00,DEOK,9.7,2.1,59.0,,7.4,1016.8,3.0
2025-11-24 02:00:00,DEOK,9.1,2.2,62.0,,5.5,1016.9,2.0
2025-11-24 03:00:00,DEOK,8.6,2.0,63.0,,5.5,1017.0,2.0
2025-11-24 04:00:00,DEOK,7.9,1.9,66.0,,7.4,1016.2,2.0
2025-11-24 05:00:00,DEOK,7.3,2.0,69.0,,11.1,1015.4,2.0
2025-11-24 06:00:00,DEOK,4.5,1.9,83.0,,5.4,1019.1,3.0
2025-11-24 07:00:00,DEOK,7.5,3.0,73.0,,11.1,1015.8,4.0
2025-11-24 08:00:00,DEOK,7.1,3.0,75.0,,7.4,1015.2,3.0
2025-11-24 09:00:00,DEOK,7.0,2.9,75.0,,7.4,1015.7,3.0
2025-11-24 10:00:00,DEOK,6.5,2.6,76.0,,9.3,1015.7,3.0
2025-11-24 11:00:00,DEOK,6.1,2.2,76.0,,11.1,1015.6,3.0
2025-11-24 12:00:00,DEOK,2.9,0.5,84.0,,6.5,1020.3,3.0
2025-11-24 13:00:00,DEOK,7.8,2.1,67.0,,13.0,1017.5,4.0
2025-11-24 14:00:00,DEOK,9.0,1.7,60.0,,11.1,1018.1,3.0
2025-11-24 15:00:00,DEOK,10.2,1.8,56.0,,11.1,1018.3,3.0
2025-11-24 16:00:00,DEOK,11.5,2.0,52.0,,14.8,1017.2,3.0
2025-11-24 17:00:00,DEOK,12.7,2.5,50.0,,18.5,1016.0,3.0
2025-11-24 18:00:00,DEOK,14.4,4.1,50.0,,10.4,1019.0,3.0
2025-11-24 19:00:00,DEOK,13.6,2.5,47.0,,14.8,1015.6,3.0
2025-11-24 20:00:00,DEOK,13.4,2.0,46.0,,14.8,1015.6,3.0
2025-11-24 21:00:00,DEOK,12.7,2.0,48.0,,13.0,1016.2,3.0
2025-11-24 22:00:00,DEOK,11.3,2.1,53.0,,13.0,1016.4,3.0
2025-11-24 23:00:00,DEOK,9.8,1.9,58.0,,14.8,1016.6,4.0
2025-11-25 00:00:00,DEOK,10.5,5.1,69.0,,8.3,1019.5,4.0
2025-11-25 01:00:00,DEOK,9.3,2.6,63.0,,9.3,1017.6,4.0
2025-11-25 02:00:00,DEOK,8.6,2.6,66.0,,7.4,1018.1,4.0
2025-11-25 03:00:00,DEOK,8.1,2.1,66.0,,5.5,1018.0,4.0
2025-11-25 04:00:00,DEOK,7.7,2.4,69.0,,9.3,1017.2,4.0
2025-11-25 05:00:00,DEOK,7.4,2.7,72.0,,13.0,1016.4,3.0
2025-11-25 06:00:00,DEOK,9.2,5.6,78.0,,5.4,1020.2,3.0
2025-11-25 07:00:00,DEOK,7.4,3.1,74.0,,9.3,1017.6,3.0
2025-11-25 08:00:00,DEOK,6.8,3.1,77.0,,7.4,1017.9,3.0
2025-11-25 09:00:00,DEOK,6.7,3.3,79.0,,7.4,1018.1,3.0
2025-11-25 10:00:00,DEOK,5.4,2.9,84.0,,9.3,1018.2,3.0
2025-11-25 11:00:00,DEOK,4.2,2.6,89.0,,13.0,1018.3,3.0
2025-11-25 12:00:00,DEOK,8.7,6.5,86.0,,0.4,1021.6,3.0
2025-11-25 13:00:00,DEOK,7.1,3.0,75.0,,9.3,1019.6,4.0
2025-11-25 14:00:00,DEOK,7.6,3.3,74.0,,7.4,1020.7,4.0
2025-11-25 15:00:00,DEOK,9.1,3.1,66.0,,7.4,1020.9,4.0
2025-11-25 16:00:00,DEOK,10.1,2.5,59.0,,11.1,1019.5,3.0
2025-11-25 17:00:00,DEOK,11.0,1.8,53.0,,13.0,1018.2,3.0
2025-11-25 18:00:00,DEOK,12.2,9.0,81.0,,5.0,1021.8,3.0
2025-11-25 19:00:00,DEOK,12.5,2.9,52.0,,14.8,1017.6,3.0
2025-11-25 20:00:00,DEOK,12.5,3.4,54.0,,13.0,1017.8,3.0
2025-11-25 21:00:00,DEOK,12.6,3.5,54.0,,11.1,1017.2,3.0
2025-11-25 22:00:00,DEOK,11.1,3.1,58.0,,11.1,1017.3,3.0
2025-11-25 23:00:00,DEOK,9.6,2.7,62.0,,11.1,1017.4,3.0
2025-11-26 00:00:00,DEOK,11.8,9.4,85.0,,8.6,1021.7,4.0
2025-11-26 01:00:00,DEOK,8.5,3.1,69.0,,9.3,1019.4,4.0
2025-11-26 02:00:00,DEOK,8.3,3.6,72.0,,7.4,1019.3,4.0
2025-11-26 03:00:00,DEOK,7.8,3.5,74.0,,7.4,1019.1,4.0
2025-11-26 04:00:00,DEOK,7.9,3.4,73.0,,11.1,1017.5,3.0
2025-11-26 05:00:00,DEOK,7.9,3.4,73.0,,14.8,1016.0,3.0
2025-11-26 06:00:00,DEOK,8.3,5.4,82.0,,11.2,1021.4,3.0
2025-11-26 07:00:00,DEOK,7.6,3.5,75.0,,11.1,1018.6,3.0
2025-11-26 08:00:00,DEOK,7.1,3.5,78.0,,9.3,1018.6,3.0
2025-11-26 09:00:00,DEOK,6.9,3.3,78.0,,7.4,1018.7,3.0
2025-11-26 10:00:00,DEOK,6.5,3.7,82.0,,11.1,1017.8,3.0
2025-11-26 11:00:00,DEOK,6.1,3.9,86.0,,14.8,1016.8,3.0
2025-11-26 12:00:00,DEOK,7.1,3.9,80.0,,10.8,1021.5,3.0
2025-11-26 13:00:00,DEOK,6.8,3.2,78.0,,11.1,1018.4,3.0
2025-11-26 14:00:00,DEOK,7.6,3.1,73.0,,9.3,1018.4,4.0
2025-11-26 15:00:00,DEOK,9.4,3.4,66.0,,9.3,1018.2,3.0
2025-11-26 16:00:00,DEOK,10.0,3.5,64.0,,14.8,1017.7,3.0
2025-11-26 17:00:00,DEOK,10.7,3.7,62.0,,20.4,1017.2,3.0
2025-11-26 18:00:00,DEOK,10.0,2.1,58.0,,11.2,1018.0,7.0
2025-11-26 19:00:00,DEOK,11.2,3.0,57.0,,14.8,1017.8,7.0
2025-11-26 20:00:00,DEOK,11.7,3.2,56.0,,14.8,1017.8,7.0
2025-11-26 21:00:00,DEOK,11.7,3.5,57.0,,13.0,1017.6,7.0
2025-11-26 22:00:00,DEOK,10.5,2.6,58.0,,14.8,1017.6,7.0
2025-11-26 23:00:00,DEOK,9.3,1.9,60.0,,14.8,1017.7,7.0
2025-11-27 00:00:00,DEOK,7.8,6.1,89.0,,14.0,1017.0,7.0
2025-11-27 01:00:00,DEOK,8.2,2.4,67.0,,13.0,1019.0,7.0
2025-11-27 02:00:00,DEOK,7.7,2.8,71.0,,11.1,1019.5,7.0
2025-11-27 03:00:00,DEOK,7.4,2.5,71.0,,11.1,1019.7,7.0
2025-11-27 04:00:00,DEOK,7.3,3.5,77.0,,13.0,1018.3,
2025-11-27 05:00:00,DEOK,7.3,4.4,82.0,,14.8,1016.9,
2025-11-27 06:00:00,DEOK,7.2,3.3,76.0,,13.0,1018.5,
2025-11-27 07:00:00,DEOK,7.0,3.1,76.0,,11.1,1018.7,
2025-11-27 08:00:00,DEOK,6.8,3.1,77.0,,11.1,1018.9,
2025-11-27 09:00:00,DEOK,6.7,3.0,77.0,,11.1,1018.8,
2025-11-27 10:00:00,DEOK,6.2,3.4,82.0,,13.0,1018.3,
2025-11-27 11:00:00,DEOK,5.6,3.6,87.0,,13.0,1017.7,
2025-11-27 12:00:00,DEOK,5.2,1.9,79.0,,14.8,1019.0,
2025-11-27 13:00:00,DEOK,6.4,2.5,76.0,,14.8,1019.6,
2025-11-27 14:00:00,DEOK,7.6,2.9,72.0,,14.8,1020.2,
2025-11-27 15:00:00,DEOK,8.8,3.8,71.0,,13.0,1020.4,
2025-11-01 00:00:00,DOM,11.0,-0.2,46.0,0.0,13.0,1012.0,1.0
2025-11-01 01:00:00,DOM,11.0,0.4,48.0,0.0,7.0,1013.0,1.0
2025-11-01 02:00:00,DOM,9.0,0.2,54.0,0.0,7.0,1014.0,1.0
2025-11-01 03:00:00,DOM,9.0,0.7,56.0,0.0,9.0,1014.0,1.0
2025-11-01 04:00:00,DOM,8.0,0.2,58.0,0.0,7.0,1014.0,1.0
2025-11-01 05:00:00,DOM,6.0,0.9,70.0,0.0,6.0,1015.0,1.0
2025-11-01 06:00:00,DOM,5.0,1.7,79.0,0.0,0.0,1015.0,1.0
2025-11-01 07:00:00,DOM,4.0,2.4,89.0,0.0,0.0,1016.0,1.0
2025-11-01 08:00:00,DOM,4.0,1.4,83.0,0.0,0.0,1016.0,1.0
2025-11-01 09:00:00,DOM,6.0,2.1,76.0,0.0,7.0,1017.0,1.0
2025-11-01 10:00:00,DOM,6.0,2.1,76.0,0.0,0.0,1017.0,1.0
2025-11-01 11:00:00,DOM,4.0,1.2,82.0,0.0,0.0,1018.0,1.0
2025-11-01 12:00:00,DOM,7.0,2.1,71.0,0.0,6.0,1019.0,1.0
2025-11-01 13:00:00,DOM,11.0,3.3,59.0,0.0,9.0,1020.0,1.0
2025-11-01 14:00:00,DOM,14.0,2.9,47.0,0.0,11.0,1020.0,1.0
2025-11-01 15:00:00,DOM,16.0,2.0,39.0,0.0,13.0,1020.0,1.0
2025-11-01 16:00:00,DOM,16.0,0.9,36.0,0.0,10.1,1019.0,1.0
2025-11-01 17:00:00,DOM,17.0,-0.3,31.0,0.0,15.0,1019.0,1.0
2025-11-01 18:00:00,DOM,18.0,0.2,30.0,0.0,9.0,1018.0,1.0
2025-11-01 19:00:00,DOM,18.0,0.6,31.0,0.0,15.0,1018.0,1.0
2025-11-01 20:00:00,DOM,17.0,-0.3,31.0,0.0,7.0,1019.0,3.0
2025-11-01 21:00:00,DOM,14.0,1.3,42.0,0.0,6.0,1019.0,3.0
2025-11-01 22:00:00,DOM,11.0,4.2,63.0,0.0,0.0,1020.0,3.0
2025-11-01 23:00:00,DOM,9.0,4.0,71.0,0.0,0.0,1020.0,2.0
2025-11-02 00:00:00,DOM,8.0,4.6,79.0,0.0,0.0,1021.0,2.0
2025-11-02 01:00:00,DOM,7.0,4.7,85.0,0.0,0.0,1021.0,2.0
2025-11-02 02:00:00,DOM,6.0,4.3,89.0,0.0,0.0,1022.0,2.0
2025-11-02 03:00:00,DOM,6.0,4.8,92.0,0.0,0.0,1022.0,3.0
2025-11-02 04:00:00,DOM,5.0,4.0,93.0,0.0,0.0,1022.0,2.0
2025-11-02 05:00:00,DOM,4.0,3.6,97.0,0.0,0.0,1023.0,1.0
2025-11-02 06:00:00,DOM,4.0,3.4,96.0,0.0,0.0,1023.0,1.0
2025-11-02 07:00:00,DOM,4.0,3.0,93.0,0.0,0.0,1023.0,1.0
2025-11-02 08:00:00,DOM,4.0,3.0,93.0,0.0,0.0,1023.0,3.0
2025-11-02 09:00:00,DOM,3.0,2.6,97.0,0.0,0.0,1024.0,3.0
2025-11-02 10:00:00,DOM,3.0,2.6,97.0,0.0,0.0,1025.0,3.0
2025-11-02 11:00:00,DOM,3.0,2.0,93.0,0.0,0.0,1025.0,5.0
2025-11-02 12:00:00,DOM,6.0,4.8,92.0,0.0,0.0,1025.0,1.0
2025-11-02 13:00:00,DOM,13.0,5.4,60.0,0.0,6.0,1026.0,1.0
2025-11-02 14:00:00,DOM,16.0,3.7,44.0,0.0,7.0,1026.0,1.0
2025-11-02 15:00:00,DOM,18.0,2.3,35.0,0.0,6.0,1026.0,2.0
2025-11-02 16:00:00,DOM,18.0,1.9,34.0,0.0,11.0,1025.0,2.0
2025-11-02 17:00:00,DOM,18.0,1.9,34.0,0.0,0.0,1024.0,3.0
2025-11-02 18:00:00,DOM,19.0,2.8,34.0,0.0,6.0,1024.0,3.0
2025-11-02 19:00:00,DOM,19.0,2.8,34.0,0.0,9.0,1024.0,3.0
2025-11-02 20:00:00,DOM,18.0,3.1,37.0,0.0,6.0,1024.0,3.0
2025-11-02 21:00:00,DOM,15.0,4.9,51.0,0.0,0.0,1024.0,3.0
2025-11-02 22:00:00,DOM,13.0,5.9,62.0,0.0,0.0,1024.0,3.0
2025-11-02 23:00:00,DOM,12.0,4.2,59.0,0.0,6.0,1024.0,3.0
2025-11-03 00:00:00,DOM,11.0,5.3,68.0,0.0,0.0,1024.0,3.0
2025-11-03 01:00:00,DOM,10.0,6.2,77.0,0.0,0.0,1024.0,3.0
2025-11-03 02:00:00,DOM,11.0,6.5,74.0,0.0,0.0,1024.0,3.0
2025-11-03 03:00:00,DOM,11.0,7.7,80.0,0.0,0.0,1024.0,3.0
2025-11-03 04:00:00,DOM,11.0,7.7,80.0,0.0,0.0,1023.0,3.0
2025-11-03 05:00:00,DOM,10.0,8.9,93.0,0.0,0.0,1023.0,8.0
2025-11-03 06:00:00,DOM,10.0,9.4,96.0,0.0,0.0,1023.0,8.0
2025-11-03 07:00:00,DOM,10.0,9.4,96.0,0.0,6.0,1022.0,8.0
2025-11-03 08:00:00,DOM,11.0,9.7,92.0,0.1,0.0,1021.0,8.0
2025-11-03 09:00:00,DOM,11.0,10.4,96.0,0.0,0.0,1021.0,8.0
2025-11-03 10:00:00,DOM,11.0,10.4,96.0,0.0,0.0,1021.0,9.0
2025-11-03 11:00:00,DOM,11.0,9.9,93.0,0.1,6.0,1022.0,8.0
2025-11-03 12:00:00,DOM,11.0,10.5,97.0,0.0,0.0,1021.0,9.0
2025-11-03 13:00:00,DOM,12.0,11.4,96.0,0.0,7.0,1021.0,5.0
2025-11-03 14:00:00,DOM,12.0,11.4,96.0,0.0,9.0,1021.0,5.0
2025-11-03 15:00:00,DOM,12.0,11.5,97.0,0.0,14.4,1020.0,5.0
2025-11-03 16:00:00,DOM,13.0,11.9,93.0,0.0,0.0,1019.0,5.0
2025-11-03 17:00:00,DOM,14.0,11.9,87.0,0.0,6.0,1018.0,3.0
2025-11-03 18:00:00,DOM,17.0,11.5,70.0,0.0,7.0,1018.0,3.0
2025-11-03 19:00:00,DOM,17.0,8.2,56.0,0.0,13.0,1017.0,2.0
2025-11-03 20:00:00,DOM,17.0,8.2,56.0,0.0,7.0,1016.0,2.0
2025-11-03 21:00:00,DOM,14.0,10.8,81.0,0.0,0.0,1016.0,1.0
2025-11-03 22:00:00,DOM,12.0,10.2,89.0,0.0,0.0,1016.0,1.0
2025-11-03 23:00:00,DOM,10.0,9.4,96.0,0.0,0.0,1017.0,1.0
2025-11-04 00:00:00,DOM,9.0,8.5,97.0,0.0,7.0,1017.0,1.0
2025-11-04 01:00:00,DOM,10.0,6.2,77.0,0.0,11.0,1018.0,1.0
2025-11-04 02:00:00,DOM,11.0,4.9,66.0,0.0,0.0,1019.0,1.0
2025-11-04 03:00:00,DOM,8.0,5.8,86.0,0.0,0.0,1020.0,1.0
2025-11-04 04:00:00,DOM,7.0,4.8,86.0,0.0,0.0,1021.0,1.0
2025-11-04 05:00:00,DOM,6.0,3.8,86.0,0.0,0.0,1021.0,1.0
2025-11-04 06:00:00,DOM,7.0,3.1,76.0,0.0,6.0,1022.0,1.0
2025-11-04 07:00:00,DOM,6.0,3.2,82.0,0.0,0.0,1022.0,1.0
2025-11-04 08:00:00,DOM,6.0,2.6,79.0,0.0,0.0,1023.0,1.0
2025-11-04 09:00:00,DOM,5.0,3.3,89.0,0.0,0.0,1024.0,1.0
2025-11-04 10:00:00,DOM,5.0,1.7,79.0,0.0,0.0,1025.0,1.0
2025-11-04 11:00:00,DOM,4.0,1.9,86.0,0.0,0.0,1026.0,1.0
2025-11-04 12:00:00,DOM,8.0,3.1,71.0,0.0,7.0,1027.0,1.0
2025-11-04 13:00:00,DOM,12.0,3.5,56.0,0.0,11.0,1027.0,1.0
2025-11-04 14:00:00,DOM,15.0,0.8,38.0,0.0,19.0,1027.0,1.0
2025-11-04 15:00:00,DOM,17.0,-2.6,26.0,0.0,17.0,1027.0,1.0
2025-11-04 16:00:00,DOM,17.0,-3.7,24.0,0.0,13.0,1026.0,1.0
2025-11-04 17:00:00,DOM,17.0,-2.6,26.0,0.0,15.0,1025.0,3.0
2025-11-04 18:00:00,DOM,18.0,-2.3,25.0,0.0,19.0,1024.0,3.0
2025-11-04 19:00:00,DOM,18.0,-2.9,24.0,0.0,17.0,1024.0,3.0
2025-11-04 20:00:00,DOM,18.0,-2.9,24.0,0.0,11.0,1024.0,3.0
2025-11-04 21:00:00,DOM,16.0,-3.0,27.0,0.0,9.0,1024.0,3.0
2025-11-04 22:00:00,DOM,11.0,3.3,59.0,0.0,0.0,1025.0,2.0
2025-11-04 23:00:00,DOM,9.0,0.7,56.0,0.0,0.0,1025.0,2.0
2025-11-05 00:00:00,DOM,9.0,4.0,71.0,0.0,0.0,1025.0,2.0
2025-11-05 01:00:00,DOM,8.0,3.5,73.0,0.0,0.0,1025.0,2.0
2025-11-05 02:00:00,DOM,7.0,3.6,79.0,0.0,0.0,1025.0,1.0
2025-11-05 03:00:00,DOM,7.0,3.8,80.0,0.0,0.0,1025.0,1.0
2025-11-05 04:00:00,DOM,7.0,3.8,80.0,0.0,0.0,1025.0,1.0
2025-11-05 05:00:00,DOM,6.0,2.6,79.0,0.0,0.0,1024.0,3.0
2025-11-05 06:00:00,DOM,6.0,3.2,82.0,0.0,0.0,1024.0,3.0
2025-11-05 07:00:00,DOM,5.0,3.3,89.0,0.0,0.0,1024.0,1.0
2025-11-05 08:00:00,DOM,5.0,3.3,89.0,0.0,0.0,1024.0,1.0
2025-11-05 09:00:00,DOM,5.0,3.3,89.0,0.0,0.0,1023.0,1.0
2025-11-05 10:00:00,DOM,4.0,3.0,93.0,0.0,0.0,1023.0,1.0
2025-11-05 11:00:00,DOM,4.0,2.4,89.0,0.0,0.0,1023.0,1.0
2025-11-05 12:00:00,DOM,9.0,3.0,66.0,0.0,11.0,1022.0,1.0
2025-11-05 13:00:00,DOM,14.0,3.5,49.0,0.0,15.0,1021.0,2.0
2025-11-05 14:00:00,DOM,18.0,3.5,38.0,0.0,20.0,1020.0,1.0
2025-11-05 15:00:00,DOM,19.0,4.0,37.0,0.0,28.0,1019.0,2.0
2025-11-05 16:00:00,DOM,21.0,4.1,33.0,0.0,26.0,1017.0,3.0
2025-11-05 17:00:00,DOM,22.0,3.1,29.0,0.0,35.0,1015.0,3.0
2025-11-05 18:00:00,DOM,23.0,4.0,29.0,0.0,24.0,1013.0,3.0
2025-11-05 19:00:00,DOM,23.0,4.0,29.0,0.0,32.0,1012.0,3.0
2025-11-05 20:00:00,DOM,22.0,4.5,32.0,0.0,32.0,1012.0,3.0
2025-11-05 21:00:00,DOM,20.0,5.6,39.0,0.0,30.0,1011.0,3.0
2025-11-05 22:00:00,DOM,19.0,6.1,43.0,0.0,20.0,1011.0,3.0
2025-11-05 23:00:00,DOM,18.0,6.5,47.0,0.0,19.0,1011.0,3.0
2025-11-06 00:00:00,DOM,18.0,7.4,50.0,0.0,20.0,1011.0,2.0
2025-11-06 01:00:00,DOM,18.0,6.8,48.0,0.0,19.0,1011.0,3.0
2025-11-06 02:00:00,DOM,17.0,7.1,52.0,0.0,9.0,1012.0,2.0
2025-11-06 03:00:00,DOM,16.0,6.1,52.0,0.0,13.0,1012.0,1.0
2025-11-06 04:00:00,DOM,17.0,6.5,50.0,0.0,11.0,1012.0,2.0
2025-11-06 05:00:00,DOM,16.0,5.9,51.0,0.0,9.0,1013.0,1.0
2025-11-06 06:00:00,DOM,16.0,5.6,50.0,0.0,13.0,1015.0,1.0
2025-11-06 07:00:00,DOM,14.0,4.0,51.0,0.0,7.0,1016.0,3.0
2025-11-06 08:00:00,DOM,13.0,0.4,42.0,0.0,9.0,1017.0,1.0
2025-11-06 09:00:00,DOM,12.0,-1.2,40.0,0.0,9.0,1019.0,1.0
2025-11-06 10:00:00,DOM,11.0,-0.2,46.0,0.0,6.0,1020.0,3.0
2025-11-06 11:00:00,DOM,10.0,-2.3,42.0,0.0,9.0,1022.0,3.0
2025-11-06 12:00:00,DOM,11.0,-3.5,36.0,0.0,13.0,1023.0,1.0
2025-11-06 13:00:00,DOM,11.0,-3.9,35.0,0.0,11.0,1024.0,1.0
2025-11-06 14:00:00,DOM,12.0,-4.6,31.0,0.0,18.0,1024.0,1.0
2025-11-06 15:00:00,DOM,13.0,-5.1,28.0,0.0,9.0,1024.0,1.0
2025-11-06 16:00:00,DOM,14.0,-5.2,26.0,0.0,6.0,1023.0,1.0
2025-11-06 17:00:00,DOM,15.0,-5.4,24.0,0.0,14.8,1023.0,1.0
2025-11-06 18:00:00,DOM,16.0,-5.1,23.0,0.0,13.0,1022.0,1.0
2025-11-06 19:00:00,DOM,16.0,-5.1,23.0,0.0,7.0,1022.0,1.0
2025-11-06 20:00:00,DOM,16.0,-4.6,24.0,0.0,9.0,1022.0,1.0
2025-11-06 21:00:00,DOM,12.0,-2.2,37.0,0.0,0.0,1022.0,1.0
2025-11-06 22:00:00,DOM,8.0,-0.7,54.0,0.0,0.0,1022.0,1.0
2025-11-06 23:00:00,DOM,7.0,0.2,62.0,0.0,0.0,1022.0,1.0
2025-11-07 00:00:00,DOM,6.0,0.9,70.0,0.0,0.0,1022.0,1.0
2025-11-07 01:00:00,DOM,4.0,-1.0,70.0,0.0,0.0,1022.0,1.0
2025-11-07 02:00:00,DOM,4.0,0.2,76.0,0.0,0.0,1023.0,1.0
2025-11-07 03:00:00,DOM,3.0,0.4,83.0,0.0,0.0,1023.0,1.0
2025-11-07 04:00:00,DOM,3.0,0.7,85.0,0.0,0.0,1022.0,1.0
2025-11-07 05:00:00,DOM,2.0,0.4,89.0,0.0,0.0,1022.0,1.0
2025-11-07 06:00:00,DOM,2.0,0.4,89.0,0.0,0.0,1021.0,1.0
2025-11-07 07:00:00,DOM,2.0,0.4,89.0,0.0,0.0,1021.0,1.0
2025-11-07 08:00:00,DOM,2.0,0.4,89.0,0.0,0.0,1021.0,1.0
2025-11-07 09:00:00,DOM,1.0,-0.2,92.0,0.0,0.0,1021.0,1.0
2025-11-07 10:00:00,DOM,1.0,-0.2,92.0,0.0,0.0,1020.0,1.0
2025-11-07 11:00:00,DOM,1.0,-0.2,92.0,0.0,0.0,1020.0,2.0
2025-11-07 12:00:00,DOM,6.0,2.1,76.0,0.0,11.0,1020.0,1.0
2025-11-07 13:00:00,DOM,9.0,1.4,59.0,0.0,11.0,1019.0,2.0
2025-11-07 14:00:00,DOM,13.0,0.7,43.0,0.0,15.0,1019.0,1.0
2025-11-07 15:00:00,DOM,16.0,-0.7,32.0,0.0,17.0,1018.0,1.0
2025-11-07 16:00:00,DOM,18.0,1.5,33.0,0.0,19.0,1016.0,1.0
2025-11-07 17:00:00,DOM,18.0,2.7,36.0,0.0,15.0,1014.0,3.0
2025-11-07 18:00:00,DOM,19.0,4.4,38.0,0.0,22.0,1013.0,3.0
2025-11-07 19:00:00,DOM,19.0,5.8,42.0,0.0,20.0,1012.0,3.0
2025-11-07 20:00:00,DOM,19.0,7.4,47.0,0.0,26.0,1011.0,3.0
2025-11-07 21:00:00,DOM,18.0,8.5,54.0,0.0,22.0,1010.0,3.0
2025-11-07 22:00:00,DOM,17.0,9.7,62.0,0.0,13.0,1010.0,3.0
2025-11-07 23:00:00,DOM,17.0,10.8,67.0,0.0,9.0,1009.0,3.0
2025-11-08 00:00:00,DOM,16.0,11.0,72.0,0.0,15.0,1009.0,3.0
2025-11-08 01:00:00,DOM,16.0,11.6,75.0,0.0,15.0,1008.0,3.0
2025-11-08 02:00:00,DOM,16.0,13.1,83.0,0.0,15.0,1008.0,3.0
2025-11-08 03:00:00,DOM,16.0,13.7,86.0,0.0,17.0,1008.0,3.0
2025-11-08 04:00:00,DOM,16.0,13.7,86.0,0.0,13.0,1008.0,3.0
2025-11-08 05:00:00,DOM,16.0,13.3,84.0,0.0,11.0,1008.0,3.0
2025-11-08 06:00:00,DOM,16.0,12.7,81.0,0.0,13.0,1008.0,1.0
2025-11-08 07:00:00,DOM,16.0,11.6,75.0,0.0,17.0,1008.0,18.0
2025-11-08 08:00:00,DOM,14.0,12.9,93.0,0.1,7.0,1007.0,8.0
2025-11-08 09:00:00,DOM,13.0,11.9,93.0,0.8,7.0,1008.0,8.0
2025-11-08 10:00:00,DOM,13.0,11.4,90.0,0.0,15.0,1009.0,3.0
2025-11-08 11:00:00,DOM,13.0,11.2,89.0,0.0,11.0,1010.0,3.0
2025-11-08 12:00:00,DOM,14.0,11.9,87.0,0.0,7.0,1011.0,3.0
2025-11-08 13:00:00,DOM,15.0,12.1,83.0,0.0,15.0,1011.0,1.0
2025-11-08 14:00:00,DOM,18.0,12.4,70.0,0.0,11.0,1011.0,1.0
2025-11-08 15:00:00,DOM,20.0,10.1,53.0,0.0,19.0,1011.0,1.0
2025-11-08 16:00:00,DOM,21.0,8.3,44.0,0.0,9.0,1011.0,1.0
2025-11-08 17:00:00,DOM,22.0,7.0,38.0,0.0,11.0,1010.0,1.0
2025-11-08 18:00:00,DOM,22.0,6.2,36.0,0.0,0.0,1010.0,1.0
2025-11-08 19:00:00,DOM,22.0,6.2,36.0,0.0,7.0,1010.0,2.0
2025-11-08 20:00:00,DOM,21.0,6.1,38.0,0.0,7.0,1010.0,3.0
2025-11-08 21:00:00,DOM,17.0,10.4,65.0,0.0,0.0,1011.0,3.0
2025-11-08 22:00:00,DOM,13.0,9.1,77.0,0.0,0.0,1011.0,3.0
2025-11-08 23:00:00,DOM,13.0,9.1,77.0,0.0,0.0,1012.0,5.0
2025-11-09 00:00:00,DOM,12.0,9.2,83.0,0.0,0.0,1012.0,1.0
2025-11-09 01:00:00,DOM,11.0,8.7,86.0,0.0,0.0,1012.0,1.0
2025-11-09 02:00:00,DOM,11.0,9.3,89.0,0.0,0.0,1012.0,1.0
2025-11-09 03:00:00,DOM,11.0,9.3,89.0,0.0,0.0,1012.0,1.0
2025-11-09 04:00:00,DOM,9.0,8.5,97.0,0.0,0.0,1012.0,1.0
2025-11-09 05:00:00,DOM,10.0,8.9,93.0,0.0,0.0,1011.0,1.0
2025-11-09 06:00:00,DOM,11.0,9.7,92.0,0.0,0.0,1011.0,3.0
2025-11-09 07:00:00,DOM,11.0,9.7,92.0,0.0,0.0,1010.0,3.0
2025-11-09 08:00:00,DOM,10.0,9.4,96.0,0.0,0.0,1010.0,2.0
2025-11-09 09:00:00,DOM,11.0,9.9,93.0,0.0,0.0,1010.0,2.0
2025-11-09 10:00:00,DOM,12.0,10.9,93.0,0.0,0.0,1010.0,3.0
2025-11-09 11:00:00,DOM,12.0,10.9,93.0,0.0,0.0,1009.0,5.0
2025-11-09 12:00:00,DOM,14.0,13.0,94.0,0.1,7.0,1010.0,5.0
2025-11-09 13:00:00,DOM,14.0,13.5,97.0,0.0,0.0,1009.0,5.0
2025-11-09 14:00:00,DOM,16.0,14.9,93.0,0.0,11.0,1009.0,5.0
2025-11-09 15:00:00,DOM,18.0,15.3,84.0,0.0,13.0,1009.0,5.0
2025-11-09 16:00:00,DOM,19.0,14.7,76.0,0.0,15.0,1008.0,2.0
2025-11-09 17:00:00,DOM,22.0,14.9,64.0,0.0,13.0,1006.0,3.0
2025-11-09 18:00:00,DOM,23.0,13.7,56.0,0.0,15.0,1006.0,3.0
2025-11-09 19:00:00,DOM,23.0,14.0,57.0,0.0,15.0,1006.0,2.0
2025-11-09 20:00:00,DOM,22.8,12.7,53.0,0.0,8.0,1005.5,2.0
2025-11-09 21:00:00,DOM,20.0,12.2,61.0,0.0,0.0,1006.0,3.0
2025-11-09 22:00:00,DOM,18.0,13.5,75.0,0.0,0.0,1006.0,3.0
2025-11-09 23:00:00,DOM,19.0,12.3,65.0,0.0,13.0,1006.0,25.0
2025-11-10 00:00:00,DOM,17.0,14.3,84.0,0.2,24.0,1006.0,25.0
2025-11-10 01:00:00,DOM,14.0,12.9,93.0,0.1,13.0,1008.0,8.0
2025-11-10 02:00:00,DOM,14.0,12.9,93.0,0.0,6.0,1008.0,3.0
2025-11-10 03:00:00,DOM,14.0,12.4,90.0,0.0,6.0,1008.0,3.0
2025-11-10 04:00:00,DOM,13.0,11.4,90.0,0.0,0.0,1009.0,3.0
2025-11-10 05:00:00,DOM,13.0,11.2,89.0,0.0,0.0,1008.0,3.0
2025-11-10 06:00:00,DOM,12.0,9.7,86.0,0.0,9.0,1008.0,3.0
2025-11-10 07:00:00,DOM,12.0,9.7,86.0,0.0,11.0,1008.0,3.0
2025-11-10 08:00:00,DOM,11.0,6.5,74.0,0.0,7.0,1009.0,3.0
2025-11-10 09:00:00,DOM,10.0,2.8,61.0,0.0,17.0,1009.0,3.0
2025-11-10 10:00:00,DOM,9.0,0.2,54.0,0.0,13.0,1010.0,3.0
2025-11-10 11:00:00,DOM,8.0,-0.5,55.0,0.0,9.0,1010.0,3.0
2025-11-10 12:00:00,DOM,7.0,-1.2,56.0,0.0,9.0,1011.0,2.0
2025-11-10 13:00:00,DOM,8.0,-1.3,52.0,0.0,9.0,1011.0,3.0
2025-11-10 14:00:00,DOM,9.0,-2.0,46.0,0.0,11.0,1011.0,3.0
2025-11-10 15:00:00,DOM,9.0,-2.0,46.0,0.0,11.0,1010.0,3.0
2025-11-10 16:00:00,DOM,11.0,-1.7,41.0,0.0,9.0,1009.0,3.0
2025-11-10 17:00:00,DOM,9.0,-4.2,39.0,0.0,15.0,1008.0,1.0
2025-11-10 18:00:00,DOM,12.0,-4.2,32.0,0.0,17.0,1008.0,1.0
2025-11-10 19:00:00,DOM,11.0,-3.9,35.0,0.0,15.0,1009.0,1.0
2025-11-10 20:00:00,DOM,10.0,-5.9,32.0,0.0,15.0,1009.0,1.0
2025-11-10 21:00:00,DOM,9.0,-5.6,35.0,0.0,13.0,1009.0,2.0
2025-11-10 22:00:00,DOM,8.0,-5.8,37.0,0.0,13.0,1010.0,3.0
2025-11-10 23:00:00,DOM,7.0,-6.3,38.0,0.0,11.0,1011.0,3.0
2025-11-11 00:00:00,DOM,7.0,-7.0,36.0,0.0,17.0,1012.0,3.0
2025-11-11 01:00:00,DOM,6.0,-7.2,38.0,0.2,15.0,1012.0,7.0
2025-11-11 02:00:00,DOM,4.0,-8.1,41.0,0.2,0.0,1013.0,7.0
2025-11-11 03:00:00,DOM,4.0,-7.1,44.0,0.0,0.0,1013.0,3.0
2025-11-11 04:00:00,DOM,4.0,-7.1,44.0,0.0,6.0,1013.0,3.0
2025-11-11 05:00:00,DOM,3.0,-7.5,46.0,0.1,19.0,1013.0,12.0
2025-11-11 06:00:00,DOM,3.0,-7.5,46.0,1.0,11.0,1014.0,13.0
2025-11-11 07:00:00,DOM,3.0,-8.1,44.0,0.8,20.0,1014.0,12.0
2025-11-11 08:00:00,DOM,2.0,-9.0,44.0,0.0,19.0,1014.0,3.0
2025-11-11 09:00:00,DOM,1.0,-11.7,38.0,0.0,26.0,1015.0,3.0
2025-11-11 10:00:00,DOM,-1.0,-13.5,38.0,0.0,22.0,1016.0,1.0
2025-11-11 11:00:00,DOM,-1.0,-13.2,39.0,0.0,17.0,1018.0,1.0
2025-11-11 12:00:00,DOM,0.0,-13.3,36.0,0.0,20.0,1019.0,1.0
2025-11-11 13:00:00,DOM,2.0,-13.0,32.0,0.0,35.0,1020.0,1.0
2025-11-11 14:00:00,DOM,3.0,-12.5,31.0,0.0,26.0,1019.0,2.0
2025-11-11 15:00:00,DOM,4.0,-13.3,27.0,0.0,32.0,1019.0,2.0
2025-11-11 16:00:00,DOM,6.0,-11.1,28.0,0.0,24.0,1019.0,1.0
2025-11-11 17:00:00,DOM,7.0,-10.3,28.0,0.0,24.0,1019.0,1.0
2025-11-11 18:00:00,DOM,7.0,-10.3,28.0,0.0,24.0,1018.0,1.0
2025-11-11 19:00:00,DOM,8.0,-8.9,29.0,0.0,26.0,1018.0,1.0
2025-11-11 20:00:00,DOM,8.0,-8.5,30.0,0.0,17.0,1018.0,1.0
2025-11-11 21:00:00,DOM,7.0,-8.6,32.0,0.0,20.0,1018.0,2.0
2025-11-11 22:00:00,DOM,6.0,-9.0,33.0,0.0,15.0,1019.0,1.0
2025-11-11 23:00:00,DOM,5.0,-9.9,33.0,0.0,13.0,1020.0,1.0
2025-11-12 00:00:00,DOM,5.0,-9.2,35.0,0.0,13.0,1019.0,1.0
2025-11-12 01:00:00,DOM,4.0,-9.7,36.0,0.0,11.0,1019.0,1.0
2025-11-12 02:00:00,DOM,5.0,-9.2,35.0,0.0,11.0,1019.0,2.0
2025-11-12 03:00:00,DOM,6.0,-9.4,32.0,0.0,19.0,1018.0,3.0
2025-11-12 04:00:00,DOM,6.0,-9.4,32.0,0.0,17.0,1018.0,3.0
2025-11-12 05:00:00,DOM,7.0,-8.6,32.0,0.0,15.0,1018.0,3.0
2025-11-12 06:00:00,DOM,6.0,-7.9,36.0,0.0,20.0,1017.0,3.0
2025-11-12 07:00:00,DOM,6.0,-7.2,38.0,0.0,13.0,1016.0,3.0
2025-11-12 08:00:00,DOM,5.0,-7.8,39.0,0.0,17.0,1016.0,3.0
2025-11-12 09:00:00,DOM,4.0,-8.1,41.0,0.0,13.0,1016.0,1.0
2025-11-12 10:00:00,DOM,4.0,-7.4,43.0,0.0,15.0,1015.0,1.0
2025-11-12 11:00:00,DOM,4.0,-7.1,44.0,0.0,9.0,1015.0,1.0
2025-11-12 12:00:00,DOM,6.0,-6.3,41.0,0.0,17.0,1015.0,1.0
2025-11-12 13:00:00,DOM,7.0,-5.7,40.0,0.0,20.0,1015.0,1.0
2025-11-12 14:00:00,DOM,10.0,-5.1,34.0,0.0,30.0,1015.0,1.0
2025-11-12 15:00:00,DOM,12.0,-4.2,32.0,0.0,20.0,1014.0,2.0
2025-11-12 16:00:00,DOM,13.0,-3.7,31.0,0.0,28.0,1012.0,3.0
2025-11-12 17:00:00,DOM,15.0,-2.9,29.0,0.0,26.0,1011.0,2.0
2025-11-12 18:00:00,DOM,17.0,-1.6,28.0,0.0,15.0,1011.0,1.0
2025-11-12 19:00:00,DOM,17.0,-1.6,28.0,0.0,22.0,1010.0,1.0
2025-11-12 20:00:00,DOM,17.0,-1.6,28.0,0.0,19.0,1010.0,3.0
2025-11-12 21:00:00,DOM,16.0,-1.1,31.0,0.0,15.0,1010.0,1.0
2025-11-12 22:00:00,DOM,13.0,-1.4,37.0,0.0,9.0,1011.0,1.0
2025-11-12 23:00:00,DOM,13.0,-0.3,40.0,0.0,9.0,1012.0,1.0
2025-11-13 00:00:00,DOM,12.0,-0.2,43.0,0.0,7.0,1012.0,1.0
2025-11-13 01:00:00,DOM,7.0,1.5,68.0,0.0,0.0,1013.0,1.0
2025-11-13 02:00:00,DOM,6.0,1.5,73.0,0.0,0.0,1014.0,1.0
2025-11-13 03:00:00,DOM,4.0,-0.4,73.0,0.0,0.0,1015.0,1.0
2025-11-13 04:00:00,DOM,4.0,-0.4,73.0,0.0,0.0,1015.0,1.0
2025-11-13 05:00:00,DOM,2.0,-0.7,82.0,0.0,6.0,1015.0,1.0
2025-11-13 06:00:00,DOM,3.0,0.4,83.0,0.0,0.0,1016.0,1.0
2025-11-13 07:00:00,DOM,3.0,-0.3,79.0,0.0,6.0,1017.0,2.0
2025-11-13 08:00:00,DOM,6.0,-1.4,59.0,0.0,0.0,1017.0,3.0
2025-11-13 09:00:00,DOM,9.0,-3.2,42.0,0.0,24.0,1017.0,3.0
2025-11-13 10:00:00,DOM,10.0,-4.4,36.0,0.0,7.0,1018.0,3.0
2025-11-13 11:00:00,DOM,7.0,-3.5,47.0,0.0,0.0,1018.0,3.0
2025-11-13 12:00:00,DOM,6.0,-1.2,60.0,0.0,0.0,1019.0,3.0
2025-11-13 13:00:00,DOM,7.0,-0.7,58.0,0.0,6.0,1019.0,3.0
2025-11-13 14:00:00,DOM,13.0,-2.1,35.0,0.0,13.3,1019.0,3.0
2025-11-13 15:00:00,DOM,14.0,-4.2,28.0,0.0,17.0,1018.0,1.0
2025-11-13 16:00:00,DOM,16.0,-3.0,27.0,0.0,17.0,1018.0,1.0
2025-11-13 17:00:00,DOM,16.0,-4.0,25.0,0.0,22.0,1017.0,1.0
2025-11-13 18:00:00,DOM,17.0,-3.7,24.0,0.0,22.0,1017.0,1.0
2025-11-13 19:00:00,DOM,17.0,-4.3,23.0,0.0,15.0,1017.0,1.0
2025-11-13 20:00:00,DOM,17.0,-5.5,21.0,0.0,13.0,1018.0,2.0
2025-11-13 21:00:00,DOM,13.0,-5.1,28.0,0.0,0.0,1018.0,3.0
2025-11-13 22:00:00,DOM,9.0,-3.2,42.0,0.0,0.0,1019.0,2.0
2025-11-13 23:00:00,DOM,7.0,-1.9,53.0,0.0,0.0,1019.0,1.0
2025-11-14 00:00:00,DOM,6.0,-0.3,64.0,0.0,0.0,1020.0,2.0
2025-11-14 01:00:00,DOM,4.0,-1.0,70.0,0.0,0.0,1020.0,2.0
2025-11-14 02:00:00,DOM,3.0,-1.9,70.0,0.0,6.0,1021.0,3.0
2025-11-14 03:00:00,DOM,2.0,-2.3,73.0,0.0,0.0,1021.0,2.0
2025-11-14 04:00:00,DOM,2.0,-2.5,72.0,0.0,0.0,1021.0,2.0
2025-11-14 05:00:00,DOM,1.0,-2.2,79.0,0.0,0.0,1021.0,3.0
2025-11-14 06:00:00,DOM,1.0,-1.7,82.0,0.0,0.0,1021.0,3.0
2025-11-14 07:00:00,DOM,-1.0,-3.2,85.0,0.0,0.0,1022.0,1.0
2025-11-14 08:00:00,DOM,-1.0,-3.2,85.0,0.0,0.0,1022.0,1.0
2025-11-14 09:00:00,DOM,0.0,-2.2,85.0,0.0,0.0,1022.0,1.0
2025-11-14 10:00:00,DOM,-1.0,-2.7,88.0,0.0,0.0,1023.0,1.0
2025-11-14 11:00:00,DOM,-1.0,-2.1,92.0,0.0,0.0,1023.0,1.0
2025-11-14 12:00:00,DOM,1.0,-1.7,82.0,0.0,0.0,1024.0,1.0
2025-11-14 13:00:00,DOM,7.0,-2.4,51.0,0.0,0.0,1024.0,1.0
2025-11-14 14:00:00,DOM,12.0,-2.2,37.0,0.0,9.0,1024.0,1.0
2025-11-14 15:00:00,DOM,13.0,-3.7,31.0,0.0,0.0,1023.0,1.0
2025-11-14 16:00:00,DOM,14.0,-3.8,29.0,0.0,6.0,1022.0,1.0
2025-11-14 17:00:00,DOM,14.0,-5.2,26.0,0.0,15.0,1021.0,1.0
2025-11-14 18:00:00,DOM,16.0,-3.0,27.0,0.0,7.0,1020.0,1.0
2025-11-14 19:00:00,DOM,16.0,-3.5,26.0,0.0,9.0,1020.0,2.0
2025-11-14 20:00:00,DOM,15.0,-4.4,26.0,0.0,7.0,1019.0,3.0
2025-11-14 21:00:00,DOM,13.0,-2.5,34.0,0.0,6.0,1019.0,2.0
2025-11-14 22:00:00,DOM,11.0,-0.2,46.0,0.0,6.0,1018.0,2.0
2025-11-14 23:00:00,DOM,12.0,-0.2,43.0,0.0,0.0,1017.0,2.0
2025-11-15 00:00:00,DOM,12.0,-1.9,38.0,0.0,9.0,1017.0,2.0
2025-11-15 01:00:00,DOM,12.0,1.3,48.0,0.0,9.0,1016.0,2.0
2025-11-15 02:00:00,DOM,13.0,-0.3,40.0,0.0,11.0,1015.0,2.0
2025-11-15 03:00:00,DOM,14.0,-0.8,36.0,0.0,13.0,1015.0,3.0
2025-11-15 04:00:00,DOM,14.0,-1.6,34.0,0.0,13.0,1014.0,3.0
2025-11-15 05:00:00,DOM,13.0,-2.1,35.0,0.0,9.0,1014.0,3.0
2025-11-15 06:00:00,DOM,9.0,1.9,61.0,0.0,0.0,1014.0,3.0
2025-11-15 07:00:00,DOM,11.0,1.5,52.0,0.0,6.0,1013.0,2.0
2025-11-15 08:00:00,DOM,11.0,1.0,50.0,0.0,0.0,1013.0,2.0
2025-11-15 09:00:00,DOM,11.0,-0.2,46.0,0.0,6.0,1013.0,3.0
2025-11-15 10:00:00,DOM,9.0,0.7,56.0,0.0,0.0,1013.0,3.0
2025-11-15 11:00:00,DOM,8.0,0.9,61.0,0.0,0.0,1013.0,3.0
2025-11-15 12:00:00,DOM,9.0,3.4,68.0,0.0,0.0,1013.0,3.0
2025-11-15 13:00:00,DOM,13.0,1.3,45.0,0.0,0.0,1012.0,3.0
2025-11-15 14:00:00,DOM,16.0,2.8,41.0,0.0,7.0,1012.0,3.0
2025-11-15 15:00:00,DOM,17.0,4.7,44.0,0.0,6.0,1011.0,3.0
2025-11-15 16:00:00,DOM,19.0,6.1,43.0,0.0,6.0,1010.0,3.0
2025-11-15 17:00:00,DOM,20.0,7.4,44.0,0.0,7.0,1008.0,3.0
2025-11-15 18:00:00,DOM,21.0,8.3,44.0,0.0,9.0,1006.0,3.0
2025-11-15 19:00:00,DOM,22.0,9.2,44.0,0.0,15.0,1005.0,3.0
2025-11-15 20:00:00,DOM,21.0,9.2,47.0,0.0,15.0,1005.0,3.0
2025-11-15 21:00:00,DOM,20.0,9.5,51.0,0.0,11.0,1004.0,3.0
2025-11-15 22:00:00,DOM,20.0,9.0,49.0,0.0,15.0,1004.0,3.0
2025-11-15 23:00:00,DOM,20.0,8.3,47.0,0.0,19.0,1003.0,3.0
2025-11-16 00:00:00,DOM,20.0,8.3,47.0,0.0,20.0,1002.0,3.0
2025-11-16 01:00:00,DOM,20.0,8.3,47.0,0.0,20.0,1001.0,3.0
2025-11-16 02:00:00,DOM,20.0,7.4,44.0,0.0,19.0,1001.0,2.0
2025-11-16 03:00:00,DOM,19.0,6.8,45.0,0.0,17.0,1000.0,3.0
2025-11-16 04:00:00,DOM,18.0,6.5,47.0,0.0,19.0,998.0,3.0
2025-11-16 05:00:00,DOM,18.0,6.8,48.0,0.0,17.0,998.0,2.0
2025-11-16 06:00:00,DOM,18.0,7.4,50.0,0.0,17.0,997.0,3.0
2025-11-16 07:00:00,DOM,18.0,8.0,52.0,0.0,13.0,996.0,3.0
2025-11-16 08:00:00,DOM,18.0,9.6,58.0,0.0,19.0,996.0,3.0
2025-11-16 09:00:00,DOM,18.0,9.6,58.0,0.0,15.0,996.0,3.0
2025-11-16 10:00:00,DOM,17.0,9.2,60.0,0.0,15.0,996.0,3.0
2025-11-16 11:00:00,DOM,17.0,9.7,62.0,0.0,17.0,997.0,3.0
2025-11-16 12:00:00,DOM,18.0,10.1,60.0,0.0,19.0,998.0,1.0
2025-11-16 13:00:00,DOM,19.0,9.7,55.0,0.0,17.0,998.0,2.0
2025-11-16 14:00:00,DOM,20.0,7.4,44.0,0.0,28.0,998.0,2.0
2025-11-16 15:00:00,DOM,19.0,5.1,40.0,0.0,11.0,999.0,2.0
2025-11-16 16:00:00,DOM,19.0,4.0,37.0,0.0,22.0,999.0,2.0
2025-11-16 17:00:00,DOM,21.0,3.2,31.0,0.0,28.0,998.0,1.0
2025-11-16 18:00:00,DOM,19.0,-2.0,24.0,0.0,37.0,999.0,3.0
2025-11-16 19:00:00,DOM,18.3,-1.0,27.0,0.0,16.0,999.3,3.0
2025-11-16 20:00:00,DOM,16.1,-1.0,31.0,0.0,10.0,,1.0
2025-11-16 21:00:00,DOM,14.4,-4.9,26.0,0.0,11.0,,1.0
2025-11-16 22:00:00,DOM,13.9,-10.7,17.0,0.0,12.0,,1.0
2025-11-16 23:00:00,DOM,12.8,-12.4,16.0,0.0,13.0,,1.0
2025-11-17 00:00:00,DOM,11.1,-11.0,20.0,0.0,3.0,,1.0
2025-11-17 01:00:00,DOM,7.8,-8.7,30.0,0.0,5.0,,1.0
2025-11-17 02:00:00,DOM,6.1,-6.2,41.0,0.0,0.0,,1.0
2025-11-17 03:00:00,DOM,5.0,-3.3,55.0,0.0,0.0,,1.0
2025-11-17 04:00:00,DOM,5.6,-6.6,41.0,0.0,5.0,,1.0
2025-11-17 05:00:00,DOM,5.6,-7.3,39.0,0.0,5.0,,1.0
2025-11-17 06:00:00,DOM,7.2,-8.4,32.0,0.0,5.0,,1.0
2025-11-17 07:00:00,DOM,3.9,-6.7,46.0,0.0,0.0,,1.0
2025-11-17 08:00:00,DOM,2.8,-5.1,56.0,0.0,3.0,,1.0
2025-11-17 09:00:00,DOM,3.3,-7.2,46.0,0.0,5.0,,1.0
2025-11-17 10:00:00,DOM,3.3,-7.2,46.0,0.0,3.0,,1.0
2025-11-17 11:00:00,DOM,2.8,-5.6,54.0,0.0,3.0,1011.9,1.0
2025-11-17 12:00:00,DOM,6.1,-6.8,39.0,0.0,5.0,1013.3,1.0
2025-11-17 13:00:00,DOM,7.8,-7.1,34.0,0.0,3.0,1014.6,1.0
2025-11-17 14:00:00,DOM,8.9,-6.5,33.0,0.0,0.0,1015.5,1.0
2025-11-17 15:00:00,DOM,10.6,-7.2,28.0,0.0,7.0,1015.8,1.0
2025-11-17 16:00:00,DOM,11.1,-8.2,25.0,0.0,6.0,1015.7,1.0
2025-11-17 17:00:00,DOM,12.2,-9.5,21.0,0.0,14.0,1015.0,1.0
2025-11-17 18:00:00,DOM,12.8,-10.3,19.0,0.0,10.0,1014.5,1.0
2025-11-17 19:00:00,DOM,11.2,-6.2,29.0,0.0,13.3,1014.1,1.0
2025-11-17 20:00:00,DOM,11.3,-7.0,27.0,0.0,13.3,1014.3,1.0
2025-11-17 21:00:00,DOM,10.9,-6.9,28.0,0.0,10.8,1014.9,1.0
2025-11-17 22:00:00,DOM,8.2,-4.9,39.0,0.0,5.0,1015.5,1.0
2025-11-17 23:00:00,DOM,7.4,-5.0,41.0,0.0,3.6,1016.2,1.0
2025-11-18 00:00:00,DOM,6.1,-4.4,47.0,0.0,4.3,1017.2,1.0
2025-11-18 01:00:00,DOM,4.9,-4.1,52.0,0.0,7.6,1018.4,1.0
2025-11-18 02:00:00,DOM,4.7,-4.3,52.0,0.0,8.3,1019.5,1.0
2025-11-18 03:00:00,DOM,3.6,-4.4,56.0,0.0,6.5,1020.3,1.0
2025-11-18 04:00:00,DOM,3.2,-4.5,57.0,0.0,5.8,1020.9,1.0
2025-11-18 05:00:00,DOM,2.7,-4.7,58.0,0.0,5.4,1021.0,1.0
2025-11-18 06:00:00,DOM,2.3,-4.7,60.0,0.0,4.7,1021.4,1.0
2025-11-18 07:00:00,DOM,1.9,-4.8,61.0,0.0,4.0,1021.8,1.0
2025-11-18 08:00:00,DOM,1.6,-4.9,62.0,0.0,3.6,1022.3,1.0
2025-11-18 09:00:00,DOM,1.5,-5.2,61.0,0.0,3.6,1022.6,1.0
2025-11-18 10:00:00,DOM,1.4,-5.3,61.0,0.0,3.2,1023.0,1.0
2025-11-18 11:00:00,DOM,1.4,-5.3,61.0,0.0,1.8,1023.5,2.0
2025-11-18 12:00:00,DOM,1.4,-5.3,61.0,0.0,1.8,1024.2,2.0
2025-11-18 13:00:00,DOM,3.2,-4.5,57.0,0.0,6.5,1024.6,2.0
2025-11-18 14:00:00,DOM,6.2,-4.0,48.0,0.0,5.8,1024.7,2.0
2025-11-18 15:00:00,DOM,8.1,-3.7,43.0,0.0,6.1,1025.0,1.0
2025-11-18 16:00:00,DOM,9.6,-3.7,39.0,0.0,6.5,1024.6,2.0
2025-11-18 17:00:00,DOM,10.4,-4.0,36.0,0.0,7.6,1023.6,3.0
2025-11-18 18:00:00,DOM,10.2,-3.5,38.0,0.0,7.2,1022.7,3.0
2025-11-18 19:00:00,DOM,11.3,-2.9,37.0,0.0,7.9,1021.7,3.0
2025-11-18 20:00:00,DOM,11.6,-2.6,37.0,0.0,8.3,1021.3,3.0
2025-11-18 21:00:00,DOM,11.2,-1.6,41.0,0.0,6.1,1021.5,3.0
2025-11-18 22:00:00,DOM,9.8,-1.0,47.0,0.0,9.0,1021.2,3.0
2025-11-18 23:00:00,DOM,9.5,-0.7,49.0,0.0,9.7,1021.1,3.0
2025-11-19 00:00:00,DOM,8.7,0.2,55.0,0.6,11.5,1021.4,8.0
2025-11-19 01:00:00,DOM,8.2,2.0,65.0,0.5,10.8,1021.2,8.0
2025-11-19 02:00:00,DOM,7.7,1.8,66.0,0.0,12.2,1020.7,3.0
2025-11-19 03:00:00,DOM,7.1,2.0,70.0,0.0,11.2,1020.6,3.0
2025-11-19 04:00:00,DOM,7.1,2.2,71.0,0.0,10.4,1020.7,3.0
2025-11-19 05:00:00,DOM,7.1,2.4,72.0,0.2,10.8,1020.7,7.0
2025-11-19 06:00:00,DOM,6.5,4.3,86.0,0.5,13.7,1020.1,8.0
2025-11-19 07:00:00,DOM,6.8,4.6,86.0,0.0,15.5,1019.1,3.0
2025-11-19 08:00:00,DOM,7.3,4.4,82.0,0.0,12.6,1018.7,3.0
2025-11-19 09:00:00,DOM,7.5,4.5,81.0,0.0,10.1,1018.5,3.0
2025-11-19 10:00:00,DOM,7.8,4.7,81.0,0.0,9.0,1018.5,3.0
2025-11-19 11:00:00,DOM,7.8,5.1,83.0,0.0,8.6,1018.7,3.0
2025-11-19 12:00:00,DOM,7.6,5.6,87.0,0.0,4.0,1019.6,3.0
2025-11-19 13:00:00,DOM,8.7,5.8,82.0,0.0,4.7,1020.1,3.0
2025-11-19 14:00:00,DOM,10.7,6.1,73.0,0.0,4.7,1020.6,1.0
2025-11-19 15:00:00,DOM,12.6,5.7,63.0,0.0,6.1,1020.9,1.0
2025-11-19 16:00:00,DOM,14.0,5.9,58.0,0.0,8.3,1020.9,1.0
2025-11-19 17:00:00,DOM,15.3,5.8,53.0,0.0,9.4,1020.1,1.0
2025-11-19 18:00:00,DOM,16.1,6.0,51.0,0.0,10.1,1019.4,1.0
2025-11-19 19:00:00,DOM,16.3,6.4,52.0,0.0,9.7,1019.0,1.0
2025-11-19 20:00:00,DOM,16.0,6.7,54.0,0.0,8.3,1019.4,1.0
2025-11-19 21:00:00,DOM,15.0,7.1,59.0,0.0,6.1,1020.0,2.0
2025-11-19 22:00:00,DOM,12.4,6.9,69.0,0.0,9.0,1020.4,3.0
2025-11-19 23:00:00,DOM,11.0,6.9,76.0,0.0,11.9,1020.8,3.0
2025-11-20 00:00:00,DOM,9.7,6.8,82.0,0.0,11.9,1021.3,1.0
2025-11-20 01:00:00,DOM,8.7,6.5,86.0,0.0,11.5,1021.9,2.0
2025-11-20 02:00:00,DOM,7.7,6.0,89.0,0.0,10.4,1022.2,1.0
2025-11-20 03:00:00,DOM,7.0,5.5,90.0,0.0,10.8,1022.2,1.0
2025-11-20 04:00:00,DOM,6.5,5.3,92.0,0.0,9.4,1022.0,1.0
2025-11-20 05:00:00,DOM,6.0,5.1,94.0,0.0,6.8,1021.8,1.0
2025-11-20 06:00:00,DOM,5.6,4.9,95.0,0.0,6.8,1021.8,1.0
2025-11-20 07:00:00,DOM,5.7,5.0,95.0,0.0,7.2,1021.7,1.0
2025-11-20 08:00:00,DOM,6.3,5.6,95.0,0.0,7.2,1021.5,3.0
2025-11-20 09:00:00,DOM,6.7,5.6,93.0,0.0,6.5,1021.5,3.0
2025-11-20 10:00:00,DOM,7.0,5.9,93.0,0.0,7.9,1021.5,3.0
2025-11-20 11:00:00,DOM,7.0,5.9,93.0,0.0,5.8,1022.1,3.0
2025-11-20 12:00:00,DOM,7.3,6.1,92.0,0.0,6.1,1022.5,3.0
2025-11-20 13:00:00,DOM,,,,,,,
2025-11-20 14:00:00,DOM,,,,,,,
2025-11-20 15:00:00,DOM,,,,,,,
2025-11-20 16:00:00,DOM,,,,,,,
2025-11-20 17:00:00,DOM,,,,,,,
2025-11-20 18:00:00,DOM,10.3,6.8,79.0,,4.0,1021.6,
2025-11-20 19:00:00,DOM,,,,,,,
2025-11-20 20:00:00,DOM,,,,,,,
2025-11-20 21:00:00,DOM,,,,,,,
2025-11-20 22:00:00,DOM,,,,,,,
2025-11-20 23:00:00,DOM,,,,,,,
2025-11-21 00:00:00,DOM,8.9,7.0,88.0,,0.7,1021.2,
2025-11-21 01:00:00,DOM,,,,,,,
2025-11-21 02:00:00,DOM,,,,,,,
2025-11-21 03:00:00,DOM,,,,,,,
2025-11-21 04:00:00,DOM,,,,,,,
2025-11-21 05:00:00,DOM,,,,,,,
2025-11-21 06:00:00,DOM,5.9,5.5,97.0,,2.9,1019.9,
2025-11-21 07:00:00,DOM,,,,,,,
2025-11-21 08:00:00,DOM,,,,,,,
2025-11-21 09:00:00,DOM,,,,,,,
2025-11-21 10:00:00,DOM,,,,,,,
2025-11-21 11:00:00,DOM,,,,,,,
2025-11-21 12:00:00,DOM,6.0,6.0,100.0,,9.4,1018.1,
2025-11-21 13:00:00,DOM,,,,,,,
2025-11-21 14:00:00,DOM,,,,,,,
2025-11-21 15:00:00,DOM,,,,,,,
2025-11-21 16:00:00,DOM,,,,,,,
2025-11-21 17:00:00,DOM,,,,,,,
2025-11-21 18:00:00,DOM,16.1,11.3,73.0,,11.2,1014.3,
2025-11-21 19:00:00,DOM,,,,,,,
2025-11-21 20:00:00,DOM,,,,,,,
2025-11-21 21:00:00,DOM,,,,,,,
2025-11-21 22:00:00,DOM,,,,,,,
2025-11-21 23:00:00,DOM,,,,,,,
2025-11-22 00:00:00,DOM,14.5,13.0,91.0,,7.9,1012.9,
2025-11-22 01:00:00,DOM,,,,,,,
2025-11-22 02:00:00,DOM,,,,,,,
2025-11-22 03:00:00,DOM,,,,,,,
2025-11-22 04:00:00,DOM,,,,,,,
2025-11-22 05:00:00,DOM,,,,,,,
2025-11-22 06:00:00,DOM,14.0,13.8,99.0,,6.5,1010.1,
2025-11-22 07:00:00,DOM,,,,,,,
2025-11-22 08:00:00,DOM,,,,,,,
2025-11-22 09:00:00,DOM,,,,,,,
2025-11-22 10:00:00,DOM,,,,,,,
2025-11-22 11:00:00,DOM,,,,,,,
2025-11-22 12:00:00,DOM,11.8,11.6,99.0,,13.0,1011.0,
2025-11-22 13:00:00,DOM,,,,,,,
2025-11-22 14:00:00,DOM,,,,,,,
2025-11-22 15:00:00,DOM,,,,,,,
2025-11-22 16:00:00,DOM,,,,,,,
2025-11-22 17:00:00,DOM,,,,,,,
2025-11-22 18:00:00,DOM,8.6,7.7,94.0,,16.9,1012.9,
2025-11-22 19:00:00,DOM,,,,,,,
2025-11-22 20:00:00,DOM,,,,,,,
2025-11-22 21:00:00,DOM,,,,,,,
2025-11-22 22:00:00,DOM,,,,,,,
2025-11-22 23:00:00,DOM,,,,,,,
2025-11-23 00:00:00,DOM,8.8,3.0,67.0,,12.2,1016.7,
2025-11-23 01:00:00,DOM,,,,,,,
2025-11-23 02:00:00,DOM,,,,,,,
2025-11-23 03:00:00,DOM,,,,,,,
2025-11-23 04:00:00,DOM,,,,,,,
2025-11-23 05:00:00,DOM,,,,,,,
2025-11-23 06:00:00,DOM,5.4,1.1,74.0,,8.6,1018.5,
2025-11-23 07:00:00,DOM,,,,,,,
2025-11-23 08:00:00,DOM,,,,,,,
2025-11-23 09:00:00,DOM,,,,,,,
2025-11-23 10:00:00,DOM,,,,,,,
2025-11-23 11:00:00,DOM,,,,,,,
2025-11-23 12:00:00,DOM,1.4,-0.2,89.0,,5.8,1020.0,
2025-11-23 13:00:00,DOM,,,,,,,
2025-11-23 14:00:00,DOM,,,,,,,
2025-11-23 15:00:00,DOM,,,,,,,
2025-11-23 16:00:00,DOM,,,,,,,
2025-11-23 17:00:00,DOM,,,,,,,
2025-11-23 18:00:00,DOM,12.7,0.1,42.0,,3.2,1019.2,
2025-11-23 19:00:00,DOM,,,,,,,
2025-11-23 20:00:00,DOM,,,,,,,
2025-11-23 21:00:00,DOM,,,,,,,
2025-11-23 22:00:00,DOM,,,,,,,
2025-11-23 23:00:00,DOM,,,,,,,
2025-11-24 00:00:00,DOM,6.4,2.1,74.0,,3.6,1019.7,
2025-11-24 01:00:00,DOM,,,,,,,
2025-11-24 02:00:00,DOM,,,,,,,
2025-11-24 03:00:00,DOM,,,,,,,
2025-11-24 04:00:00,DOM,,,,,,,
2025-11-24 05:00:00,DOM,,,,,,,
2025-11-24 06:00:00,DOM,3.9,0.9,81.0,,6.8,1020.1,
2025-11-24 07:00:00,DOM,,,,,,,
2025-11-24 08:00:00,DOM,,,,,,,
2025-11-24 09:00:00,DOM,,,,,,,
2025-11-24 10:00:00,DOM,,,,,,,
2025-11-24 11:00:00,DOM,,,,,,,
2025-11-24 12:00:00,DOM,2.7,0.6,86.0,,6.8,1021.4,
2025-11-24 13:00:00,DOM,,,,,,,
2025-11-24 14:00:00,DOM,,,,,,,
2025-11-24 15:00:00,DOM,,,,,,,
2025-11-24 16:00:00,DOM,,,,,,,
2025-11-24 17:00:00,DOM,,,,,,,
2025-11-24 18:00:00,DOM,16.6,7.2,54.0,,10.4,1019.8,
2025-11-24 19:00:00,DOM,,,,,,,
2025-11-24 20:00:00,DOM,,,,,,,
2025-11-24 21:00:00,DOM,,,,,,,
2025-11-24 22:00:00,DOM,,,,,,,
2025-11-24 23:00:00,DOM,,,,,,,
2025-11-25 00:00:00,DOM,11.4,6.9,74.0,,11.2,1020.0,
2025-11-25 01:00:00,DOM,,,,,,,
2025-11-25 02:00:00,DOM,,,,,,,
2025-11-25 03:00:00,DOM,,,,,,,
2025-11-25 04:00:00,DOM,,,,,,,
2025-11-25 05:00:00,DOM,,,,,,,
2025-11-25 06:00:00,DOM,8.9,6.7,86.0,,11.5,1019.5,
2025-11-25 07:00:00,DOM,,,,,,,
2025-11-25 08:00:00,DOM,,,,,,,
2025-11-25 09:00:00,DOM,,,,,,,
2025-11-25 10:00:00,DOM,,,,,,,
2025-11-25 11:00:00,DOM,,,,,,,
2025-11-25 12:00:00,DOM,7.5,6.4,93.0,,7.9,1019.9,
2025-11-25 13:00:00,DOM,,,,,,,
2025-11-25 14:00:00,DOM,,,,,,,
2025-11-25 15:00:00,DOM,,,,,,,
2025-11-25 16:00:00,DOM,,,,,,,
2025-11-25 17:00:00,DOM,,,,,,,
2025-11-25 18:00:00,DOM,15.3,8.1,62.0,,1.4,1019.8,
2025-11-25 19:00:00,DOM,,,,,,,
2025-11-25 20:00:00,DOM,,,,,,,
2025-11-25 21:00:00,DOM,,,,,,,
2025-11-25 22:00:00,DOM,,,,,,,
2025-11-25 23:00:00,DOM,,,,,,,
2025-11-26 00:00:00,DOM,10.7,6.8,77.0,,7.2,1021.0,
2025-11-26 01:00:00,DOM,,,,,,,
2025-11-26 02:00:00,DOM,,,,,,,
2025-11-26 03:00:00,DOM,,,,,,,
2025-11-26 04:00:00,DOM,,,,,,,
2025-11-26 05:00:00,DOM,,,,,,,
2025-11-26 06:00:00,DOM,7.6,6.2,91.0,,7.2,1022.0,
2025-11-26 07:00:00,DOM,,,,,,,
2025-11-26 08:00:00,DOM,,,,,,,
2025-11-26 09:00:00,DOM,,,,,,,
2025-11-26 10:00:00,DOM,,,,,,,
2025-11-26 11:00:00,DOM,,,,,,,
2025-11-26 12:00:00,DOM,6.0,4.6,91.0,,8.6,1024.2,
2025-11-26 13:00:00,DOM,,,,,,,
2025-11-26 14:00:00,DOM,,,,,,,
2025-11-26 15:00:00,DOM,,,,,,,
2025-11-26 16:00:00,DOM,,,,,,,
2025-11-26 17:00:00,DOM,,,,,,,
2025-11-26 18:00:00,DOM,11.7,2.4,53.0,,11.2,1023.8,
2025-11-26 19:00:00,DOM,,,,,,,
2025-11-26 20:00:00,DOM,,,,,,,
2025-11-26 21:00:00,DOM,,,,,,,
2025-11-26 22:00:00,DOM,,,,,,,
2025-11-26 23:00:00,DOM,,,,,,,
2025-11-27 00:00:00,DOM,8.7,1.8,62.0,,9.0,1024.6,
2025-11-01 00:00:00,DPLCO,12.0,-0.2,43.0,0.0,22.0,1006.0,1.0
2025-11-01 01:00:00,DPLCO,12.0,0.4,45.0,0.0,24.0,1007.0,1.0
2025-11-01 02:00:00,DPLCO,11.0,0.4,48.0,0.0,17.0,1008.0,1.0
2025-11-01 03:00:00,DPLCO,11.0,0.4,48.0,0.0,15.0,1009.0,1.0
2025-11-01 04:00:00,DPLCO,11.0,1.5,52.0,0.0,17.0,1009.0,1.0
2025-11-01 05:00:00,DPLCO,9.0,1.4,59.0,0.0,17.0,1010.0,1.0
2025-11-01 06:00:00,DPLCO,9.0,1.4,59.0,0.0,15.0,1011.0,1.0
2025-11-01 07:00:00,DPLCO,9.0,2.3,63.0,0.0,15.0,1011.0,1.0
2025-11-01 08:00:00,DPLCO,9.0,2.3,63.0,0.0,15.0,1012.0,1.0
2025-11-01 09:00:00,DPLCO,9.0,2.3,63.0,0.0,15.0,1013.0,1.0
2025-11-01 10:00:00,DPLCO,9.0,3.0,66.0,0.0,19.0,1013.0,1.0
2025-11-01 11:00:00,DPLCO,9.0,3.0,66.0,0.0,17.0,1014.0,1.0
2025-11-01 12:00:00,DPLCO,11.0,3.8,61.0,0.0,19.0,1015.0,2.0
2025-11-01 13:00:00,DPLCO,13.0,3.1,51.0,0.0,22.0,1016.0,3.0
2025-11-01 14:00:00,DPLCO,14.0,1.9,44.0,0.0,20.0,1016.0,3.0
2025-11-01 15:00:00,DPLCO,16.0,2.0,39.0,0.0,24.0,1016.0,2.0
2025-11-01 16:00:00,DPLCO,17.0,1.0,34.0,0.0,24.0,1016.0,2.0
2025-11-01 17:00:00,DPLCO,16.0,1.3,37.0,0.0,22.0,1016.0,3.0
2025-11-01 18:00:00,DPLCO,18.0,0.6,31.0,0.0,19.0,1016.0,3.0
2025-11-01 19:00:00,DPLCO,17.0,-0.3,31.0,0.0,20.0,1016.0,3.0
2025-11-01 20:00:00,DPLCO,17.0,0.2,32.0,0.0,17.0,1017.0,3.0
2025-11-01 21:00:00,DPLCO,14.0,-0.5,37.0,0.0,13.0,1017.0,3.0
2025-11-01 22:00:00,DPLCO,13.0,-0.3,40.0,0.0,6.0,1018.0,3.0
2025-11-01 23:00:00,DPLCO,11.0,1.0,50.0,0.0,7.0,1019.0,1.0
2025-11-02 00:00:00,DPLCO,10.0,1.1,54.0,0.0,6.0,1019.0,2.0
2025-11-02 01:00:00,DPLCO,9.0,2.3,63.0,0.0,6.0,1020.0,3.0
2025-11-02 02:00:00,DPLCO,7.0,1.5,68.0,0.0,7.0,1021.0,3.0
2025-11-02 03:00:00,DPLCO,7.0,2.5,73.0,0.0,7.0,1021.0,3.0
2025-11-02 04:00:00,DPLCO,6.0,2.6,79.0,0.0,6.0,1022.0,3.0
2025-11-02 05:00:00,DPLCO,6.0,2.6,79.0,0.0,6.0,1022.0,3.0
2025-11-02 06:00:00,DPLCO,5.0,2.2,82.0,0.0,6.0,1023.0,3.0
2025-11-02 07:00:00,DPLCO,4.0,1.9,86.0,0.0,6.0,1023.0,3.0
2025-11-02 08:00:00,DPLCO,4.0,2.4,89.0,0.0,6.0,1023.0,3.0
2025-11-02 09:00:00,DPLCO,4.0,1.9,86.0,0.0,7.0,1024.0,3.0
2025-11-02 10:00:00,DPLCO,3.0,1.4,89.0,0.0,6.0,1024.0,2.0
2025-11-02 11:00:00,DPLCO,4.0,1.9,86.0,0.0,6.0,1025.0,1.0
2025-11-02 12:00:00,DPLCO,7.0,3.8,80.0,0.0,0.0,1026.0,1.0
2025-11-02 13:00:00,DPLCO,12.0,5.4,64.0,0.0,6.0,1026.0,1.0
2025-11-02 14:00:00,DPLCO,13.0,3.1,51.0,0.0,6.0,1027.0,2.0
2025-11-02 15:00:00,DPLCO,16.0,3.7,44.0,0.0,6.0,1027.0,2.0
2025-11-02 16:00:00,DPLCO,17.0,1.4,35.0,0.0,0.0,1026.0,1.0
2025-11-02 17:00:00,DPLCO,18.0,-1.3,27.0,0.0,11.0,1025.0,1.0
2025-11-02 18:00:00,DPLCO,18.0,-0.3,29.0,0.0,7.0,1024.0,1.0
2025-11-02 19:00:00,DPLCO,18.0,0.6,31.0,0.0,13.0,1024.0,1.0
2025-11-02 20:00:00,DPLCO,17.0,1.0,34.0,0.0,15.0,1025.0,1.0
2025-11-02 21:00:00,DPLCO,15.0,1.9,41.0,0.0,9.0,1025.0,1.0
2025-11-02 22:00:00,DPLCO,14.0,4.6,53.0,0.0,7.0,1025.0,3.0
2025-11-02 23:00:00,DPLCO,13.0,6.8,66.0,0.0,11.0,1025.0,3.0
2025-11-03 00:00:00,DPLCO,12.0,8.1,77.0,0.0,13.0,1025.0,3.0
2025-11-03 01:00:00,DPLCO,9.0,6.8,86.0,0.0,0.0,1025.0,3.0
2025-11-03 02:00:00,DPLCO,9.0,5.7,80.0,0.0,0.0,1025.0,3.0
2025-11-03 03:00:00,DPLCO,7.0,4.8,86.0,0.0,7.0,1025.0,3.0
2025-11-03 04:00:00,DPLCO,7.0,4.8,86.0,0.0,6.0,1024.0,3.0
2025-11-03 05:00:00,DPLCO,6.0,4.3,89.0,0.0,9.0,1024.0,3.0
2025-11-03 06:00:00,DPLCO,6.0,4.3,89.0,0.0,6.0,1024.0,3.0
2025-11-03 07:00:00,DPLCO,7.0,5.5,90.0,0.0,6.0,1023.0,3.0
2025-11-03 08:00:00,DPLCO,8.0,6.3,89.0,0.0,7.0,1023.0,3.0
2025-11-03 09:00:00,DPLCO,8.0,5.8,86.0,0.0,0.0,1023.0,3.0
2025-11-03 10:00:00,DPLCO,8.0,5.8,86.0,0.2,0.0,1022.0,7.0
2025-11-03 11:00:00,DPLCO,8.0,5.8,86.0,0.3,7.0,1023.0,8.0
2025-11-03 12:00:00,DPLCO,11.0,7.7,80.0,0.2,9.0,1022.0,7.0
2025-11-03 13:00:00,DPLCO,11.0,8.2,83.0,0.0,11.0,1022.0,3.0
2025-11-03 14:00:00,DPLCO,13.0,8.1,72.0,0.0,0.0,1021.0,3.0
2025-11-03 15:00:00,DPLCO,13.0,8.1,72.0,0.0,0.0,1020.0,3.0
2025-11-03 16:00:00,DPLCO,14.0,8.0,67.0,0.0,6.0,1018.0,2.0
2025-11-03 17:00:00,DPLCO,15.0,7.8,62.0,0.0,6.0,1017.0,3.0
2025-11-03 18:00:00,DPLCO,16.0,7.5,57.0,0.0,7.0,1016.0,3.0
2025-11-03 19:00:00,DPLCO,16.0,7.2,56.0,0.0,7.0,1015.0,3.0
2025-11-03 20:00:00,DPLCO,14.0,8.6,70.0,0.0,17.0,1014.0,3.0
2025-11-03 21:00:00,DPLCO,14.0,9.0,72.0,0.0,13.0,1014.0,1.0
2025-11-03 22:00:00,DPLCO,12.0,9.2,83.0,0.0,9.0,1014.0,1.0
2025-11-03 23:00:00,DPLCO,12.0,8.7,80.0,0.0,9.0,1014.0,2.0
2025-11-04 00:00:00,DPLCO,12.0,7.5,74.0,0.0,11.0,1015.0,2.0
2025-11-04 01:00:00,DPLCO,12.0,3.0,54.0,0.0,19.0,1015.0,1.0
2025-11-04 02:00:00,DPLCO,13.0,0.1,41.0,0.0,28.0,1016.0,2.0
2025-11-04 03:00:00,DPLCO,11.0,-0.2,46.0,0.0,9.0,1016.0,1.0
2025-11-04 04:00:00,DPLCO,9.0,0.2,54.0,0.0,11.0,1016.0,1.0
2025-11-04 05:00:00,DPLCO,10.0,0.6,52.0,0.0,15.0,1017.0,1.0
2025-11-04 06:00:00,DPLCO,10.0,0.6,52.0,0.0,17.0,1018.0,1.0
2025-11-04 07:00:00,DPLCO,10.0,0.6,52.0,0.0,15.0,1018.0,1.0
2025-11-04 08:00:00,DPLCO,9.0,0.7,56.0,0.0,13.0,1019.0,1.0
2025-11-04 09:00:00,DPLCO,9.0,0.7,56.0,0.0,15.0,1019.0,1.0
2025-11-04 10:00:00,DPLCO,8.0,-0.2,56.0,0.0,15.0,1020.0,1.0
2025-11-04 11:00:00,DPLCO,8.0,0.2,58.0,0.0,17.0,1021.0,1.0
2025-11-04 12:00:00,DPLCO,10.0,0.6,52.0,0.0,17.0,1022.0,1.0
2025-11-04 13:00:00,DPLCO,13.0,0.1,41.0,0.0,20.0,1023.0,1.0
2025-11-04 14:00:00,DPLCO,15.0,0.0,36.0,0.0,24.0,1023.0,1.0
2025-11-04 15:00:00,DPLCO,16.0,-0.7,32.0,0.0,24.0,1023.0,1.0
2025-11-04 16:00:00,DPLCO,17.0,-2.1,27.0,0.0,30.0,1022.0,3.0
2025-11-04 17:00:00,DPLCO,17.0,-3.2,25.0,0.0,33.0,1021.0,1.0
2025-11-04 18:00:00,DPLCO,17.0,-4.3,23.0,0.0,32.0,1020.0,1.0
2025-11-04 19:00:00,DPLCO,17.0,-5.5,21.0,0.0,32.0,1020.0,1.0
2025-11-04 20:00:00,DPLCO,17.0,-5.5,21.0,0.0,22.0,1021.0,1.0
2025-11-04 21:00:00,DPLCO,15.0,-5.4,24.0,0.0,13.0,1021.0,1.0
2025-11-04 22:00:00,DPLCO,13.0,-4.2,30.0,0.0,9.0,1022.0,1.0
2025-11-04 23:00:00,DPLCO,12.0,-1.5,39.0,0.0,9.0,1022.0,1.0
2025-11-05 00:00:00,DPLCO,11.0,-0.8,44.0,0.0,11.0,1023.0,1.0
2025-11-05 01:00:00,DPLCO,9.0,-1.4,48.0,0.0,9.0,1023.0,1.0
2025-11-05 02:00:00,DPLCO,8.0,-1.5,51.0,0.0,0.0,1023.0,1.0
2025-11-05 03:00:00,DPLCO,8.0,-1.5,51.0,0.0,11.0,1023.0,1.0
2025-11-05 04:00:00,DPLCO,7.0,-1.9,53.0,0.0,11.0,1023.0,1.0
2025-11-05 05:00:00,DPLCO,7.0,-1.4,55.0,0.0,7.0,1023.0,1.0
2025-11-05 06:00:00,DPLCO,7.0,-1.4,55.0,0.0,6.0,1023.0,1.0
2025-11-05 07:00:00,DPLCO,6.0,-0.3,64.0,0.0,0.0,1022.0,1.0
2025-11-05 08:00:00,DPLCO,6.0,-1.4,59.0,0.0,0.0,1022.0,1.0
2025-11-05 09:00:00,DPLCO,4.0,-1.4,68.0,0.0,7.0,1022.0,1.0
2025-11-05 10:00:00,DPLCO,2.0,-1.3,79.0,0.0,0.0,1021.0,1.0
2025-11-05 11:00:00,DPLCO,2.0,-0.3,85.0,0.0,7.0,1021.0,1.0
2025-11-05 12:00:00,DPLCO,6.0,1.5,73.0,0.0,0.0,1021.0,1.0
2025-11-05 13:00:00,DPLCO,9.0,1.9,61.0,0.0,6.0,1020.0,1.0
2025-11-05 14:00:00,DPLCO,13.0,1.9,47.0,0.0,7.0,1018.0,1.0
2025-11-05 15:00:00,DPLCO,17.0,1.8,36.0,0.0,22.0,1016.0,1.0
2025-11-05 16:00:00,DPLCO,19.0,1.9,32.0,0.0,28.0,1013.0,3.0
2025-11-05 17:00:00,DPLCO,19.0,2.4,33.0,0.0,24.0,1011.0,1.0
2025-11-05 18:00:00,DPLCO,19.0,4.0,37.0,0.0,22.0,1010.0,2.0
2025-11-05 19:00:00,DPLCO,19.0,4.4,38.0,0.0,15.0,1009.0,3.0
2025-11-05 20:00:00,DPLCO,19.0,5.1,40.0,0.0,19.0,1008.0,3.0
2025-11-05 21:00:00,DPLCO,18.0,4.9,42.0,0.0,13.0,1007.0,2.0
2025-11-05 22:00:00,DPLCO,18.0,5.2,43.0,0.0,15.0,1006.0,3.0
2025-11-05 23:00:00,DPLCO,17.0,5.3,46.0,0.0,17.0,1006.0,3.0
2025-11-06 00:00:00,DPLCO,17.0,5.3,46.0,0.0,19.0,1005.0,3.0
2025-11-06 01:00:00,DPLCO,17.0,5.9,48.0,0.0,20.0,1004.0,2.0
2025-11-06 02:00:00,DPLCO,17.0,5.9,48.0,0.0,15.0,1005.0,2.0
2025-11-06 03:00:00,DPLCO,16.0,7.7,58.0,0.0,37.0,1008.0,2.0
2025-11-06 04:00:00,DPLCO,15.0,3.8,47.0,0.2,33.0,1010.0,17.0
2025-11-06 05:00:00,DPLCO,13.0,0.7,43.0,0.0,22.0,1011.0,3.0
2025-11-06 06:00:00,DPLCO,12.0,1.0,47.0,0.0,28.0,1013.0,1.0
2025-11-06 07:00:00,DPLCO,11.0,-0.2,46.0,0.0,28.0,1015.0,1.0
2025-11-06 08:00:00,DPLCO,10.0,0.1,50.0,0.0,26.0,1015.0,1.0
2025-11-06 09:00:00,DPLCO,9.0,-0.3,52.0,0.0,20.0,1016.0,1.0
2025-11-06 10:00:00,DPLCO,9.0,-0.9,50.0,0.0,24.0,1017.0,1.0
2025-11-06 11:00:00,DPLCO,8.0,-2.1,49.0,0.0,24.0,1018.0,1.0
2025-11-06 12:00:00,DPLCO,9.0,-2.0,46.0,0.0,20.0,1019.0,1.0
2025-11-06 13:00:00,DPLCO,11.0,-2.4,39.0,0.0,26.0,1020.0,1.0
2025-11-06 14:00:00,DPLCO,12.0,-1.9,38.0,0.0,30.0,1021.0,1.0
2025-11-06 15:00:00,DPLCO,13.0,-1.0,38.0,0.0,28.0,1021.0,1.0
2025-11-06 16:00:00,DPLCO,14.0,-1.6,34.0,0.0,37.0,1021.0,1.0
2025-11-06 17:00:00,DPLCO,14.0,-1.6,34.0,0.0,33.0,1020.0,2.0
2025-11-06 18:00:00,DPLCO,14.0,-2.0,33.0,0.0,28.0,1020.0,1.0
2025-11-06 19:00:00,DPLCO,14.0,-2.0,33.0,0.0,28.0,1020.0,2.0
2025-11-06 20:00:00,DPLCO,13.0,-2.9,33.0,0.0,17.0,1021.0,1.0
2025-11-06 21:00:00,DPLCO,11.0,-2.8,38.0,0.0,11.0,1021.0,1.0
2025-11-06 22:00:00,DPLCO,8.0,-2.6,47.0,0.0,7.0,1021.0,1.0
2025-11-06 23:00:00,DPLCO,9.0,-2.6,44.0,0.0,0.0,1022.0,3.0
2025-11-07 00:00:00,DPLCO,7.0,-1.4,55.0,0.0,6.0,1022.0,2.0
2025-11-07 01:00:00,DPLCO,5.0,-1.0,65.0,0.0,6.0,1022.0,3.0
2025-11-07 02:00:00,DPLCO,5.0,-0.6,67.0,0.0,6.0,1022.0,1.0
2025-11-07 03:00:00,DPLCO,3.0,-1.4,73.0,0.0,0.0,1022.0,3.0
2025-11-07 04:00:00,DPLCO,4.0,-1.0,70.0,0.0,6.0,1022.0,3.0
2025-11-07 05:00:00,DPLCO,1.0,-1.7,82.0,0.0,0.0,1022.0,3.0
2025-11-07 06:00:00,DPLCO,2.0,-0.7,82.0,0.0,0.0,1021.0,3.0
2025-11-07 07:00:00,DPLCO,1.0,-0.8,88.0,0.0,6.0,1021.0,3.0
2025-11-07 08:00:00,DPLCO,1.0,-1.2,85.0,0.0,0.0,1021.0,3.0
2025-11-07 09:00:00,DPLCO,1.0,-1.2,85.0,0.0,0.0,1020.0,3.0
2025-11-07 10:00:00,DPLCO,1.0,-0.8,88.0,0.0,6.0,1020.0,3.0
2025-11-07 11:00:00,DPLCO,0.0,-1.7,88.0,0.0,0.0,1020.0,3.0
2025-11-07 12:00:00,DPLCO,4.0,1.2,82.0,0.0,0.0,1019.0,3.0
2025-11-07 13:00:00,DPLCO,9.0,2.3,63.0,0.0,9.0,1018.0,3.0
2025-11-07 14:00:00,DPLCO,12.0,3.2,55.0,0.0,15.0,1018.0,3.0
2025-11-07 15:00:00,DPLCO,15.0,2.2,42.0,0.0,37.0,1016.0,3.0
2025-11-07 16:00:00,DPLCO,17.0,2.6,38.0,0.0,22.0,1015.0,3.0
2025-11-07 17:00:00,DPLCO,17.0,2.6,38.0,0.0,39.0,1013.0,3.0
2025-11-07 18:00:00,DPLCO,17.0,2.6,38.0,0.0,24.0,1011.0,3.0
2025-11-07 19:00:00,DPLCO,17.0,2.9,39.0,0.0,24.0,1010.0,3.0
2025-11-07 20:00:00,DPLCO,17.0,1.8,36.0,0.0,37.0,1009.0,3.0
2025-11-07 21:00:00,DPLCO,16.0,2.0,39.0,0.0,19.0,1008.0,3.0
2025-11-07 22:00:00,DPLCO,15.0,0.8,38.0,0.0,17.0,1008.0,3.0
2025-11-07 23:00:00,DPLCO,14.0,1.9,44.0,0.0,13.0,1008.0,3.0
2025-11-08 00:00:00,DPLCO,14.0,2.9,47.0,0.0,13.0,1007.0,3.0
2025-11-08 01:00:00,DPLCO,14.0,4.6,53.0,0.0,9.0,1007.0,3.0
2025-11-08 02:00:00,DPLCO,15.0,7.8,62.0,0.0,15.0,1006.0,3.0
2025-11-08 03:00:00,DPLCO,14.0,8.0,67.0,0.0,7.0,1006.0,3.0
2025-11-08 04:00:00,DPLCO,14.0,9.6,75.0,0.0,7.0,1006.0,7.0
2025-11-08 05:00:00,DPLCO,14.0,11.3,84.0,0.0,11.0,1005.0,8.0
2025-11-08 06:00:00,DPLCO,14.0,11.9,87.0,0.0,13.0,1005.0,9.0
2025-11-08 07:00:00,DPLCO,14.0,11.9,87.0,0.0,9.0,1005.0,9.0
2025-11-08 08:00:00,DPLCO,14.0,12.9,93.0,0.0,6.0,1004.0,9.0
2025-11-08 09:00:00,DPLCO,14.0,12.9,93.0,0.0,9.0,1005.0,8.0
2025-11-08 10:00:00,DPLCO,14.0,12.4,90.0,0.0,11.0,1006.0,3.0
2025-11-08 11:00:00,DPLCO,13.0,11.9,93.0,0.0,7.0,1006.0,3.0
2025-11-08 12:00:00,DPLCO,14.0,12.4,90.0,0.0,7.0,1008.0,5.0
2025-11-08 13:00:00,DPLCO,16.0,13.1,83.0,0.0,15.0,1009.0,2.0
2025-11-08 14:00:00,DPLCO,17.0,11.5,70.0,0.0,11.0,1009.0,1.0
2025-11-08 15:00:00,DPLCO,19.0,10.8,59.0,0.0,17.0,1010.0,1.0
2025-11-08 16:00:00,DPLCO,20.0,7.4,44.0,0.0,17.0,1009.0,1.0
2025-11-08 17:00:00,DPLCO,21.0,7.6,42.0,0.0,7.0,1009.0,1.0
2025-11-08 18:00:00,DPLCO,21.0,6.1,38.0,0.0,11.0,1009.0,1.0
2025-11-08 19:00:00,DPLCO,21.0,6.5,39.0,0.0,9.0,1009.0,1.0
2025-11-08 20:00:00,DPLCO,19.0,5.1,40.0,0.0,9.0,1010.0,1.0
2025-11-08 21:00:00,DPLCO,17.0,5.9,48.0,0.0,6.0,1010.0,1.0
2025-11-08 22:00:00,DPLCO,17.0,7.1,52.0,0.0,0.0,1011.0,3.0
2025-11-08 23:00:00,DPLCO,15.0,6.0,55.0,0.0,9.0,1011.0,3.0
2025-11-09 00:00:00,DPLCO,13.0,7.0,67.0,0.0,11.0,1012.0,3.0
2025-11-09 01:00:00,DPLCO,12.0,8.1,77.0,0.0,11.0,1012.0,3.0
2025-11-09 02:00:00,DPLCO,13.0,10.2,83.0,0.0,15.0,1012.0,3.0
2025-11-09 03:00:00,DPLCO,12.0,10.2,89.0,0.0,7.0,1012.0,3.0
2025-11-09 04:00:00,DPLCO,12.0,10.9,93.0,0.0,6.0,1012.0,2.0
2025-11-09 05:00:00,DPLCO,12.0,10.2,89.0,0.0,6.0,1012.0,5.0
2025-11-09 06:00:00,DPLCO,12.0,10.9,93.0,0.0,7.0,1012.0,1.0
2025-11-09 07:00:00,DPLCO,9.0,7.3,89.0,0.0,0.0,1012.0,5.0
2025-11-09 08:00:00,DPLCO,8.0,6.9,93.0,0.0,0.0,1011.0,5.0
2025-11-09 09:00:00,DPLCO,7.0,5.9,93.0,0.0,0.0,1011.0,5.0
2025-11-09 10:00:00,DPLCO,8.0,6.9,93.0,0.0,0.0,1011.0,5.0
2025-11-09 11:00:00,DPLCO,7.0,5.9,93.0,0.0,9.0,1011.0,5.0
2025-11-09 12:00:00,DPLCO,9.0,7.9,93.0,0.0,0.0,1011.0,5.0
2025-11-09 13:00:00,DPLCO,12.0,10.9,93.0,0.0,9.0,1010.0,5.0
2025-11-09 14:00:00,DPLCO,14.0,11.3,84.0,0.0,9.0,1010.0,3.0
2025-11-09 15:00:00,DPLCO,15.0,12.1,83.0,0.0,6.0,1009.0,3.0
2025-11-09 16:00:00,DPLCO,18.0,14.1,78.0,0.0,7.0,1008.0,7.0
2025-11-09 17:00:00,DPLCO,17.0,13.1,78.0,0.0,7.0,1007.0,8.0
2025-11-09 18:00:00,DPLCO,17.0,13.5,80.0,0.0,9.0,1006.0,17.0
2025-11-09 19:00:00,DPLCO,16.0,13.8,87.0,0.0,7.0,1006.0,7.0
2025-11-09 20:00:00,DPLCO,17.0,14.6,86.0,0.0,13.0,1005.0,5.0
2025-11-09 21:00:00,DPLCO,17.0,14.6,86.0,0.0,9.0,1006.0,3.0
2025-11-09 22:00:00,DPLCO,16.0,13.8,87.0,0.0,9.0,1006.0,3.0
2025-11-09 23:00:00,DPLCO,15.0,13.4,90.0,0.0,0.0,1006.0,5.0
2025-11-10 00:00:00,DPLCO,13.0,11.9,93.0,0.0,0.0,1006.0,5.0
2025-11-10 01:00:00,DPLCO,14.0,12.4,90.0,0.0,7.0,1006.0,25.0
2025-11-10 02:00:00,DPLCO,13.0,10.9,87.0,0.1,0.0,1007.0,3.0
2025-11-10 03:00:00,DPLCO,13.0,11.4,90.0,0.1,9.0,1007.0,8.0
2025-11-10 04:00:00,DPLCO,13.0,10.2,83.0,0.1,11.0,1007.0,9.0
2025-11-10 05:00:00,DPLCO,12.0,8.1,77.0,0.0,13.0,1007.0,9.0
2025-11-10 06:00:00,DPLCO,12.0,8.1,77.0,0.8,9.0,1006.0,8.0
2025-11-10 07:00:00,DPLCO,11.0,8.2,83.0,0.0,7.0,1007.0,3.0
2025-11-10 08:00:00,DPLCO,11.0,8.2,83.0,0.0,7.0,1006.0,3.0
2025-11-10 09:00:00,DPLCO,11.0,7.1,77.0,0.0,17.0,1006.0,3.0
2025-11-10 10:00:00,DPLCO,10.0,5.0,71.0,0.1,13.0,1007.0,7.0
2025-11-10 11:00:00,DPLCO,10.0,4.4,68.0,0.0,15.0,1007.0,3.0
2025-11-10 12:00:00,DPLCO,9.0,1.9,61.0,0.0,20.0,1008.0,3.0
2025-11-10 13:00:00,DPLCO,8.0,1.4,63.0,0.0,28.0,1008.0,3.0
2025-11-10 14:00:00,DPLCO,8.0,0.9,61.0,0.0,24.0,1008.0,3.0
2025-11-10 15:00:00,DPLCO,9.0,0.7,56.0,0.0,32.0,1007.0,3.0
2025-11-10 16:00:00,DPLCO,11.0,1.5,52.0,0.0,33.0,1006.0,1.0
2025-11-10 17:00:00,DPLCO,9.0,0.2,54.0,0.0,28.0,1005.0,1.0
2025-11-10 18:00:00,DPLCO,9.0,-0.3,52.0,0.0,37.0,1005.0,2.0
2025-11-10 19:00:00,DPLCO,9.0,-0.6,51.0,0.0,28.0,1006.0,3.0
2025-11-10 20:00:00,DPLCO,7.0,-1.9,53.0,0.0,30.0,1007.0,3.0
2025-11-10 21:00:00,DPLCO,6.0,-3.9,49.0,0.0,33.0,1008.0,3.0
2025-11-10 22:00:00,DPLCO,6.0,-3.9,49.0,0.0,32.0,1009.0,3.0
2025-11-10 23:00:00,DPLCO,4.0,-7.1,44.0,0.0,33.0,1009.0,3.0
2025-11-11 00:00:00,DPLCO,4.0,-7.1,44.0,0.0,24.0,1009.0,3.0
2025-11-11 01:00:00,DPLCO,4.0,-7.7,42.0,0.0,24.0,1010.0,3.0
2025-11-11 02:00:00,DPLCO,3.0,-8.7,42.0,0.0,28.0,1010.0,3.0
2025-11-11 03:00:00,DPLCO,2.0,-8.1,47.0,0.0,19.0,1010.0,1.0
2025-11-11 04:00:00,DPLCO,1.0,-7.7,52.0,0.0,17.0,1010.0,1.0
2025-11-11 05:00:00,DPLCO,1.0,-8.5,49.0,0.0,19.0,1010.0,1.0
2025-11-11 06:00:00,DPLCO,0.0,-8.2,54.0,0.0,17.0,1010.0,1.0
2025-11-11 07:00:00,DPLCO,-1.0,-8.2,58.0,0.0,9.0,1010.0,1.0
2025-11-11 08:00:00,DPLCO,-1.0,-7.8,60.0,0.0,11.0,1010.0,1.0
2025-11-11 09:00:00,DPLCO,1.0,-7.5,53.0,0.0,24.0,1010.0,1.0
2025-11-11 10:00:00,DPLCO,0.0,-7.7,56.0,0.0,20.0,1011.0,3.0
2025-11-11 11:00:00,DPLCO,1.0,-8.0,51.0,0.0,28.0,1011.0,3.0
2025-11-11 12:00:00,DPLCO,1.0,-8.2,50.0,0.0,30.0,1012.0,3.0
2025-11-11 13:00:00,DPLCO,2.0,-8.4,46.0,0.0,33.0,1012.0,2.0
2025-11-11 14:00:00,DPLCO,3.0,-8.7,42.0,0.0,26.0,1012.0,3.0
2025-11-11 15:00:00,DPLCO,4.0,-9.7,36.0,0.0,32.0,1012.0,3.0
2025-11-11 16:00:00,DPLCO,6.0,-9.0,33.0,0.0,35.0,1012.0,3.0
2025-11-11 17:00:00,DPLCO,6.0,-8.7,34.0,0.0,48.0,1011.0,3.0
2025-11-11 18:00:00,DPLCO,6.0,-8.3,35.0,0.0,33.0,1011.0,2.0
2025-11-11 19:00:00,DPLCO,7.0,-7.4,35.0,0.0,41.0,1012.0,3.0
2025-11-11 20:00:00,DPLCO,7.0,-7.0,36.0,0.0,48.0,1013.0,3.0
2025-11-11 21:00:00,DPLCO,6.0,-6.9,39.0,0.0,26.0,1014.0,3.0
2025-11-11 22:00:00,DPLCO,6.0,-5.6,43.0,0.0,28.0,1015.0,3.0
2025-11-11 23:00:00,DPLCO,5.0,-5.9,45.0,0.0,17.0,1016.0,2.0
2025-11-12 00:00:00,DPLCO,4.0,-6.6,46.0,0.0,19.0,1016.0,3.0
2025-11-12 01:00:00,DPLCO,4.0,-6.6,46.0,0.0,22.0,1016.0,1.0
2025-11-12 02:00:00,DPLCO,3.0,-6.9,48.0,0.0,24.0,1016.0,2.0
2025-11-12 03:00:00,DPLCO,3.0,-7.5,46.0,0.0,19.0,1016.0,2.0
2025-11-12 04:00:00,DPLCO,3.0,-7.5,46.0,0.0,7.0,1015.0,3.0
2025-11-12 05:00:00,DPLCO,3.0,-6.4,50.0,0.0,9.0,1015.0,3.0
2025-11-12 06:00:00,DPLCO,4.0,-6.0,48.0,0.0,0.0,1015.0,3.0
2025-11-12 07:00:00,DPLCO,4.0,-5.2,51.0,0.0,13.0,1014.0,3.0
2025-11-12 08:00:00,DPLCO,4.0,-4.7,53.0,0.0,9.0,1013.0,3.0
2025-11-12 09:00:00,DPLCO,4.0,-4.2,55.0,0.0,7.0,1013.0,3.0
2025-11-12 10:00:00,DPLCO,4.0,-4.7,53.0,0.0,9.0,1013.0,3.0
2025-11-12 11:00:00,DPLCO,5.0,-3.3,55.0,0.0,13.0,1012.0,2.0
2025-11-12 12:00:00,DPLCO,6.0,-2.9,53.0,0.0,15.0,1012.0,2.0
2025-11-12 13:00:00,DPLCO,6.0,-2.9,53.0,0.0,11.0,1011.0,3.0
2025-11-12 14:00:00,DPLCO,7.0,-2.4,51.0,0.0,9.0,1011.0,3.0
2025-11-12 15:00:00,DPLCO,9.0,-3.2,42.0,0.0,22.0,1010.0,3.0
2025-11-12 16:00:00,DPLCO,10.0,-2.6,41.0,0.0,15.0,1009.0,3.0
2025-11-12 17:00:00,DPLCO,12.0,-3.4,34.0,0.0,28.0,1008.0,3.0
2025-11-12 18:00:00,DPLCO,13.0,-2.5,34.0,0.0,20.0,1008.0,3.0
2025-11-12 19:00:00,DPLCO,13.0,-2.1,35.0,0.0,24.0,1008.0,3.0
2025-11-12 20:00:00,DPLCO,13.0,-1.4,37.0,0.0,9.0,1008.0,3.0
2025-11-12 21:00:00,DPLCO,13.0,-1.0,38.0,0.0,9.0,1009.0,3.0
2025-11-12 22:00:00,DPLCO,12.0,0.4,45.0,0.0,7.0,1009.0,2.0
2025-11-12 23:00:00,DPLCO,12.0,0.4,45.0,0.0,6.0,1010.0,3.0
2025-11-13 00:00:00,DPLCO,11.0,1.0,50.0,0.0,6.0,1010.0,2.0
2025-11-13 01:00:00,DPLCO,10.0,0.1,50.0,0.0,7.0,1011.0,3.0
2025-11-13 02:00:00,DPLCO,10.0,1.1,54.0,0.0,9.0,1011.0,3.0
2025-11-13 03:00:00,DPLCO,10.0,1.1,54.0,0.0,7.0,1012.0,2.0
2025-11-13 04:00:00,DPLCO,9.0,0.7,56.0,0.0,9.0,1012.0,2.0
2025-11-13 05:00:00,DPLCO,10.0,1.1,54.0,0.0,13.0,1012.0,2.0
2025-11-13 06:00:00,DPLCO,8.0,-0.2,56.0,0.0,15.0,1013.0,1.0
2025-11-13 07:00:00,DPLCO,7.0,-1.9,53.0,0.0,11.0,1013.0,1.0
2025-11-13 08:00:00,DPLCO,7.0,-1.9,53.0,0.0,11.0,1014.0,1.0
2025-11-13 09:00:00,DPLCO,7.0,-2.4,51.0,0.0,13.0,1014.0,1.0
2025-11-13 10:00:00,DPLCO,7.0,-3.0,49.0,0.0,15.0,1014.0,1.0
2025-11-13 11:00:00,DPLCO,7.0,-2.4,51.0,0.0,15.0,1015.0,1.0
2025-11-13 12:00:00,DPLCO,8.0,-2.3,48.0,0.0,19.0,1015.0,1.0
2025-11-13 13:00:00,DPLCO,10.0,-2.3,42.0,0.0,24.0,1015.0,3.0
2025-11-13 14:00:00,DPLCO,12.0,-1.9,38.0,0.0,22.0,1015.0,2.0
2025-11-13 15:00:00,DPLCO,11.0,-2.8,38.0,0.0,28.0,1015.0,2.0
2025-11-13 16:00:00,DPLCO,12.0,-3.0,35.0,0.0,39.0,1015.0,3.0
2025-11-13 17:00:00,DPLCO,13.0,-3.7,31.0,0.0,33.0,1015.0,2.0
2025-11-13 18:00:00,DPLCO,13.0,-4.2,30.0,0.0,35.0,1015.0,3.0
2025-11-13 19:00:00,DPLCO,12.0,-4.6,31.0,0.0,32.0,1015.0,3.0
2025-11-13 20:00:00,DPLCO,12.0,-5.5,29.0,0.0,35.0,1016.0,3.0
2025-11-13 21:00:00,DPLCO,9.0,-5.3,36.0,0.0,15.0,1017.0,3.0
2025-11-13 22:00:00,DPLCO,8.0,-5.1,39.0,0.0,0.0,1017.0,1.0
2025-11-13 23:00:00,DPLCO,7.0,-4.1,45.0,0.0,7.0,1018.0,1.0
2025-11-14 00:00:00,DPLCO,6.0,-3.9,49.0,0.0,0.0,1018.0,1.0
2025-11-14 01:00:00,DPLCO,6.0,-3.6,50.0,0.0,0.0,1018.0,1.0
2025-11-14 02:00:00,DPLCO,3.0,-4.2,59.0,0.0,7.0,1019.0,1.0
2025-11-14 03:00:00,DPLCO,3.0,-3.1,64.0,0.0,9.0,1019.0,1.0
2025-11-14 04:00:00,DPLCO,3.0,-4.2,59.0,0.0,9.0,1019.0,1.0
2025-11-14 05:00:00,DPLCO,3.0,-4.2,59.0,0.0,9.0,1019.0,1.0
2025-11-14 06:00:00,DPLCO,3.0,-4.2,59.0,0.0,7.0,1020.0,1.0
2025-11-14 07:00:00,DPLCO,3.0,-4.2,59.0,0.0,13.0,1020.0,1.0
2025-11-14 08:00:00,DPLCO,3.0,-3.8,61.0,0.0,11.0,1020.0,1.0
2025-11-14 09:00:00,DPLCO,3.0,-3.8,61.0,0.0,11.0,1021.0,1.0
2025-11-14 10:00:00,DPLCO,3.0,-3.1,64.0,0.0,11.0,1021.0,1.0
2025-11-14 11:00:00,DPLCO,3.0,-3.8,61.0,0.0,9.0,1022.0,1.0
2025-11-14 12:00:00,DPLCO,5.0,-2.8,57.0,0.0,11.0,1022.0,1.0
2025-11-14 13:00:00,DPLCO,8.0,-2.3,48.0,0.0,15.0,1022.0,1.0
2025-11-14 14:00:00,DPLCO,11.0,-3.5,36.0,0.0,22.0,1022.0,1.0
2025-11-14 15:00:00,DPLCO,12.0,-3.0,35.0,0.0,19.0,1021.0,3.0
2025-11-14 16:00:00,DPLCO,13.0,-2.5,34.0,0.0,22.0,1020.0,3.0
2025-11-14 17:00:00,DPLCO,13.0,-4.6,29.0,0.0,28.0,1019.0,2.0
2025-11-14 18:00:00,DPLCO,14.0,-4.7,27.0,0.0,24.0,1018.0,3.0
2025-11-14 19:00:00,DPLCO,13.0,-4.2,30.0,0.0,22.0,1018.0,3.0
2025-11-14 20:00:00,DPLCO,12.0,-4.6,31.0,0.0,19.0,1017.0,3.0
2025-11-14 21:00:00,DPLCO,12.0,-3.8,33.0,0.0,13.0,1017.0,3.0
2025-11-14 22:00:00,DPLCO,11.0,-3.9,35.0,0.0,13.0,1017.0,3.0
2025-11-14 23:00:00,DPLCO,11.0,-2.8,38.0,0.0,11.0,1016.0,3.0
2025-11-15 00:00:00,DPLCO,10.0,-3.3,39.0,0.0,15.0,1016.0,3.0
2025-11-15 01:00:00,DPLCO,10.0,-2.6,41.0,0.0,6.0,1016.0,3.0
2025-11-15 02:00:00,DPLCO,9.0,-2.6,44.0,0.0,13.0,1016.0,3.0
2025-11-15 03:00:00,DPLCO,9.0,-2.0,46.0,0.0,13.0,1015.0,3.0
2025-11-15 04:00:00,DPLCO,9.0,-0.9,50.0,0.0,7.0,1014.0,3.0
2025-11-15 05:00:00,DPLCO,6.0,-1.9,57.0,0.0,7.0,1014.0,3.0
2025-11-15 06:00:00,DPLCO,7.0,-1.4,55.0,0.0,0.0,1014.0,3.0
2025-11-15 07:00:00,DPLCO,5.0,-1.7,62.0,0.0,7.0,1013.0,2.0
2025-11-15 08:00:00,DPLCO,5.0,-0.0,70.0,0.0,0.0,1013.0,3.0
2025-11-15 09:00:00,DPLCO,5.0,-0.6,67.0,0.0,6.0,1013.0,3.0
2025-11-15 10:00:00,DPLCO,5.0,-0.0,70.0,0.0,6.0,1013.0,3.0
2025-11-15 11:00:00,DPLCO,6.0,0.3,67.0,0.0,0.0,1013.0,3.0
2025-11-15 12:00:00,DPLCO,7.0,1.5,68.0,0.0,0.0,1013.0,3.0
2025-11-15 13:00:00,DPLCO,9.0,-0.9,50.0,0.0,13.0,1012.0,3.0
2025-11-15 14:00:00,DPLCO,9.0,-0.9,50.0,0.0,9.0,1012.0,2.0
2025-11-15 15:00:00,DPLCO,11.0,-0.8,44.0,0.0,7.0,1011.0,3.0
2025-11-15 16:00:00,DPLCO,11.0,-0.8,44.0,0.0,7.0,1009.0,2.0
2025-11-15 17:00:00,DPLCO,11.0,-0.2,46.0,0.0,7.0,1008.0,3.0
2025-11-15 18:00:00,DPLCO,11.0,0.4,48.0,0.0,13.0,1006.0,3.0
2025-11-15 19:00:00,DPLCO,11.0,1.0,50.0,0.0,17.0,1005.0,3.0
2025-11-15 20:00:00,DPLCO,11.0,3.8,61.0,0.0,17.0,1004.0,3.0
2025-11-15 21:00:00,DPLCO,10.0,5.6,74.0,0.0,19.0,1003.0,3.0
2025-11-15 22:00:00,DPLCO,10.0,5.6,74.0,0.0,9.0,1002.0,3.0
2025-11-15 23:00:00,DPLCO,10.6,7.1,79.0,0.0,6.0,1001.0,3.0
2025-11-16 00:00:00,DPLCO,10.6,6.7,77.0,0.0,6.0,999.0,3.0
2025-11-16 01:00:00,DPLCO,10.6,6.2,74.0,0.0,4.0,997.0,3.0
2025-11-16 02:00:00,DPLCO,10.6,4.9,68.0,0.0,4.0,996.0,3.0
2025-11-16 03:00:00,DPLCO,10.0,5.6,74.0,0.4,5.0,994.0,8.0
2025-11-16 04:00:00,DPLCO,11.7,6.2,69.0,0.1,6.0,993.0,17.0
2025-11-16 05:00:00,DPLCO,12.8,7.3,69.0,0.0,8.0,991.0,3.0
2025-11-16 06:00:00,DPLCO,13.3,7.7,69.0,0.0,7.0,991.0,2.0
2025-11-16 07:00:00,DPLCO,12.8,8.3,74.0,0.0,7.0,990.0,3.0
2025-11-16 08:00:00,DPLCO,13.3,8.4,72.0,0.0,7.0,990.0,2.0
2025-11-16 09:00:00,DPLCO,13.3,9.0,75.0,0.0,6.0,991.0,1.0
2025-11-16 10:00:00,DPLCO,12.2,8.3,77.0,0.0,4.0,991.0,2.0
2025-11-16 11:00:00,DPLCO,15.6,6.6,55.0,0.0,16.0,,3.0
2025-11-16 12:00:00,DPLCO,15.0,3.2,45.0,0.0,24.0,,3.0
2025-11-16 13:00:00,DPLCO,15.0,1.9,41.0,0.0,16.0,,3.0
2025-11-16 14:00:00,DPLCO,15.6,-1.5,31.0,0.0,30.0,,1.0
2025-11-16 15:00:00,DPLCO,15.0,-2.9,29.0,0.0,22.0,,1.0
2025-11-16 16:00:00,DPLCO,14.4,-1.3,34.0,0.0,16.0,,1.0
2025-11-16 17:00:00,DPLCO,14.4,-4.9,26.0,0.0,21.0,,1.0
2025-11-16 18:00:00,DPLCO,13.9,-5.8,25.0,0.0,21.0,,1.0
2025-11-16 19:00:00,DPLCO,12.8,-6.7,25.0,0.0,21.0,,3.0
2025-11-16 20:00:00,DPLCO,11.1,-7.2,27.0,0.0,22.0,,3.0
2025-11-16 21:00:00,DPLCO,10.0,-7.2,29.0,0.0,19.0,,2.0
2025-11-16 22:00:00,DPLCO,8.9,-6.5,33.0,0.0,13.0,,3.0
2025-11-16 23:00:00,DPLCO,8.9,-5.7,35.0,0.0,13.0,,1.0
2025-11-17 00:00:00,DPLCO,7.2,-6.2,38.0,0.0,14.0,,1.0
2025-11-17 01:00:00,DPLCO,6.7,-5.0,43.0,0.0,10.0,,1.0
2025-11-17 02:00:00,DPLCO,6.1,-6.2,41.0,0.0,13.0,,1.0
2025-11-17 03:00:00,DPLCO,6.1,-6.2,41.0,0.0,9.0,,2.0
2025-11-17 04:00:00,DPLCO,6.1,-6.2,41.0,0.0,10.0,,2.0
2025-11-17 05:00:00,DPLCO,6.1,-4.4,47.0,0.0,11.0,,1.0
2025-11-17 06:00:00,DPLCO,6.1,-4.9,45.0,0.0,15.0,,1.0
2025-11-17 07:00:00,DPLCO,5.6,-4.3,49.0,0.0,8.0,,1.0
2025-11-17 08:00:00,DPLCO,5.6,-4.0,50.0,0.0,7.0,,2.0
2025-11-17 09:00:00,DPLCO,5.6,-3.2,53.0,0.0,4.0,,3.0
2025-11-17 10:00:00,DPLCO,5.0,-5.1,48.0,0.0,8.0,,3.0
2025-11-17 11:00:00,DPLCO,3.6,-3.7,59.0,0.0,17.6,1008.6,2.0
2025-11-17 12:00:00,DPLCO,3.3,-3.7,60.0,0.0,18.0,1009.5,2.0
2025-11-17 13:00:00,DPLCO,4.0,-4.0,56.0,0.0,22.0,1010.7,1.0
2025-11-17 14:00:00,DPLCO,5.3,-4.5,49.0,0.0,26.3,1011.4,1.0
2025-11-17 15:00:00,DPLCO,6.3,-5.7,42.0,0.0,31.0,1011.4,2.0
2025-11-17 16:00:00,DPLCO,7.1,-5.6,40.0,0.0,29.5,1011.5,3.0
2025-11-17 17:00:00,DPLCO,7.4,-6.0,38.0,0.0,30.2,1011.2,3.0
2025-11-17 18:00:00,DPLCO,7.5,-5.9,38.0,0.0,29.5,1011.2,3.0
2025-11-17 19:00:00,DPLCO,7.5,-6.2,37.0,0.0,28.1,1011.6,3.0
2025-11-17 20:00:00,DPLCO,7.4,-6.7,36.0,0.0,28.4,1012.4,3.0
2025-11-17 21:00:00,DPLCO,7.2,-6.9,36.0,0.0,25.9,1013.1,3.0
2025-11-17 22:00:00,DPLCO,6.8,-6.9,37.0,0.0,20.2,1013.9,3.0
2025-11-17 23:00:00,DPLCO,6.1,-6.8,39.0,0.0,17.6,1014.6,2.0
2025-11-18 00:00:00,DPLCO,5.4,-6.5,42.0,0.0,16.9,1015.4,1.0
2025-11-18 01:00:00,DPLCO,4.8,-6.1,45.0,0.0,17.6,1016.2,1.0
2025-11-18 02:00:00,DPLCO,4.4,-6.2,46.0,0.0,17.6,1016.9,1.0
2025-11-18 03:00:00,DPLCO,4.0,-6.0,48.0,0.0,19.4,1017.8,1.0
2025-11-18 04:00:00,DPLCO,3.4,-6.0,50.0,0.0,18.0,1018.2,1.0
2025-11-18 05:00:00,DPLCO,3.1,-6.0,51.0,0.0,16.9,1018.7,1.0
2025-11-18 06:00:00,DPLCO,2.8,-5.8,53.0,0.0,16.2,1019.0,1.0
2025-11-18 07:00:00,DPLCO,2.6,-5.5,55.0,0.0,15.1,1019.6,1.0
2025-11-18 08:00:00,DPLCO,2.3,-5.6,56.0,0.0,14.0,1020.0,1.0
2025-11-18 09:00:00,DPLCO,2.0,-5.4,58.0,0.0,13.3,1020.5,1.0
2025-11-18 10:00:00,DPLCO,1.6,-5.3,60.0,0.0,12.6,1021.2,1.0
2025-11-18 11:00:00,DPLCO,1.2,-5.3,62.0,0.0,11.9,1021.9,1.0
2025-11-18 12:00:00,DPLCO,0.9,-5.1,64.0,0.0,10.4,1022.7,1.0
2025-11-18 13:00:00,DPLCO,2.1,-5.1,59.0,0.0,12.6,1023.4,1.0
2025-11-18 14:00:00,DPLCO,4.3,-4.9,51.0,0.0,11.5,1023.8,2.0
2025-11-18 15:00:00,DPLCO,5.9,-5.7,43.0,0.0,14.8,1023.9,3.0
2025-11-18 16:00:00,DPLCO,6.4,-6.2,40.0,0.0,14.0,1023.8,3.0
2025-11-18 17:00:00,DPLCO,6.5,-6.1,40.0,0.0,14.0,1023.5,3.0
2025-11-18 18:00:00,DPLCO,6.9,-6.1,39.0,0.0,14.0,1023.0,3.0
2025-11-18 19:00:00,DPLCO,6.7,-5.3,42.0,0.0,11.5,1022.5,3.0
2025-11-18 20:00:00,DPLCO,6.6,-4.5,45.0,0.0,9.7,1021.9,3.0
2025-11-18 21:00:00,DPLCO,6.5,-4.0,47.0,0.0,9.0,1021.8,3.0
2025-11-18 22:00:00,DPLCO,5.5,-3.6,52.0,0.0,5.8,1022.2,3.0
2025-11-18 23:00:00,DPLCO,5.5,-3.1,54.0,0.0,7.2,1022.7,3.0
2025-11-19 00:00:00,DPLCO,5.4,-2.9,55.0,0.2,6.5,1022.4,7.0
2025-11-19 01:00:00,DPLCO,5.4,-1.3,62.0,0.0,7.6,1022.4,3.0
2025-11-19 02:00:00,DPLCO,5.2,-0.2,68.0,0.0,7.9,1022.5,3.0
2025-11-19 03:00:00,DPLCO,5.1,1.0,75.0,0.1,8.6,1022.6,7.0
2025-11-19 04:00:00,DPLCO,5.2,1.3,76.0,0.0,9.0,1022.1,3.0
2025-11-19 05:00:00,DPLCO,5.4,1.3,75.0,0.0,10.8,1022.1,3.0
2025-11-19 06:00:00,DPLCO,5.0,2.9,86.0,0.5,9.7,1022.0,8.0
2025-11-19 07:00:00,DPLCO,4.6,3.9,95.0,0.9,9.0,1021.2,8.0
2025-11-19 08:00:00,DPLCO,4.8,4.4,97.0,1.4,9.0,1021.0,9.0
2025-11-19 09:00:00,DPLCO,4.9,4.6,98.0,0.6,7.9,1020.6,8.0
2025-11-19 10:00:00,DPLCO,5.1,4.7,97.0,0.1,9.0,1020.8,7.0
2025-11-19 11:00:00,DPLCO,5.1,4.7,97.0,0.0,10.1,1020.9,3.0
2025-11-19 12:00:00,DPLCO,5.2,4.8,97.0,0.0,10.8,1021.0,3.0
2025-11-19 13:00:00,DPLCO,5.4,4.7,95.0,0.0,11.5,1021.4,3.0
2025-11-19 14:00:00,DPLCO,5.5,4.5,93.0,0.0,13.3,1021.9,3.0
2025-11-19 15:00:00,DPLCO,5.9,4.2,89.0,0.0,13.0,1022.1,3.0
2025-11-19 16:00:00,DPLCO,6.7,3.8,82.0,0.0,13.3,1022.1,3.0
2025-11-19 17:00:00,DPLCO,7.7,4.1,78.0,0.0,12.2,1021.7,3.0
2025-11-19 18:00:00,DPLCO,8.4,4.2,75.0,0.0,11.9,1021.1,3.0
2025-11-19 19:00:00,DPLCO,8.8,4.4,74.0,0.0,12.2,1021.0,3.0
2025-11-19 20:00:00,DPLCO,8.5,4.5,76.0,0.0,12.6,1021.3,3.0
2025-11-19 21:00:00,DPLCO,7.9,4.3,78.0,0.0,12.6,1021.9,3.0
2025-11-19 22:00:00,DPLCO,7.6,4.4,80.0,0.0,12.6,1022.8,3.0
2025-11-19 23:00:00,DPLCO,7.4,4.4,81.0,0.0,12.6,1023.2,3.0
2025-11-20 00:00:00,DPLCO,7.1,4.2,82.0,0.0,12.2,1023.4,3.0
2025-11-20 01:00:00,DPLCO,6.5,3.7,82.0,0.0,6.1,1023.1,3.0
2025-11-20 02:00:00,DPLCO,6.4,3.6,82.0,0.0,5.4,1023.3,3.0
2025-11-20 03:00:00,DPLCO,6.2,3.4,82.0,0.0,4.7,1023.4,3.0
2025-11-20 04:00:00,DPLCO,6.1,3.4,83.0,0.0,4.3,1023.1,3.0
2025-11-20 05:00:00,DPLCO,6.1,3.6,84.0,0.0,5.4,1022.6,3.0
2025-11-20 06:00:00,DPLCO,6.6,3.2,79.0,0.0,8.6,1023.1,3.0
2025-11-20 07:00:00,DPLCO,5.3,3.5,88.0,0.0,3.2,1022.4,3.0
2025-11-20 08:00:00,DPLCO,5.3,3.6,89.0,0.0,5.0,1022.4,3.0
2025-11-20 09:00:00,DPLCO,5.3,3.6,89.0,0.0,5.8,1022.4,3.0
2025-11-20 10:00:00,DPLCO,4.6,3.6,93.0,0.0,6.1,1022.5,3.0
2025-11-20 11:00:00,DPLCO,3.6,2.9,95.0,0.0,6.5,1022.8,3.0
2025-11-20 12:00:00,DPLCO,6.3,3.1,80.0,0.0,7.2,1023.7,1.0
2025-11-20 13:00:00,DPLCO,6.6,2.5,75.0,,13.0,1024.3,4.0
2025-11-20 14:00:00,DPLCO,7.3,2.8,73.0,,13.0,1024.7,4.0
2025-11-20 15:00:00,DPLCO,7.9,3.2,72.0,,13.0,1024.1,4.0
2025-11-20 16:00:00,DPLCO,8.8,3.4,69.0,,11.1,1023.2,4.0
2025-11-20 17:00:00,DPLCO,10.2,4.8,69.0,,9.3,1021.8,4.0
2025-11-20 18:00:00,DPLCO,10.7,5.7,71.0,,7.6,1021.7,4.0
2025-11-20 19:00:00,DPLCO,9.4,4.2,70.0,,9.3,1022.4,4.0
2025-11-20 20:00:00,DPLCO,9.4,4.2,70.0,,9.3,1022.2,4.0
2025-11-20 21:00:00,DPLCO,8.8,4.2,73.0,,9.3,1022.1,4.0
2025-11-20 22:00:00,DPLCO,8.8,4.4,74.0,,9.3,1022.1,4.0
2025-11-20 23:00:00,DPLCO,9.5,5.1,74.0,,7.4,1021.4,4.0
2025-11-21 00:00:00,DPLCO,8.9,6.7,86.0,,5.4,1021.6,4.0
2025-11-21 01:00:00,DPLCO,8.4,4.8,78.0,,9.3,1022.0,4.0
2025-11-21 02:00:00,DPLCO,8.2,4.8,79.0,,7.4,1021.9,4.0
2025-11-21 03:00:00,DPLCO,8.1,4.9,80.0,,7.4,1021.6,4.0
2025-11-21 04:00:00,DPLCO,8.1,5.0,81.0,,7.4,1021.0,4.0
2025-11-21 05:00:00,DPLCO,8.2,5.5,83.0,,3.7,1019.9,4.0
2025-11-21 06:00:00,DPLCO,7.6,6.5,93.0,,3.2,1020.0,4.0
2025-11-21 07:00:00,DPLCO,7.6,4.7,82.0,,7.4,1020.0,4.0
2025-11-21 08:00:00,DPLCO,7.4,4.9,84.0,,7.4,1019.8,4.0
2025-11-21 09:00:00,DPLCO,7.4,5.0,85.0,,7.4,1019.9,4.0
2025-11-21 10:00:00,DPLCO,7.7,5.3,85.0,,7.4,1019.7,4.0
2025-11-21 11:00:00,DPLCO,8.2,6.2,87.0,,5.5,1018.2,4.0
2025-11-21 12:00:00,DPLCO,6.6,6.2,97.0,,6.5,1017.8,4.0
2025-11-21 13:00:00,DPLCO,9.3,5.7,78.0,,9.3,1019.1,4.0
2025-11-21 14:00:00,DPLCO,10.3,6.1,75.0,,11.1,1019.2,4.0
2025-11-21 15:00:00,DPLCO,11.3,6.2,71.0,,11.1,1018.5,4.0
2025-11-21 16:00:00,DPLCO,12.7,6.5,66.0,,14.8,1017.2,4.0
2025-11-21 17:00:00,DPLCO,13.9,7.0,63.0,,14.8,1014.7,4.0
2025-11-21 18:00:00,DPLCO,11.0,8.4,84.0,,10.4,1014.0,4.0
2025-11-21 19:00:00,DPLCO,13.7,6.3,61.0,,14.8,1015.7,3.0
2025-11-21 20:00:00,DPLCO,13.8,6.4,61.0,,14.8,1015.4,3.0
2025-11-21 21:00:00,DPLCO,13.1,6.7,65.0,,13.0,1015.4,3.0
2025-11-21 22:00:00,DPLCO,13.0,6.6,65.0,,13.0,1015.5,3.0
2025-11-21 23:00:00,DPLCO,12.6,6.8,68.0,,11.1,1014.2,3.0
2025-11-22 00:00:00,DPLCO,10.9,8.8,87.0,,3.6,1012.9,4.0
2025-11-22 01:00:00,DPLCO,12.1,6.2,67.0,,11.1,1016.1,3.0
2025-11-22 02:00:00,DPLCO,11.7,6.0,68.0,,11.1,1016.3,3.0
2025-11-22 03:00:00,DPLCO,11.2,6.1,71.0,,11.1,1016.3,3.0
2025-11-22 04:00:00,DPLCO,10.6,6.0,73.0,,11.1,1016.2,3.0
2025-11-22 05:00:00,DPLCO,10.2,6.2,76.0,,11.1,1014.4,7.0
2025-11-22 06:00:00,DPLCO,9.9,9.4,97.0,,9.0,1012.1,7.0
2025-11-22 07:00:00,DPLCO,9.8,6.0,77.0,,11.1,1016.0,7.0
2025-11-22 08:00:00,DPLCO,9.6,5.8,77.0,,11.1,1016.0,7.0
2025-11-22 09:00:00,DPLCO,9.3,5.7,78.0,,11.1,1016.2,7.0
2025-11-22 10:00:00,DPLCO,8.8,5.2,78.0,,11.1,1016.3,7.0
2025-11-22 11:00:00,DPLCO,8.6,3.0,68.0,,13.0,1015.1,7.0
2025-11-22 12:00:00,DPLCO,6.0,3.2,82.0,,14.4,1014.3,7.0
2025-11-22 13:00:00,DPLCO,9.7,5.5,75.0,,13.0,1017.4,3.0
2025-11-22 14:00:00,DPLCO,10.8,6.0,72.0,,13.0,1017.5,3.0
2025-11-22 15:00:00,DPLCO,11.6,5.9,68.0,,13.0,1017.1,3.0
2025-11-22 16:00:00,DPLCO,12.4,5.3,62.0,,14.8,1016.1,3.0
2025-11-22 17:00:00,DPLCO,11.4,2.4,54.0,,14.8,1014.3,3.0
2025-11-22 18:00:00,DPLCO,9.1,-1.3,48.0,,11.2,1014.5,3.0
2025-11-22 19:00:00,DPLCO,13.5,4.9,56.0,,14.8,1015.3,3.0
2025-11-22 20:00:00,DPLCO,13.5,4.9,56.0,,13.0,1015.1,3.0
2025-11-22 21:00:00,DPLCO,12.7,5.1,60.0,,13.0,1015.1,3.0
2025-11-22 22:00:00,DPLCO,12.1,4.8,61.0,,13.0,1015.1,3.0
2025-11-22 23:00:00,DPLCO,9.6,1.5,57.0,,13.0,1015.0,3.0
2025-11-23 00:00:00,DPLCO,5.4,-0.9,64.0,,6.5,1017.1,3.0
2025-11-23 01:00:00,DPLCO,11.0,5.3,68.0,,11.1,1015.0,3.0
2025-11-23 02:00:00,DPLCO,10.5,5.5,71.0,,11.1,1015.2,3.0
2025-11-23 03:00:00,DPLCO,10.2,5.6,73.0,,11.1,1015.2,3.0
2025-11-23 04:00:00,DPLCO,9.5,4.7,72.0,,9.3,1015.0,3.0
2025-11-23 05:00:00,DPLCO,7.3,1.6,67.0,,7.4,1014.4,3.0
2025-11-23 06:00:00,DPLCO,1.9,-1.9,76.0,,7.2,1018.7,3.0
2025-11-23 07:00:00,DPLCO,8.9,4.3,73.0,,9.3,1015.7,3.0
2025-11-23 08:00:00,DPLCO,8.6,4.4,75.0,,9.3,1015.5,3.0
2025-11-23 09:00:00,DPLCO,8.6,4.4,75.0,,9.3,1015.3,3.0
2025-11-23 10:00:00,DPLCO,8.7,4.7,76.0,,11.1,1015.1,3.0
2025-11-23 11:00:00,DPLCO,8.0,2.2,67.0,,9.3,1014.5,3.0
2025-11-23 12:00:00,DPLCO,-1.0,-3.0,86.0,,3.6,1019.7,3.0
2025-11-23 13:00:00,DPLCO,9.0,4.4,73.0,,11.1,1016.4,3.0
2025-11-23 14:00:00,DPLCO,9.8,4.8,71.0,,13.0,1016.6,3.0
2025-11-23 15:00:00,DPLCO,10.7,5.0,68.0,,14.8,1016.4,3.0
2025-11-23 16:00:00,DPLCO,12.3,5.0,61.0,,16.7,1015.2,3.0
2025-11-23 17:00:00,DPLCO,12.4,2.0,49.0,,14.8,1013.8,3.0
2025-11-23 18:00:00,DPLCO,10.6,-1.5,43.0,,6.1,1018.5,3.0
2025-11-23 19:00:00,DPLCO,13.8,4.1,52.0,,14.8,1014.8,3.0
2025-11-23 20:00:00,DPLCO,13.9,3.9,51.0,,14.8,1014.7,3.0
2025-11-23 21:00:00,DPLCO,13.2,4.6,56.0,,14.8,1015.1,3.0
2025-11-23 22:00:00,DPLCO,12.5,4.5,58.0,,14.8,1015.2,3.0
2025-11-23 23:00:00,DPLCO,11.6,2.6,54.0,,11.1,1015.8,3.0
2025-11-24 00:00:00,DPLCO,5.9,1.2,72.0,,7.6,1019.1,3.0
2025-11-24 01:00:00,DPLCO,11.2,4.0,61.0,,13.0,1016.2,3.0
2025-11-24 02:00:00,DPLCO,10.7,3.7,62.0,,13.0,1016.5,3.0
2025-11-24 03:00:00,DPLCO,10.2,3.5,63.0,,11.1,1016.6,3.0
2025-11-24 04:00:00,DPLCO,9.5,3.9,68.0,,11.1,1016.4,3.0
2025-11-24 05:00:00,DPLCO,8.0,4.0,76.0,,7.4,1016.0,3.0
2025-11-24 06:00:00,DPLCO,4.0,2.5,90.0,,6.1,1019.4,3.0
2025-11-24 07:00:00,DPLCO,8.4,3.8,73.0,,11.1,1016.7,3.0
2025-11-24 08:00:00,DPLCO,8.0,3.8,75.0,,11.1,1016.7,3.0
2025-11-24 09:00:00,DPLCO,7.9,3.6,74.0,,11.1,1017.1,3.0
2025-11-24 10:00:00,DPLCO,7.5,3.5,76.0,,11.1,1017.0,3.0
2025-11-24 11:00:00,DPLCO,7.1,3.0,75.0,,9.3,1016.1,3.0
2025-11-24 12:00:00,DPLCO,1.6,-0.2,88.0,,1.8,1020.9,3.0
2025-11-24 13:00:00,DPLCO,8.5,3.1,69.0,,13.0,1018.3,3.0
2025-11-24 14:00:00,DPLCO,9.5,3.2,65.0,,14.8,1018.7,3.0
2025-11-24 15:00:00,DPLCO,10.7,3.3,60.0,,14.8,1018.5,3.0
2025-11-24 16:00:00,DPLCO,12.4,3.1,53.0,,16.7,1017.5,3.0
2025-11-24 17:00:00,DPLCO,15.6,1.7,39.0,,16.7,1016.0,3.0
2025-11-24 18:00:00,DPLCO,14.2,5.3,55.0,,10.1,1019.2,3.0
2025-11-24 19:00:00,DPLCO,14.0,3.2,48.0,,16.7,1017.6,3.0
2025-11-24 20:00:00,DPLCO,14.0,2.9,47.0,,16.7,1017.6,3.0
2025-11-24 21:00:00,DPLCO,13.1,3.5,52.0,,16.7,1017.6,3.0
2025-11-24 22:00:00,DPLCO,12.5,3.2,53.0,,14.8,1017.2,3.0
2025-11-24 23:00:00,DPLCO,13.6,3.7,51.0,,14.8,1016.4,3.0
2025-11-25 00:00:00,DPLCO,9.1,5.3,77.0,,9.7,1018.9,3.0
2025-11-25 01:00:00,DPLCO,11.1,2.9,57.0,,13.0,1017.9,3.0
2025-11-25 02:00:00,DPLCO,10.6,2.9,59.0,,13.0,1018.2,3.0
2025-11-25 03:00:00,DPLCO,10.2,2.8,60.0,,13.0,1018.3,3.0
2025-11-25 04:00:00,DPLCO,9.3,3.1,65.0,,13.0,1017.6,3.0
2025-11-25 05:00:00,DPLCO,9.9,5.1,72.0,,13.0,1017.6,3.0
2025-11-25 06:00:00,DPLCO,8.8,6.4,85.0,,11.2,1017.8,4.0
2025-11-25 07:00:00,DPLCO,8.3,2.7,68.0,,13.0,1017.3,3.0
2025-11-25 08:00:00,DPLCO,8.1,2.3,67.0,,11.1,1017.3,3.0
2025-11-25 09:00:00,DPLCO,7.8,2.1,67.0,,11.1,1017.5,3.0
2025-11-25 10:00:00,DPLCO,7.1,2.0,70.0,,13.0,1017.7,3.0
2025-11-25 11:00:00,DPLCO,7.9,4.8,81.0,,11.1,1018.0,3.0
2025-11-25 12:00:00,DPLCO,8.9,2.7,65.0,,8.6,1019.1,3.0
2025-11-25 13:00:00,DPLCO,7.6,1.2,64.0,,14.8,1019.3,3.0
2025-11-25 14:00:00,DPLCO,8.5,1.2,60.0,,16.7,1019.7,3.0
2025-11-25 15:00:00,DPLCO,9.6,1.3,56.0,,16.7,1019.4,3.0
2025-11-25 16:00:00,DPLCO,10.8,1.3,52.0,,18.5,1018.6,3.0
2025-11-25 17:00:00,DPLCO,13.4,4.0,53.0,,18.5,1016.7,3.0
2025-11-25 18:00:00,DPLCO,12.3,7.8,74.0,,9.7,1019.0,3.0
2025-11-25 19:00:00,DPLCO,12.0,1.0,47.0,,18.5,1018.5,3.0
2025-11-25 20:00:00,DPLCO,12.0,1.0,47.0,,16.7,1018.4,3.0
2025-11-25 21:00:00,DPLCO,11.2,1.7,52.0,,16.7,1018.7,3.0
2025-11-25 22:00:00,DPLCO,10.6,1.4,53.0,,14.8,1018.5,3.0
2025-11-25 23:00:00,DPLCO,11.7,2.7,54.0,,13.0,1018.1,3.0
2025-11-26 00:00:00,DPLCO,8.6,5.0,78.0,,9.0,1020.9,3.0
2025-11-26 01:00:00,DPLCO,9.4,1.3,57.0,,13.0,1019.8,3.0
2025-11-26 02:00:00,DPLCO,8.8,1.2,59.0,,11.1,1020.0,3.0
2025-11-26 03:00:00,DPLCO,8.4,1.1,60.0,,11.1,1019.9,3.0
2025-11-26 04:00:00,DPLCO,7.4,1.3,65.0,,11.1,1019.0,3.0
2025-11-26 05:00:00,DPLCO,6.9,2.8,75.0,,11.1,1017.8,3.0
2025-11-26 06:00:00,DPLCO,4.9,2.3,83.0,,9.0,1022.3,3.0
2025-11-26 07:00:00,DPLCO,6.7,1.2,68.0,,11.1,1019.3,3.0
2025-11-26 08:00:00,DPLCO,6.4,1.1,69.0,,11.1,1019.3,3.0
2025-11-26 09:00:00,DPLCO,6.2,1.1,70.0,,11.1,1019.5,3.0
2025-11-26 10:00:00,DPLCO,5.9,1.0,71.0,,11.1,1019.3,3.0
2025-11-26 11:00:00,DPLCO,6.1,3.3,82.0,,9.3,1019.0,3.0
2025-11-26 12:00:00,DPLCO,1.9,-0.8,82.0,,8.6,1025.0,3.0
2025-11-26 13:00:00,DPLCO,6.7,0.6,65.0,,14.8,1021.6,3.0
2025-11-26 14:00:00,DPLCO,7.7,0.9,62.0,,14.8,1021.9,3.0
2025-11-26 15:00:00,DPLCO,8.6,0.8,58.0,,16.7,1021.6,3.0
2025-11-26 16:00:00,DPLCO,10.0,1.1,54.0,,16.7,1020.0,3.0
2025-11-26 17:00:00,DPLCO,12.4,3.1,53.0,,18.5,1018.2,3.0
2025-11-26 18:00:00,DPLCO,8.7,-0.6,52.0,,7.9,1025.1,3.0
2025-11-26 19:00:00,DPLCO,11.1,0.8,49.0,,16.7,1020.2,3.0
2025-11-26 20:00:00,DPLCO,11.1,0.8,49.0,,14.8,1019.9,3.0
2025-11-26 21:00:00,DPLCO,10.4,1.2,53.0,,14.8,1019.9,3.0
2025-11-26 22:00:00,DPLCO,10.2,1.3,54.0,,14.8,1019.4,3.0
2025-11-26 23:00:00,DPLCO,10.3,2.2,57.0,,14.8,1019.4,3.0
2025-11-27 00:00:00,DPLCO,6.1,-1.1,60.0,,7.2,1025.7,3.0
2025-11-27 01:00:00,DPLCO,8.8,1.7,61.0,,13.0,1020.2,3.0
2025-11-27 02:00:00,DPLCO,8.3,1.7,63.0,,13.0,1020.3,3.0
2025-11-27 03:00:00,DPLCO,7.9,1.5,64.0,,11.1,1020.3,3.0
2025-11-27 04:00:00,DPLCO,6.8,1.7,70.0,,11.1,1019.5,
2025-11-27 05:00:00,DPLCO,7.0,2.9,75.0,,11.1,1019.0,
2025-11-27 06:00:00,DPLCO,6.8,1.9,71.0,,13.0,1020.9,
2025-11-27 07:00:00,DPLCO,5.9,1.2,72.0,,13.0,1019.6,
2025-11-27 08:00:00,DPLCO,5.6,1.1,73.0,,13.0,1019.6,
2025-11-27 09:00:00,DPLCO,5.5,1.0,73.0,,13.0,1019.8,
2025-11-27 10:00:00,DPLCO,6.8,1.7,70.0,,11.1,1021.0,
2025-11-27 11:00:00,DPLCO,7.2,2.7,73.0,,11.1,1020.5,
2025-11-27 12:00:00,DPLCO,6.3,0.8,68.0,,13.0,1020.9,
2025-11-27 13:00:00,DPLCO,6.9,1.0,66.0,,13.0,1021.5,
2025-11-27 14:00:00,DPLCO,7.8,1.0,62.0,,13.0,1021.7,
2025-11-27 15:00:00,DPLCO,8.8,1.0,58.0,,13.0,1021.5,
2025-11-01 00:00:00,DUQ,9.0,3.4,68.0,0.0,15.0,1011.0,4.0
2025-11-01 01:00:00,DUQ,9.0,3.4,68.0,0.0,15.0,1012.0,4.0
2025-11-01 02:00:00,DUQ,9.0,3.4,68.0,0.0,15.0,1012.0,4.0
2025-11-01 03:00:00,DUQ,9.0,3.4,68.0,0.0,11.0,1012.0,4.0
2025-11-01 04:00:00,DUQ,8.0,3.7,74.0,0.0,7.0,1013.0,4.0
2025-11-01 05:00:00,DUQ,8.0,2.5,68.0,0.0,11.0,1013.0,4.0
2025-11-01 06:00:00,DUQ,7.0,2.1,71.0,0.0,11.0,1013.0,3.0
2025-11-01 07:00:00,DUQ,7.0,2.5,73.0,0.0,9.0,1014.0,3.0
2025-11-01 08:00:00,DUQ,6.0,2.6,79.0,0.0,9.0,1014.0,3.0
2025-11-01 09:00:00,DUQ,5.0,1.7,79.0,0.0,11.0,1015.0,3.0
2025-11-01 10:00:00,DUQ,4.0,1.9,86.0,0.0,7.0,1015.0,3.0
2025-11-01 11:00:00,DUQ,4.0,1.9,86.0,0.0,0.0,1016.0,3.0
2025-11-01 12:00:00,DUQ,5.0,2.2,82.0,0.0,0.0,1017.0,3.0
2025-11-01 13:00:00,DUQ,6.0,2.6,79.0,0.0,6.0,1017.0,3.0
2025-11-01 14:00:00,DUQ,9.0,1.4,59.0,0.0,17.0,1017.0,3.0
2025-11-01 15:00:00,DUQ,11.0,2.8,57.0,0.0,11.0,1017.0,3.0
2025-11-01 16:00:00,DUQ,12.0,2.4,52.0,0.0,11.0,1017.0,3.0
2025-11-01 17:00:00,DUQ,13.0,2.5,49.0,0.0,13.0,1017.0,3.0
2025-11-01 18:00:00,DUQ,13.0,2.5,49.0,0.0,24.0,1017.0,3.0
2025-11-01 19:00:00,DUQ,13.0,0.7,43.0,0.0,24.0,1017.0,3.0
2025-11-01 20:00:00,DUQ,13.0,2.5,49.0,0.0,20.0,1017.0,3.0
2025-11-01 21:00:00,DUQ,12.0,-0.2,43.0,0.0,13.0,1018.0,3.0
2025-11-01 22:00:00,DUQ,11.0,-0.2,46.0,0.0,0.0,1018.0,3.0
2025-11-01 23:00:00,DUQ,9.0,1.2,58.0,0.0,0.0,1019.0,3.0
2025-11-02 00:00:00,DUQ,8.0,1.8,65.0,0.0,0.0,1019.0,3.0
2025-11-02 01:00:00,DUQ,7.0,2.5,73.0,0.0,0.0,1020.0,3.0
2025-11-02 02:00:00,DUQ,7.0,1.9,70.0,0.0,0.0,1020.0,3.0
2025-11-02 03:00:00,DUQ,6.0,2.1,76.0,0.0,0.0,1020.0,3.0
2025-11-02 04:00:00,DUQ,6.0,2.1,76.0,0.0,0.0,1020.0,3.0
2025-11-02 05:00:00,DUQ,6.0,2.6,79.0,0.0,0.0,1021.0,3.0
2025-11-02 06:00:00,DUQ,4.0,2.4,89.0,0.0,0.0,1021.0,3.0
2025-11-02 07:00:00,DUQ,4.0,2.4,89.0,0.0,0.0,1021.0,3.0
2025-11-02 08:00:00,DUQ,3.0,2.0,93.0,0.0,0.0,1022.0,3.0
2025-11-02 09:00:00,DUQ,3.0,2.0,93.0,0.0,0.0,1022.0,3.0
2025-11-02 10:00:00,DUQ,2.0,0.8,92.0,0.0,0.0,1023.0,3.0
2025-11-02 11:00:00,DUQ,3.0,0.7,85.0,0.0,0.0,1023.0,3.0
2025-11-02 12:00:00,DUQ,3.0,1.4,89.0,0.0,0.0,1024.0,3.0
2025-11-02 13:00:00,DUQ,5.0,3.3,89.0,0.0,0.0,1024.0,3.0
2025-11-02 14:00:00,DUQ,6.0,3.8,86.0,0.0,0.0,1025.0,3.0
2025-11-02 15:00:00,DUQ,9.0,3.4,68.0,0.0,6.0,1025.0,3.0
2025-11-02 16:00:00,DUQ,11.0,3.8,61.0,0.0,0.0,1024.0,3.0
2025-11-02 17:00:00,DUQ,13.0,4.7,57.0,0.0,6.0,1023.0,3.0
2025-11-02 18:00:00,DUQ,14.0,4.0,51.0,0.0,0.0,1023.0,3.0
2025-11-02 19:00:00,DUQ,14.0,4.0,51.0,0.0,9.0,1023.0,3.0
2025-11-02 20:00:00,DUQ,14.0,4.6,53.0,0.0,6.0,1023.0,3.0
2025-11-02 21:00:00,DUQ,13.0,4.7,57.0,0.0,9.0,1022.0,3.0
2025-11-02 22:00:00,DUQ,12.0,4.7,61.0,0.0,0.0,1022.0,3.0
2025-11-02 23:00:00,DUQ,11.0,5.3,68.0,0.0,0.0,1023.0,3.0
2025-11-03 00:00:00,DUQ,10.0,5.0,71.0,0.0,0.0,1023.0,2.0
2025-11-03 01:00:00,DUQ,10.0,5.0,71.0,0.0,0.0,1022.0,2.0
2025-11-03 02:00:00,DUQ,10.0,5.0,71.0,0.0,0.0,1022.0,2.0
2025-11-03 03:00:00,DUQ,10.0,4.4,68.0,0.0,0.0,1022.0,2.0
2025-11-03 04:00:00,DUQ,8.0,4.6,79.0,0.0,0.0,1021.0,2.0
2025-11-03 05:00:00,DUQ,6.0,4.3,89.0,0.0,0.0,1021.0,2.0
2025-11-03 06:00:00,DUQ,5.0,4.0,93.0,0.0,0.0,1021.0,2.0
2025-11-03 07:00:00,DUQ,5.0,3.3,89.0,0.0,0.0,1021.0,2.0
2025-11-03 08:00:00,DUQ,5.0,2.9,86.0,0.0,0.0,1020.0,2.0
2025-11-03 09:00:00,DUQ,3.0,1.4,89.0,0.0,0.0,1021.0,2.0
2025-11-03 10:00:00,DUQ,3.0,2.0,93.0,0.0,6.0,1020.0,2.0
2025-11-03 11:00:00,DUQ,3.0,1.4,89.0,0.0,6.0,1021.0,2.0
2025-11-03 12:00:00,DUQ,5.0,3.3,89.0,0.0,6.0,1021.0,2.0
2025-11-03 13:00:00,DUQ,8.0,4.6,79.0,0.0,15.0,1021.0,2.0
2025-11-03 14:00:00,DUQ,9.0,3.6,69.0,0.0,22.0,1020.0,3.0
2025-11-03 15:00:00,DUQ,9.0,3.4,68.0,0.0,19.0,1019.0,3.0
2025-11-03 16:00:00,DUQ,10.0,2.8,61.0,0.0,20.0,1018.0,2.0
2025-11-03 17:00:00,DUQ,12.0,0.4,45.0,0.0,30.0,1018.0,2.0
2025-11-03 18:00:00,DUQ,12.0,-0.2,43.0,0.0,22.0,1017.0,3.0
2025-11-03 19:00:00,DUQ,11.0,0.4,48.0,0.0,19.0,1017.0,3.0
2025-11-03 20:00:00,DUQ,12.0,1.0,47.0,0.0,17.0,1017.0,3.0
2025-11-03 21:00:00,DUQ,12.0,1.9,50.0,0.0,20.0,1017.0,3.0
2025-11-03 22:00:00,DUQ,11.0,2.6,56.0,0.0,13.0,1018.0,2.0
2025-11-03 23:00:00,DUQ,10.0,2.1,58.0,0.0,15.0,1018.0,2.0
2025-11-04 00:00:00,DUQ,9.0,1.9,61.0,0.0,11.0,1019.0,2.0
2025-11-04 01:00:00,DUQ,9.0,2.3,63.0,0.0,17.0,1019.0,2.0
2025-11-04 02:00:00,DUQ,9.0,1.2,58.0,0.0,20.0,1020.0,2.0
2025-11-04 03:00:00,DUQ,8.0,-0.7,54.0,0.0,20.0,1021.0,2.0
2025-11-04 04:00:00,DUQ,8.0,-1.5,51.0,0.0,15.0,1021.0,2.0
2025-11-04 05:00:00,DUQ,7.0,-1.9,53.0,0.0,13.0,1022.0,1.0
2025-11-04 06:00:00,DUQ,7.0,-1.4,55.0,0.0,6.0,1021.0,1.0
2025-11-04 07:00:00,DUQ,6.0,-1.9,57.0,0.0,13.0,1022.0,1.0
2025-11-04 08:00:00,DUQ,6.0,-1.4,59.0,0.0,7.0,1022.0,1.0
2025-11-04 09:00:00,DUQ,4.0,-2.2,64.0,0.0,7.0,1023.0,1.0
2025-11-04 10:00:00,DUQ,4.0,-2.6,62.0,0.0,6.0,1024.0,2.0
2025-11-04 11:00:00,DUQ,2.0,-2.3,73.0,0.0,7.4,1024.0,2.0
2025-11-04 12:00:00,DUQ,5.0,-1.7,62.0,0.0,7.0,1025.0,2.0
2025-11-04 13:00:00,DUQ,7.0,-1.2,56.0,0.0,9.0,1026.0,2.0
2025-11-04 14:00:00,DUQ,9.0,-0.3,52.0,0.0,13.0,1026.0,2.0
2025-11-04 15:00:00,DUQ,12.0,-2.2,37.0,0.0,13.0,1026.0,2.0
2025-11-04 16:00:00,DUQ,13.0,-6.1,26.0,0.0,17.0,1025.0,2.0
2025-11-04 17:00:00,DUQ,14.0,-7.4,22.0,0.0,20.0,1024.0,2.0
2025-11-04 18:00:00,DUQ,14.0,-6.8,23.0,0.0,24.0,1023.0,2.0
2025-11-04 19:00:00,DUQ,14.0,-8.0,21.0,0.0,24.0,1023.0,3.0
2025-11-04 20:00:00,DUQ,14.0,-6.8,23.0,0.0,17.0,1023.0,3.0
2025-11-04 21:00:00,DUQ,13.0,-7.1,24.0,0.0,9.0,1023.0,3.0
2025-11-04 22:00:00,DUQ,12.0,-6.9,26.0,0.0,7.0,1024.0,3.0
2025-11-04 23:00:00,DUQ,11.0,-6.4,29.0,0.0,6.0,1024.0,3.0
2025-11-05 00:00:00,DUQ,7.0,-4.4,44.0,0.0,0.0,1023.0,2.0
2025-11-05 01:00:00,DUQ,7.0,-3.5,47.0,0.0,0.0,1023.0,2.0
2025-11-05 02:00:00,DUQ,6.0,-2.9,53.0,0.0,0.0,1022.0,2.0
2025-11-05 03:00:00,DUQ,6.0,-3.6,50.0,0.0,6.0,1022.0,2.0
2025-11-05 04:00:00,DUQ,6.0,-3.6,50.0,0.0,7.0,1021.0,2.0
2025-11-05 05:00:00,DUQ,5.0,-3.3,55.0,0.0,0.0,1020.0,2.0
2025-11-05 06:00:00,DUQ,4.0,-3.1,60.0,0.0,0.0,1020.0,2.0
2025-11-05 07:00:00,DUQ,4.0,-2.6,62.0,0.0,0.0,1020.0,2.0
2025-11-05 08:00:00,DUQ,4.0,-2.6,62.0,0.0,7.0,1019.0,2.0
2025-11-05 09:00:00,DUQ,3.0,-3.1,64.0,0.0,7.0,1018.0,2.0
2025-11-05 10:00:00,DUQ,5.0,-3.3,55.0,0.0,9.0,1016.0,2.0
2025-11-05 11:00:00,DUQ,7.0,-2.4,51.0,0.0,11.0,1016.0,2.0
2025-11-05 12:00:00,DUQ,9.0,-0.6,51.0,0.0,17.0,1015.0,2.0
2025-11-05 13:00:00,DUQ,12.0,1.9,50.0,0.0,22.0,1014.0,2.0
2025-11-05 14:00:00,DUQ,14.0,4.0,51.0,0.0,35.0,1012.0,2.0
2025-11-05 15:00:00,DUQ,15.0,4.9,51.0,0.0,33.0,1012.0,2.0
2025-11-05 16:00:00,DUQ,16.0,5.6,50.0,0.0,30.0,1011.0,2.0
2025-11-05 17:00:00,DUQ,17.0,5.9,48.0,0.0,26.0,1009.0,3.0
2025-11-05 18:00:00,DUQ,17.0,5.9,48.0,0.0,28.0,1009.0,3.0
2025-11-05 19:00:00,DUQ,17.0,6.5,50.0,0.0,17.0,1009.0,3.0
2025-11-05 20:00:00,DUQ,17.0,6.5,50.0,0.0,24.0,1009.0,3.0
2025-11-05 21:00:00,DUQ,17.0,7.1,52.0,0.0,26.0,1009.0,3.0
2025-11-05 22:00:00,DUQ,17.0,8.2,56.0,0.0,20.0,1010.0,3.0
2025-11-05 23:00:00,DUQ,14.0,9.0,72.0,0.0,28.0,1011.0,3.0
2025-11-06 00:00:00,DUQ,12.0,6.9,71.0,0.0,35.0,1013.0,3.0
2025-11-06 01:00:00,DUQ,11.0,4.2,63.0,0.0,30.0,1015.0,3.0
2025-11-06 02:00:00,DUQ,10.0,3.3,63.0,0.0,35.0,1016.0,3.0
2025-11-06 03:00:00,DUQ,8.0,3.5,73.0,0.0,30.0,1018.0,3.0
2025-11-06 04:00:00,DUQ,7.0,-0.7,58.0,0.0,30.0,1019.0,3.0
2025-11-06 05:00:00,DUQ,6.0,-1.2,60.0,0.0,17.0,1020.0,3.0
2025-11-06 06:00:00,DUQ,4.0,-1.0,70.0,0.0,15.0,1020.0,3.0
2025-11-06 07:00:00,DUQ,4.0,-1.4,68.0,0.0,6.0,1020.0,2.0
2025-11-06 08:00:00,DUQ,4.0,-0.4,73.0,0.0,7.0,1021.0,2.0
2025-11-06 09:00:00,DUQ,3.0,-0.8,76.0,0.0,7.0,1021.0,2.0
2025-11-06 10:00:00,DUQ,2.0,-2.0,75.0,0.0,7.0,1022.0,2.0
2025-11-06 11:00:00,DUQ,1.0,-2.2,79.0,0.0,7.0,1022.0,2.0
2025-11-06 12:00:00,DUQ,3.0,-0.8,76.0,0.0,11.0,1023.0,2.0
2025-11-06 13:00:00,DUQ,5.0,-0.6,67.0,0.0,15.0,1023.0,2.0
2025-11-06 14:00:00,DUQ,7.0,0.4,63.0,0.0,11.0,1024.0,2.0
2025-11-06 15:00:00,DUQ,9.0,-0.6,51.0,0.0,22.0,1024.0,2.0
2025-11-06 16:00:00,DUQ,10.0,-2.3,42.0,0.0,20.0,1023.0,2.0
2025-11-06 17:00:00,DUQ,11.0,-2.4,39.0,0.0,20.0,1022.0,2.0
2025-11-06 18:00:00,DUQ,11.0,-2.8,38.0,0.0,28.0,1022.0,2.0
2025-11-06 19:00:00,DUQ,11.0,-4.3,34.0,0.0,26.0,1021.0,2.0
2025-11-06 20:00:00,DUQ,11.0,-3.9,35.0,0.0,20.0,1021.0,2.0
2025-11-06 21:00:00,DUQ,10.0,-4.0,37.0,0.0,13.0,1021.0,3.0
2025-11-06 22:00:00,DUQ,8.0,-4.1,42.0,0.0,0.0,1021.0,3.0
2025-11-06 23:00:00,DUQ,6.0,-2.9,53.0,0.0,0.0,1021.0,3.0
2025-11-07 00:00:00,DUQ,6.0,-2.9,53.0,0.0,0.0,1020.0,3.0
2025-11-07 01:00:00,DUQ,4.0,-2.6,62.0,0.0,0.0,1020.0,3.0
2025-11-07 02:00:00,DUQ,3.0,-3.1,64.0,0.0,0.0,1020.0,3.0
2025-11-07 03:00:00,DUQ,3.0,-3.1,64.0,0.0,6.0,1019.0,3.0
2025-11-07 04:00:00,DUQ,2.0,-3.5,67.0,0.0,6.0,1018.0,3.0
2025-11-07 05:00:00,DUQ,1.0,-2.9,75.0,0.0,0.0,1017.0,3.0
2025-11-07 06:00:00,DUQ,2.0,-4.1,64.0,0.0,6.0,1016.0,3.0
2025-11-07 07:00:00,DUQ,3.0,-3.8,61.0,0.0,6.0,1015.0,3.0
2025-11-07 08:00:00,DUQ,2.0,-3.1,69.0,0.0,6.0,1013.0,3.0
2025-11-07 09:00:00,DUQ,2.0,-3.5,67.0,0.0,11.0,1012.0,3.0
2025-11-07 10:00:00,DUQ,2.0,-3.5,67.0,0.0,11.0,1011.0,4.0
2025-11-07 11:00:00,DUQ,2.0,-3.5,67.0,0.0,11.0,1010.0,4.0
2025-11-07 12:00:00,DUQ,3.0,-3.8,61.0,0.0,9.0,1009.0,4.0
2025-11-07 13:00:00,DUQ,7.0,-3.0,49.0,0.0,9.0,1008.0,4.0
2025-11-07 14:00:00,DUQ,11.0,-0.8,44.0,0.0,11.0,1007.0,4.0
2025-11-07 15:00:00,DUQ,14.0,2.6,46.0,0.0,22.0,1005.0,4.0
2025-11-07 16:00:00,DUQ,18.0,6.8,48.0,0.0,32.0,1004.0,4.0
2025-11-07 17:00:00,DUQ,17.0,7.1,52.0,0.0,32.0,1003.0,4.0
2025-11-07 18:00:00,DUQ,16.0,8.2,60.0,0.0,28.0,1003.0,7.0
2025-11-07 19:00:00,DUQ,14.0,10.2,78.0,0.0,32.0,1002.0,7.0
2025-11-07 20:00:00,DUQ,14.0,10.2,78.0,0.0,22.0,1002.0,7.0
2025-11-07 21:00:00,DUQ,13.0,11.4,90.0,0.0,17.0,1002.0,7.0
2025-11-07 22:00:00,DUQ,13.0,11.9,93.0,0.0,20.0,1002.0,7.0
2025-11-07 23:00:00,DUQ,14.0,12.9,93.0,0.0,13.0,1003.0,7.0
2025-11-08 00:00:00,DUQ,14.0,12.4,90.0,0.0,15.0,1003.0,7.0
2025-11-08 01:00:00,DUQ,13.0,11.4,90.0,0.0,15.0,1003.0,4.0
2025-11-08 02:00:00,DUQ,13.0,11.9,93.0,0.0,9.0,1004.0,4.0
2025-11-08 03:00:00,DUQ,12.0,10.9,93.0,0.0,7.0,1004.0,4.0
2025-11-08 04:00:00,DUQ,12.0,10.4,90.0,0.0,15.0,1005.0,4.0
2025-11-08 05:00:00,DUQ,12.0,10.2,89.0,0.0,13.0,1005.0,4.0
2025-11-08 06:00:00,DUQ,9.0,7.9,93.0,0.0,13.0,1005.0,4.0
2025-11-08 07:00:00,DUQ,8.0,7.4,96.0,0.0,6.0,1006.0,3.0
2025-11-08 08:00:00,DUQ,8.0,7.6,97.0,0.0,6.0,1006.0,3.0
2025-11-08 09:00:00,DUQ,7.0,6.4,96.0,0.0,0.0,1007.0,5.0
2025-11-08 10:00:00,DUQ,6.0,6.0,100.0,0.0,0.0,1008.0,5.0
2025-11-08 11:00:00,DUQ,5.0,5.0,100.0,0.0,0.0,1008.0,5.0
2025-11-08 12:00:00,DUQ,7.0,6.4,96.0,0.0,0.0,1009.0,5.0
2025-11-08 13:00:00,DUQ,7.0,6.6,97.0,0.0,0.0,1009.0,5.0
2025-11-08 14:00:00,DUQ,8.0,8.0,100.0,0.0,9.0,1009.0,5.0
2025-11-08 15:00:00,DUQ,9.0,9.0,100.0,0.0,6.0,1009.0,5.0
2025-11-08 16:00:00,DUQ,11.0,8.7,86.0,0.0,9.0,1010.0,4.0
2025-11-08 17:00:00,DUQ,14.0,7.5,65.0,0.0,19.0,1009.0,4.0
2025-11-08 18:00:00,DUQ,15.0,7.8,62.0,0.0,13.0,1009.0,3.0
2025-11-08 19:00:00,DUQ,14.0,8.0,67.0,0.0,11.0,1009.0,4.0
2025-11-08 20:00:00,DUQ,14.0,8.4,69.0,0.0,13.0,1009.0,4.0
2025-11-08 21:00:00,DUQ,13.0,5.9,62.0,0.0,13.0,1009.0,4.0
2025-11-08 22:00:00,DUQ,11.0,7.7,80.0,0.0,15.0,1010.0,4.0
2025-11-08 23:00:00,DUQ,10.0,6.7,80.0,0.0,7.0,1010.0,4.0
2025-11-09 00:00:00,DUQ,9.0,6.3,83.0,0.0,0.0,1010.0,4.0
2025-11-09 01:00:00,DUQ,8.0,5.8,86.0,0.0,9.0,1010.0,4.0
2025-11-09 02:00:00,DUQ,7.0,5.9,93.0,0.0,6.0,1011.0,4.0
2025-11-09 03:00:00,DUQ,7.0,5.9,93.0,0.0,0.0,1010.0,4.0
2025-11-09 04:00:00,DUQ,6.0,5.4,96.0,0.0,0.0,1010.0,4.0
2025-11-09 05:00:00,DUQ,6.0,4.8,92.0,0.0,0.0,1010.0,4.0
2025-11-09 06:00:00,DUQ,6.0,4.8,92.0,0.0,0.0,1009.0,4.0
2025-11-09 07:00:00,DUQ,5.0,5.0,100.0,0.0,0.0,1009.0,5.0
2025-11-09 08:00:00,DUQ,6.0,5.4,96.0,0.0,6.0,1009.0,4.0
2025-11-09 09:00:00,DUQ,6.0,5.4,96.0,0.0,11.0,1007.0,5.0
2025-11-09 10:00:00,DUQ,6.0,5.4,96.0,0.0,0.0,1008.0,5.0
2025-11-09 11:00:00,DUQ,5.0,5.0,100.0,0.0,9.0,1006.0,5.0
2025-11-09 12:00:00,DUQ,5.0,5.0,100.0,0.0,7.0,1006.0,5.0
2025-11-09 13:00:00,DUQ,6.0,5.6,97.0,0.0,7.0,1005.0,5.0
2025-11-09 14:00:00,DUQ,7.0,6.4,96.0,0.0,17.0,1006.0,8.0
2025-11-09 15:00:00,DUQ,7.0,5.9,93.0,0.1,20.0,1006.0,7.0
2025-11-09 16:00:00,DUQ,9.0,6.8,86.0,0.0,7.0,1005.0,7.0
2025-11-09 17:00:00,DUQ,9.0,7.4,90.0,0.0,13.0,1005.0,4.0
2025-11-09 18:00:00,DUQ,10.0,7.2,83.0,0.0,11.0,1005.0,4.0
2025-11-09 19:00:00,DUQ,9.0,6.8,86.0,0.0,17.0,1006.0,4.0
2025-11-09 20:00:00,DUQ,9.0,7.3,89.0,0.0,17.0,1006.0,4.0
2025-11-09 21:00:00,DUQ,9.0,5.2,77.0,0.0,7.0,1007.0,4.0
2025-11-09 22:00:00,DUQ,8.0,6.3,89.0,0.0,19.0,1008.0,4.0
2025-11-09 23:00:00,DUQ,7.0,5.9,93.0,0.1,13.0,1009.0,4.0
2025-11-10 00:00:00,DUQ,6.0,4.3,89.0,0.0,15.0,1009.0,4.0
2025-11-10 01:00:00,DUQ,6.0,4.3,89.0,0.0,20.0,1009.0,7.0
2025-11-10 02:00:00,DUQ,3.0,1.4,89.0,0.0,30.0,1010.0,7.0
2025-11-10 03:00:00,DUQ,2.0,-0.3,85.0,0.0,24.0,1011.0,7.0
2025-11-10 04:00:00,DUQ,2.0,0.4,89.0,0.0,22.0,1011.0,7.0
2025-11-10 05:00:00,DUQ,1.0,-0.8,88.0,0.0,20.0,1012.0,7.0
2025-11-10 06:00:00,DUQ,1.0,-1.2,85.0,0.0,20.0,1012.0,12.0
2025-11-10 07:00:00,DUQ,1.0,-1.7,82.0,0.0,24.0,1011.0,14.0
2025-11-10 08:00:00,DUQ,0.0,-1.1,92.0,0.0,20.0,1012.0,14.0
2025-11-10 09:00:00,DUQ,0.0,-2.2,85.0,0.0,20.0,1012.0,14.0
2025-11-10 10:00:00,DUQ,0.0,-2.2,85.0,0.0,13.0,1012.0,4.0
2025-11-10 11:00:00,DUQ,0.0,-2.9,81.0,0.0,17.0,1012.0,4.0
2025-11-10 12:00:00,DUQ,0.0,-2.2,85.0,0.0,13.0,1013.0,14.0
2025-11-10 13:00:00,DUQ,-1.0,-2.6,89.0,0.0,19.0,1013.0,4.0
2025-11-10 14:00:00,DUQ,0.0,-2.9,81.0,0.0,19.0,1013.0,4.0
2025-11-10 15:00:00,DUQ,1.0,-4.6,66.0,0.0,22.0,1014.0,4.0
2025-11-10 16:00:00,DUQ,1.0,-5.7,61.0,0.0,24.0,1013.0,4.0
2025-11-10 17:00:00,DUQ,1.0,-5.7,61.0,0.0,26.0,1013.0,4.0
2025-11-10 18:00:00,DUQ,2.0,-5.8,56.0,0.0,26.0,1012.0,4.0
2025-11-10 19:00:00,DUQ,2.0,-7.6,49.0,0.0,20.0,1012.0,4.0
2025-11-10 20:00:00,DUQ,1.0,-6.1,59.0,0.0,26.0,1012.0,4.0
2025-11-10 21:00:00,DUQ,-1.0,-4.7,76.0,0.0,20.0,1013.0,4.0
2025-11-10 22:00:00,DUQ,-1.0,-6.5,66.0,0.0,30.0,1013.0,3.0
2025-11-10 23:00:00,DUQ,-2.0,-7.5,66.0,0.0,28.0,1014.0,3.0
2025-11-11 00:00:00,DUQ,-2.0,-6.9,69.0,0.0,22.0,1014.0,4.0
2025-11-11 01:00:00,DUQ,-3.0,-8.4,66.0,0.0,32.0,1014.0,4.0
2025-11-11 02:00:00,DUQ,-3.0,-9.0,63.0,0.0,26.0,1014.0,4.0
2025-11-11 03:00:00,DUQ,-3.0,-9.7,60.0,0.0,22.0,1014.0,4.0
2025-11-11 04:00:00,DUQ,-4.0,-10.0,63.0,0.0,20.0,1014.0,4.0
2025-11-11 05:00:00,DUQ,-4.0,-9.4,66.0,0.0,19.0,1013.0,4.0
2025-11-11 06:00:00,DUQ,-4.0,-10.0,63.0,0.0,20.0,1014.0,4.0
2025-11-11 07:00:00,DUQ,-4.0,-10.2,62.0,0.0,22.0,1014.0,4.0
2025-11-11 08:00:00,DUQ,-5.0,-9.4,71.0,0.0,19.0,1014.0,4.0
2025-11-11 09:00:00,DUQ,-5.0,-8.9,74.0,0.0,19.0,1014.0,4.0
2025-11-11 10:00:00,DUQ,-4.0,-7.9,74.0,0.0,22.0,1014.0,4.0
2025-11-11 11:00:00,DUQ,-4.0,-7.9,74.0,0.0,22.0,1014.0,4.0
2025-11-11 12:00:00,DUQ,-4.0,-7.9,74.0,0.0,19.0,1015.0,4.0
2025-11-11 13:00:00,DUQ,-4.0,-7.3,78.0,0.0,15.0,1015.0,4.0
2025-11-11 14:00:00,DUQ,-2.0,-5.8,75.0,0.0,24.0,1016.0,4.0
2025-11-11 15:00:00,DUQ,-1.0,-6.0,69.0,0.0,20.0,1016.0,4.0
2025-11-11 16:00:00,DUQ,0.0,-5.0,69.0,0.0,17.0,1016.0,4.0
2025-11-11 17:00:00,DUQ,1.0,-5.0,64.0,0.0,26.0,1015.0,4.0
2025-11-11 18:00:00,DUQ,2.0,-6.3,54.0,0.0,32.0,1015.0,3.0
2025-11-11 19:00:00,DUQ,3.0,-6.4,50.0,0.0,22.0,1014.0,4.0
2025-11-11 20:00:00,DUQ,3.0,-8.1,44.0,0.0,22.0,1014.0,4.0
2025-11-11 21:00:00,DUQ,2.0,-8.1,47.0,0.0,19.0,1014.0,4.0
2025-11-11 22:00:00,DUQ,1.0,-8.2,50.0,0.0,11.0,1014.0,3.0
2025-11-11 23:00:00,DUQ,1.0,-8.2,50.0,0.0,15.0,1014.0,3.0
2025-11-12 00:00:00,DUQ,1.0,-7.7,52.0,0.0,11.0,1013.0,4.0
2025-11-12 01:00:00,DUQ,1.0,-7.7,52.0,0.0,22.0,1012.0,4.0
2025-11-12 02:00:00,DUQ,1.0,-7.3,54.0,0.0,19.0,1012.0,4.0
2025-11-12 03:00:00,DUQ,2.0,-6.8,52.0,0.0,17.0,1012.0,4.0
2025-11-12 04:00:00,DUQ,2.0,-7.6,49.0,0.0,13.0,1011.0,4.0
2025-11-12 05:00:00,DUQ,2.0,-7.9,48.0,0.0,17.0,1010.0,4.0
2025-11-12 06:00:00,DUQ,2.0,-7.9,48.0,0.0,22.0,1010.0,4.0
2025-11-12 07:00:00,DUQ,3.0,-6.9,48.0,0.0,20.0,1009.0,4.0
2025-11-12 08:00:00,DUQ,3.0,-6.9,48.0,0.0,20.0,1009.0,4.0
2025-11-12 09:00:00,DUQ,4.0,-6.0,48.0,0.0,20.0,1009.0,4.0
2025-11-12 10:00:00,DUQ,4.0,-5.2,51.0,0.0,17.0,1009.0,4.0
2025-11-12 11:00:00,DUQ,4.0,-4.7,53.0,0.0,19.0,1009.0,4.0
2025-11-12 12:00:00,DUQ,4.0,-3.7,57.0,0.0,28.0,1010.0,4.0
2025-11-12 13:00:00,DUQ,3.0,-1.4,73.0,0.0,26.0,1010.0,4.0
2025-11-12 14:00:00,DUQ,3.0,-1.9,70.0,0.0,20.0,1010.0,4.0
2025-11-12 15:00:00,DUQ,6.0,-1.9,57.0,0.0,20.0,1010.0,4.0
2025-11-12 16:00:00,DUQ,7.0,-1.4,55.0,0.0,33.0,1009.0,4.0
2025-11-12 17:00:00,DUQ,8.0,-1.3,52.0,0.0,15.0,1008.0,3.0
2025-11-12 18:00:00,DUQ,10.0,-0.5,48.0,0.0,26.0,1008.0,3.0
2025-11-12 19:00:00,DUQ,10.0,0.1,50.0,0.0,28.0,1009.0,3.0
2025-11-12 20:00:00,DUQ,10.0,-0.5,48.0,0.0,19.0,1009.0,3.0
2025-11-12 21:00:00,DUQ,9.0,-0.9,50.0,0.0,22.0,1010.0,3.0
2025-11-12 22:00:00,DUQ,8.0,-1.0,53.0,0.0,33.0,1011.0,3.0
2025-11-12 23:00:00,DUQ,7.0,-1.2,56.0,0.0,24.0,1013.0,4.0
2025-11-13 00:00:00,DUQ,7.0,-0.7,58.0,0.0,17.0,1013.0,4.0
2025-11-13 01:00:00,DUQ,6.0,-0.3,64.0,0.0,15.0,1014.0,4.0
2025-11-13 02:00:00,DUQ,5.0,-0.6,67.0,0.0,15.0,1014.0,4.0
2025-11-13 03:00:00,DUQ,5.0,-1.0,65.0,0.0,11.0,1015.0,3.0
2025-11-13 04:00:00,DUQ,4.0,-1.6,67.0,0.0,9.0,1015.0,3.0
2025-11-13 05:00:00,DUQ,4.0,-1.6,67.0,0.0,7.0,1015.0,3.0
2025-11-13 06:00:00,DUQ,3.0,-2.5,67.0,0.0,9.0,1015.0,3.0
2025-11-13 07:00:00,DUQ,3.0,-1.9,70.0,0.0,11.0,1015.0,3.0
2025-11-13 08:00:00,DUQ,3.0,-1.5,72.0,0.0,11.0,1015.0,3.0
2025-11-13 09:00:00,DUQ,3.0,-1.5,72.0,0.0,15.0,1016.0,3.0
2025-11-13 10:00:00,DUQ,2.0,-2.0,75.0,0.0,13.0,1016.0,2.0
2025-11-13 11:00:00,DUQ,2.0,-1.4,78.0,0.0,15.0,1017.0,2.0
2025-11-13 12:00:00,DUQ,2.0,-2.0,75.0,0.0,11.0,1018.0,2.0
2025-11-13 13:00:00,DUQ,4.0,-1.0,70.0,0.0,19.0,1019.0,2.0
2025-11-13 14:00:00,DUQ,6.0,-1.9,57.0,0.0,19.0,1019.0,2.0
2025-11-13 15:00:00,DUQ,8.0,-2.1,49.0,0.0,17.0,1019.0,2.0
2025-11-13 16:00:00,DUQ,9.0,-2.0,46.0,0.0,26.0,1019.0,2.0
2025-11-13 17:00:00,DUQ,10.0,-2.6,41.0,0.0,22.0,1019.0,2.0
2025-11-13 18:00:00,DUQ,11.0,-3.5,36.0,0.0,28.0,1018.0,2.0
2025-11-13 19:00:00,DUQ,11.0,-4.7,33.0,0.0,26.0,1019.0,2.0
2025-11-13 20:00:00,DUQ,10.0,-5.1,34.0,0.0,20.0,1019.0,2.0
2025-11-13 21:00:00,DUQ,8.0,-4.8,40.0,0.0,19.0,1019.0,2.0
2025-11-13 22:00:00,DUQ,7.0,-4.7,43.0,0.0,11.0,1019.0,2.0
2025-11-13 23:00:00,DUQ,6.0,-4.7,46.0,0.0,9.0,1020.0,2.0
2025-11-14 00:00:00,DUQ,6.0,-4.7,46.0,0.0,7.0,1020.0,2.0
2025-11-14 01:00:00,DUQ,3.0,-4.2,59.0,0.0,0.0,1020.0,2.0
2025-11-14 02:00:00,DUQ,2.0,-4.5,62.0,0.0,0.0,1020.0,2.0
2025-11-14 03:00:00,DUQ,2.0,-4.5,62.0,0.0,6.0,1020.0,2.0
2025-11-14 04:00:00,DUQ,2.0,-4.5,62.0,0.0,0.0,1020.0,2.0
2025-11-14 05:00:00,DUQ,1.0,-3.5,72.0,0.0,11.0,1020.0,2.0
2025-11-14 06:00:00,DUQ,2.0,-2.9,70.0,0.0,9.0,1020.0,2.0
2025-11-14 07:00:00,DUQ,1.0,-3.3,73.0,0.0,9.0,1021.0,2.0
2025-11-14 08:00:00,DUQ,1.0,-2.9,75.0,0.0,6.0,1021.0,2.0
2025-11-14 09:00:00,DUQ,-1.0,-3.8,81.0,0.0,0.0,1021.0,2.0
2025-11-14 10:00:00,DUQ,-2.0,-4.7,82.0,0.0,0.0,1021.0,2.0
2025-11-14 11:00:00,DUQ,-1.0,-3.2,85.0,0.0,0.0,1022.0,2.0
2025-11-14 12:00:00,DUQ,1.0,-1.7,82.0,0.0,0.0,1022.0,3.0
2025-11-14 13:00:00,DUQ,2.0,-1.3,79.0,0.0,0.0,1022.0,3.0
2025-11-14 14:00:00,DUQ,4.0,-0.4,73.0,0.0,6.0,1022.0,4.0
2025-11-14 15:00:00,DUQ,6.0,-0.1,65.0,0.0,11.0,1021.0,4.0
2025-11-14 16:00:00,DUQ,8.0,-0.5,55.0,0.0,13.0,1020.0,4.0
2025-11-14 17:00:00,DUQ,10.0,-3.3,39.0,0.0,11.0,1019.0,4.0
2025-11-14 18:00:00,DUQ,11.0,-2.8,38.0,0.0,11.0,1018.0,4.0
2025-11-14 19:00:00,DUQ,11.0,-2.8,38.0,0.0,13.0,1017.0,4.0
2025-11-14 20:00:00,DUQ,11.0,-2.8,38.0,0.0,9.0,1016.0,4.0
2025-11-14 21:00:00,DUQ,11.0,-3.5,36.0,0.0,7.0,1015.0,3.0
2025-11-14 22:00:00,DUQ,11.0,-2.4,39.0,0.0,0.0,1015.0,3.0
2025-11-14 23:00:00,DUQ,9.0,-2.6,44.0,0.0,6.0,1015.0,3.0
2025-11-15 00:00:00,DUQ,9.0,-1.7,47.0,0.0,6.0,1014.0,3.0
2025-11-15 01:00:00,DUQ,8.0,-2.1,49.0,0.0,6.0,1014.0,3.0
2025-11-15 02:00:00,DUQ,7.0,-1.4,55.0,0.0,0.0,1014.0,3.0
2025-11-15 03:00:00,DUQ,5.0,-1.0,65.0,0.0,0.0,1014.0,3.0
2025-11-15 04:00:00,DUQ,4.0,-2.0,65.0,0.0,0.0,1013.0,3.0
2025-11-15 05:00:00,DUQ,6.0,-0.3,64.0,0.0,0.0,1013.0,3.0
2025-11-15 06:00:00,DUQ,4.0,-1.0,70.0,0.0,0.0,1012.0,3.0
2025-11-15 07:00:00,DUQ,4.0,-0.4,73.0,0.0,0.0,1012.0,4.0
2025-11-15 08:00:00,DUQ,6.0,0.9,70.0,0.0,0.0,1011.0,4.0
2025-11-15 09:00:00,DUQ,6.0,0.3,67.0,0.0,0.0,1011.0,4.0
2025-11-15 10:00:00,DUQ,6.0,-0.1,65.0,0.0,0.0,1011.0,8.0
2025-11-15 11:00:00,DUQ,6.0,3.8,86.0,0.0,0.0,1010.0,4.0
2025-11-15 12:00:00,DUQ,6.0,4.3,89.0,0.0,6.0,1009.0,4.0
2025-11-15 13:00:00,DUQ,9.0,6.3,83.0,0.0,6.0,1008.0,4.0
2025-11-15 14:00:00,DUQ,13.0,8.7,75.0,0.0,15.0,1007.0,4.0
2025-11-15 15:00:00,DUQ,15.0,10.0,72.0,0.0,20.0,1006.0,4.0
2025-11-15 16:00:00,DUQ,16.0,10.3,69.0,0.0,20.0,1005.0,4.0
2025-11-15 17:00:00,DUQ,16.0,10.3,69.0,0.0,20.0,1004.0,4.0
2025-11-15 18:00:00,DUQ,17.0,10.8,67.0,0.0,20.0,1002.0,4.0
2025-11-15 19:00:00,DUQ,18.0,11.3,65.0,0.0,28.0,1000.0,4.0
2025-11-15 20:00:00,DUQ,18.0,11.3,65.0,0.0,17.0,999.0,4.0
2025-11-15 21:00:00,DUQ,18.0,12.0,68.0,0.0,20.0,998.0,4.0
2025-11-15 22:00:00,DUQ,18.0,12.0,68.0,0.0,17.0,998.0,4.0
2025-11-15 23:00:00,DUQ,18.0,11.3,65.0,0.0,24.0,998.0,4.0
2025-11-16 00:00:00,DUQ,17.8,12.3,70.0,0.0,12.0,997.0,4.0
2025-11-16 01:00:00,DUQ,17.8,12.3,70.0,0.0,13.0,996.0,4.0
2025-11-16 02:00:00,DUQ,17.2,12.7,75.0,0.0,15.0,996.0,4.0
2025-11-16 03:00:00,DUQ,15.6,11.8,78.0,0.0,16.0,996.0,4.0
2025-11-16 04:00:00,DUQ,15.0,8.9,67.0,0.0,21.0,996.0,4.0
2025-11-16 05:00:00,DUQ,13.9,7.9,67.0,0.0,17.0,996.0,4.0
2025-11-16 06:00:00,DUQ,13.9,6.7,62.0,0.0,22.0,996.0,4.0
2025-11-16 07:00:00,DUQ,11.1,3.4,59.0,0.0,22.0,997.0,4.0
2025-11-16 08:00:00,DUQ,9.4,1.8,59.0,0.0,14.0,998.0,4.0
2025-11-16 09:00:00,DUQ,8.9,1.8,61.0,0.0,14.0,999.0,4.0
2025-11-16 10:00:00,DUQ,8.3,1.7,63.0,0.0,10.0,1000.0,4.0
2025-11-16 11:00:00,DUQ,7.2,-3.4,47.0,0.0,18.0,1001.0,4.0
2025-11-16 12:00:00,DUQ,6.1,-2.3,55.0,0.0,10.0,1002.0,3.0
2025-11-16 13:00:00,DUQ,6.7,-1.7,55.0,0.0,17.0,1002.0,3.0
2025-11-16 14:00:00,DUQ,6.7,-3.3,49.0,0.0,20.0,1003.0,3.0
2025-11-16 15:00:00,DUQ,7.2,-3.9,45.0,0.0,23.0,1003.0,3.0
2025-11-16 16:00:00,DUQ,7.2,-5.5,40.0,0.0,21.0,1003.0,3.0
2025-11-16 17:00:00,DUQ,7.2,-6.5,37.0,0.0,18.0,,3.0
2025-11-16 18:00:00,DUQ,6.7,-7.3,36.0,0.0,20.0,,3.0
2025-11-16 19:00:00,DUQ,7.2,-6.5,37.0,0.0,21.0,,3.0
2025-11-16 20:00:00,DUQ,6.1,-7.1,38.0,0.0,18.0,,3.0
2025-11-16 21:00:00,DUQ,5.0,-3.8,53.0,0.0,16.0,,3.0
2025-11-16 22:00:00,DUQ,4.4,-3.8,55.0,0.0,13.0,,3.0
2025-11-16 23:00:00,DUQ,3.9,-3.8,57.0,0.0,10.0,,3.0
2025-11-17 00:00:00,DUQ,3.3,-4.4,57.0,0.0,6.0,,3.0
2025-11-17 01:00:00,DUQ,3.9,-5.6,50.0,0.0,9.0,,3.0
2025-11-17 02:00:00,DUQ,3.9,-6.1,48.0,0.0,6.0,,3.0
2025-11-17 03:00:00,DUQ,3.9,-5.6,50.0,0.0,7.0,,3.0
2025-11-17 04:00:00,DUQ,3.9,-5.1,52.0,0.0,9.0,,3.0
2025-11-17 05:00:00,DUQ,3.9,-4.3,55.0,0.0,9.0,,3.0
2025-11-17 06:00:00,DUQ,3.3,-4.4,57.0,0.0,11.0,,4.0
2025-11-17 07:00:00,DUQ,2.8,-4.4,59.0,0.0,14.0,,4.0
2025-11-17 08:00:00,DUQ,1.1,-4.9,64.0,0.0,12.0,,4.0
2025-11-17 09:00:00,DUQ,0.6,-5.0,66.0,0.0,10.0,,4.0
2025-11-17 10:00:00,DUQ,0.0,-5.6,66.0,0.0,7.0,,3.0
2025-11-17 11:00:00,DUQ,0.6,-5.2,65.0,0.0,14.8,1014.9,3.0
2025-11-17 12:00:00,DUQ,1.8,-4.7,62.0,0.0,18.5,1015.4,3.0
2025-11-17 13:00:00,DUQ,2.4,-4.6,60.0,0.0,20.4,1016.3,3.0
2025-11-17 14:00:00,DUQ,3.3,-4.4,57.0,0.0,24.1,1017.1,3.0
2025-11-17 15:00:00,DUQ,4.0,-4.5,54.0,0.0,24.1,1017.3,3.0
2025-11-17 16:00:00,DUQ,4.6,-4.9,50.0,0.0,25.9,1017.0,3.0
2025-11-17 17:00:00,DUQ,5.1,-5.0,48.0,0.0,25.9,1016.7,3.0
2025-11-17 18:00:00,DUQ,4.3,-5.2,50.0,0.0,24.1,1016.8,3.0
2025-11-17 19:00:00,DUQ,4.5,-5.3,49.0,0.0,24.1,1017.1,3.0
2025-11-17 20:00:00,DUQ,4.5,-5.3,49.0,0.0,24.1,1017.4,3.0
2025-11-17 21:00:00,DUQ,4.0,-5.0,52.0,0.0,22.2,1018.2,3.0
2025-11-17 22:00:00,DUQ,3.5,-5.2,53.0,0.0,18.5,1018.9,3.0
2025-11-17 23:00:00,DUQ,2.5,-4.9,58.0,0.0,13.0,1019.5,2.0
2025-11-18 00:00:00,DUQ,1.9,-4.8,61.0,0.0,11.1,1019.9,2.0
2025-11-18 01:00:00,DUQ,1.2,-5.1,63.0,0.0,7.4,1020.1,2.0
2025-11-18 02:00:00,DUQ,0.6,-5.2,65.0,0.0,5.5,1020.4,2.0
2025-11-18 03:00:00,DUQ,0.2,-5.2,67.0,0.0,3.7,1020.4,2.0
2025-11-18 04:00:00,DUQ,-0.3,-5.1,70.0,0.0,3.7,1020.6,2.0
2025-11-18 05:00:00,DUQ,-0.7,-5.1,72.0,0.0,3.7,1020.7,2.0
2025-11-18 06:00:00,DUQ,-0.8,-5.0,73.0,0.0,1.8,1020.9,2.0
2025-11-18 07:00:00,DUQ,-1.5,-5.0,77.0,0.0,1.8,1021.1,2.0
2025-11-18 08:00:00,DUQ,-1.7,-4.9,79.0,0.0,0.0,1021.3,2.0
2025-11-18 09:00:00,DUQ,-1.6,-4.9,78.0,0.0,0.0,1021.8,3.0
2025-11-18 10:00:00,DUQ,-1.6,-4.4,81.0,0.0,1.8,1022.0,3.0
2025-11-18 11:00:00,DUQ,-1.1,-4.1,80.0,0.0,1.8,1022.2,4.0
2025-11-18 12:00:00,DUQ,0.4,-3.5,75.0,0.0,3.7,1022.4,4.0
2025-11-18 13:00:00,DUQ,1.1,-2.8,75.0,0.0,3.7,1022.5,4.0
2025-11-18 14:00:00,DUQ,2.0,-2.1,74.0,0.0,5.5,1022.7,4.0
2025-11-18 15:00:00,DUQ,2.7,-1.8,72.0,0.0,5.5,1021.9,4.0
2025-11-18 16:00:00,DUQ,3.4,-1.2,72.0,0.0,7.4,1021.2,4.0
2025-11-18 17:00:00,DUQ,4.1,-0.3,73.0,0.0,7.4,1020.5,4.0
2025-11-18 18:00:00,DUQ,3.4,-0.1,78.0,0.0,9.3,1019.7,4.0
2025-11-18 19:00:00,DUQ,3.5,0.4,80.0,0.0,9.3,1019.3,4.0
2025-11-18 20:00:00,DUQ,3.6,0.8,82.0,0.0,9.3,1018.8,4.0
2025-11-18 21:00:00,DUQ,3.3,1.2,86.0,0.0,7.4,1018.7,4.0
2025-11-18 22:00:00,DUQ,3.2,1.1,86.0,0.0,9.3,1018.5,4.0
2025-11-18 23:00:00,DUQ,3.1,1.0,86.0,0.0,9.3,1018.3,4.0
2025-11-19 00:00:00,DUQ,3.1,1.5,89.0,0.0,9.3,1017.8,4.0
2025-11-19 01:00:00,DUQ,3.1,1.6,90.0,0.0,7.4,1017.7,7.0
2025-11-19 02:00:00,DUQ,3.1,1.8,91.0,0.0,7.4,1017.7,7.0
2025-11-19 03:00:00,DUQ,3.1,1.9,92.0,0.0,7.4,1017.6,7.0
2025-11-19 04:00:00,DUQ,3.1,2.1,93.0,0.0,7.4,1017.7,7.0
2025-11-19 05:00:00,DUQ,3.1,2.1,93.0,0.0,5.5,1017.8,7.0
2025-11-19 06:00:00,DUQ,3.8,2.2,89.0,0.0,5.5,1017.9,7.0
2025-11-19 07:00:00,DUQ,3.8,1.8,87.0,0.0,7.4,1018.4,7.0
2025-11-19 08:00:00,DUQ,3.8,1.7,86.0,0.0,7.4,1018.8,4.0
2025-11-19 09:00:00,DUQ,3.8,1.7,86.0,0.0,7.4,1019.3,4.0
2025-11-19 10:00:00,DUQ,3.8,1.7,86.0,0.0,7.4,1020.1,4.0
2025-11-19 11:00:00,DUQ,3.8,1.5,85.0,0.0,7.4,1020.8,4.0
2025-11-19 12:00:00,DUQ,3.9,1.8,86.0,0.0,7.4,1021.2,4.0
2025-11-19 13:00:00,DUQ,4.8,1.6,80.0,0.0,7.4,1022.0,4.0
2025-11-19 14:00:00,DUQ,5.3,1.6,77.0,0.0,9.3,1022.8,4.0
2025-11-19 15:00:00,DUQ,6.0,1.5,73.0,0.0,9.3,1022.8,4.0
2025-11-19 16:00:00,DUQ,6.8,1.7,70.0,0.0,7.4,1022.6,4.0
2025-11-19 17:00:00,DUQ,7.6,1.9,67.0,0.0,7.4,1022.4,4.0
2025-11-19 18:00:00,DUQ,7.2,2.1,70.0,0.0,7.4,1021.9,4.0
2025-11-19 19:00:00,DUQ,7.1,2.0,70.0,0.0,7.4,1022.1,4.0
2025-11-19 20:00:00,DUQ,7.1,2.0,70.0,0.0,7.4,1022.2,4.0
2025-11-19 21:00:00,DUQ,6.7,2.2,73.0,0.0,5.5,1022.7,4.0
2025-11-19 22:00:00,DUQ,6.4,2.1,74.0,0.0,5.5,1023.1,4.0
2025-11-19 23:00:00,DUQ,6.1,2.0,75.0,0.0,5.5,1023.4,4.0
2025-11-20 00:00:00,DUQ,5.7,2.0,77.0,0.0,5.5,1023.5,4.0
2025-11-20 01:00:00,DUQ,5.3,1.8,78.0,0.0,5.5,1023.3,4.0
2025-11-20 02:00:00,DUQ,4.7,1.5,80.0,0.0,5.5,1023.1,4.0
2025-11-20 03:00:00,DUQ,4.7,1.4,79.0,0.0,5.5,1023.1,4.0
2025-11-20 04:00:00,DUQ,4.5,1.4,80.0,0.0,5.5,1022.9,4.0
2025-11-20 05:00:00,DUQ,4.3,1.2,80.0,0.0,5.5,1022.7,4.0
2025-11-20 06:00:00,DUQ,5.0,0.9,75.0,0.0,3.7,1022.7,4.0
2025-11-20 07:00:00,DUQ,4.9,1.0,76.0,0.0,3.7,1022.5,4.0
2025-11-20 08:00:00,DUQ,4.8,1.1,77.0,0.0,3.7,1022.3,4.0
2025-11-20 09:00:00,DUQ,4.8,1.3,78.0,0.0,3.7,1022.2,4.0
2025-11-20 10:00:00,DUQ,4.8,1.3,78.0,0.0,3.7,1022.3,4.0
2025-11-20 11:00:00,DUQ,4.8,1.3,78.0,0.0,3.7,1022.4,4.0
2025-11-20 12:00:00,DUQ,5.0,1.7,79.0,0.0,3.7,1022.7,4.0
2025-11-20 13:00:00,DUQ,5.5,2.0,78.0,0.0,5.5,1022.9,4.0
2025-11-20 14:00:00,DUQ,6.0,2.5,78.0,0.0,5.5,1023.1,4.0
2025-11-20 15:00:00,DUQ,6.6,2.7,76.0,0.0,5.5,1022.6,4.0
2025-11-20 16:00:00,DUQ,7.5,3.2,74.0,0.0,5.5,1022.0,4.0
2025-11-20 17:00:00,DUQ,8.4,3.4,71.0,0.0,7.4,1021.4,4.0
2025-11-20 18:00:00,DUQ,8.7,3.3,69.0,0.0,7.4,1021.1,4.0
2025-11-20 19:00:00,DUQ,8.7,3.5,70.0,0.0,7.4,1020.7,4.0
2025-11-20 20:00:00,DUQ,8.8,3.6,70.0,0.0,7.4,1020.3,4.0
2025-11-20 21:00:00,DUQ,8.4,3.8,73.0,0.0,5.5,1020.5,4.0
2025-11-20 22:00:00,DUQ,8.0,3.8,75.0,0.0,5.5,1020.3,4.0
2025-11-20 23:00:00,DUQ,7.6,3.8,77.0,0.0,3.7,1020.1,4.0
2025-11-21 00:00:00,DUQ,7.3,3.9,79.0,0.0,3.7,1020.3,4.0
2025-11-21 01:00:00,DUQ,7.1,3.9,80.0,0.0,3.7,1019.9,4.0
2025-11-21 02:00:00,DUQ,6.9,3.9,81.0,0.0,3.7,1019.4,4.0
2025-11-21 03:00:00,DUQ,7.2,4.0,80.0,0.0,5.5,1019.3,4.0
2025-11-21 04:00:00,DUQ,7.2,4.2,81.0,0.0,5.5,1018.8,4.0
2025-11-21 05:00:00,DUQ,7.3,4.3,81.0,0.0,5.5,1018.3,4.0
2025-11-21 06:00:00,DUQ,8.1,4.5,78.0,0.0,5.5,1018.2,4.0
2025-11-21 07:00:00,DUQ,8.2,4.8,79.0,0.0,5.5,1017.7,4.0
2025-11-21 08:00:00,DUQ,8.2,5.1,81.0,0.0,5.5,1017.2,4.0
2025-11-21 09:00:00,DUQ,8.2,5.0,80.0,0.0,5.5,1017.2,4.0
2025-11-21 10:00:00,DUQ,8.2,5.1,81.0,0.0,5.5,1017.1,4.0
2025-11-21 11:00:00,DUQ,8.3,5.4,82.0,0.0,5.5,1017.0,4.0
2025-11-21 12:00:00,DUQ,8.6,5.9,83.0,0.0,7.4,1017.2,4.0
2025-11-21 13:00:00,DUQ,9.5,6.2,80.0,0.0,7.4,1017.2,4.0
2025-11-21 14:00:00,DUQ,10.1,6.6,79.0,0.0,9.3,1017.1,4.0
2025-11-21 15:00:00,DUQ,10.6,6.7,77.0,0.0,11.1,1016.7,4.0
2025-11-21 16:00:00,DUQ,11.3,7.0,75.0,0.0,11.1,1016.1,4.0
2025-11-21 17:00:00,DUQ,12.1,7.2,72.0,0.0,13.0,1015.5,4.0
2025-11-21 18:00:00,DUQ,11.8,7.1,73.0,0.0,13.0,1015.4,4.0
2025-11-21 19:00:00,DUQ,11.8,6.9,72.0,0.0,13.0,1015.2,4.0
2025-11-21 20:00:00,DUQ,11.8,6.7,71.0,0.0,13.0,1014.9,4.0
2025-11-21 21:00:00,DUQ,11.5,6.8,73.0,0.0,11.1,1015.0,4.0
2025-11-21 22:00:00,DUQ,10.7,6.4,75.0,0.0,11.1,1015.0,4.0
2025-11-21 23:00:00,DUQ,9.9,6.1,77.0,0.0,11.1,1015.0,4.0
2025-11-22 00:00:00,DUQ,9.6,5.6,76.0,0.0,11.1,1015.3,4.0
2025-11-22 01:00:00,DUQ,9.3,5.3,76.0,0.0,11.1,1015.3,4.0
2025-11-22 02:00:00,DUQ,8.9,4.9,76.0,0.0,11.1,1015.3,4.0
2025-11-22 03:00:00,DUQ,8.5,4.5,76.0,0.0,11.1,1014.8,4.0
2025-11-22 04:00:00,DUQ,8.0,4.4,78.0,0.0,11.1,1014.8,4.0
2025-11-22 05:00:00,DUQ,7.4,4.4,81.0,0.0,11.1,1014.8,4.0
2025-11-22 06:00:00,DUQ,7.6,3.8,77.0,0.0,11.1,1014.6,4.0
2025-11-22 07:00:00,DUQ,7.4,3.8,78.0,0.0,11.1,1014.6,4.0
2025-11-22 08:00:00,DUQ,7.3,3.9,79.0,0.0,9.3,1014.6,4.0
2025-11-22 09:00:00,DUQ,7.2,4.2,81.0,0.0,9.3,1014.4,4.0
2025-11-22 10:00:00,DUQ,7.2,4.0,80.0,0.0,9.3,1014.5,4.0
2025-11-22 11:00:00,DUQ,7.2,3.6,78.0,0.0,9.3,1014.6,4.0
2025-11-22 12:00:00,DUQ,7.2,3.6,78.0,0.0,9.3,1014.8,4.0
2025-11-22 13:00:00,DUQ,7.5,3.7,77.0,0.0,11.1,1015.2,4.0
2025-11-22 14:00:00,DUQ,7.9,3.7,75.0,0.0,11.1,1015.5,4.0
2025-11-22 15:00:00,DUQ,8.6,3.8,72.0,0.0,13.0,1015.1,7.0
2025-11-22 16:00:00,DUQ,9.2,3.6,68.0,0.0,13.0,1014.9,4.0
2025-11-22 17:00:00,DUQ,10.1,3.4,63.0,0.0,13.0,1014.6,4.0
2025-11-22 18:00:00,DUQ,10.9,3.4,60.0,0.0,13.0,1014.3,4.0
2025-11-22 19:00:00,DUQ,11.1,3.4,59.0,0.0,13.0,1014.0,4.0
2025-11-22 20:00:00,DUQ,11.4,3.2,57.0,0.0,13.0,1013.7,4.0
2025-11-22 21:00:00,DUQ,10.8,3.8,62.0,0.0,11.1,1014.5,3.0
2025-11-22 22:00:00,DUQ,9.8,3.5,65.0,0.0,9.3,1014.6,3.0
2025-11-22 23:00:00,DUQ,8.8,3.4,69.0,0.0,9.3,1014.7,3.0
2025-11-23 00:00:00,DUQ,8.1,3.2,71.0,0.0,7.4,1014.9,3.0
2025-11-23 01:00:00,DUQ,7.3,2.6,72.0,0.0,7.4,1014.8,3.0
2025-11-23 02:00:00,DUQ,6.7,2.0,72.0,0.0,7.4,1014.8,3.0
2025-11-23 03:00:00,DUQ,6.2,1.3,71.0,0.0,7.4,1014.9,3.0
2025-11-23 04:00:00,DUQ,6.0,1.1,71.0,0.0,7.4,1014.9,3.0
2025-11-23 05:00:00,DUQ,5.5,1.0,73.0,0.0,7.4,1014.9,3.0
2025-11-23 06:00:00,DUQ,5.5,0.9,72.0,0.0,7.4,1015.1,3.0
2025-11-23 07:00:00,DUQ,5.6,0.4,69.0,0.0,7.4,1015.6,3.0
2025-11-23 08:00:00,DUQ,5.6,0.2,68.0,0.0,9.3,1016.1,4.0
2025-11-23 09:00:00,DUQ,5.6,0.6,70.0,0.0,7.4,1016.4,4.0
2025-11-23 10:00:00,DUQ,5.6,0.6,70.0,0.0,9.3,1016.5,4.0
2025-11-23 11:00:00,DUQ,5.6,0.8,71.0,0.0,9.3,1016.7,4.0
2025-11-23 12:00:00,DUQ,5.9,0.9,70.0,0.0,11.1,1017.1,4.0
2025-11-23 13:00:00,DUQ,6.6,0.9,67.0,0.0,11.1,1017.3,3.0
2025-11-23 14:00:00,DUQ,7.1,1.0,65.0,0.0,13.0,1017.4,3.0
2025-11-23 15:00:00,DUQ,7.3,1.2,65.0,0.0,13.0,1017.0,3.0
2025-11-23 16:00:00,DUQ,8.4,0.9,59.0,0.0,14.8,1016.6,3.0
2025-11-23 17:00:00,DUQ,9.4,0.6,54.0,0.0,16.7,1016.2,3.0
2025-11-23 18:00:00,DUQ,9.5,0.9,55.0,0.0,16.7,1015.9,3.0
2025-11-23 19:00:00,DUQ,9.6,0.7,54.0,0.0,14.8,1015.7,3.0
2025-11-23 20:00:00,DUQ,9.7,0.6,53.0,0.0,14.8,1015.4,3.0
2025-11-23 21:00:00,DUQ,9.4,-0.2,51.0,0.0,13.0,1015.7,3.0
2025-11-23 22:00:00,DUQ,8.9,-0.2,53.0,0.0,11.1,1016.2,3.0
2025-11-23 23:00:00,DUQ,8.2,0.2,57.0,0.0,9.3,1016.7,3.0
2025-11-24 00:00:00,DUQ,7.7,-0.0,58.0,0.0,9.3,1017.3,4.0
2025-11-24 01:00:00,DUQ,7.0,-0.0,61.0,0.0,9.3,1017.4,4.0
2025-11-24 02:00:00,DUQ,6.3,-0.2,63.0,0.0,9.3,1017.4,4.0
2025-11-24 03:00:00,DUQ,6.0,-0.3,64.0,0.0,9.3,1017.3,4.0
2025-11-24 04:00:00,DUQ,5.6,-0.2,66.0,0.0,9.3,1017.1,4.0
2025-11-24 05:00:00,DUQ,5.2,-0.0,69.0,0.0,9.3,1016.9,4.0
2025-11-24 06:00:00,DUQ,4.9,-0.3,69.0,0.0,7.4,1016.7,4.0
2025-11-24 07:00:00,DUQ,4.8,-0.6,68.0,0.0,7.4,1016.7,4.0
2025-11-24 08:00:00,DUQ,4.8,-0.8,67.0,0.0,7.4,1016.7,4.0
2025-11-24 09:00:00,DUQ,4.6,-0.8,68.0,0.0,7.4,1016.7,3.0
2025-11-24 10:00:00,DUQ,4.5,-0.5,70.0,0.0,7.4,1016.7,3.0
2025-11-24 11:00:00,DUQ,4.5,-0.5,70.0,0.0,7.4,1016.6,3.0
2025-11-24 12:00:00,DUQ,4.9,-0.1,70.0,0.0,9.3,1016.8,3.0
2025-11-24 13:00:00,DUQ,5.5,0.1,68.0,0.0,11.1,1016.8,3.0
2025-11-24 14:00:00,DUQ,6.1,0.2,66.0,0.0,13.0,1016.9,3.0
2025-11-24 15:00:00,DUQ,7.3,0.7,63.0,0.0,13.0,1016.5,3.0
2025-11-24 16:00:00,DUQ,8.6,0.8,58.0,0.0,14.8,1016.1,3.0
2025-11-24 17:00:00,DUQ,9.4,0.6,54.0,0.0,14.8,1015.6,3.0
2025-11-24 18:00:00,DUQ,9.5,0.9,55.0,0.0,16.7,1015.4,3.0
2025-11-24 19:00:00,DUQ,9.5,0.9,55.0,0.0,16.7,1015.7,3.0
2025-11-24 20:00:00,DUQ,9.6,1.0,55.0,0.0,16.7,1015.9,3.0
2025-11-24 21:00:00,DUQ,9.4,1.1,56.0,0.0,14.8,1016.4,3.0
2025-11-24 22:00:00,DUQ,9.1,1.3,58.0,0.0,14.8,1016.8,3.0
2025-11-24 23:00:00,DUQ,8.8,1.5,60.0,0.0,13.0,1017.2,3.0
2025-11-25 00:00:00,DUQ,7.9,1.1,62.0,0.0,11.1,1017.4,4.0
2025-11-25 01:00:00,DUQ,7.8,0.8,61.0,0.0,11.1,1017.6,4.0
2025-11-25 02:00:00,DUQ,7.5,0.5,61.0,0.0,11.1,1017.7,4.0
2025-11-25 03:00:00,DUQ,7.3,1.2,65.0,0.0,11.1,1017.7,4.0
2025-11-25 04:00:00,DUQ,6.9,1.2,67.0,0.0,11.1,1017.7,4.0
2025-11-25 05:00:00,DUQ,6.5,1.0,68.0,0.0,11.1,1017.7,4.0
2025-11-25 06:00:00,DUQ,5.9,0.7,69.0,0.0,11.1,1017.8,4.0
2025-11-25 07:00:00,DUQ,5.6,0.6,70.0,0.0,11.1,1018.3,4.0
2025-11-25 08:00:00,DUQ,5.4,0.6,71.0,0.0,9.3,1018.9,4.0
2025-11-25 09:00:00,DUQ,4.7,0.5,74.0,0.0,9.3,1018.7,4.0
2025-11-25 10:00:00,DUQ,4.6,0.2,73.0,0.0,11.1,1018.9,4.0
2025-11-25 11:00:00,DUQ,4.5,-0.1,72.0,0.0,11.1,1019.1,4.0
2025-11-25 12:00:00,DUQ,5.6,-0.0,67.0,0.0,13.0,1019.4,4.0
2025-11-25 13:00:00,DUQ,6.4,0.1,64.0,0.0,13.0,1019.5,4.0
2025-11-25 14:00:00,DUQ,7.1,0.1,61.0,0.0,14.8,1019.6,4.0
2025-11-25 15:00:00,DUQ,7.5,0.0,59.0,0.0,14.8,1019.5,4.0
2025-11-25 16:00:00,DUQ,7.9,0.1,58.0,0.0,16.7,1019.2,4.0
2025-11-25 17:00:00,DUQ,8.0,0.5,59.0,0.0,16.7,1018.8,4.0
2025-11-25 18:00:00,DUQ,8.0,0.5,59.0,0.0,16.7,1018.2,3.0
2025-11-25 19:00:00,DUQ,8.0,0.0,57.0,0.0,16.7,1018.4,3.0
2025-11-25 20:00:00,DUQ,8.0,-0.2,56.0,0.0,14.8,1018.5,3.0
2025-11-25 21:00:00,DUQ,7.9,-0.3,56.0,0.0,13.0,1018.9,3.0
2025-11-25 22:00:00,DUQ,7.4,-0.3,58.0,0.0,13.0,1019.2,3.0
2025-11-25 23:00:00,DUQ,6.7,-0.1,62.0,0.0,11.1,1019.5,4.0
2025-11-26 00:00:00,DUQ,6.2,-0.3,63.0,0.0,9.3,1019.3,4.0
2025-11-26 01:00:00,DUQ,5.6,-0.5,65.0,0.0,9.3,1019.3,4.0
2025-11-26 02:00:00,DUQ,4.9,-0.5,68.0,0.0,9.3,1019.3,4.0
2025-11-26 03:00:00,DUQ,4.6,-0.8,68.0,0.0,9.3,1019.1,4.0
2025-11-26 04:00:00,DUQ,4.1,-0.9,70.0,0.0,9.3,1019.0,4.0
2025-11-26 05:00:00,DUQ,3.7,-0.9,72.0,0.0,11.1,1018.9,4.0
2025-11-26 06:00:00,DUQ,3.3,-1.1,73.0,0.0,11.1,1018.8,4.0
2025-11-26 07:00:00,DUQ,3.2,-1.0,74.0,0.0,9.3,1019.1,4.0
2025-11-26 08:00:00,DUQ,3.1,-1.1,74.0,0.0,9.3,1019.5,4.0
2025-11-26 09:00:00,DUQ,3.2,-1.0,74.0,0.0,11.1,1019.5,4.0
2025-11-26 10:00:00,DUQ,3.1,-0.7,76.0,0.0,9.3,1019.6,4.0
2025-11-26 11:00:00,DUQ,3.0,-0.6,77.0,0.0,9.3,1019.7,4.0
2025-11-26 12:00:00,DUQ,3.9,-0.3,74.0,0.0,9.3,1019.9,4.0
2025-11-26 13:00:00,DUQ,5.0,-0.2,69.0,0.0,11.1,1020.1,4.0
2025-11-26 14:00:00,DUQ,6.0,0.1,66.0,0.0,11.1,1020.3,4.0
2025-11-26 15:00:00,DUQ,6.4,0.1,64.0,0.0,13.0,1020.2,4.0
2025-11-26 16:00:00,DUQ,7.2,0.4,62.0,0.0,13.0,1019.8,4.0
2025-11-26 17:00:00,DUQ,7.7,0.7,61.0,0.0,14.8,1019.4,4.0
2025-11-26 18:00:00,DUQ,7.1,0.5,63.0,0.0,14.8,1019.2,4.0
2025-11-26 19:00:00,DUQ,7.0,0.2,62.0,0.0,14.8,1019.1,4.0
2025-11-26 20:00:00,DUQ,7.0,0.2,62.0,0.0,14.8,1019.0,4.0
2025-11-26 21:00:00,DUQ,6.9,0.1,62.0,0.0,13.0,1018.6,4.0
2025-11-26 22:00:00,DUQ,6.7,-0.1,62.0,0.0,11.1,1019.0,4.0
2025-11-26 23:00:00,DUQ,6.2,-0.1,64.0,0.0,11.1,1019.3,4.0
2025-11-27 00:00:00,DUQ,6.0,0.1,66.0,0.0,9.3,1019.5,4.0
2025-11-27 01:00:00,DUQ,5.8,-0.1,66.0,0.0,9.3,1019.6,4.0
2025-11-27 02:00:00,DUQ,5.4,-0.0,68.0,0.0,9.3,1019.6,4.0
2025-11-27 03:00:00,DUQ,5.1,-0.1,69.0,0.0,9.3,1019.4,4.0
2025-11-27 04:00:00,DUQ,4.5,-0.3,71.0,0.0,9.3,1019.3,4.0
2025-11-27 05:00:00,DUQ,4.0,-0.6,72.0,0.0,9.3,1019.1,4.0
2025-11-27 06:00:00,DUQ,3.8,-0.4,74.0,0.0,9.3,1018.6,4.0
2025-11-27 07:00:00,DUQ,3.7,-0.3,75.0,0.0,9.3,1018.6,4.0
2025-11-27 08:00:00,DUQ,3.6,-0.4,75.0,0.0,9.3,1018.6,4.0
2025-11-27 09:00:00,DUQ,3.4,-1.0,73.0,0.0,9.3,1018.8,4.0
2025-11-27 10:00:00,DUQ,3.2,-1.0,74.0,0.0,9.3,1018.8,4.0
2025-11-27 11:00:00,DUQ,3.0,-1.0,75.0,0.0,9.3,1018.9,4.0
2025-11-27 12:00:00,DUQ,3.2,-1.0,74.0,0.0,9.3,1019.3,4.0
2025-11-27 13:00:00,DUQ,3.3,-0.7,75.0,0.0,11.1,1019.4,4.0
2025-11-27 14:00:00,DUQ,4.1,-0.5,72.0,0.0,11.1,1019.5,4.0
2025-11-27 15:00:00,DUQ,5.1,-0.1,69.0,0.0,13.0,1019.5,4.0
2025-11-27 16:00:00,DUQ,,,,0.0,,1019.2,
2025-11-01 00:00:00,EASTON,12.0,-0.2,43.0,0.0,22.0,1009.0,1.0
2025-11-01 01:00:00,EASTON,12.0,1.0,47.0,0.0,19.0,1011.0,1.0
2025-11-01 02:00:00,EASTON,11.0,0.4,48.0,0.0,13.0,1011.0,1.0
2025-11-01 03:00:00,EASTON,9.0,0.7,56.0,0.0,13.0,1012.0,1.0
2025-11-01 04:00:00,EASTON,10.0,1.6,56.0,0.0,17.0,1012.0,1.0
2025-11-01 05:00:00,EASTON,10.0,2.1,58.0,0.0,11.0,1013.0,1.0
2025-11-01 06:00:00,EASTON,9.0,2.3,63.0,0.0,9.0,1013.0,1.0
2025-11-01 07:00:00,EASTON,8.0,4.0,76.0,0.0,6.0,1014.0,1.0
2025-11-01 08:00:00,EASTON,8.0,4.0,76.0,0.0,11.0,1014.0,1.0
2025-11-01 09:00:00,EASTON,8.0,3.7,74.0,0.0,13.0,1015.0,1.0
2025-11-01 10:00:00,EASTON,7.0,3.8,80.0,0.0,11.0,1015.0,1.0
2025-11-01 11:00:00,EASTON,7.0,3.8,80.0,0.0,7.0,1016.0,1.0
2025-11-01 12:00:00,EASTON,11.0,5.9,71.0,0.0,9.0,1017.0,1.0
2025-11-01 13:00:00,EASTON,13.0,3.6,53.0,0.0,19.0,1018.0,1.0
2025-11-01 14:00:00,EASTON,15.0,2.2,42.0,0.0,24.0,1018.0,1.0
2025-11-01 15:00:00,EASTON,16.0,2.0,39.0,0.0,26.0,1018.0,1.0
2025-11-01 16:00:00,EASTON,16.0,1.7,38.0,0.0,24.0,1017.0,2.0
2025-11-01 17:00:00,EASTON,17.0,1.4,35.0,0.0,19.0,1017.0,1.0
2025-11-01 18:00:00,EASTON,17.0,1.8,36.0,0.0,22.0,1017.0,1.0
2025-11-01 19:00:00,EASTON,17.0,1.0,34.0,0.0,17.0,1017.0,1.0
2025-11-01 20:00:00,EASTON,16.0,2.8,41.0,0.0,19.0,1018.0,2.0
2025-11-01 21:00:00,EASTON,12.0,4.2,59.0,0.0,6.0,1018.0,3.0
2025-11-01 22:00:00,EASTON,10.0,5.0,71.0,0.0,0.0,1019.0,1.0
2025-11-01 23:00:00,EASTON,7.0,4.8,86.0,0.0,0.0,1020.0,1.0
2025-11-02 00:00:00,EASTON,7.0,4.1,82.0,0.0,0.0,1020.0,1.0
2025-11-02 01:00:00,EASTON,6.0,3.8,86.0,0.0,0.0,1021.0,1.0
2025-11-02 02:00:00,EASTON,5.0,4.0,93.0,0.0,6.0,1021.0,1.0
2025-11-02 03:00:00,EASTON,5.0,4.0,93.0,0.0,0.0,1022.0,1.0
2025-11-02 04:00:00,EASTON,4.0,3.0,93.0,0.0,0.0,1022.0,1.0
2025-11-02 05:00:00,EASTON,4.0,3.6,97.0,0.0,6.0,1022.0,1.0
2025-11-02 06:00:00,EASTON,4.0,3.0,93.0,0.0,0.0,1023.0,1.0
2025-11-02 07:00:00,EASTON,3.0,2.4,96.0,0.0,0.0,1023.0,1.0
2025-11-02 08:00:00,EASTON,3.0,2.0,93.0,0.0,0.0,1023.0,1.0
2025-11-02 09:00:00,EASTON,2.0,1.6,97.0,0.0,0.0,1023.0,1.0
2025-11-02 10:00:00,EASTON,2.0,1.6,97.0,0.0,0.0,1024.0,1.0
2025-11-02 11:00:00,EASTON,3.0,2.0,93.0,0.0,0.0,1025.0,1.0
2025-11-02 12:00:00,EASTON,3.0,2.4,96.0,0.0,0.0,1025.0,1.0
2025-11-02 13:00:00,EASTON,12.0,8.1,77.0,0.0,9.0,1026.0,1.0
2025-11-02 14:00:00,EASTON,16.0,6.1,52.0,0.0,15.0,1026.0,1.0
2025-11-02 15:00:00,EASTON,18.0,5.9,45.0,0.0,7.0,1026.0,1.0
2025-11-02 16:00:00,EASTON,18.0,4.2,40.0,0.0,7.0,1026.0,1.0
2025-11-02 17:00:00,EASTON,18.0,4.2,40.0,0.0,7.0,1026.0,1.0
2025-11-02 18:00:00,EASTON,19.0,6.8,45.0,0.0,19.0,1024.0,1.0
2025-11-02 19:00:00,EASTON,18.0,6.8,48.0,0.0,13.0,1025.0,1.0
2025-11-02 20:00:00,EASTON,17.0,7.1,52.0,0.0,17.0,1025.0,2.0
2025-11-02 21:00:00,EASTON,13.0,6.3,64.0,0.0,7.0,1025.0,3.0
2025-11-02 22:00:00,EASTON,11.0,7.1,77.0,0.0,7.0,1024.0,3.0
2025-11-02 23:00:00,EASTON,9.0,6.8,86.0,0.0,6.0,1025.0,3.0
2025-11-03 00:00:00,EASTON,9.0,6.8,86.0,0.0,0.0,1025.0,3.0
2025-11-03 01:00:00,EASTON,8.0,6.9,93.0,0.0,6.0,1025.0,3.0
2025-11-03 02:00:00,EASTON,9.0,7.9,93.0,0.0,0.0,1024.0,3.0
2025-11-03 03:00:00,EASTON,10.0,8.3,89.0,0.0,0.0,1024.0,3.0
2025-11-03 04:00:00,EASTON,11.0,9.3,89.0,0.0,0.0,1024.0,3.0
2025-11-03 05:00:00,EASTON,11.0,9.9,93.0,0.0,0.0,1023.0,3.0
2025-11-03 06:00:00,EASTON,12.0,10.9,93.0,0.0,7.0,1023.0,7.0
2025-11-03 07:00:00,EASTON,12.0,10.9,93.0,0.1,7.0,1022.0,8.0
2025-11-03 08:00:00,EASTON,11.0,10.5,97.0,0.0,11.0,1022.0,7.0
2025-11-03 09:00:00,EASTON,11.0,10.5,97.0,0.0,6.0,1022.0,9.0
2025-11-03 10:00:00,EASTON,11.0,10.5,97.0,0.1,7.0,1022.0,9.0
2025-11-03 11:00:00,EASTON,11.0,11.0,100.0,0.0,5.0,1022.0,9.0
2025-11-03 12:00:00,EASTON,11.0,10.5,97.0,0.0,7.0,1021.0,9.0
2025-11-03 13:00:00,EASTON,12.0,11.4,96.0,0.0,7.0,1021.0,5.0
2025-11-03 14:00:00,EASTON,13.0,12.4,96.0,0.0,9.0,1019.0,8.0
2025-11-03 15:00:00,EASTON,13.0,12.5,97.0,0.0,7.0,1019.0,3.0
2025-11-03 16:00:00,EASTON,14.0,12.4,90.0,0.0,6.0,1018.0,3.0
2025-11-03 17:00:00,EASTON,15.0,13.4,90.0,0.0,11.0,1017.0,2.0
2025-11-03 18:00:00,EASTON,15.0,12.9,87.0,0.0,13.0,1016.0,3.0
2025-11-03 19:00:00,EASTON,15.0,12.1,83.0,0.0,9.0,1015.0,3.0
2025-11-03 20:00:00,EASTON,16.0,12.5,80.0,0.0,9.0,1015.0,3.0
2025-11-03 21:00:00,EASTON,14.0,11.9,87.0,0.0,9.0,1015.0,2.0
2025-11-03 22:00:00,EASTON,11.0,11.0,100.0,0.0,6.0,1015.0,5.0
2025-11-03 23:00:00,EASTON,11.0,11.0,100.0,0.0,0.0,1015.0,5.0
2025-11-04 00:00:00,EASTON,10.0,10.0,100.0,0.0,9.0,1015.0,1.0
2025-11-04 01:00:00,EASTON,10.0,9.4,96.0,0.0,11.0,1016.0,1.0
2025-11-04 02:00:00,EASTON,12.0,9.2,83.0,0.0,13.0,1016.0,1.0
2025-11-04 03:00:00,EASTON,12.0,5.8,66.0,0.0,17.0,1017.0,1.0
2025-11-04 04:00:00,EASTON,12.0,3.5,56.0,0.0,17.0,1018.0,1.0
2025-11-04 05:00:00,EASTON,10.0,3.9,66.0,0.0,15.0,1018.0,1.0
2025-11-04 06:00:00,EASTON,8.0,3.7,74.0,0.0,11.0,1019.0,1.0
2025-11-04 07:00:00,EASTON,8.0,4.0,76.0,0.0,11.0,1019.0,1.0
2025-11-04 08:00:00,EASTON,8.0,4.0,76.0,0.0,11.0,1020.0,1.0
2025-11-04 09:00:00,EASTON,8.0,4.0,76.0,0.0,9.0,1021.0,1.0
2025-11-04 10:00:00,EASTON,7.0,4.1,82.0,0.0,9.0,1022.0,1.0
2025-11-04 11:00:00,EASTON,7.0,4.1,82.0,0.0,11.0,1023.0,1.0
2025-11-04 12:00:00,EASTON,11.0,4.9,66.0,0.0,7.0,1024.0,1.0
2025-11-04 13:00:00,EASTON,13.0,4.2,55.0,0.0,19.0,1025.0,1.0
2025-11-04 14:00:00,EASTON,14.0,1.9,44.0,0.0,26.0,1025.0,1.0
2025-11-04 15:00:00,EASTON,14.0,1.3,42.0,0.0,19.0,1024.0,2.0
2025-11-04 16:00:00,EASTON,14.0,0.3,39.0,0.0,19.0,1023.0,3.0
2025-11-04 17:00:00,EASTON,14.0,-0.5,37.0,0.0,19.0,1023.0,3.0
2025-11-04 18:00:00,EASTON,16.0,-0.3,33.0,0.0,19.0,1022.0,3.0
2025-11-04 19:00:00,EASTON,14.0,-1.6,34.0,0.0,22.0,1022.0,3.0
2025-11-04 20:00:00,EASTON,13.0,0.4,42.0,0.0,11.0,1022.0,3.0
2025-11-04 21:00:00,EASTON,11.0,4.2,63.0,0.0,7.0,1023.0,3.0
2025-11-04 22:00:00,EASTON,9.0,1.9,61.0,0.0,7.0,1024.0,3.0
2025-11-04 23:00:00,EASTON,6.0,4.3,89.0,0.0,7.0,1024.0,1.0
2025-11-05 00:00:00,EASTON,5.0,3.3,89.0,0.0,7.0,1024.0,1.0
2025-11-05 01:00:00,EASTON,4.0,3.0,93.0,0.0,0.0,1024.0,1.0
2025-11-05 02:00:00,EASTON,4.0,2.4,89.0,0.0,0.0,1024.0,2.0
2025-11-05 03:00:00,EASTON,4.0,3.0,93.0,0.0,0.0,1024.0,2.0
2025-11-05 04:00:00,EASTON,3.0,2.0,93.0,0.0,6.0,1024.0,1.0
2025-11-05 05:00:00,EASTON,3.0,2.0,93.0,0.0,0.0,1024.0,2.0
2025-11-05 06:00:00,EASTON,3.0,2.0,93.0,0.0,6.0,1024.0,2.0
2025-11-05 07:00:00,EASTON,2.0,1.6,97.0,0.0,0.0,1023.0,1.0
2025-11-05 08:00:00,EASTON,2.0,0.8,92.0,0.0,0.0,1023.0,1.0
2025-11-05 09:00:00,EASTON,2.0,1.6,97.0,0.0,0.0,1023.0,1.0
2025-11-05 10:00:00,EASTON,2.0,1.4,96.0,0.0,0.0,1022.0,1.0
2025-11-05 11:00:00,EASTON,2.0,1.4,96.0,0.0,0.0,1022.0,1.0
2025-11-05 12:00:00,EASTON,7.0,5.9,93.0,0.0,6.0,1022.0,1.0
2025-11-05 13:00:00,EASTON,12.0,8.1,77.0,0.0,17.0,1021.0,1.0
2025-11-05 14:00:00,EASTON,16.0,7.0,55.0,0.0,22.0,1019.0,1.0
2025-11-05 15:00:00,EASTON,19.0,5.1,40.0,0.0,24.0,1018.0,1.0
2025-11-05 16:00:00,EASTON,19.0,3.6,36.0,0.0,37.0,1016.0,1.0
2025-11-05 17:00:00,EASTON,19.0,4.4,38.0,0.0,35.0,1014.0,1.0
2025-11-05 18:00:00,EASTON,19.0,5.8,42.0,0.0,30.0,1013.0,2.0
2025-11-05 19:00:00,EASTON,19.0,5.8,42.0,0.0,32.0,1011.0,1.0
2025-11-05 20:00:00,EASTON,18.0,6.2,46.0,0.0,32.0,1010.0,2.0
2025-11-05 21:00:00,EASTON,17.0,6.5,50.0,0.0,24.0,1009.0,3.0
2025-11-05 22:00:00,EASTON,18.0,6.8,48.0,0.0,24.0,1009.0,3.0
2025-11-05 23:00:00,EASTON,17.0,7.1,52.0,0.0,26.0,1009.0,2.0
2025-11-06 00:00:00,EASTON,17.0,7.6,54.0,0.0,24.0,1009.0,1.0
2025-11-06 01:00:00,EASTON,17.0,8.2,56.0,0.0,32.0,1009.0,3.0
2025-11-06 02:00:00,EASTON,17.0,8.2,56.0,0.0,24.0,1009.0,3.0
2025-11-06 03:00:00,EASTON,17.0,8.2,56.0,0.0,28.0,1009.0,1.0
2025-11-06 04:00:00,EASTON,17.0,7.6,54.0,0.0,22.0,1009.0,1.0
2025-11-06 05:00:00,EASTON,18.0,7.4,50.0,0.0,22.0,1011.0,1.0
2025-11-06 06:00:00,EASTON,16.0,2.0,39.0,0.0,35.0,1013.0,2.0
2025-11-06 07:00:00,EASTON,14.0,0.3,39.0,0.0,35.0,1014.0,2.0
2025-11-06 08:00:00,EASTON,12.0,1.0,47.0,0.0,24.0,1016.0,1.0
2025-11-06 09:00:00,EASTON,12.0,1.0,47.0,0.0,15.0,1017.0,1.0
2025-11-06 10:00:00,EASTON,10.0,-0.5,48.0,0.0,11.0,1018.0,1.0
2025-11-06 11:00:00,EASTON,9.0,-0.6,51.0,0.0,15.0,1019.0,1.0
2025-11-06 12:00:00,EASTON,11.0,0.4,48.0,0.0,24.0,1021.0,1.0
2025-11-06 13:00:00,EASTON,12.0,-0.8,41.0,0.0,35.0,1021.0,1.0
2025-11-06 14:00:00,EASTON,12.0,-2.2,37.0,0.0,30.0,1021.0,1.0
2025-11-06 15:00:00,EASTON,13.0,-2.5,34.0,0.0,30.0,1022.0,1.0
2025-11-06 16:00:00,EASTON,13.0,-2.1,35.0,0.0,24.0,1021.0,1.0
2025-11-06 17:00:00,EASTON,13.0,-2.1,35.0,0.0,22.0,1021.0,1.0
2025-11-06 18:00:00,EASTON,14.0,-3.3,30.0,0.0,20.0,1020.0,1.0
2025-11-06 19:00:00,EASTON,14.0,-2.0,33.0,0.0,19.0,1021.0,1.0
2025-11-06 20:00:00,EASTON,13.0,-2.9,33.0,0.0,13.0,1021.0,1.0
2025-11-06 21:00:00,EASTON,11.0,-2.8,38.0,0.0,7.0,1021.0,1.0
2025-11-06 22:00:00,EASTON,7.0,1.5,68.0,0.0,0.0,1022.0,1.0
2025-11-06 23:00:00,EASTON,6.0,1.5,73.0,0.0,0.0,1022.0,1.0
2025-11-07 00:00:00,EASTON,4.0,0.7,79.0,0.0,0.0,1022.0,1.0
2025-11-07 01:00:00,EASTON,2.0,-0.3,85.0,0.0,0.0,1022.0,1.0
2025-11-07 02:00:00,EASTON,2.0,-0.3,85.0,0.0,6.0,1023.0,1.0
2025-11-07 03:00:00,EASTON,1.0,-0.8,88.0,0.0,6.0,1023.0,1.0
2025-11-07 04:00:00,EASTON,1.0,-0.2,92.0,0.0,0.0,1022.0,1.0
2025-11-07 05:00:00,EASTON,1.0,-0.8,88.0,0.0,0.0,1022.0,1.0
2025-11-07 06:00:00,EASTON,-1.0,-2.1,92.0,0.0,0.0,1022.0,2.0
2025-11-07 07:00:00,EASTON,-1.0,-2.1,92.0,0.0,6.0,1021.0,3.0
2025-11-07 08:00:00,EASTON,-1.0,-2.1,92.0,0.0,0.0,1021.0,3.0
2025-11-07 09:00:00,EASTON,-1.0,-2.1,92.0,0.0,6.0,1021.0,3.0
2025-11-07 10:00:00,EASTON,-1.0,-2.1,92.0,0.0,6.0,1021.0,2.0
2025-11-07 11:00:00,EASTON,-1.0,-2.6,89.0,0.0,6.0,1020.0,2.0
2025-11-07 12:00:00,EASTON,3.0,1.4,89.0,0.0,0.0,1020.0,1.0
2025-11-07 13:00:00,EASTON,11.0,3.8,61.0,0.0,13.0,1019.0,1.0
2025-11-07 14:00:00,EASTON,14.0,2.6,46.0,0.0,19.0,1019.0,1.0
2025-11-07 15:00:00,EASTON,16.0,4.4,46.0,0.0,19.0,1018.0,1.0
2025-11-07 16:00:00,EASTON,17.0,2.2,37.0,0.0,26.0,1016.0,1.0
2025-11-07 17:00:00,EASTON,18.0,1.5,33.0,0.0,26.0,1015.0,2.0
2025-11-07 18:00:00,EASTON,18.0,0.2,30.0,0.0,22.0,1014.0,3.0
2025-11-07 19:00:00,EASTON,17.0,2.2,37.0,0.0,22.0,1012.0,3.0
2025-11-07 20:00:00,EASTON,16.0,5.0,48.0,0.0,15.0,1012.0,3.0
2025-11-07 21:00:00,EASTON,14.0,5.6,57.0,0.0,13.0,1011.0,3.0
2025-11-07 22:00:00,EASTON,14.0,7.3,64.0,0.0,20.0,1010.0,3.0
2025-11-07 23:00:00,EASTON,14.0,9.0,72.0,0.0,20.0,1010.0,3.0
2025-11-08 00:00:00,EASTON,16.0,11.6,75.0,0.0,22.0,1009.0,3.0
2025-11-08 01:00:00,EASTON,16.0,12.7,81.0,0.0,22.0,1008.0,3.0
2025-11-08 02:00:00,EASTON,17.0,14.1,83.0,0.0,28.0,1008.0,3.0
2025-11-08 03:00:00,EASTON,17.0,14.3,84.0,0.0,33.0,1008.0,3.0
2025-11-08 04:00:00,EASTON,17.0,14.6,86.0,0.0,19.0,1007.0,3.0
2025-11-08 05:00:00,EASTON,17.0,14.6,86.0,0.0,19.0,1007.0,3.0
2025-11-08 06:00:00,EASTON,17.0,14.3,84.0,0.0,13.0,1007.0,3.0
2025-11-08 07:00:00,EASTON,17.0,15.3,90.0,0.0,19.0,1006.0,3.0
2025-11-08 08:00:00,EASTON,17.0,14.6,86.0,0.0,19.0,1006.0,1.0
2025-11-08 09:00:00,EASTON,16.0,14.4,90.0,0.0,19.0,1006.0,3.0
2025-11-08 10:00:00,EASTON,15.0,14.4,96.0,0.0,13.0,1006.0,8.0
2025-11-08 11:00:00,EASTON,14.0,13.5,97.0,0.1,13.0,1008.0,7.0
2025-11-08 12:00:00,EASTON,15.0,13.4,90.0,0.0,19.0,1009.0,3.0
2025-11-08 13:00:00,EASTON,17.0,13.1,78.0,0.0,13.0,1009.0,3.0
2025-11-08 14:00:00,EASTON,18.0,12.0,68.0,0.0,15.0,1010.0,1.0
2025-11-08 15:00:00,EASTON,19.0,10.8,59.0,0.0,13.0,1010.0,2.0
2025-11-08 16:00:00,EASTON,21.0,9.9,49.0,0.0,15.0,1010.0,1.0
2025-11-08 17:00:00,EASTON,21.0,8.3,44.0,0.0,11.0,1009.0,1.0
2025-11-08 18:00:00,EASTON,21.0,7.6,42.0,0.0,15.0,1009.0,1.0
2025-11-08 19:00:00,EASTON,21.0,6.5,39.0,0.0,11.0,1010.0,1.0
2025-11-08 20:00:00,EASTON,19.0,5.1,40.0,0.0,9.0,1010.0,1.0
2025-11-08 21:00:00,EASTON,16.0,9.2,64.0,0.0,0.0,1010.0,3.0
2025-11-08 22:00:00,EASTON,15.0,7.3,60.0,0.0,0.0,1011.0,3.0
2025-11-08 23:00:00,EASTON,12.0,7.7,75.0,0.0,0.0,1012.0,3.0
2025-11-09 00:00:00,EASTON,9.0,7.4,90.0,0.0,7.0,1013.0,3.0
2025-11-09 01:00:00,EASTON,8.0,6.9,93.0,0.0,7.0,1013.0,3.0
2025-11-09 02:00:00,EASTON,8.0,6.9,93.0,0.0,0.0,1013.0,3.0
2025-11-09 03:00:00,EASTON,7.0,6.6,97.0,0.0,0.0,1013.0,1.0
2025-11-09 04:00:00,EASTON,8.0,6.9,93.0,0.0,0.0,1013.0,1.0
2025-11-09 05:00:00,EASTON,7.0,6.6,97.0,0.0,6.0,1013.0,1.0
2025-11-09 06:00:00,EASTON,8.0,7.4,96.0,0.0,7.0,1012.0,1.0
2025-11-09 07:00:00,EASTON,8.0,7.6,97.0,0.0,9.0,1012.0,2.0
2025-11-09 08:00:00,EASTON,8.0,7.4,96.0,0.0,7.0,1011.0,5.0
2025-11-09 09:00:00,EASTON,10.0,10.0,100.0,0.0,0.0,1011.0,5.0
2025-11-09 10:00:00,EASTON,10.0,9.4,96.0,0.0,7.0,1010.0,3.0
2025-11-09 11:00:00,EASTON,10.0,10.0,100.0,0.0,6.0,1010.0,3.0
2025-11-09 12:00:00,EASTON,14.0,12.9,93.0,0.0,6.0,1010.0,3.0
2025-11-09 13:00:00,EASTON,18.0,14.7,81.0,0.0,6.0,1010.0,3.0
2025-11-09 14:00:00,EASTON,19.0,14.0,73.0,0.0,20.0,1009.0,3.0
2025-11-09 15:00:00,EASTON,19.0,15.3,79.0,0.0,13.0,1009.0,3.0
2025-11-09 16:00:00,EASTON,21.0,16.4,75.0,0.0,13.0,1007.0,3.0
2025-11-09 17:00:00,EASTON,21.0,16.4,75.0,0.0,19.0,1007.0,3.0
2025-11-09 18:00:00,EASTON,19.0,16.2,84.0,0.0,20.0,1007.0,3.0
2025-11-09 19:00:00,EASTON,18.0,16.3,90.0,0.0,20.0,1007.0,5.0
2025-11-09 20:00:00,EASTON,19.0,16.2,84.0,0.0,17.0,1006.0,2.0
2025-11-09 21:00:00,EASTON,17.0,15.3,90.0,0.0,7.0,1007.0,1.0
2025-11-09 22:00:00,EASTON,15.0,15.0,100.0,0.0,0.0,1007.0,5.0
2025-11-09 23:00:00,EASTON,16.0,15.4,96.0,0.0,9.0,1007.0,5.0
2025-11-10 00:00:00,EASTON,16.0,15.5,97.0,0.0,9.0,1006.0,5.0
2025-11-10 01:00:00,EASTON,16.7,16.1,96.0,0.0,6.0,,3.0
2025-11-10 02:00:00,EASTON,17.0,16.4,96.0,0.0,9.0,1006.0,25.0
2025-11-10 03:00:00,EASTON,17.0,15.9,93.0,0.0,33.0,1007.0,8.0
2025-11-10 04:00:00,EASTON,14.0,13.5,97.0,0.0,11.0,1006.0,3.0
2025-11-10 05:00:00,EASTON,14.0,12.4,90.0,0.0,15.0,1007.0,3.0
2025-11-10 06:00:00,EASTON,12.0,9.7,86.0,0.0,11.0,1007.0,3.0
2025-11-10 07:00:00,EASTON,12.0,9.7,86.0,0.1,13.0,1006.0,7.0
2025-11-10 08:00:00,EASTON,12.0,9.7,86.0,0.0,11.0,1006.0,3.0
2025-11-10 09:00:00,EASTON,11.0,8.7,86.0,0.3,9.0,1008.0,8.0
2025-11-10 10:00:00,EASTON,11.0,5.9,71.0,0.0,19.0,1007.0,8.0
2025-11-10 11:00:00,EASTON,10.0,3.9,66.0,0.3,17.0,1008.0,8.0
2025-11-10 12:00:00,EASTON,10.0,4.4,68.0,0.0,15.0,1008.0,3.0
2025-11-10 13:00:00,EASTON,9.0,2.3,63.0,0.0,17.0,1008.0,3.0
2025-11-10 14:00:00,EASTON,8.0,1.4,63.0,0.0,19.0,1008.0,3.0
2025-11-10 15:00:00,EASTON,8.0,0.2,58.0,0.0,28.0,1007.0,2.0
2025-11-10 16:00:00,EASTON,9.0,0.7,56.0,0.0,24.0,1006.0,2.0
2025-11-10 17:00:00,EASTON,11.0,1.0,50.0,0.0,22.0,1005.0,1.0
2025-11-10 18:00:00,EASTON,10.0,0.1,50.0,0.0,26.0,1005.0,1.0
2025-11-10 19:00:00,EASTON,10.0,-1.7,44.0,0.0,26.0,1006.0,1.0
2025-11-10 20:00:00,EASTON,9.0,-2.6,44.0,0.0,30.0,1007.0,1.0
2025-11-10 21:00:00,EASTON,8.0,-2.6,47.0,0.0,19.0,1008.0,2.0
2025-11-10 22:00:00,EASTON,7.0,-2.4,51.0,0.0,13.0,1008.0,3.0
2025-11-10 23:00:00,EASTON,6.0,-2.9,53.0,0.0,13.0,1009.0,2.0
2025-11-11 00:00:00,EASTON,6.0,-3.6,50.0,0.0,20.0,1010.0,3.0
2025-11-11 01:00:00,EASTON,5.0,-4.3,51.0,0.0,17.0,1010.0,3.0
2025-11-11 02:00:00,EASTON,4.0,-6.0,48.0,0.0,22.0,1011.0,3.0
2025-11-11 03:00:00,EASTON,3.0,-6.9,48.0,0.0,26.0,1011.0,3.0
2025-11-11 04:00:00,EASTON,3.0,-5.9,52.0,0.0,17.0,1011.0,2.0
2025-11-11 05:00:00,EASTON,3.0,-6.9,48.0,0.0,13.0,1011.0,1.0
2025-11-11 06:00:00,EASTON,3.0,-7.5,46.0,0.0,24.0,1011.0,3.0
2025-11-11 07:00:00,EASTON,2.0,-7.9,48.0,0.0,20.0,1011.0,3.0
2025-11-11 08:00:00,EASTON,2.0,-7.9,48.0,0.0,15.0,1011.0,3.0
2025-11-11 09:00:00,EASTON,1.0,-7.7,52.0,0.0,20.0,1012.0,3.0
2025-11-11 10:00:00,EASTON,1.0,-7.5,53.0,0.0,19.0,1013.0,3.0
2025-11-11 11:00:00,EASTON,1.0,-7.5,53.0,0.0,19.0,1013.0,1.0
2025-11-11 12:00:00,EASTON,1.0,-8.2,50.0,0.0,24.0,1014.0,1.0
2025-11-11 13:00:00,EASTON,2.0,-9.0,44.0,0.0,35.0,1015.0,1.0
2025-11-11 14:00:00,EASTON,3.0,-9.3,40.0,0.0,28.0,1016.0,1.0
2025-11-11 15:00:00,EASTON,4.0,-9.7,36.0,0.0,26.0,1016.0,1.0
2025-11-11 16:00:00,EASTON,5.0,-9.9,33.0,0.0,37.0,1015.0,2.0
2025-11-11 17:00:00,EASTON,6.0,-9.0,33.0,0.0,32.0,1015.0,2.0
2025-11-11 18:00:00,EASTON,6.0,-9.4,32.0,0.0,35.0,1014.0,1.0
2025-11-11 19:00:00,EASTON,7.0,-9.0,31.0,0.0,30.0,1015.0,1.0
2025-11-11 20:00:00,EASTON,7.0,-9.0,31.0,0.0,22.0,1016.0,1.0
2025-11-11 21:00:00,EASTON,5.0,-7.8,39.0,0.0,17.0,1016.0,1.0
2025-11-11 22:00:00,EASTON,5.0,-7.8,39.0,0.0,15.0,1018.0,2.0
2025-11-11 23:00:00,EASTON,4.0,-7.1,44.0,0.0,7.0,1018.0,2.0
2025-11-12 00:00:00,EASTON,1.0,-5.2,63.0,0.0,0.0,1018.0,1.0
2025-11-12 01:00:00,EASTON,0.0,-5.0,69.0,0.0,6.0,1018.0,1.0
2025-11-12 02:00:00,EASTON,1.0,-4.6,66.0,0.0,9.0,1018.0,1.0
2025-11-12 03:00:00,EASTON,1.0,-5.0,64.0,0.0,7.0,1018.0,2.0
2025-11-12 04:00:00,EASTON,-1.0,-4.3,78.0,0.0,9.0,1017.0,2.0
2025-11-12 05:00:00,EASTON,4.0,-3.3,59.0,0.0,9.0,1017.0,2.0
2025-11-12 06:00:00,EASTON,5.0,-3.8,53.0,0.0,15.0,1016.0,3.0
2025-11-12 07:00:00,EASTON,4.0,-3.7,57.0,0.0,13.0,1016.0,3.0
2025-11-12 08:00:00,EASTON,3.0,-3.1,64.0,0.0,9.0,1015.0,3.0
2025-11-12 09:00:00,EASTON,1.0,-2.9,75.0,0.0,6.0,1015.0,3.0
2025-11-12 10:00:00,EASTON,-1.0,-3.2,85.0,0.0,6.0,1015.0,3.0
2025-11-12 11:00:00,EASTON,0.0,-3.2,79.0,0.0,9.0,1014.0,1.0
2025-11-12 12:00:00,EASTON,6.0,-1.4,59.0,0.0,11.0,1014.0,1.0
2025-11-12 13:00:00,EASTON,8.0,-2.1,49.0,0.0,13.0,1014.0,1.0
2025-11-12 14:00:00,EASTON,10.0,-1.7,44.0,0.0,28.0,1013.0,1.0
2025-11-12 15:00:00,EASTON,11.0,-1.7,41.0,0.0,28.0,1012.0,1.0
2025-11-12 16:00:00,EASTON,12.0,-1.9,38.0,0.0,28.0,1011.0,1.0
2025-11-12 17:00:00,EASTON,12.0,-0.8,41.0,0.0,20.0,1010.0,1.0
2025-11-12 18:00:00,EASTON,13.0,-2.1,35.0,0.0,26.0,1010.0,2.0
2025-11-12 19:00:00,EASTON,13.0,-2.1,35.0,0.0,26.0,1010.0,1.0
2025-11-12 20:00:00,EASTON,13.0,-1.0,38.0,0.0,22.0,1010.0,1.0
2025-11-12 21:00:00,EASTON,11.0,-0.2,46.0,0.0,11.0,1010.0,3.0
2025-11-12 22:00:00,EASTON,8.0,0.7,60.0,0.0,9.0,1011.0,2.0
2025-11-12 23:00:00,EASTON,7.0,1.9,70.0,0.0,9.0,1011.0,2.0
2025-11-13 00:00:00,EASTON,8.0,2.5,68.0,0.0,9.0,1012.0,1.0
2025-11-13 01:00:00,EASTON,6.0,2.1,76.0,0.0,0.0,1012.0,3.0
2025-11-13 02:00:00,EASTON,4.0,1.4,83.0,0.0,0.0,1013.0,2.0
2025-11-13 03:00:00,EASTON,2.0,0.4,89.0,0.0,0.0,1013.0,2.0
2025-11-13 04:00:00,EASTON,2.0,0.8,92.0,0.0,7.0,1013.0,1.0
2025-11-13 05:00:00,EASTON,8.0,0.7,60.0,0.0,9.0,1013.0,1.0
2025-11-13 06:00:00,EASTON,7.0,-0.2,60.0,0.0,11.0,1014.0,1.0
2025-11-13 07:00:00,EASTON,8.0,-0.2,56.0,0.0,11.0,1014.0,1.0
2025-11-13 08:00:00,EASTON,8.0,-0.5,55.0,0.0,11.0,1015.0,1.0
2025-11-13 09:00:00,EASTON,6.0,-0.7,62.0,0.0,7.0,1015.0,2.0
2025-11-13 10:00:00,EASTON,9.0,-2.0,46.0,0.0,28.0,1015.0,1.0
2025-11-13 11:00:00,EASTON,9.0,-2.6,44.0,0.0,24.0,1016.0,2.0
2025-11-13 12:00:00,EASTON,9.0,-2.6,44.0,0.0,19.0,1017.0,2.0
2025-11-13 13:00:00,EASTON,11.0,-1.7,41.0,0.0,22.0,1017.0,1.0
2025-11-13 14:00:00,EASTON,12.0,-1.9,38.0,0.0,24.0,1017.0,1.0
2025-11-13 15:00:00,EASTON,13.0,-2.9,33.0,0.0,35.0,1016.0,1.0
2025-11-13 16:00:00,EASTON,14.0,-3.3,30.0,0.0,26.0,1015.0,1.0
2025-11-13 17:00:00,EASTON,14.0,-3.8,29.0,0.0,30.0,1015.0,1.0
2025-11-13 18:00:00,EASTON,14.0,-3.8,29.0,0.0,26.0,1015.0,1.0
2025-11-13 19:00:00,EASTON,14.0,-4.2,28.0,0.0,26.0,1016.0,1.0
2025-11-13 20:00:00,EASTON,13.0,-4.6,29.0,0.0,20.0,1017.0,1.0
2025-11-13 21:00:00,EASTON,12.0,-4.6,31.0,0.0,13.0,1017.0,1.0
2025-11-13 22:00:00,EASTON,10.0,-4.0,37.0,0.0,6.0,1018.0,1.0
2025-11-13 23:00:00,EASTON,5.0,-1.7,62.0,0.0,0.0,1018.0,1.0
2025-11-14 00:00:00,EASTON,3.0,-1.9,70.0,0.0,0.0,1019.0,1.0
2025-11-14 01:00:00,EASTON,3.0,-1.5,72.0,0.0,0.0,1019.0,1.0
2025-11-14 02:00:00,EASTON,1.0,-2.4,78.0,0.0,0.0,1019.0,1.0
2025-11-14 03:00:00,EASTON,0.0,-2.9,81.0,0.0,0.0,1019.0,1.0
2025-11-14 04:00:00,EASTON,0.0,-2.9,81.0,0.0,0.0,1020.0,1.0
2025-11-14 05:00:00,EASTON,0.0,-2.2,85.0,0.0,0.0,1020.0,1.0
2025-11-14 06:00:00,EASTON,-1.0,-3.2,85.0,0.0,0.0,1020.0,1.0
2025-11-14 07:00:00,EASTON,0.0,-1.7,88.0,0.0,0.0,1020.0,3.0
2025-11-14 08:00:00,EASTON,0.0,-1.7,88.0,0.0,0.0,1021.0,3.0
2025-11-14 09:00:00,EASTON,0.0,-1.7,88.0,0.0,0.0,1021.0,1.0
2025-11-14 10:00:00,EASTON,0.0,-1.1,92.0,0.0,0.0,1021.0,1.0
2025-11-14 11:00:00,EASTON,-1.0,-2.1,92.0,0.0,0.0,1022.0,1.0
2025-11-14 12:00:00,EASTON,3.0,-0.8,76.0,0.0,6.0,1023.0,1.0
2025-11-14 13:00:00,EASTON,9.0,-0.6,51.0,0.0,13.0,1023.0,1.0
2025-11-14 14:00:00,EASTON,11.0,-4.3,34.0,0.0,17.0,1023.0,1.0
2025-11-14 15:00:00,EASTON,12.0,-4.6,31.0,0.0,15.0,1022.0,1.0
2025-11-14 16:00:00,EASTON,12.0,-5.0,30.0,0.0,13.0,1021.0,2.0
2025-11-14 17:00:00,EASTON,13.0,-4.6,29.0,0.0,19.0,1020.0,3.0
2025-11-14 18:00:00,EASTON,12.0,-3.4,34.0,0.0,19.0,1019.0,1.0
2025-11-14 19:00:00,EASTON,12.0,-1.9,38.0,0.0,15.0,1019.0,3.0
2025-11-14 20:00:00,EASTON,11.0,-1.1,43.0,0.0,9.0,1018.0,2.0
2025-11-14 21:00:00,EASTON,10.0,0.6,52.0,0.0,6.0,1018.0,3.0
2025-11-14 22:00:00,EASTON,9.0,1.9,61.0,0.0,6.0,1018.0,3.0
2025-11-14 23:00:00,EASTON,6.0,1.5,73.0,0.0,0.0,1017.0,3.0
2025-11-15 00:00:00,EASTON,7.0,2.5,73.0,0.0,7.0,1017.0,3.0
2025-11-15 01:00:00,EASTON,8.0,3.1,71.0,0.0,6.0,1017.0,3.0
2025-11-15 02:00:00,EASTON,8.0,4.0,76.0,0.0,0.0,1017.0,3.0
2025-11-15 03:00:00,EASTON,7.0,3.8,80.0,0.0,0.0,1016.0,3.0
2025-11-15 04:00:00,EASTON,7.0,3.8,80.0,0.0,0.0,1015.0,3.0
2025-11-15 05:00:00,EASTON,8.0,4.0,76.0,0.0,6.0,1013.0,3.0
2025-11-15 06:00:00,EASTON,7.0,3.1,76.0,0.0,0.0,1013.0,3.0
2025-11-15 07:00:00,EASTON,6.0,3.7,85.0,0.0,0.0,1012.0,3.0
2025-11-15 08:00:00,EASTON,6.0,3.7,85.0,0.0,0.0,1012.0,3.0
2025-11-15 09:00:00,EASTON,6.0,4.3,89.0,0.0,0.0,1012.0,3.0
2025-11-15 10:00:00,EASTON,6.0,3.8,86.0,0.0,0.0,1012.0,3.0
2025-11-15 11:00:00,EASTON,7.0,3.8,80.0,0.0,0.0,1013.0,3.0
2025-11-15 12:00:00,EASTON,8.0,4.0,76.0,0.0,0.0,1013.0,3.0
2025-11-15 13:00:00,EASTON,9.0,4.0,71.0,0.0,6.0,1012.0,3.0
2025-11-15 14:00:00,EASTON,12.0,4.7,61.0,0.0,7.0,1012.0,3.0
2025-11-15 15:00:00,EASTON,14.0,5.1,55.0,0.0,7.0,1011.0,2.0
2025-11-15 16:00:00,EASTON,15.0,5.5,53.0,0.0,15.0,1009.0,3.0
2025-11-15 17:00:00,EASTON,16.0,5.0,48.0,0.0,11.0,1008.0,3.0
2025-11-15 18:00:00,EASTON,16.0,4.7,47.0,0.0,11.0,1007.0,3.0
2025-11-15 19:00:00,EASTON,15.0,5.5,53.0,0.0,9.0,1005.0,3.0
2025-11-15 20:00:00,EASTON,14.0,6.8,62.0,0.0,7.0,1005.0,3.0
2025-11-15 21:00:00,EASTON,12.0,5.4,64.0,0.0,7.0,1004.0,3.0
2025-11-15 22:00:00,EASTON,11.0,5.9,71.0,0.0,6.0,1003.0,3.0
2025-11-15 23:00:00,EASTON,12.0,7.5,74.0,0.0,13.0,1002.0,3.0
2025-11-16 00:00:00,EASTON,12.0,7.7,75.0,0.0,15.0,1001.0,3.0
2025-11-16 01:00:00,EASTON,12.8,8.9,77.0,0.0,7.0,,3.0
2025-11-16 02:00:00,EASTON,15.6,9.9,69.0,0.0,9.0,,3.0
2025-11-16 03:00:00,EASTON,17.2,9.4,60.0,0.0,12.0,,3.0
2025-11-16 04:00:00,EASTON,18.3,8.3,52.0,0.0,15.0,,3.0
2025-11-16 05:00:00,EASTON,17.8,8.4,54.0,0.0,13.0,,2.0
2025-11-16 06:00:00,EASTON,17.2,8.3,56.0,0.0,12.0,,3.0
2025-11-16 07:00:00,EASTON,17.2,8.3,56.0,0.0,12.0,,3.0
2025-11-16 08:00:00,EASTON,16.7,8.9,60.0,0.0,14.0,,3.0
2025-11-16 09:00:00,EASTON,16.1,8.8,62.0,0.0,10.0,,3.0
2025-11-16 10:00:00,EASTON,15.6,9.5,67.0,0.0,6.0,,3.0
2025-11-16 11:00:00,EASTON,15.0,9.4,69.0,0.0,6.0,,3.0
2025-11-16 12:00:00,EASTON,16.1,10.0,67.0,0.0,10.0,,3.0
2025-11-16 13:00:00,EASTON,18.3,9.9,58.0,0.0,11.0,,3.0
2025-11-16 14:00:00,EASTON,18.9,6.0,43.0,0.0,19.0,,2.0
2025-11-16 15:00:00,EASTON,16.7,1.6,36.0,0.0,19.0,,3.0
2025-11-16 16:00:00,EASTON,15.6,-0.6,33.0,0.0,13.0,,1.0
2025-11-16 17:00:00,EASTON,16.1,-1.5,30.0,0.0,17.0,,1.0
2025-11-16 18:00:00,EASTON,15.6,-1.5,31.0,0.0,19.0,,1.0
2025-11-16 19:00:00,EASTON,13.9,-3.4,30.0,0.0,14.0,,1.0
2025-11-16 20:00:00,EASTON,13.9,-4.8,27.0,0.0,14.0,,1.0
2025-11-16 21:00:00,EASTON,11.7,-3.3,35.0,0.0,12.0,,1.0
2025-11-16 22:00:00,EASTON,10.0,-4.0,37.0,0.0,13.0,,1.0
2025-11-16 23:00:00,EASTON,8.9,-4.3,39.0,0.0,12.0,,1.0
2025-11-17 00:00:00,EASTON,8.3,-3.2,44.0,0.0,10.0,,1.0
2025-11-17 01:00:00,EASTON,7.8,-3.4,45.0,0.0,12.0,,1.0
2025-11-17 02:00:00,EASTON,6.7,-3.8,47.0,0.0,10.0,,1.0
2025-11-17 03:00:00,EASTON,7.2,-5.5,40.0,0.0,13.0,,1.0
2025-11-17 04:00:00,EASTON,7.2,-6.2,38.0,0.0,11.0,,1.0
2025-11-17 05:00:00,EASTON,7.2,-5.5,40.0,0.0,9.0,,1.0
2025-11-17 06:00:00,EASTON,5.6,-5.7,44.0,0.0,6.0,,1.0
2025-11-17 07:00:00,EASTON,5.0,-5.1,48.0,0.0,7.0,,1.0
2025-11-17 08:00:00,EASTON,5.6,-4.3,49.0,0.0,7.0,,1.0
2025-11-17 09:00:00,EASTON,5.6,-5.1,46.0,0.0,8.0,,1.0
2025-11-17 10:00:00,EASTON,6.7,-5.0,43.0,0.0,10.0,,1.0
2025-11-17 11:00:00,EASTON,5.7,-4.2,49.0,0.0,18.7,1010.1,1.0
2025-11-17 12:00:00,EASTON,5.9,-4.8,46.0,0.0,20.9,1011.2,1.0
2025-11-17 13:00:00,EASTON,7.2,-3.9,45.0,0.0,20.2,1012.2,3.0
2025-11-17 14:00:00,EASTON,8.0,-4.1,42.0,0.0,25.2,1012.9,3.0
2025-11-17 15:00:00,EASTON,8.4,-4.4,40.0,0.0,24.8,1013.2,2.0
2025-11-17 16:00:00,EASTON,8.8,-5.4,36.0,0.0,26.3,1013.3,3.0
2025-11-17 17:00:00,EASTON,9.2,-5.5,35.0,0.0,27.4,1012.7,2.0
2025-11-17 18:00:00,EASTON,9.2,-5.1,36.0,0.0,26.3,1012.6,2.0
2025-11-17 19:00:00,EASTON,9.1,-5.6,35.0,0.0,25.9,1012.8,2.0
2025-11-17 20:00:00,EASTON,9.3,-6.5,32.0,0.0,22.3,1013.1,2.0
2025-11-17 21:00:00,EASTON,8.9,-6.5,33.0,0.0,20.5,1013.8,1.0
2025-11-17 22:00:00,EASTON,7.6,-6.5,36.0,0.0,17.3,1014.7,1.0
2025-11-17 23:00:00,EASTON,6.6,-6.0,40.0,0.0,14.4,1015.5,1.0
2025-11-18 00:00:00,EASTON,5.6,-5.4,45.0,0.0,10.8,1016.4,1.0
2025-11-18 01:00:00,EASTON,5.1,-4.7,49.0,0.0,9.7,1017.1,1.0
2025-11-18 02:00:00,EASTON,4.4,-4.6,52.0,0.0,9.4,1017.9,1.0
2025-11-18 03:00:00,EASTON,4.0,-4.2,55.0,0.0,8.6,1018.8,1.0
2025-11-18 04:00:00,EASTON,3.7,-3.8,58.0,0.0,8.6,1019.4,1.0
2025-11-18 05:00:00,EASTON,3.4,-3.6,60.0,0.0,10.1,1019.8,1.0
2025-11-18 06:00:00,EASTON,3.1,-3.3,63.0,0.0,11.2,1020.1,1.0
2025-11-18 07:00:00,EASTON,2.6,-3.3,65.0,0.0,10.8,1020.8,1.0
2025-11-18 08:00:00,EASTON,2.2,-3.5,66.0,0.0,9.7,1021.2,1.0
2025-11-18 09:00:00,EASTON,2.1,-3.6,66.0,0.0,10.1,1021.7,1.0
2025-11-18 10:00:00,EASTON,1.9,-3.6,67.0,0.0,9.4,1022.3,1.0
2025-11-18 11:00:00,EASTON,1.7,-3.4,69.0,0.0,8.6,1022.9,1.0
2025-11-18 12:00:00,EASTON,1.7,-3.2,70.0,0.0,8.3,1023.7,1.0
2025-11-18 13:00:00,EASTON,3.6,-2.2,66.0,0.0,9.4,1024.3,1.0
2025-11-18 14:00:00,EASTON,6.0,-3.6,50.0,0.0,9.0,1024.7,3.0
2025-11-18 15:00:00,EASTON,7.2,-4.9,42.0,0.0,9.4,1024.9,1.0
2025-11-18 16:00:00,EASTON,8.4,-4.7,39.0,0.0,9.4,1024.9,2.0
2025-11-18 17:00:00,EASTON,9.3,-4.3,38.0,0.0,9.7,1023.9,2.0
2025-11-18 18:00:00,EASTON,10.0,-3.3,39.0,0.0,11.2,1023.4,3.0
2025-11-18 19:00:00,EASTON,10.3,-3.4,38.0,0.0,10.4,1022.9,3.0
2025-11-18 20:00:00,EASTON,9.9,-3.4,39.0,0.0,7.9,1022.4,3.0
2025-11-18 21:00:00,EASTON,9.6,-3.0,41.0,0.0,5.0,1022.2,3.0
2025-11-18 22:00:00,EASTON,8.1,-1.4,51.0,0.0,5.4,1022.5,3.0
2025-11-18 23:00:00,EASTON,8.6,-1.2,50.0,0.0,5.8,1022.8,3.0
2025-11-19 00:00:00,EASTON,8.4,-1.7,49.0,0.0,5.0,1023.0,3.0
2025-11-19 01:00:00,EASTON,7.3,-0.7,57.0,0.3,7.2,1023.1,8.0
2025-11-19 02:00:00,EASTON,5.8,4.9,94.0,1.0,6.8,1023.1,9.0
2025-11-19 03:00:00,EASTON,5.5,4.8,95.0,3.2,7.9,1022.9,9.0
2025-11-19 04:00:00,EASTON,5.7,5.1,96.0,1.5,10.1,1022.5,9.0
2025-11-19 05:00:00,EASTON,6.1,5.7,97.0,1.6,10.1,1021.9,9.0
2025-11-19 06:00:00,EASTON,6.6,5.5,93.0,0.6,10.1,1021.7,8.0
2025-11-19 07:00:00,EASTON,6.8,6.4,97.0,0.2,12.2,1020.8,7.0
2025-11-19 08:00:00,EASTON,7.4,7.0,97.0,0.7,12.6,1020.1,8.0
2025-11-19 09:00:00,EASTON,8.1,7.7,97.0,0.9,13.0,1020.0,8.0
2025-11-19 10:00:00,EASTON,9.0,8.7,98.0,1.4,11.9,1019.9,9.0
2025-11-19 11:00:00,EASTON,9.2,8.4,95.0,0.3,12.2,1020.0,8.0
2025-11-19 12:00:00,EASTON,8.8,7.9,94.0,0.0,11.2,1020.2,3.0
2025-11-19 13:00:00,EASTON,9.0,8.1,94.0,0.0,11.5,1020.1,3.0
2025-11-19 14:00:00,EASTON,10.6,9.2,91.0,0.0,9.0,1020.4,3.0
2025-11-19 15:00:00,EASTON,12.6,8.9,78.0,0.0,9.7,1020.5,2.0
2025-11-19 16:00:00,EASTON,14.0,8.2,68.0,0.0,9.7,1020.1,1.0
2025-11-19 17:00:00,EASTON,14.7,8.0,64.0,0.0,10.4,1019.7,1.0
2025-11-19 18:00:00,EASTON,14.9,7.7,62.0,0.0,10.4,1019.0,2.0
2025-11-19 19:00:00,EASTON,14.8,7.3,61.0,0.0,11.2,1019.1,2.0
2025-11-19 20:00:00,EASTON,14.1,7.2,63.0,0.0,11.9,1019.3,3.0
2025-11-19 21:00:00,EASTON,13.1,7.1,67.0,0.0,11.2,1019.8,1.0
2025-11-19 22:00:00,EASTON,10.7,7.0,78.0,0.0,11.9,1020.5,1.0
2025-11-19 23:00:00,EASTON,9.6,7.0,84.0,0.0,12.6,1021.4,2.0
2025-11-20 00:00:00,EASTON,9.4,7.3,87.0,0.0,11.9,1021.9,3.0
2025-11-20 01:00:00,EASTON,,,,,,,
2025-11-20 02:00:00,EASTON,,,,,,,
2025-11-20 03:00:00,EASTON,,,,,,,
2025-11-20 04:00:00,EASTON,,,,,,,
2025-11-20 05:00:00,EASTON,,,,,,,
2025-11-20 06:00:00,EASTON,8.7,6.1,84.0,,13.3,1021.6,
2025-11-20 07:00:00,EASTON,,,,,,,
2025-11-20 08:00:00,EASTON,,,,,,,
2025-11-20 09:00:00,EASTON,,,,,,,
2025-11-20 10:00:00,EASTON,,,,,,,
2025-11-20 11:00:00,EASTON,,,,,,,
2025-11-20 12:00:00,EASTON,8.8,6.8,87.0,,11.9,1022.2,
2025-11-20 13:00:00,EASTON,,,,,,,
2025-11-20 14:00:00,EASTON,,,,,,,
2025-11-20 15:00:00,EASTON,,,,,,,
2025-11-20 16:00:00,EASTON,,,,,,,
2025-11-20 17:00:00,EASTON,,,,,,,
2025-11-20 18:00:00,EASTON,13.9,9.1,73.0,,10.4,1020.9,
2025-11-20 19:00:00,EASTON,,,,,,,
2025-11-20 20:00:00,EASTON,,,,,,,
2025-11-20 21:00:00,EASTON,,,,,,,
2025-11-20 22:00:00,EASTON,,,,,,,
2025-11-20 23:00:00,EASTON,,,,,,,
2025-11-21 00:00:00,EASTON,11.0,9.1,88.0,,5.8,1021.2,
2025-11-21 01:00:00,EASTON,,,,,,,
2025-11-21 02:00:00,EASTON,,,,,,,
2025-11-21 03:00:00,EASTON,,,,,,,
2025-11-21 04:00:00,EASTON,,,,,,,
2025-11-21 05:00:00,EASTON,,,,,,,
2025-11-21 06:00:00,EASTON,8.4,8.1,98.0,,2.5,1019.8,
2025-11-21 07:00:00,EASTON,,,,,,,
2025-11-21 08:00:00,EASTON,,,,,,,
2025-11-21 09:00:00,EASTON,,,,,,,
2025-11-21 10:00:00,EASTON,,,,,,,
2025-11-21 11:00:00,EASTON,,,,,,,
2025-11-21 12:00:00,EASTON,7.2,7.1,99.0,,6.1,1018.3,
2025-11-21 13:00:00,EASTON,,,,,,,
2025-11-21 14:00:00,EASTON,,,,,,,
2025-11-21 15:00:00,EASTON,,,,,,,
2025-11-21 16:00:00,EASTON,,,,,,,
2025-11-21 17:00:00,EASTON,,,,,,,
2025-11-21 18:00:00,EASTON,15.9,9.8,67.0,,10.1,1014.7,
2025-11-21 19:00:00,EASTON,,,,,,,
2025-11-21 20:00:00,EASTON,,,,,,,
2025-11-21 21:00:00,EASTON,,,,,,,
2025-11-21 22:00:00,EASTON,,,,,,,
2025-11-21 23:00:00,EASTON,,,,,,,
2025-11-22 00:00:00,EASTON,14.2,11.7,85.0,,7.9,1012.8,
2025-11-22 01:00:00,EASTON,,,,,,,
2025-11-22 02:00:00,EASTON,,,,,,,
2025-11-22 03:00:00,EASTON,,,,,,,
2025-11-22 04:00:00,EASTON,,,,,,,
2025-11-22 05:00:00,EASTON,,,,,,,
2025-11-22 06:00:00,EASTON,12.1,11.6,97.0,,4.0,1011.3,
2025-11-22 07:00:00,EASTON,,,,,,,
2025-11-22 08:00:00,EASTON,,,,,,,
2025-11-22 09:00:00,EASTON,,,,,,,
2025-11-22 10:00:00,EASTON,,,,,,,
2025-11-22 11:00:00,EASTON,,,,,,,
2025-11-22 12:00:00,EASTON,10.5,10.3,99.0,,16.6,1011.7,
2025-11-22 13:00:00,EASTON,,,,,,,
2025-11-22 14:00:00,EASTON,,,,,,,
2025-11-22 15:00:00,EASTON,,,,,,,
2025-11-22 16:00:00,EASTON,,,,,,,
2025-11-22 17:00:00,EASTON,,,,,,,
2025-11-22 18:00:00,EASTON,8.9,5.8,81.0,,16.9,1013.0,
2025-11-22 19:00:00,EASTON,,,,,,,
2025-11-22 20:00:00,EASTON,,,,,,,
2025-11-22 21:00:00,EASTON,,,,,,,
2025-11-22 22:00:00,EASTON,,,,,,,
2025-11-22 23:00:00,EASTON,,,,,,,
2025-11-23 00:00:00,EASTON,7.3,2.0,69.0,,11.5,1016.1,
2025-11-23 01:00:00,EASTON,,,,,,,
2025-11-23 02:00:00,EASTON,,,,,,,
2025-11-23 03:00:00,EASTON,,,,,,,
2025-11-23 04:00:00,EASTON,,,,,,,
2025-11-23 05:00:00,EASTON,,,,,,,
2025-11-23 06:00:00,EASTON,3.5,0.2,79.0,,10.4,1017.9,
2025-11-23 07:00:00,EASTON,,,,,,,
2025-11-23 08:00:00,EASTON,,,,,,,
2025-11-23 09:00:00,EASTON,,,,,,,
2025-11-23 10:00:00,EASTON,,,,,,,
2025-11-23 11:00:00,EASTON,,,,,,,
2025-11-23 12:00:00,EASTON,1.9,-0.0,87.0,,8.6,1019.3,
2025-11-23 13:00:00,EASTON,,,,,,,
2025-11-23 14:00:00,EASTON,,,,,,,
2025-11-23 15:00:00,EASTON,,,,,,,
2025-11-23 16:00:00,EASTON,,,,,,,
2025-11-23 17:00:00,EASTON,,,,,,,
2025-11-23 18:00:00,EASTON,11.6,-0.9,42.0,,6.1,1018.7,
2025-11-23 19:00:00,EASTON,,,,,,,
2025-11-23 20:00:00,EASTON,,,,,,,
2025-11-23 21:00:00,EASTON,,,,,,,
2025-11-23 22:00:00,EASTON,,,,,,,
2025-11-23 23:00:00,EASTON,,,,,,,
2025-11-24 00:00:00,EASTON,5.8,0.1,67.0,,1.1,1019.8,
2025-11-24 01:00:00,EASTON,,,,,,,
2025-11-24 02:00:00,EASTON,,,,,,,
2025-11-24 03:00:00,EASTON,,,,,,,
2025-11-24 04:00:00,EASTON,,,,,,,
2025-11-24 05:00:00,EASTON,,,,,,,
2025-11-24 06:00:00,EASTON,2.4,-0.0,84.0,,5.4,1020.1,
2025-11-24 07:00:00,EASTON,,,,,,,
2025-11-24 08:00:00,EASTON,,,,,,,
2025-11-24 09:00:00,EASTON,,,,,,,
2025-11-24 10:00:00,EASTON,,,,,,,
2025-11-24 11:00:00,EASTON,,,,,,,
2025-11-24 12:00:00,EASTON,2.2,0.4,88.0,,4.7,1021.5,
2025-11-24 13:00:00,EASTON,,,,,,,
2025-11-24 14:00:00,EASTON,,,,,,,
2025-11-24 15:00:00,EASTON,,,,,,,
2025-11-24 16:00:00,EASTON,,,,,,,
2025-11-24 17:00:00,EASTON,,,,,,,
2025-11-24 18:00:00,EASTON,15.2,3.0,44.0,,11.2,1020.2,
2025-11-24 19:00:00,EASTON,,,,,,,
2025-11-24 20:00:00,EASTON,,,,,,,
2025-11-24 21:00:00,EASTON,,,,,,,
2025-11-24 22:00:00,EASTON,,,,,,,
2025-11-24 23:00:00,EASTON,,,,,,,
2025-11-25 00:00:00,EASTON,8.2,-0.3,55.0,,11.2,1020.3,
2025-11-25 01:00:00,EASTON,,,,,,,
2025-11-25 02:00:00,EASTON,,,,,,,
2025-11-25 03:00:00,EASTON,,,,,,,
2025-11-25 04:00:00,EASTON,,,,,,,
2025-11-25 05:00:00,EASTON,,,,,,,
2025-11-25 06:00:00,EASTON,8.3,3.9,74.0,,12.6,1019.3,
2025-11-25 07:00:00,EASTON,,,,,,,
2025-11-25 08:00:00,EASTON,,,,,,,
2025-11-25 09:00:00,EASTON,,,,,,,
2025-11-25 10:00:00,EASTON,,,,,,,
2025-11-25 11:00:00,EASTON,,,,,,,
2025-11-25 12:00:00,EASTON,7.2,5.7,90.0,,9.4,1020.0,
2025-11-25 13:00:00,EASTON,,,,,,,
2025-11-25 14:00:00,EASTON,,,,,,,
2025-11-25 15:00:00,EASTON,,,,,,,
2025-11-25 16:00:00,EASTON,,,,,,,
2025-11-25 17:00:00,EASTON,,,,,,,
2025-11-25 18:00:00,EASTON,16.3,7.2,55.0,,11.2,1019.6,
2025-11-25 19:00:00,EASTON,,,,,,,
2025-11-25 20:00:00,EASTON,,,,,,,
2025-11-25 21:00:00,EASTON,,,,,,,
2025-11-25 22:00:00,EASTON,,,,,,,
2025-11-25 23:00:00,EASTON,,,,,,,
2025-11-26 00:00:00,EASTON,10.9,8.3,84.0,,10.1,1020.7,
2025-11-26 01:00:00,EASTON,,,,,,,
2025-11-26 02:00:00,EASTON,,,,,,,
2025-11-26 03:00:00,EASTON,,,,,,,
2025-11-26 04:00:00,EASTON,,,,,,,
2025-11-26 05:00:00,EASTON,,,,,,,
2025-11-26 06:00:00,EASTON,8.2,4.8,79.0,,8.6,1021.7,
2025-11-26 07:00:00,EASTON,,,,,,,
2025-11-26 08:00:00,EASTON,,,,,,,
2025-11-26 09:00:00,EASTON,,,,,,,
2025-11-26 10:00:00,EASTON,,,,,,,
2025-11-26 11:00:00,EASTON,,,,,,,
2025-11-26 12:00:00,EASTON,5.6,3.9,89.0,,9.7,1024.2,
2025-11-26 13:00:00,EASTON,,,,,,,
2025-11-26 14:00:00,EASTON,,,,,,,
2025-11-26 15:00:00,EASTON,,,,,,,
2025-11-26 16:00:00,EASTON,,,,,,,
2025-11-26 17:00:00,EASTON,,,,,,,
2025-11-26 18:00:00,EASTON,10.6,1.7,54.0,,10.4,1024.4,
2025-11-26 19:00:00,EASTON,,,,,,,
2025-11-26 20:00:00,EASTON,,,,,,,
2025-11-26 21:00:00,EASTON,,,,,,,
2025-11-26 22:00:00,EASTON,,,,,,,
2025-11-26 23:00:00,EASTON,,,,,,,
2025-11-27 00:00:00,EASTON,6.9,-0.3,60.0,,7.9,1024.9,
2025-11-01 00:00:00,EKPC,12.0,0.4,45.0,0.0,20.0,1006.0,1.0
2025-11-01 01:00:00,EKPC,12.0,0.4,45.0,0.0,22.0,1008.0,1.0
2025-11-01 02:00:00,EKPC,12.0,0.4,45.0,0.0,26.0,1009.0,1.0
2025-11-01 03:00:00,EKPC,12.0,0.4,45.0,0.0,17.0,1009.0,2.0
2025-11-01 04:00:00,EKPC,12.0,1.0,47.0,0.0,17.0,1010.0,2.0
2025-11-01 05:00:00,EKPC,11.0,0.4,48.0,0.0,20.0,1010.0,2.0
2025-11-01 06:00:00,EKPC,10.0,1.1,54.0,0.0,17.0,1010.0,2.0
2025-11-01 07:00:00,EKPC,9.0,1.2,58.0,0.0,13.0,1011.0,1.0
2025-11-01 08:00:00,EKPC,8.0,1.4,63.0,0.0,15.0,1012.0,1.0
2025-11-01 09:00:00,EKPC,8.0,1.4,63.0,0.0,13.0,1012.0,1.0
2025-11-01 10:00:00,EKPC,8.0,0.9,61.0,0.0,11.0,1013.0,2.0
2025-11-01 11:00:00,EKPC,8.0,1.4,63.0,0.0,13.0,1014.0,3.0
2025-11-01 12:00:00,EKPC,9.0,1.4,59.0,0.0,9.0,1015.0,3.0
2025-11-01 13:00:00,EKPC,12.0,2.4,52.0,0.0,19.0,1015.0,3.0
2025-11-01 14:00:00,EKPC,13.0,1.3,45.0,0.0,26.0,1016.0,2.0
2025-11-01 15:00:00,EKPC,14.0,0.3,39.0,0.0,26.0,1016.0,2.0
2025-11-01 16:00:00,EKPC,14.0,-0.5,37.0,0.0,28.0,1016.0,3.0
2025-11-01 17:00:00,EKPC,16.0,0.5,35.0,0.0,20.0,1016.0,3.0
2025-11-01 18:00:00,EKPC,15.0,0.0,36.0,0.0,20.0,1016.0,3.0
2025-11-01 19:00:00,EKPC,16.0,0.5,35.0,0.0,22.0,1016.0,3.0
2025-11-01 20:00:00,EKPC,15.0,0.0,36.0,0.0,19.0,1017.0,3.0
2025-11-01 21:00:00,EKPC,14.0,0.3,39.0,0.0,13.0,1017.0,3.0
2025-11-01 22:00:00,EKPC,11.0,2.0,54.0,0.0,7.0,1018.0,3.0
2025-11-01 23:00:00,EKPC,8.0,1.4,63.0,0.0,9.0,1019.0,3.0
2025-11-02 00:00:00,EKPC,7.0,2.7,74.0,0.0,6.0,1019.0,3.0
2025-11-02 01:00:00,EKPC,7.0,2.1,71.0,0.0,6.0,1020.0,3.0
2025-11-02 02:00:00,EKPC,7.0,3.6,79.0,0.0,0.0,1021.0,3.0
2025-11-02 03:00:00,EKPC,6.0,3.2,82.0,0.0,0.0,1021.0,3.0
2025-11-02 04:00:00,EKPC,6.0,2.1,76.0,0.0,0.0,1022.0,3.0
2025-11-02 05:00:00,EKPC,4.0,1.9,86.0,0.0,0.0,1022.0,3.0
2025-11-02 06:00:00,EKPC,4.0,2.4,89.0,0.0,0.0,1022.0,3.0
2025-11-02 07:00:00,EKPC,4.0,2.4,89.0,0.0,0.0,1023.0,3.0
2025-11-02 08:00:00,EKPC,2.0,0.8,92.0,0.0,7.0,1023.0,3.0
2025-11-02 09:00:00,EKPC,3.0,1.4,89.0,0.0,6.0,1024.0,1.0
2025-11-02 10:00:00,EKPC,3.0,1.4,89.0,0.0,0.0,1024.0,3.0
2025-11-02 11:00:00,EKPC,3.0,2.0,93.0,0.0,0.0,1025.0,3.0
2025-11-02 12:00:00,EKPC,5.0,3.3,89.0,0.0,0.0,1026.0,1.0
2025-11-02 13:00:00,EKPC,8.0,4.0,76.0,0.0,0.0,1026.0,2.0
2025-11-02 14:00:00,EKPC,11.0,4.9,66.0,0.0,0.0,1026.0,3.0
2025-11-02 15:00:00,EKPC,13.0,2.5,49.0,0.0,0.0,1026.0,3.0
2025-11-02 16:00:00,EKPC,15.0,2.8,44.0,0.0,0.0,1025.0,2.0
2025-11-02 17:00:00,EKPC,16.0,3.1,42.0,0.0,9.0,1024.0,1.0
2025-11-02 18:00:00,EKPC,17.0,2.9,39.0,0.0,6.0,1024.0,1.0
2025-11-02 19:00:00,EKPC,17.0,1.4,35.0,0.0,7.0,1024.0,1.0
2025-11-02 20:00:00,EKPC,17.0,2.6,38.0,0.0,9.0,1024.0,1.0
2025-11-02 21:00:00,EKPC,15.0,1.9,41.0,0.0,6.0,1024.0,2.0
2025-11-02 22:00:00,EKPC,11.0,3.8,61.0,0.0,0.0,1024.0,1.0
2025-11-02 23:00:00,EKPC,9.0,3.6,69.0,0.0,0.0,1024.0,1.0
2025-11-03 00:00:00,EKPC,10.0,3.9,66.0,0.0,0.0,1024.0,3.0
2025-11-03 01:00:00,EKPC,9.0,5.2,77.0,0.0,6.0,1024.0,3.0
2025-11-03 02:00:00,EKPC,7.0,3.8,80.0,0.0,0.0,1024.0,3.0
2025-11-03 03:00:00,EKPC,6.0,3.8,86.0,0.0,0.0,1024.0,3.0
2025-11-03 04:00:00,EKPC,5.0,3.3,89.0,0.0,0.0,1024.0,3.0
2025-11-03 05:00:00,EKPC,5.0,3.3,89.0,0.0,0.0,1024.0,3.0
2025-11-03 06:00:00,EKPC,5.0,2.9,86.0,0.0,0.0,1024.0,3.0
2025-11-03 07:00:00,EKPC,4.0,3.0,93.0,0.0,0.0,1023.0,3.0
2025-11-03 08:00:00,EKPC,4.0,3.0,93.0,0.0,6.0,1022.0,3.0
2025-11-03 09:00:00,EKPC,6.0,4.3,89.0,0.0,0.0,1022.0,3.0
2025-11-03 10:00:00,EKPC,6.0,4.3,89.0,0.0,0.0,1022.0,3.0
2025-11-03 11:00:00,EKPC,7.0,5.3,89.0,0.0,7.0,1022.0,3.0
2025-11-03 12:00:00,EKPC,7.0,5.3,89.0,0.0,0.0,1022.0,3.0
2025-11-03 13:00:00,EKPC,9.0,5.2,77.0,0.0,0.0,1021.0,3.0
2025-11-03 14:00:00,EKPC,11.0,5.9,71.0,0.0,0.0,1020.0,2.0
2025-11-03 15:00:00,EKPC,16.0,8.2,60.0,0.0,15.0,1018.0,1.0
2025-11-03 16:00:00,EKPC,17.0,7.1,52.0,0.0,6.0,1018.0,1.0
2025-11-03 17:00:00,EKPC,17.0,5.0,45.0,0.0,15.0,1016.0,1.0
2025-11-03 18:00:00,EKPC,17.0,2.6,38.0,0.0,15.0,1014.0,2.0
2025-11-03 19:00:00,EKPC,17.0,2.6,38.0,0.0,15.0,1013.0,3.0
2025-11-03 20:00:00,EKPC,17.0,3.3,40.0,0.0,13.0,1013.0,3.0
2025-11-03 21:00:00,EKPC,16.0,2.8,41.0,0.0,17.0,1013.0,3.0
2025-11-03 22:00:00,EKPC,16.0,0.5,35.0,0.0,20.0,1015.0,3.0
2025-11-03 23:00:00,EKPC,14.0,-0.5,37.0,0.0,26.0,1016.0,2.0
2025-11-04 00:00:00,EKPC,13.0,-1.0,38.0,0.0,20.0,1016.0,1.0
2025-11-04 01:00:00,EKPC,12.0,-0.2,43.0,0.0,17.0,1016.0,2.0
2025-11-04 02:00:00,EKPC,12.0,1.0,47.0,0.0,19.0,1016.0,1.0
2025-11-04 03:00:00,EKPC,12.0,0.4,45.0,0.0,24.0,1016.0,1.0
2025-11-04 04:00:00,EKPC,12.0,-0.2,43.0,0.0,20.0,1016.0,1.0
2025-11-04 05:00:00,EKPC,12.0,-0.8,41.0,0.0,17.0,1017.0,1.0
2025-11-04 06:00:00,EKPC,12.0,-0.8,41.0,0.0,15.0,1018.0,1.0
2025-11-04 07:00:00,EKPC,11.0,-1.7,41.0,0.0,17.0,1018.0,1.0
2025-11-04 08:00:00,EKPC,11.0,-1.7,41.0,0.0,17.0,1019.0,1.0
2025-11-04 09:00:00,EKPC,9.0,-2.6,44.0,0.0,11.0,1019.0,1.0
2025-11-04 10:00:00,EKPC,9.0,-2.0,46.0,0.0,11.0,1020.0,1.0
2025-11-04 11:00:00,EKPC,9.0,-0.9,50.0,0.0,11.0,1021.0,1.0
2025-11-04 12:00:00,EKPC,11.0,-0.8,44.0,0.0,20.0,1022.0,1.0
2025-11-04 13:00:00,EKPC,12.0,-0.8,41.0,0.0,17.0,1023.0,1.0
2025-11-04 14:00:00,EKPC,13.0,-2.1,35.0,0.0,26.0,1023.0,1.0
2025-11-04 15:00:00,EKPC,14.0,-3.8,29.0,0.0,20.0,1023.0,1.0
2025-11-04 16:00:00,EKPC,15.0,-5.4,24.0,0.0,19.0,1022.0,2.0
2025-11-04 17:00:00,EKPC,16.0,-5.1,23.0,0.0,24.0,1021.0,2.0
2025-11-04 18:00:00,EKPC,17.0,-6.1,20.0,0.0,30.0,1020.0,1.0
2025-11-04 19:00:00,EKPC,17.0,-6.1,20.0,0.0,26.0,1020.0,1.0
2025-11-04 20:00:00,EKPC,16.0,-6.3,21.0,0.0,19.0,1020.0,1.0
2025-11-04 21:00:00,EKPC,14.0,-6.3,24.0,0.0,17.0,1021.0,1.0
2025-11-04 22:00:00,EKPC,13.0,-6.1,26.0,0.0,15.0,1022.0,1.0
2025-11-04 23:00:00,EKPC,12.0,-5.5,29.0,0.0,13.0,1022.0,1.0
2025-11-05 00:00:00,EKPC,10.0,-5.1,34.0,0.0,11.0,1023.0,1.0
2025-11-05 01:00:00,EKPC,10.0,-4.4,36.0,0.0,11.0,1023.0,1.0
2025-11-05 02:00:00,EKPC,9.0,-4.2,39.0,0.0,11.0,1023.0,1.0
2025-11-05 03:00:00,EKPC,8.0,-5.1,39.0,0.0,7.0,1023.0,1.0
2025-11-05 04:00:00,EKPC,7.0,-5.0,42.0,0.0,9.0,1023.0,2.0
2025-11-05 05:00:00,EKPC,7.0,-4.1,45.0,0.0,0.0,1022.0,1.0
2025-11-05 06:00:00,EKPC,4.0,-2.2,64.0,0.0,6.0,1022.0,1.0
2025-11-05 07:00:00,EKPC,3.0,-2.5,67.0,0.0,0.0,1022.0,1.0
2025-11-05 08:00:00,EKPC,3.0,-1.9,70.0,0.0,0.0,1021.0,1.0
2025-11-05 09:00:00,EKPC,4.0,-1.0,70.0,0.0,0.0,1021.0,3.0
2025-11-05 10:00:00,EKPC,4.0,-0.4,73.0,0.0,0.0,1020.0,2.0
2025-11-05 11:00:00,EKPC,3.0,-0.8,76.0,0.0,0.0,1020.0,1.0
2025-11-05 12:00:00,EKPC,6.0,2.1,76.0,0.0,0.0,1019.0,1.0
2025-11-05 13:00:00,EKPC,9.0,-0.6,51.0,0.0,0.0,1018.0,1.0
2025-11-05 14:00:00,EKPC,14.0,-5.7,25.0,0.0,24.0,1015.0,1.0
2025-11-05 15:00:00,EKPC,17.0,-4.9,22.0,0.0,19.0,1014.0,1.0
2025-11-05 16:00:00,EKPC,19.0,-2.6,23.0,0.0,19.0,1011.0,3.0
2025-11-05 17:00:00,EKPC,19.0,-1.5,25.0,0.0,28.0,1009.0,2.0
2025-11-05 18:00:00,EKPC,19.0,-0.9,26.0,0.0,20.0,1008.0,2.0
2025-11-05 19:00:00,EKPC,19.0,-0.4,27.0,0.0,19.0,1006.0,2.0
2025-11-05 20:00:00,EKPC,19.0,0.6,29.0,0.0,19.0,1006.0,2.0
2025-11-05 21:00:00,EKPC,19.0,2.4,33.0,0.0,7.0,1005.0,3.0
2025-11-05 22:00:00,EKPC,18.0,3.1,37.0,0.0,9.0,1005.0,3.0
2025-11-05 23:00:00,EKPC,21.0,6.5,39.0,0.0,19.0,1005.0,2.0
2025-11-06 00:00:00,EKPC,21.0,7.2,41.0,0.0,26.0,1004.0,3.0
2025-11-06 01:00:00,EKPC,13.0,9.6,80.0,0.0,26.0,1007.0,3.0
2025-11-06 02:00:00,EKPC,14.0,4.6,53.0,0.0,41.0,1009.0,17.0
2025-11-06 03:00:00,EKPC,12.0,1.6,49.0,0.0,30.0,1011.0,3.0
2025-11-06 04:00:00,EKPC,12.0,1.9,50.0,0.0,30.0,1012.0,2.0
2025-11-06 05:00:00,EKPC,11.0,1.0,50.0,0.0,28.0,1013.0,2.0
2025-11-06 06:00:00,EKPC,9.0,-0.9,50.0,0.0,28.0,1014.0,1.0
2025-11-06 07:00:00,EKPC,9.0,-0.9,50.0,0.0,22.0,1015.0,1.0
2025-11-06 08:00:00,EKPC,9.0,-1.7,47.0,0.0,30.0,1016.0,1.0
2025-11-06 09:00:00,EKPC,8.0,-2.9,46.0,0.0,24.0,1017.0,1.0
2025-11-06 10:00:00,EKPC,8.0,-3.5,44.0,0.0,30.0,1018.0,1.0
2025-11-06 11:00:00,EKPC,7.0,-3.0,49.0,0.0,17.0,1019.0,1.0
2025-11-06 12:00:00,EKPC,8.0,-2.1,49.0,0.0,17.0,1020.0,1.0
2025-11-06 13:00:00,EKPC,9.0,-1.4,48.0,0.0,24.0,1021.0,1.0
2025-11-06 14:00:00,EKPC,11.0,-1.7,41.0,0.0,22.0,1021.0,1.0
2025-11-06 15:00:00,EKPC,11.0,-2.8,38.0,0.0,26.0,1021.0,1.0
2025-11-06 16:00:00,EKPC,11.0,-3.9,35.0,0.0,26.0,1021.0,1.0
2025-11-06 17:00:00,EKPC,12.0,-4.2,32.0,0.0,22.0,1020.0,3.0
2025-11-06 18:00:00,EKPC,13.0,-3.7,31.0,0.0,22.0,1020.0,2.0
2025-11-06 19:00:00,EKPC,13.0,-5.6,27.0,0.0,20.0,1020.0,2.0
2025-11-06 20:00:00,EKPC,12.0,-4.6,31.0,0.0,15.0,1020.0,1.0
2025-11-06 21:00:00,EKPC,11.0,-5.1,32.0,0.0,22.0,1020.0,2.0
2025-11-06 22:00:00,EKPC,10.0,-4.0,37.0,0.0,7.0,1021.0,2.0
2025-11-06 23:00:00,EKPC,6.0,-1.9,57.0,0.0,6.0,1021.0,2.0
2025-11-07 00:00:00,EKPC,6.0,-2.4,55.0,0.0,6.0,1021.0,3.0
2025-11-07 01:00:00,EKPC,4.0,-2.2,64.0,0.0,0.0,1022.0,3.0
2025-11-07 02:00:00,EKPC,4.0,-2.2,64.0,0.0,0.0,1021.0,1.0
2025-11-07 03:00:00,EKPC,2.0,-2.3,73.0,0.0,6.0,1021.0,3.0
2025-11-07 04:00:00,EKPC,2.0,-2.0,75.0,0.0,0.0,1021.0,3.0
2025-11-07 05:00:00,EKPC,1.0,-1.7,82.0,0.0,0.0,1021.0,3.0
2025-11-07 06:00:00,EKPC,0.0,-2.2,85.0,0.0,0.0,1020.0,3.0
2025-11-07 07:00:00,EKPC,0.0,-2.9,81.0,0.0,6.0,1020.0,3.0
2025-11-07 08:00:00,EKPC,-1.0,-2.6,89.0,0.0,0.0,1019.0,2.0
2025-11-07 09:00:00,EKPC,-1.0,-2.6,89.0,0.0,0.0,1019.0,3.0
2025-11-07 10:00:00,EKPC,2.0,-0.7,82.0,0.0,6.0,1018.0,3.0
2025-11-07 11:00:00,EKPC,1.0,-0.8,88.0,0.0,6.0,1017.0,3.0
2025-11-07 12:00:00,EKPC,2.0,-0.3,85.0,0.0,11.0,1017.0,3.0
2025-11-07 13:00:00,EKPC,5.0,0.6,73.0,0.0,9.0,1016.0,3.0
2025-11-07 14:00:00,EKPC,9.0,-0.3,52.0,0.0,6.0,1015.0,3.0
2025-11-07 15:00:00,EKPC,14.0,-0.5,37.0,0.0,20.0,1013.0,3.0
2025-11-07 16:00:00,EKPC,14.0,0.3,39.0,0.0,20.0,1012.0,3.0
2025-11-07 17:00:00,EKPC,16.0,2.0,39.0,0.0,13.0,1010.0,3.0
2025-11-07 18:00:00,EKPC,16.0,2.0,39.0,0.0,24.0,1008.0,3.0
2025-11-07 19:00:00,EKPC,16.0,2.8,41.0,0.0,22.0,1007.0,3.0
2025-11-07 20:00:00,EKPC,15.0,2.8,44.0,0.0,19.0,1006.0,3.0
2025-11-07 21:00:00,EKPC,15.0,3.5,46.0,0.0,9.0,1006.0,3.0
2025-11-07 22:00:00,EKPC,15.0,3.8,47.0,0.0,9.0,1005.0,3.0
2025-11-07 23:00:00,EKPC,16.0,4.7,47.0,0.0,0.0,1005.0,3.0
2025-11-08 00:00:00,EKPC,13.0,4.7,57.0,0.1,7.0,1005.0,7.0
2025-11-08 01:00:00,EKPC,14.0,8.4,69.0,0.0,7.0,1005.0,7.0
2025-11-08 02:00:00,EKPC,14.0,10.8,81.0,0.0,11.0,1004.0,7.0
2025-11-08 03:00:00,EKPC,14.0,10.8,81.0,0.0,19.0,1004.0,9.0
2025-11-08 04:00:00,EKPC,14.0,11.2,83.0,0.0,15.0,1004.0,8.0
2025-11-08 05:00:00,EKPC,13.0,11.4,90.0,1.2,9.0,1004.0,9.0
2025-11-08 06:00:00,EKPC,13.0,11.2,89.0,0.9,7.0,1004.0,8.0
2025-11-08 07:00:00,EKPC,13.0,11.2,89.0,0.0,6.0,1004.0,3.0
2025-11-08 08:00:00,EKPC,11.0,10.5,97.0,0.0,0.0,1004.0,3.0
2025-11-08 09:00:00,EKPC,10.0,10.0,100.0,0.0,6.0,1005.0,5.0
2025-11-08 10:00:00,EKPC,11.0,10.5,97.0,0.0,6.0,1006.0,3.0
2025-11-08 11:00:00,EKPC,10.0,9.4,96.0,0.0,11.0,1007.0,5.0
2025-11-08 12:00:00,EKPC,12.0,10.4,90.0,0.0,9.0,1009.0,1.0
2025-11-08 13:00:00,EKPC,14.0,10.2,78.0,0.0,9.0,1009.0,1.0
2025-11-08 14:00:00,EKPC,16.0,8.2,60.0,0.0,7.0,1009.0,1.0
2025-11-08 15:00:00,EKPC,17.0,7.1,52.0,0.0,13.0,1010.0,1.0
2025-11-08 16:00:00,EKPC,18.0,7.4,50.0,0.0,7.0,1009.0,1.0
2025-11-08 17:00:00,EKPC,18.0,6.5,47.0,0.0,7.0,1008.0,1.0
2025-11-08 18:00:00,EKPC,19.0,6.5,44.0,0.0,0.0,1009.0,1.0
2025-11-08 19:00:00,EKPC,18.0,5.9,45.0,0.0,0.0,1009.0,2.0
2025-11-08 20:00:00,EKPC,17.0,7.1,52.0,0.0,6.0,1009.0,3.0
2025-11-08 21:00:00,EKPC,17.0,7.1,52.0,0.0,6.0,1009.0,3.0
2025-11-08 22:00:00,EKPC,14.0,7.3,64.0,0.0,0.0,1010.0,3.0
2025-11-08 23:00:00,EKPC,13.0,7.0,67.0,0.0,0.0,1010.0,3.0
2025-11-09 00:00:00,EKPC,11.0,8.2,83.0,0.0,0.0,1010.0,3.0
2025-11-09 01:00:00,EKPC,9.0,6.3,83.0,0.0,0.0,1010.0,3.0
2025-11-09 02:00:00,EKPC,9.0,6.3,83.0,0.0,0.0,1011.0,2.0
2025-11-09 03:00:00,EKPC,11.0,7.7,80.0,0.0,0.0,1011.0,2.0
2025-11-09 04:00:00,EKPC,9.0,6.8,86.0,0.0,0.0,1011.0,3.0
2025-11-09 05:00:00,EKPC,9.0,6.3,83.0,0.0,6.0,1011.0,2.0
2025-11-09 06:00:00,EKPC,9.0,6.8,86.0,0.1,6.0,1011.0,17.0
2025-11-09 07:00:00,EKPC,8.0,6.9,93.0,0.0,0.0,1010.0,3.0
2025-11-09 08:00:00,EKPC,7.0,6.4,96.0,0.0,0.0,1010.0,3.0
2025-11-09 09:00:00,EKPC,8.0,6.9,93.0,0.0,0.0,1010.0,3.0
2025-11-09 10:00:00,EKPC,8.0,6.5,90.0,0.0,0.0,1010.0,3.0
2025-11-09 11:00:00,EKPC,8.0,6.9,93.0,0.0,0.0,1010.0,3.0
2025-11-09 12:00:00,EKPC,9.0,6.8,86.0,0.0,0.0,1010.0,3.0
2025-11-09 13:00:00,EKPC,10.0,7.8,86.0,0.0,0.0,1009.0,3.0
2025-11-09 14:00:00,EKPC,13.0,9.6,80.0,0.0,9.0,1008.0,3.0
2025-11-09 15:00:00,EKPC,13.0,9.6,80.0,0.0,22.0,1007.0,3.0
2025-11-09 16:00:00,EKPC,12.0,9.7,86.0,0.3,13.0,1006.0,8.0
2025-11-09 17:00:00,EKPC,12.0,10.4,90.0,0.4,15.0,1006.0,8.0
2025-11-09 18:00:00,EKPC,13.0,10.4,84.0,0.0,9.0,1005.0,3.0
2025-11-09 19:00:00,EKPC,13.0,11.4,90.0,0.0,6.0,1005.0,3.0
2025-11-09 20:00:00,EKPC,13.0,11.4,90.0,1.0,7.0,1005.0,5.0
2025-11-09 21:00:00,EKPC,13.0,12.1,94.0,0.2,0.0,1006.0,5.0
2025-11-09 22:00:00,EKPC,12.0,11.5,97.0,0.0,0.0,1006.0,5.0
2025-11-09 23:00:00,EKPC,10.0,10.0,100.0,0.0,0.0,1006.0,5.0
2025-11-10 00:00:00,EKPC,8.0,8.0,100.0,0.0,0.0,1006.0,5.0
2025-11-10 01:00:00,EKPC,9.4,9.4,100.0,0.0,3.0,1006.0,5.0
2025-11-10 02:00:00,EKPC,11.0,10.5,97.0,0.0,0.0,1007.0,5.0
2025-11-10 03:00:00,EKPC,11.0,9.9,93.0,0.0,11.0,1008.0,3.0
2025-11-10 04:00:00,EKPC,11.0,8.7,86.0,0.0,6.0,1008.0,3.0
2025-11-10 05:00:00,EKPC,10.0,5.6,74.0,0.4,11.0,1008.0,8.0
2025-11-10 06:00:00,EKPC,10.0,3.3,63.0,0.0,15.0,1007.0,3.0
2025-11-10 07:00:00,EKPC,9.0,1.9,61.0,0.0,19.0,1007.0,3.0
2025-11-10 08:00:00,EKPC,7.0,0.4,63.0,0.0,11.0,1007.0,3.0
2025-11-10 09:00:00,EKPC,6.0,0.5,68.0,0.0,15.0,1008.0,1.0
2025-11-10 10:00:00,EKPC,5.0,-0.0,70.0,0.0,11.0,1008.0,1.0
2025-11-10 11:00:00,EKPC,5.0,-1.0,65.0,0.0,17.0,1009.0,2.0
2025-11-10 12:00:00,EKPC,6.0,-0.7,62.0,0.0,17.0,1009.0,1.0
2025-11-10 13:00:00,EKPC,7.0,-0.7,58.0,0.0,28.0,1009.0,2.0
2025-11-10 14:00:00,EKPC,6.0,-1.2,60.0,0.0,28.0,1009.0,3.0
2025-11-10 15:00:00,EKPC,7.0,-1.4,55.0,0.0,28.0,1009.0,3.0
2025-11-10 16:00:00,EKPC,6.0,-1.9,57.0,0.0,28.0,1009.0,3.0
2025-11-10 17:00:00,EKPC,6.0,-2.9,53.0,0.0,22.0,1007.0,3.0
2025-11-10 18:00:00,EKPC,6.0,-3.9,49.0,0.0,32.0,1007.0,3.0
2025-11-10 19:00:00,EKPC,5.0,-5.7,46.0,0.0,30.0,1008.0,3.0
2025-11-10 20:00:00,EKPC,4.0,-6.6,46.0,0.0,20.0,1009.0,3.0
2025-11-10 21:00:00,EKPC,4.0,-6.6,46.0,0.0,33.0,1009.0,3.0
2025-11-10 22:00:00,EKPC,3.0,-8.1,44.0,0.0,22.0,1010.0,3.0
2025-11-10 23:00:00,EKPC,3.0,-9.3,40.0,0.0,19.0,1010.0,3.0
2025-11-11 00:00:00,EKPC,2.0,-8.7,45.0,0.0,17.0,1010.0,3.0
2025-11-11 01:00:00,EKPC,2.0,-9.6,42.0,0.0,22.0,1011.0,1.0
2025-11-11 02:00:00,EKPC,1.0,-9.6,45.0,0.0,9.0,1011.0,1.0
2025-11-11 03:00:00,EKPC,0.0,-8.9,51.0,0.0,19.0,1010.0,1.0
2025-11-11 04:00:00,EKPC,1.0,-8.0,51.0,0.0,13.0,1010.0,1.0
2025-11-11 05:00:00,EKPC,1.0,-8.2,50.0,0.0,13.0,1010.0,1.0
2025-11-11 06:00:00,EKPC,1.0,-7.7,52.0,0.0,19.0,1010.0,1.0
2025-11-11 07:00:00,EKPC,0.0,-7.7,56.0,0.0,20.0,1010.0,2.0
2025-11-11 08:00:00,EKPC,0.0,-8.2,54.0,0.0,22.0,1009.0,3.0
2025-11-11 09:00:00,EKPC,0.0,-7.7,56.0,0.0,24.0,1010.0,3.0
2025-11-11 10:00:00,EKPC,-1.0,-9.1,54.0,0.0,20.0,1010.0,3.0
2025-11-11 11:00:00,EKPC,-1.0,-9.1,54.0,0.0,22.0,1011.0,3.0
2025-11-11 12:00:00,EKPC,0.0,-8.2,54.0,0.0,24.0,1011.0,3.0
2025-11-11 13:00:00,EKPC,1.0,-9.0,47.0,0.0,33.0,1011.0,3.0
2025-11-11 14:00:00,EKPC,2.0,-9.6,42.0,0.0,33.0,1012.0,3.0
2025-11-11 15:00:00,EKPC,3.0,-9.3,40.0,0.0,35.0,1012.0,3.0
2025-11-11 16:00:00,EKPC,3.0,-8.7,42.0,0.0,32.0,1012.0,3.0
2025-11-11 17:00:00,EKPC,5.0,-7.2,41.0,0.0,39.0,1011.0,3.0
2025-11-11 18:00:00,EKPC,4.0,-7.1,44.0,0.0,30.0,1012.0,3.0
2025-11-11 19:00:00,EKPC,5.0,-7.2,41.0,0.0,35.0,1012.0,3.0
2025-11-11 20:00:00,EKPC,4.0,-7.1,44.0,0.0,30.0,1013.0,3.0
2025-11-11 21:00:00,EKPC,4.0,-6.0,48.0,0.0,17.0,1014.0,3.0
2025-11-11 22:00:00,EKPC,4.0,-6.0,48.0,0.0,15.0,1014.0,3.0
2025-11-11 23:00:00,EKPC,3.0,-6.9,48.0,0.0,15.0,1015.0,2.0
2025-11-12 00:00:00,EKPC,3.0,-6.9,48.0,0.0,19.0,1015.0,2.0
2025-11-12 01:00:00,EKPC,2.0,-7.6,49.0,0.0,11.0,1015.0,2.0
2025-11-12 02:00:00,EKPC,2.0,-7.3,50.0,0.0,6.0,1014.0,3.0
2025-11-12 03:00:00,EKPC,2.0,-7.3,50.0,0.0,7.0,1014.0,3.0
2025-11-12 04:00:00,EKPC,3.0,-6.9,48.0,0.0,7.0,1014.0,3.0
2025-11-12 05:00:00,EKPC,3.0,-6.4,50.0,0.0,7.0,1014.0,3.0
2025-11-12 06:00:00,EKPC,3.0,-7.5,46.0,0.0,9.0,1013.0,3.0
2025-11-12 07:00:00,EKPC,3.0,-6.9,48.0,0.0,6.0,1012.0,3.0
2025-11-12 08:00:00,EKPC,3.0,-7.5,46.0,0.0,6.0,1012.0,3.0
2025-11-12 09:00:00,EKPC,3.0,-8.1,44.0,0.0,11.0,1011.0,3.0
2025-11-12 10:00:00,EKPC,4.0,-7.7,42.0,0.0,9.0,1010.0,3.0
2025-11-12 11:00:00,EKPC,4.0,-7.1,44.0,0.0,7.0,1010.0,3.0
2025-11-12 12:00:00,EKPC,4.0,-6.6,46.0,0.0,6.0,1010.0,3.0
2025-11-12 13:00:00,EKPC,4.0,-6.0,48.0,0.0,6.0,1010.0,3.0
2025-11-12 14:00:00,EKPC,5.0,-5.9,45.0,0.0,0.0,1010.0,3.0
2025-11-12 15:00:00,EKPC,8.0,-4.1,42.0,0.0,15.0,1009.0,3.0
2025-11-12 16:00:00,EKPC,11.0,-2.4,39.0,0.0,24.0,1008.0,3.0
2025-11-12 17:00:00,EKPC,12.0,-1.5,39.0,0.0,15.0,1007.0,3.0
2025-11-12 18:00:00,EKPC,11.0,-0.8,44.0,0.0,24.0,1007.0,3.0
2025-11-12 19:00:00,EKPC,12.0,0.4,45.0,0.0,19.0,1007.0,3.0
2025-11-12 20:00:00,EKPC,12.0,0.4,45.0,0.0,13.0,1008.0,3.0
2025-11-12 21:00:00,EKPC,12.0,0.4,45.0,0.0,11.0,1008.0,3.0
2025-11-12 22:00:00,EKPC,11.0,0.4,48.0,0.0,15.0,1009.0,3.0
2025-11-12 23:00:00,EKPC,11.0,1.0,50.0,0.0,13.0,1010.0,3.0
2025-11-13 00:00:00,EKPC,9.0,0.2,54.0,0.0,11.0,1010.0,3.0
2025-11-13 01:00:00,EKPC,11.0,-0.2,46.0,0.0,24.0,1010.0,3.0
2025-11-13 02:00:00,EKPC,11.0,-1.4,42.0,0.0,24.0,1011.0,2.0
2025-11-13 03:00:00,EKPC,10.0,-2.6,41.0,0.0,22.0,1012.0,1.0
2025-11-13 04:00:00,EKPC,9.0,-3.2,42.0,0.0,17.0,1012.0,1.0
2025-11-13 05:00:00,EKPC,9.0,-2.6,44.0,0.0,15.0,1012.0,2.0
2025-11-13 06:00:00,EKPC,7.0,-3.0,49.0,0.0,13.0,1012.0,3.0
2025-11-13 07:00:00,EKPC,8.0,-2.6,47.0,0.0,11.0,1013.0,3.0
2025-11-13 08:00:00,EKPC,7.0,-2.4,51.0,0.0,7.0,1013.0,3.0
2025-11-13 09:00:00,EKPC,6.0,-2.4,55.0,0.0,11.0,1014.0,1.0
2025-11-13 10:00:00,EKPC,6.0,-2.4,55.0,0.0,11.0,1014.0,3.0
2025-11-13 11:00:00,EKPC,5.0,-2.8,57.0,0.0,13.0,1014.0,3.0
2025-11-13 12:00:00,EKPC,7.0,-2.4,51.0,0.0,7.0,1015.0,2.0
2025-11-13 13:00:00,EKPC,8.0,-2.3,48.0,0.0,20.0,1015.0,3.0
2025-11-13 14:00:00,EKPC,9.0,-3.9,40.0,0.0,26.0,1015.0,3.0
2025-11-13 15:00:00,EKPC,11.0,-3.9,35.0,0.0,26.0,1016.0,2.0
2025-11-13 16:00:00,EKPC,11.0,-4.3,34.0,0.0,33.0,1015.0,17.0
2025-11-13 17:00:00,EKPC,11.0,-5.1,32.0,0.0,26.0,1016.0,3.0
2025-11-13 18:00:00,EKPC,11.0,-5.1,32.0,0.0,20.0,1016.0,2.0
2025-11-13 19:00:00,EKPC,12.0,-4.6,31.0,0.0,24.0,1016.0,3.0
2025-11-13 20:00:00,EKPC,11.0,-5.5,31.0,0.0,24.0,1016.0,3.0
2025-11-13 21:00:00,EKPC,10.0,-5.5,33.0,0.0,28.0,1017.0,3.0
2025-11-13 22:00:00,EKPC,8.0,-5.8,37.0,0.0,9.0,1017.0,2.0
2025-11-13 23:00:00,EKPC,6.0,-4.5,47.0,0.0,9.0,1017.0,1.0
2025-11-14 00:00:00,EKPC,7.0,-4.7,43.0,0.0,7.0,1018.0,1.0
2025-11-14 01:00:00,EKPC,6.0,-3.9,49.0,0.0,9.0,1018.0,1.0
2025-11-14 02:00:00,EKPC,7.0,-3.5,47.0,0.0,11.0,1019.0,1.0
2025-11-14 03:00:00,EKPC,7.0,-4.1,45.0,0.0,17.0,1019.0,1.0
2025-11-14 04:00:00,EKPC,7.0,-3.0,49.0,0.0,13.0,1019.0,1.0
2025-11-14 05:00:00,EKPC,5.0,-3.3,55.0,0.0,7.0,1019.0,2.0
2025-11-14 06:00:00,EKPC,5.0,-2.8,57.0,0.0,15.0,1020.0,2.0
2025-11-14 07:00:00,EKPC,4.0,-3.7,57.0,0.0,11.0,1020.0,3.0
2025-11-14 08:00:00,EKPC,3.0,-3.6,62.0,0.0,13.0,1020.0,1.0
2025-11-14 09:00:00,EKPC,3.0,-3.8,61.0,0.0,11.0,1020.0,1.0
2025-11-14 10:00:00,EKPC,3.0,-3.8,61.0,0.0,6.0,1021.0,1.0
2025-11-14 11:00:00,EKPC,2.0,-3.7,66.0,0.0,6.0,1021.0,1.0
2025-11-14 12:00:00,EKPC,4.0,-2.6,62.0,0.0,13.0,1022.0,1.0
2025-11-14 13:00:00,EKPC,7.0,-1.9,53.0,0.0,17.0,1022.0,1.0
2025-11-14 14:00:00,EKPC,9.0,-2.0,46.0,0.0,22.0,1021.0,2.0
2025-11-14 15:00:00,EKPC,10.0,-1.7,44.0,0.0,15.0,1021.0,3.0
2025-11-14 16:00:00,EKPC,11.0,-2.4,39.0,0.0,20.0,1020.0,3.0
2025-11-14 17:00:00,EKPC,12.0,-3.0,35.0,0.0,17.0,1019.0,3.0
2025-11-14 18:00:00,EKPC,11.0,-3.5,36.0,0.0,19.0,1018.0,3.0
2025-11-14 19:00:00,EKPC,10.0,-3.3,39.0,0.0,15.0,1018.0,3.0
2025-11-14 20:00:00,EKPC,10.0,-2.6,41.0,0.0,7.0,1017.0,3.0
2025-11-14 21:00:00,EKPC,9.0,-2.6,44.0,0.0,7.0,1017.0,3.0
2025-11-14 22:00:00,EKPC,8.0,-2.1,49.0,0.0,0.0,1017.0,3.0
2025-11-14 23:00:00,EKPC,8.0,-1.0,53.0,0.0,0.0,1016.0,3.0
2025-11-15 00:00:00,EKPC,8.0,-0.5,55.0,0.0,0.0,1016.0,3.0
2025-11-15 01:00:00,EKPC,8.0,-1.5,51.0,0.0,6.0,1015.0,3.0
2025-11-15 02:00:00,EKPC,8.0,-1.0,53.0,0.0,0.0,1015.0,3.0
2025-11-15 03:00:00,EKPC,8.0,-1.0,53.0,0.0,0.0,1014.0,3.0
2025-11-15 04:00:00,EKPC,7.0,-0.7,58.0,0.0,0.0,1014.0,3.0
2025-11-15 05:00:00,EKPC,8.0,-0.5,55.0,0.0,6.0,1013.0,2.0
2025-11-15 06:00:00,EKPC,4.0,-0.4,73.0,0.0,0.0,1013.0,2.0
2025-11-15 07:00:00,EKPC,3.0,-0.5,78.0,0.0,0.0,1013.0,3.0
2025-11-15 08:00:00,EKPC,4.0,-0.4,73.0,0.0,0.0,1013.0,3.0
2025-11-15 09:00:00,EKPC,4.0,0.7,79.0,0.0,0.0,1013.0,3.0
2025-11-15 10:00:00,EKPC,4.0,0.7,79.0,0.0,0.0,1012.0,3.0
2025-11-15 11:00:00,EKPC,3.0,0.7,85.0,0.0,0.0,1013.0,3.0
2025-11-15 12:00:00,EKPC,4.0,1.4,83.0,0.0,0.0,1012.0,3.0
2025-11-15 13:00:00,EKPC,6.0,2.1,76.0,0.0,0.0,1011.0,3.0
2025-11-15 14:00:00,EKPC,7.0,0.9,65.0,0.0,0.0,1011.0,3.0
2025-11-15 15:00:00,EKPC,8.0,-0.2,56.0,0.0,0.0,1010.0,3.0
2025-11-15 16:00:00,EKPC,9.0,-0.3,52.0,0.0,9.0,1008.0,3.0
2025-11-15 17:00:00,EKPC,10.0,1.1,54.0,0.0,11.0,1006.0,3.0
2025-11-15 18:00:00,EKPC,10.0,1.1,54.0,0.0,13.0,1005.0,3.0
2025-11-15 19:00:00,EKPC,11.0,1.5,52.0,0.0,13.0,1003.0,3.0
2025-11-15 20:00:00,EKPC,11.0,2.0,54.0,0.0,11.0,1002.0,3.0
2025-11-15 21:00:00,EKPC,10.0,2.1,58.0,0.0,0.0,1000.0,3.0
2025-11-15 22:00:00,EKPC,10.0,2.8,61.0,0.0,0.0,1000.0,3.0
2025-11-15 23:00:00,EKPC,9.4,4.0,69.0,0.1,5.0,998.0,7.0
2025-11-16 00:00:00,EKPC,10.0,3.3,63.0,0.0,3.0,997.0,3.0
2025-11-16 01:00:00,EKPC,8.3,4.3,76.0,0.0,0.0,996.0,3.0
2025-11-16 02:00:00,EKPC,7.8,4.4,79.0,0.0,3.0,994.0,3.0
2025-11-16 03:00:00,EKPC,9.4,6.1,80.0,0.0,5.0,993.0,3.0
2025-11-16 04:00:00,EKPC,9.4,6.1,80.0,0.0,4.0,993.0,17.0
2025-11-16 05:00:00,EKPC,8.3,6.1,86.0,0.0,0.0,991.0,3.0
2025-11-16 06:00:00,EKPC,8.3,6.8,90.0,0.0,0.0,991.0,2.0
2025-11-16 07:00:00,EKPC,9.4,7.2,86.0,0.0,0.0,990.0,3.0
2025-11-16 08:00:00,EKPC,11.7,8.4,80.0,0.0,8.0,990.0,2.0
2025-11-16 09:00:00,EKPC,16.1,5.7,50.0,0.0,20.0,991.0,3.0
2025-11-16 10:00:00,EKPC,13.9,4.5,53.0,0.0,13.0,992.0,3.0
2025-11-16 11:00:00,EKPC,12.2,2.1,50.0,0.0,17.0,994.0,3.0
2025-11-16 12:00:00,EKPC,12.2,1.2,47.0,0.0,16.0,994.0,2.0
2025-11-16 13:00:00,EKPC,11.7,-1.8,39.0,0.0,22.0,995.0,2.0
2025-11-16 14:00:00,EKPC,12.2,-4.0,32.0,0.0,16.0,996.0,1.0
2025-11-16 15:00:00,EKPC,11.1,-3.8,35.0,0.0,21.0,997.0,1.0
2025-11-16 16:00:00,EKPC,11.1,-6.3,29.0,0.0,25.0,996.0,1.0
2025-11-16 17:00:00,EKPC,10.6,-7.2,28.0,0.0,27.0,996.0,3.0
2025-11-16 18:00:00,EKPC,9.4,-6.9,31.0,0.0,19.0,997.0,2.0
2025-11-16 19:00:00,EKPC,9.4,-6.1,33.0,0.0,21.0,,3.0
2025-11-16 20:00:00,EKPC,8.9,-7.3,31.0,0.0,20.0,,2.0
2025-11-16 21:00:00,EKPC,7.8,-5.6,38.0,0.0,15.0,,3.0
2025-11-16 22:00:00,EKPC,6.1,-4.4,47.0,0.0,10.0,,2.0
2025-11-16 23:00:00,EKPC,6.1,-5.5,43.0,0.0,13.0,,1.0
2025-11-17 00:00:00,EKPC,6.1,-5.5,43.0,0.0,12.0,,1.0
2025-11-17 01:00:00,EKPC,5.0,-5.7,46.0,0.0,11.0,,2.0
2025-11-17 02:00:00,EKPC,5.6,-5.7,44.0,0.0,19.0,,3.0
2025-11-17 03:00:00,EKPC,6.1,-4.9,45.0,0.0,11.0,,3.0
2025-11-17 04:00:00,EKPC,5.0,-3.3,55.0,0.0,9.0,,3.0
2025-11-17 05:00:00,EKPC,5.0,-2.8,57.0,0.0,9.0,,2.0
2025-11-17 06:00:00,EKPC,5.6,-5.7,44.0,0.0,11.0,,1.0
2025-11-17 07:00:00,EKPC,5.0,-5.7,46.0,0.0,13.0,,2.0
2025-11-17 08:00:00,EKPC,5.0,-5.9,45.0,0.0,13.0,,1.0
2025-11-17 09:00:00,EKPC,4.4,-6.2,46.0,0.0,17.0,,1.0
2025-11-17 10:00:00,EKPC,4.4,-6.2,46.0,0.0,14.0,,1.0
2025-11-17 11:00:00,EKPC,1.9,-4.2,64.0,0.0,21.6,1009.1,1.0
2025-11-17 12:00:00,EKPC,1.8,-4.3,64.0,0.0,21.6,1010.2,1.0
2025-11-17 13:00:00,EKPC,2.6,-3.9,62.0,0.0,24.8,1011.1,1.0
2025-11-17 14:00:00,EKPC,4.1,-4.4,54.0,0.0,33.5,1011.5,2.0
2025-11-17 15:00:00,EKPC,5.1,-4.5,50.0,0.0,32.8,1011.7,3.0
2025-11-17 16:00:00,EKPC,5.6,-5.1,46.0,0.0,32.0,1012.2,3.0
2025-11-17 17:00:00,EKPC,6.2,-6.1,41.0,0.0,31.0,1012.0,3.0
2025-11-17 18:00:00,EKPC,6.2,-6.4,40.0,0.0,28.4,1012.0,3.0
2025-11-17 19:00:00,EKPC,6.4,-6.9,38.0,0.0,29.2,1012.2,3.0
2025-11-17 20:00:00,EKPC,6.5,-6.8,38.0,0.0,26.6,1012.9,3.0
2025-11-17 21:00:00,EKPC,6.3,-7.0,38.0,0.0,25.6,1013.7,3.0
2025-11-17 22:00:00,EKPC,5.7,-6.8,40.0,0.0,18.7,1014.7,3.0
2025-11-17 23:00:00,EKPC,4.5,-6.4,45.0,0.0,16.9,1015.6,2.0
2025-11-18 00:00:00,EKPC,3.8,-6.2,48.0,0.0,18.4,1016.6,1.0
2025-11-18 01:00:00,EKPC,3.1,-6.0,51.0,0.0,20.2,1017.4,1.0
2025-11-18 02:00:00,EKPC,2.5,-5.9,54.0,0.0,18.0,1018.0,1.0
2025-11-18 03:00:00,EKPC,2.4,-5.7,55.0,0.0,16.9,1018.5,1.0
2025-11-18 04:00:00,EKPC,2.1,-5.8,56.0,0.0,18.0,1018.9,1.0
2025-11-18 05:00:00,EKPC,2.0,-5.6,57.0,0.0,16.6,1019.3,1.0
2025-11-18 06:00:00,EKPC,1.9,-5.5,58.0,0.0,15.5,1019.6,2.0
2025-11-18 07:00:00,EKPC,1.5,-5.6,59.0,0.0,14.0,1020.1,2.0
2025-11-18 08:00:00,EKPC,0.8,-5.4,63.0,0.0,13.0,1020.5,1.0
2025-11-18 09:00:00,EKPC,0.2,-5.4,66.0,0.0,11.5,1021.0,1.0
2025-11-18 10:00:00,EKPC,-0.2,-5.4,68.0,0.0,10.8,1021.6,1.0
2025-11-18 11:00:00,EKPC,-0.4,-5.2,70.0,0.0,10.1,1022.3,1.0
2025-11-18 12:00:00,EKPC,-0.9,-4.9,74.0,0.0,9.0,1022.8,1.0
2025-11-18 13:00:00,EKPC,0.4,-4.1,72.0,0.0,10.1,1023.7,3.0
2025-11-18 14:00:00,EKPC,2.5,-3.8,63.0,0.0,7.6,1024.0,3.0
2025-11-18 15:00:00,EKPC,3.8,-3.9,57.0,0.0,9.7,1024.2,3.0
2025-11-18 16:00:00,EKPC,4.5,-4.2,53.0,0.0,9.4,1024.0,3.0
2025-11-18 17:00:00,EKPC,4.8,-4.2,52.0,0.0,10.4,1023.8,3.0
2025-11-18 18:00:00,EKPC,5.1,-3.9,52.0,0.0,8.6,1022.9,3.0
2025-11-18 19:00:00,EKPC,5.1,-3.4,54.0,0.0,6.5,1022.2,3.0
2025-11-18 20:00:00,EKPC,5.2,-2.9,56.0,0.0,6.1,1021.5,3.0
2025-11-18 21:00:00,EKPC,5.2,-2.2,59.0,0.0,6.1,1021.6,3.0
2025-11-18 22:00:00,EKPC,4.5,-0.9,68.0,0.0,4.7,1021.9,3.0
2025-11-18 23:00:00,EKPC,4.6,-1.2,66.0,0.0,7.2,1021.8,3.0
2025-11-19 00:00:00,EKPC,4.5,-1.1,67.0,0.0,7.2,1021.7,3.0
2025-11-19 01:00:00,EKPC,4.4,-1.2,67.0,0.0,7.6,1021.7,3.0
2025-11-19 02:00:00,EKPC,4.4,-1.0,68.0,0.0,7.9,1021.6,3.0
2025-11-19 03:00:00,EKPC,4.5,-0.5,70.0,0.0,11.2,1021.4,3.0
2025-11-19 04:00:00,EKPC,4.2,0.9,79.0,0.4,11.9,1021.5,8.0
2025-11-19 05:00:00,EKPC,3.6,2.9,95.0,0.8,11.9,1020.8,8.0
2025-11-19 06:00:00,EKPC,3.6,3.2,97.0,2.3,11.5,1020.4,9.0
2025-11-19 07:00:00,EKPC,3.8,3.5,98.0,0.8,9.0,1020.3,8.0
2025-11-19 08:00:00,EKPC,3.8,3.5,98.0,2.0,8.3,1020.1,9.0
2025-11-19 09:00:00,EKPC,3.8,3.5,98.0,0.0,8.3,1020.1,3.0
2025-11-19 10:00:00,EKPC,4.0,3.7,98.0,0.0,7.9,1020.4,3.0
2025-11-19 11:00:00,EKPC,4.1,3.8,98.0,0.1,9.4,1020.7,7.0
2025-11-19 12:00:00,EKPC,4.0,3.9,99.0,0.0,9.4,1021.4,3.0
2025-11-19 13:00:00,EKPC,4.2,3.9,98.0,0.0,10.4,1021.8,3.0
2025-11-19 14:00:00,EKPC,4.6,3.9,95.0,0.0,11.9,1022.4,3.0
2025-11-19 15:00:00,EKPC,5.3,4.0,91.0,0.0,10.8,1022.8,3.0
2025-11-19 16:00:00,EKPC,5.8,4.0,88.0,0.0,7.6,1023.0,3.0
2025-11-19 17:00:00,EKPC,6.3,4.1,86.0,0.0,5.8,1022.6,3.0
2025-11-19 18:00:00,EKPC,6.7,4.2,84.0,0.0,5.8,1022.1,3.0
2025-11-19 19:00:00,EKPC,7.1,4.1,81.0,0.0,6.1,1021.9,3.0
2025-11-19 20:00:00,EKPC,7.3,3.9,79.0,0.0,6.8,1022.1,3.0
2025-11-19 21:00:00,EKPC,7.3,3.7,78.0,0.0,8.3,1022.9,3.0
2025-11-19 22:00:00,EKPC,6.7,3.8,82.0,0.0,7.2,1023.4,3.0
2025-11-19 23:00:00,EKPC,6.3,3.8,84.0,0.0,6.8,1023.5,3.0
2025-11-20 00:00:00,EKPC,6.4,3.7,83.0,0.0,8.3,1023.6,3.0
2025-11-20 01:00:00,EKPC,5.5,3.7,88.0,0.0,2.9,1023.7,3.0
2025-11-20 02:00:00,EKPC,5.2,3.5,89.0,0.0,3.6,1024.1,3.0
2025-11-20 03:00:00,EKPC,5.2,3.7,90.0,0.0,2.9,1024.2,3.0
2025-11-20 04:00:00,EKPC,5.0,3.7,91.0,0.0,2.2,1023.9,3.0
2025-11-20 05:00:00,EKPC,4.8,3.6,92.0,0.0,2.2,1023.5,3.0
2025-11-20 06:00:00,EKPC,4.3,3.1,92.0,0.0,1.8,1023.3,3.0
2025-11-20 07:00:00,EKPC,,,,,,,
2025-11-20 08:00:00,EKPC,,,,,,,
2025-11-20 09:00:00,EKPC,,,,,,,
2025-11-20 10:00:00,EKPC,,,,,,,
2025-11-20 11:00:00,EKPC,,,,,,,
2025-11-20 12:00:00,EKPC,4.7,4.0,95.0,,2.5,1023.7,
2025-11-20 13:00:00,EKPC,,,,,,,
2025-11-20 14:00:00,EKPC,,,,,,,
2025-11-20 15:00:00,EKPC,,,,,,,
2025-11-20 16:00:00,EKPC,,,,,,,
2025-11-20 17:00:00,EKPC,,,,,,,
2025-11-20 18:00:00,EKPC,8.9,4.3,73.0,,4.3,1022.0,
2025-11-20 19:00:00,EKPC,,,,,,,
2025-11-20 20:00:00,EKPC,,,,,,,
2025-11-20 21:00:00,EKPC,,,,,,,
2025-11-20 22:00:00,EKPC,,,,,,,
2025-11-20 23:00:00,EKPC,,,,,,,
2025-11-21 00:00:00,EKPC,7.6,5.4,86.0,,4.0,1021.2,
2025-11-21 01:00:00,EKPC,,,,,,,
2025-11-21 02:00:00,EKPC,,,,,,,
2025-11-21 03:00:00,EKPC,,,,,,,
2025-11-21 04:00:00,EKPC,,,,,,,
2025-11-21 05:00:00,EKPC,,,,,,,
2025-11-21 06:00:00,EKPC,6.7,5.3,91.0,,7.2,1019.4,
2025-11-21 07:00:00,EKPC,,,,,,,
2025-11-21 08:00:00,EKPC,,,,,,,
2025-11-21 09:00:00,EKPC,,,,,,,
2025-11-21 10:00:00,EKPC,,,,,,,
2025-11-21 11:00:00,EKPC,,,,,,,
2025-11-21 12:00:00,EKPC,6.7,6.1,96.0,,7.6,1017.0,
2025-11-21 13:00:00,EKPC,,,,,,,
2025-11-21 14:00:00,EKPC,,,,,,,
2025-11-21 15:00:00,EKPC,,,,,,,
2025-11-21 16:00:00,EKPC,,,,,,,
2025-11-21 17:00:00,EKPC,,,,,,,
2025-11-21 18:00:00,EKPC,10.2,8.1,87.0,,4.7,1013.7,
2025-11-21 19:00:00,EKPC,,,,,,,
2025-11-21 20:00:00,EKPC,,,,,,,
2025-11-21 21:00:00,EKPC,,,,,,,
2025-11-21 22:00:00,EKPC,,,,,,,
2025-11-21 23:00:00,EKPC,,,,,,,
2025-11-22 00:00:00,EKPC,9.6,8.8,95.0,,2.9,1012.7,
2025-11-22 01:00:00,EKPC,,,,,,,
2025-11-22 02:00:00,EKPC,,,,,,,
2025-11-22 03:00:00,EKPC,,,,,,,
2025-11-22 04:00:00,EKPC,,,,,,,
2025-11-22 05:00:00,EKPC,,,,,,,
2025-11-22 06:00:00,EKPC,6.9,6.0,94.0,,11.2,1013.5,
2025-11-22 07:00:00,EKPC,,,,,,,
2025-11-22 08:00:00,EKPC,,,,,,,
2025-11-22 09:00:00,EKPC,,,,,,,
2025-11-22 10:00:00,EKPC,,,,,,,
2025-11-22 11:00:00,EKPC,,,,,,,
2025-11-22 12:00:00,EKPC,5.0,3.3,89.0,,9.7,1015.4,
2025-11-22 13:00:00,EKPC,,,,,,,
2025-11-22 14:00:00,EKPC,,,,,,,
2025-11-22 15:00:00,EKPC,,,,,,,
2025-11-22 16:00:00,EKPC,,,,,,,
2025-11-22 17:00:00,EKPC,,,,,,,
2025-11-22 18:00:00,EKPC,8.6,-1.0,51.0,,8.3,1015.6,
2025-11-22 19:00:00,EKPC,,,,,,,
2025-11-22 20:00:00,EKPC,,,,,,,
2025-11-22 21:00:00,EKPC,,,,,,,
2025-11-22 22:00:00,EKPC,,,,,,,
2025-11-22 23:00:00,EKPC,,,,,,,
2025-11-23 00:00:00,EKPC,3.6,-0.6,74.0,,5.8,1017.8,
2025-11-23 01:00:00,EKPC,,,,,,,
2025-11-23 02:00:00,EKPC,,,,,,,
2025-11-23 03:00:00,EKPC,,,,,,,
2025-11-23 04:00:00,EKPC,,,,,,,
2025-11-23 05:00:00,EKPC,,,,,,,
2025-11-23 06:00:00,EKPC,0.1,-2.0,86.0,,2.5,1018.9,
2025-11-23 07:00:00,EKPC,,,,,,,
2025-11-23 08:00:00,EKPC,,,,,,,
2025-11-23 09:00:00,EKPC,,,,,,,
2025-11-23 10:00:00,EKPC,,,,,,,
2025-11-23 11:00:00,EKPC,,,,,,,
2025-11-23 12:00:00,EKPC,-1.8,-3.4,89.0,,1.4,1019.7,
2025-11-23 13:00:00,EKPC,,,,,,,
2025-11-23 14:00:00,EKPC,,,,,,,
2025-11-23 15:00:00,EKPC,,,,,,,
2025-11-23 16:00:00,EKPC,,,,,,,
2025-11-23 17:00:00,EKPC,,,,,,,
2025-11-23 18:00:00,EKPC,11.1,0.8,49.0,,6.1,1018.0,
2025-11-23 19:00:00,EKPC,,,,,,,
2025-11-23 20:00:00,EKPC,,,,,,,
2025-11-23 21:00:00,EKPC,,,,,,,
2025-11-23 22:00:00,EKPC,,,,,,,
2025-11-23 23:00:00,EKPC,,,,,,,
2025-11-24 00:00:00,EKPC,5.0,1.5,78.0,,6.5,1018.5,
2025-11-24 01:00:00,EKPC,,,,,,,
2025-11-24 02:00:00,EKPC,,,,,,,
2025-11-24 03:00:00,EKPC,,,,,,,
2025-11-24 04:00:00,EKPC,,,,,,,
2025-11-24 05:00:00,EKPC,,,,,,,
2025-11-24 06:00:00,EKPC,1.0,-0.9,87.0,,4.0,1019.1,
2025-11-24 07:00:00,EKPC,,,,,,,
2025-11-24 08:00:00,EKPC,,,,,,,
2025-11-24 09:00:00,EKPC,,,,,,,
2025-11-24 10:00:00,EKPC,,,,,,,
2025-11-24 11:00:00,EKPC,,,,,,,
2025-11-24 12:00:00,EKPC,-0.6,-1.9,91.0,,2.5,1020.5,
2025-11-24 13:00:00,EKPC,,,,,,,
2025-11-24 14:00:00,EKPC,,,,,,,
2025-11-24 15:00:00,EKPC,,,,,,,
2025-11-24 16:00:00,EKPC,,,,,,,
2025-11-24 17:00:00,EKPC,,,,,,,
2025-11-24 18:00:00,EKPC,14.1,3.3,48.0,,5.4,1018.2,
2025-11-24 19:00:00,EKPC,,,,,,,
2025-11-24 20:00:00,EKPC,,,,,,,
2025-11-24 21:00:00,EKPC,,,,,,,
2025-11-24 22:00:00,EKPC,,,,,,,
2025-11-24 23:00:00,EKPC,,,,,,,
2025-11-25 00:00:00,EKPC,8.9,2.7,65.0,,12.2,1018.0,
2025-11-25 01:00:00,EKPC,,,,,,,
2025-11-25 02:00:00,EKPC,,,,,,,
2025-11-25 03:00:00,EKPC,,,,,,,
2025-11-25 04:00:00,EKPC,,,,,,,
2025-11-25 05:00:00,EKPC,,,,,,,
2025-11-25 06:00:00,EKPC,7.8,1.2,63.0,,9.4,1017.6,
2025-11-25 07:00:00,EKPC,,,,,,,
2025-11-25 08:00:00,EKPC,,,,,,,
2025-11-25 09:00:00,EKPC,,,,,,,
2025-11-25 10:00:00,EKPC,,,,,,,
2025-11-25 11:00:00,EKPC,,,,,,,
2025-11-25 12:00:00,EKPC,8.1,3.0,70.0,,6.5,1019.4,
2025-11-25 13:00:00,EKPC,,,,,,,
2025-11-25 14:00:00,EKPC,,,,,,,
2025-11-25 15:00:00,EKPC,,,,,,,
2025-11-25 16:00:00,EKPC,,,,,,,
2025-11-25 17:00:00,EKPC,,,,,,,
2025-11-25 18:00:00,EKPC,12.5,5.6,63.0,,12.6,1019.5,
2025-11-25 19:00:00,EKPC,,,,,,,
2025-11-25 20:00:00,EKPC,,,,,,,
2025-11-25 21:00:00,EKPC,,,,,,,
2025-11-25 22:00:00,EKPC,,,,,,,
2025-11-25 23:00:00,EKPC,,,,,,,
2025-11-26 00:00:00,EKPC,6.4,2.8,78.0,,7.2,1021.5,
2025-11-26 01:00:00,EKPC,,,,,,,
2025-11-26 02:00:00,EKPC,,,,,,,
2025-11-26 03:00:00,EKPC,,,,,,,
2025-11-26 04:00:00,EKPC,,,,,,,
2025-11-26 05:00:00,EKPC,,,,,,,
2025-11-26 06:00:00,EKPC,2.2,0.1,86.0,,5.4,1023.4,
2025-11-26 07:00:00,EKPC,,,,,,,
2025-11-26 08:00:00,EKPC,,,,,,,
2025-11-26 09:00:00,EKPC,,,,,,,
2025-11-26 10:00:00,EKPC,,,,,,,
2025-11-26 11:00:00,EKPC,,,,,,,
2025-11-26 12:00:00,EKPC,0.5,-1.1,89.0,,7.6,1025.9,
2025-11-26 13:00:00,EKPC,,,,,,,
2025-11-26 14:00:00,EKPC,,,,,,,
2025-11-26 15:00:00,EKPC,,,,,,,
2025-11-26 16:00:00,EKPC,,,,,,,
2025-11-26 17:00:00,EKPC,,,,,,,
2025-11-26 18:00:00,EKPC,7.3,-1.1,55.0,,9.4,1025.8,
2025-11-26 19:00:00,EKPC,,,,,,,
2025-11-26 20:00:00,EKPC,,,,,,,
2025-11-26 21:00:00,EKPC,,,,,,,
2025-11-26 22:00:00,EKPC,,,,,,,
2025-11-26 23:00:00,EKPC,,,,,,,
2025-11-27 00:00:00,EKPC,4.7,-1.3,65.0,,8.3,1026.0,
2025-11-01 00:00:00,JC,12.0,0.1,44.0,0.0,24.0,1001.0,3.0
2025-11-01 01:00:00,JC,12.0,0.1,44.0,0.0,20.0,1002.0,2.0
2025-11-01 02:00:00,JC,11.0,-1.1,43.0,0.0,26.0,1003.0,2.0
2025-11-01 03:00:00,JC,11.0,-1.1,43.0,0.0,17.0,1004.0,2.0
2025-11-01 04:00:00,JC,11.0,-1.1,43.0,0.0,19.0,1005.0,1.0
2025-11-01 05:00:00,JC,10.0,-1.1,46.0,0.0,9.0,1005.0,1.0
2025-11-01 06:00:00,JC,9.0,-0.9,50.0,0.0,19.0,1007.0,1.0
2025-11-01 07:00:00,JC,10.0,-1.1,46.0,0.0,9.0,1008.0,1.0
2025-11-01 08:00:00,JC,9.0,-0.9,50.0,0.0,15.0,1008.0,1.0
2025-11-01 09:00:00,JC,9.0,-0.9,50.0,0.0,11.0,1010.0,1.0
2025-11-01 10:00:00,JC,8.0,-1.0,53.0,0.0,6.0,1010.0,1.0
2025-11-01 11:00:00,JC,8.0,0.9,61.0,0.0,7.0,1012.0,1.0
2025-11-01 12:00:00,JC,9.0,3.0,66.0,0.0,9.0,1013.0,2.0
2025-11-01 13:00:00,JC,11.0,2.0,54.0,0.0,11.0,1014.0,3.0
2025-11-01 14:00:00,JC,12.0,1.9,50.0,0.0,26.0,1014.0,2.0
2025-11-01 15:00:00,JC,13.0,1.9,47.0,0.0,13.0,1014.0,2.0
2025-11-01 16:00:00,JC,15.0,1.2,39.0,0.0,26.0,1014.0,3.0
2025-11-01 17:00:00,JC,15.0,1.2,39.0,0.0,28.0,1014.0,3.0
2025-11-01 18:00:00,JC,14.0,1.0,41.0,0.0,28.0,1014.0,3.0
2025-11-01 19:00:00,JC,15.0,1.2,39.0,0.0,26.0,1015.0,3.0
2025-11-01 20:00:00,JC,14.0,-0.1,38.0,0.0,19.0,1015.0,3.0
2025-11-01 21:00:00,JC,12.0,1.0,47.0,0.0,11.0,1016.0,3.0
2025-11-01 22:00:00,JC,7.0,3.1,76.0,0.0,0.0,1017.0,2.0
2025-11-01 23:00:00,JC,5.0,2.0,81.0,0.0,6.0,1018.0,3.0
2025-11-02 00:00:00,JC,4.0,2.0,87.0,0.0,0.0,1019.0,3.0
2025-11-02 01:00:00,JC,3.0,2.0,93.0,0.0,0.0,1020.0,3.0
2025-11-02 02:00:00,JC,3.0,3.0,100.0,0.0,0.0,1020.0,3.0
2025-11-02 03:00:00,JC,3.0,3.0,100.0,0.0,0.0,1021.0,3.0
2025-11-02 04:00:00,JC,3.0,2.0,93.0,0.0,0.0,1021.0,3.0
2025-11-02 05:00:00,JC,2.0,1.0,93.0,0.0,0.0,1022.0,3.0
2025-11-02 06:00:00,JC,2.0,2.0,100.0,0.0,0.0,1022.0,5.0
2025-11-02 07:00:00,JC,1.0,-0.0,93.0,0.0,0.0,1022.0,2.0
2025-11-02 08:00:00,JC,0.0,0.0,100.0,0.0,0.0,1023.0,1.0
2025-11-02 09:00:00,JC,0.0,0.0,100.0,0.0,0.0,1023.0,2.0
2025-11-02 10:00:00,JC,0.0,0.0,100.0,0.0,0.0,1024.0,1.0
2025-11-02 11:00:00,JC,-1.0,-1.0,100.0,0.0,0.0,1025.0,5.0
2025-11-02 12:00:00,JC,2.0,2.0,100.0,0.0,0.0,1026.0,3.0
2025-11-02 13:00:00,JC,7.0,5.0,87.0,0.0,0.0,1027.0,3.0
2025-11-02 14:00:00,JC,10.0,3.9,66.0,0.0,0.0,1027.0,3.0
2025-11-02 15:00:00,JC,14.0,4.0,51.0,0.0,11.0,1026.0,3.0
2025-11-02 16:00:00,JC,14.0,4.0,51.0,0.0,0.0,1026.0,2.0
2025-11-02 17:00:00,JC,16.0,2.0,39.0,0.0,11.0,1024.0,1.0
2025-11-02 18:00:00,JC,16.0,4.1,45.0,0.0,15.0,1024.0,2.0
2025-11-02 19:00:00,JC,16.0,4.1,45.0,0.0,17.0,1024.0,3.0
2025-11-02 20:00:00,JC,16.0,3.1,42.0,0.0,11.0,1024.0,3.0
2025-11-02 21:00:00,JC,15.0,3.2,45.0,0.0,7.0,1024.0,2.0
2025-11-02 22:00:00,JC,10.0,3.9,66.0,0.0,0.0,1025.0,1.0
2025-11-02 23:00:00,JC,7.0,4.0,81.0,0.0,0.0,1025.0,2.0
2025-11-03 00:00:00,JC,6.0,4.0,87.0,0.0,0.0,1025.0,3.0
2025-11-03 01:00:00,JC,6.0,5.0,93.0,0.0,0.0,1025.0,3.0
2025-11-03 02:00:00,JC,4.0,3.0,93.0,0.0,0.0,1025.0,3.0
2025-11-03 03:00:00,JC,4.0,3.0,93.0,0.0,0.0,1025.0,3.0
2025-11-03 04:00:00,JC,3.0,3.0,100.0,0.0,0.0,1025.0,3.0
2025-11-03 05:00:00,JC,2.0,2.0,100.0,0.0,0.0,1025.0,5.0
2025-11-03 06:00:00,JC,2.0,2.0,100.0,0.0,0.0,1025.0,2.0
2025-11-03 07:00:00,JC,1.0,1.0,100.0,0.0,0.0,1024.0,1.0
2025-11-03 08:00:00,JC,2.0,2.0,100.0,0.0,0.0,1024.0,3.0
2025-11-03 09:00:00,JC,2.0,2.0,100.0,0.0,0.0,1023.0,3.0
2025-11-03 10:00:00,JC,3.0,3.0,100.0,0.0,0.0,1023.0,3.0
2025-11-03 11:00:00,JC,3.0,3.0,100.0,0.0,0.0,1022.0,3.0
2025-11-03 12:00:00,JC,5.0,5.0,100.0,0.0,0.0,1022.0,3.0
2025-11-03 13:00:00,JC,8.0,6.9,93.0,0.0,0.0,1022.0,3.0
2025-11-03 14:00:00,JC,8.0,6.9,93.0,0.0,6.0,1022.0,3.0
2025-11-03 15:00:00,JC,14.0,8.0,67.0,0.0,15.0,1020.0,3.0
2025-11-03 16:00:00,JC,14.0,6.1,59.0,0.0,19.0,1018.0,3.0
2025-11-03 17:00:00,JC,14.0,6.1,59.0,0.0,11.0,1017.0,3.0
2025-11-03 18:00:00,JC,14.0,7.1,63.0,0.0,9.0,1016.0,3.0
2025-11-03 19:00:00,JC,14.0,8.0,67.0,0.0,9.0,1014.0,3.0
2025-11-03 20:00:00,JC,15.0,7.1,59.0,0.0,11.0,1013.0,3.0
2025-11-03 21:00:00,JC,13.0,8.1,72.0,0.0,9.0,1013.0,1.0
2025-11-03 22:00:00,JC,12.0,7.1,72.0,0.0,13.0,1012.0,3.0
2025-11-03 23:00:00,JC,12.0,8.1,77.0,0.0,9.0,1012.0,3.0
2025-11-04 00:00:00,JC,11.0,9.1,88.0,0.0,11.0,1012.0,3.0
2025-11-04 01:00:00,JC,11.0,5.9,71.0,0.0,11.0,1013.0,3.0
2025-11-04 02:00:00,JC,12.0,1.0,47.0,0.0,19.0,1013.0,1.0
2025-11-04 03:00:00,JC,11.0,-1.1,43.0,0.0,15.0,1013.0,1.0
2025-11-04 04:00:00,JC,10.0,0.1,50.0,0.0,15.0,1013.0,1.0
2025-11-04 05:00:00,JC,11.0,0.1,47.0,0.0,15.0,1014.0,1.0
2025-11-04 06:00:00,JC,8.0,0.9,61.0,0.0,13.0,1014.0,1.0
2025-11-04 07:00:00,JC,8.0,0.9,61.0,0.0,15.0,1015.0,1.0
2025-11-04 08:00:00,JC,8.0,0.9,61.0,0.0,13.0,1015.0,1.0
2025-11-04 09:00:00,JC,7.0,1.1,66.0,0.0,9.0,1016.0,1.0
2025-11-04 10:00:00,JC,7.0,-0.0,61.0,0.0,9.0,1017.0,1.0
2025-11-04 11:00:00,JC,6.0,-0.1,65.0,0.0,11.0,1017.0,1.0
2025-11-04 12:00:00,JC,10.0,2.1,58.0,0.0,13.0,1019.0,1.0
2025-11-04 13:00:00,JC,11.0,1.0,50.0,0.0,17.0,1019.0,1.0
2025-11-04 14:00:00,JC,12.0,0.1,44.0,0.0,20.0,1020.0,1.0
2025-11-04 15:00:00,JC,12.0,-0.8,41.0,0.0,19.0,1019.0,1.0
2025-11-04 16:00:00,JC,15.0,-2.0,31.0,0.0,20.0,1019.0,1.0
2025-11-04 17:00:00,JC,16.0,-4.0,25.0,0.0,32.0,1018.0,1.0
2025-11-04 18:00:00,JC,15.0,-3.8,27.0,0.0,28.0,1018.0,1.0
2025-11-04 19:00:00,JC,16.0,-4.0,25.0,0.0,11.0,1018.0,1.0
2025-11-04 20:00:00,JC,15.0,-3.8,27.0,0.0,15.0,1018.0,1.0
2025-11-04 21:00:00,JC,13.0,-2.9,33.0,0.0,7.0,1019.0,1.0
2025-11-04 22:00:00,JC,8.0,0.0,57.0,0.0,0.0,1019.0,1.0
2025-11-04 23:00:00,JC,7.0,-0.0,61.0,0.0,0.0,1020.0,1.0
2025-11-05 00:00:00,JC,5.0,-0.0,70.0,0.0,7.0,1020.0,1.0
2025-11-05 01:00:00,JC,4.0,-0.0,75.0,0.0,0.0,1021.0,1.0
2025-11-05 02:00:00,JC,3.0,0.1,81.0,0.0,11.0,1021.0,1.0
2025-11-05 03:00:00,JC,1.0,-0.0,93.0,0.0,0.0,1021.0,1.0
2025-11-05 04:00:00,JC,0.0,0.0,100.0,0.0,0.0,1021.0,1.0
2025-11-05 05:00:00,JC,0.0,0.0,100.0,0.0,0.0,1021.0,1.0
2025-11-05 06:00:00,JC,0.0,-1.0,93.0,0.0,0.0,1021.0,1.0
2025-11-05 07:00:00,JC,-1.0,-2.0,93.0,0.0,0.0,1021.0,1.0
2025-11-05 08:00:00,JC,-1.0,-1.0,100.0,0.0,0.0,1021.0,2.0
2025-11-05 09:00:00,JC,0.0,0.0,100.0,0.0,0.0,1021.0,2.0
2025-11-05 10:00:00,JC,1.0,1.0,100.0,0.0,0.0,1021.0,2.0
2025-11-05 11:00:00,JC,2.0,2.0,100.0,0.0,0.0,1020.0,1.0
2025-11-05 12:00:00,JC,4.0,3.0,93.0,0.0,0.0,1020.0,2.0
2025-11-05 13:00:00,JC,8.0,4.0,76.0,0.0,0.0,1019.0,3.0
2025-11-05 14:00:00,JC,11.0,0.1,47.0,0.0,9.0,1017.0,3.0
2025-11-05 15:00:00,JC,14.0,-0.8,36.0,0.0,11.0,1016.0,2.0
2025-11-05 16:00:00,JC,17.0,-3.2,25.0,0.0,24.0,1013.0,2.0
2025-11-05 17:00:00,JC,18.0,-4.0,22.0,0.0,28.0,1011.0,3.0
2025-11-05 18:00:00,JC,20.0,-1.2,24.0,0.0,28.0,1008.0,3.0
2025-11-05 19:00:00,JC,19.0,1.0,30.0,0.0,28.0,1007.0,3.0
2025-11-05 20:00:00,JC,19.0,1.0,30.0,0.0,28.0,1007.0,3.0
2025-11-05 21:00:00,JC,18.0,3.1,37.0,0.0,20.0,1004.0,3.0
2025-11-05 22:00:00,JC,17.0,4.0,42.0,0.0,17.0,1004.0,3.0
2025-11-05 23:00:00,JC,16.0,8.0,59.0,0.0,20.0,1003.0,3.0
2025-11-06 00:00:00,JC,16.0,5.0,48.0,0.0,20.0,1002.0,3.0
2025-11-06 01:00:00,JC,15.0,6.0,55.0,0.0,17.0,1001.0,3.0
2025-11-06 02:00:00,JC,16.0,8.0,59.0,0.0,22.0,1002.0,3.0
2025-11-06 03:00:00,JC,13.0,6.1,63.0,0.1,20.0,1004.0,7.0
2025-11-06 04:00:00,JC,13.0,3.9,54.0,0.2,15.0,1005.0,7.0
2025-11-06 05:00:00,JC,12.0,1.9,50.0,0.0,19.0,1006.0,3.0
2025-11-06 06:00:00,JC,11.0,1.0,50.0,0.0,22.0,1009.0,1.0
2025-11-06 07:00:00,JC,10.0,0.1,50.0,0.0,22.0,1010.0,3.0
2025-11-06 08:00:00,JC,9.0,-0.1,53.0,0.0,20.0,1011.0,2.0
2025-11-06 09:00:00,JC,9.0,0.9,57.0,0.0,41.0,1012.0,3.0
2025-11-06 10:00:00,JC,8.0,0.0,57.0,0.0,24.0,1013.0,2.0
2025-11-06 11:00:00,JC,8.0,-1.0,53.0,0.0,20.0,1014.0,1.0
2025-11-06 12:00:00,JC,9.0,-0.9,50.0,0.0,17.0,1016.0,2.0
2025-11-06 13:00:00,JC,9.0,-0.9,50.0,0.0,22.0,1017.0,1.0
2025-11-06 14:00:00,JC,10.0,-2.0,43.0,0.0,22.0,1018.0,3.0
2025-11-06 15:00:00,JC,11.0,-2.1,40.0,0.0,15.0,1018.0,3.0
2025-11-06 16:00:00,JC,12.0,-3.0,35.0,0.0,24.0,1018.0,2.0
2025-11-06 17:00:00,JC,11.0,-3.9,35.0,0.0,19.0,1018.0,1.0
2025-11-06 18:00:00,JC,11.0,-3.9,35.0,0.0,24.0,1019.0,3.0
2025-11-06 19:00:00,JC,12.0,-3.8,33.0,0.0,22.0,1019.0,2.0
2025-11-06 20:00:00,JC,11.0,-3.9,35.0,0.0,13.0,1019.0,2.0
2025-11-06 21:00:00,JC,9.0,-2.9,43.0,0.0,11.0,1020.0,3.0
2025-11-06 22:00:00,JC,7.0,-3.0,49.0,0.0,11.0,1020.0,1.0
2025-11-06 23:00:00,JC,5.0,-1.9,61.0,0.0,6.0,1021.0,3.0
2025-11-07 00:00:00,JC,4.0,-1.0,70.0,0.0,0.0,1022.0,3.0
2025-11-07 01:00:00,JC,2.0,-0.9,81.0,0.0,0.0,1022.0,3.0
2025-11-07 02:00:00,JC,0.0,-1.0,93.0,0.0,0.0,1022.0,3.0
2025-11-07 03:00:00,JC,1.0,-0.0,93.0,0.0,0.0,1022.0,3.0
2025-11-07 04:00:00,JC,1.0,1.0,100.0,0.0,0.0,1021.0,3.0
2025-11-07 05:00:00,JC,-1.0,-1.0,100.0,0.0,0.0,1022.0,2.0
2025-11-07 06:00:00,JC,-1.0,-2.0,93.0,0.0,0.0,1021.0,3.0
2025-11-07 07:00:00,JC,-2.0,-2.0,100.0,0.0,0.0,1021.0,3.0
2025-11-07 08:00:00,JC,-2.0,-3.0,93.0,0.0,0.0,1021.0,3.0
2025-11-07 09:00:00,JC,-2.0,-2.0,100.0,0.0,0.0,1020.0,3.0
2025-11-07 10:00:00,JC,-2.0,-2.0,100.0,0.0,0.0,1020.0,3.0
2025-11-07 11:00:00,JC,-3.0,-3.0,100.0,0.0,0.0,1020.0,3.0
2025-11-07 12:00:00,JC,0.0,0.0,100.0,0.0,0.0,1019.0,1.0
2025-11-07 13:00:00,JC,3.0,1.1,87.0,0.0,0.0,1019.0,3.0
2025-11-07 14:00:00,JC,7.0,1.1,66.0,0.0,0.0,1017.0,3.0
2025-11-07 15:00:00,JC,11.0,3.1,58.0,0.0,17.0,1017.0,3.0
2025-11-07 16:00:00,JC,13.0,1.9,47.0,0.0,20.0,1015.0,3.0
2025-11-07 17:00:00,JC,15.0,1.2,39.0,0.0,24.0,1013.0,3.0
2025-11-07 18:00:00,JC,16.0,0.9,36.0,0.0,28.0,1011.0,3.0
2025-11-07 19:00:00,JC,15.0,1.2,39.0,0.0,32.0,1010.0,3.0
2025-11-07 20:00:00,JC,15.0,1.9,41.0,0.0,22.0,1009.0,3.0
2025-11-07 21:00:00,JC,14.0,3.2,48.0,0.0,24.0,1008.0,3.0
2025-11-07 22:00:00,JC,13.0,1.9,47.0,0.0,11.0,1008.0,3.0
2025-11-07 23:00:00,JC,12.0,1.9,50.0,0.0,9.0,1008.0,3.0
2025-11-08 00:00:00,JC,12.0,3.0,54.0,0.0,11.0,1007.0,3.0
2025-11-08 01:00:00,JC,12.0,4.0,58.0,0.0,9.0,1007.0,3.0
2025-11-08 02:00:00,JC,12.0,4.9,62.0,0.0,7.0,1006.0,3.0
2025-11-08 03:00:00,JC,11.0,3.1,58.0,0.2,0.0,1005.0,7.0
2025-11-08 04:00:00,JC,12.0,4.9,62.0,0.4,7.0,1005.0,8.0
2025-11-08 05:00:00,JC,11.0,8.0,82.0,0.0,6.0,1005.0,8.0
2025-11-08 06:00:00,JC,10.0,9.1,94.0,1.0,6.0,1004.0,9.0
2025-11-08 07:00:00,JC,10.0,10.0,100.0,0.0,9.0,1004.0,8.0
2025-11-08 08:00:00,JC,10.0,10.0,100.0,0.0,0.0,1004.0,8.0
2025-11-08 09:00:00,JC,10.0,10.0,100.0,0.5,0.0,1004.0,8.0
2025-11-08 10:00:00,JC,10.0,10.0,100.0,0.0,0.0,1004.0,8.0
2025-11-08 11:00:00,JC,11.0,11.0,100.0,0.0,0.0,1005.0,3.0
2025-11-08 12:00:00,JC,11.0,11.0,100.0,0.0,0.0,1006.0,3.0
2025-11-08 13:00:00,JC,14.0,13.0,94.0,0.0,7.0,1007.0,3.0
2025-11-08 14:00:00,JC,16.0,11.0,72.0,0.0,13.0,1008.0,3.0
2025-11-08 15:00:00,JC,17.0,9.9,63.0,0.0,15.0,1008.0,1.0
2025-11-08 16:00:00,JC,18.0,9.1,56.0,0.0,15.0,1008.0,1.0
2025-11-08 17:00:00,JC,18.0,7.1,49.0,0.0,19.0,1008.0,1.0
2025-11-08 18:00:00,JC,19.0,6.1,43.0,0.0,15.0,1008.0,1.0
2025-11-08 19:00:00,JC,17.0,5.9,48.0,0.0,15.0,1008.0,1.0
2025-11-08 20:00:00,JC,18.0,5.9,45.0,0.0,15.0,1010.0,1.0
2025-11-08 21:00:00,JC,18.0,5.9,45.0,0.0,0.0,1010.0,2.0
2025-11-08 22:00:00,JC,10.0,6.0,76.0,0.0,0.0,1011.0,2.0
2025-11-08 23:00:00,JC,8.0,6.0,87.0,0.0,6.0,1011.0,3.0
2025-11-09 00:00:00,JC,7.0,5.9,93.0,0.0,0.0,1012.0,3.0
2025-11-09 01:00:00,JC,6.0,5.0,93.0,0.0,0.0,1012.0,3.0
2025-11-09 02:00:00,JC,5.0,5.0,100.0,0.0,0.0,1012.0,3.0
2025-11-09 03:00:00,JC,4.0,4.0,100.0,0.0,0.0,1012.0,3.0
2025-11-09 04:00:00,JC,3.0,3.0,100.0,0.0,0.0,1012.0,3.0
2025-11-09 05:00:00,JC,3.0,3.0,100.0,0.0,0.0,1013.0,2.0
2025-11-09 06:00:00,JC,3.0,3.0,100.0,0.0,0.0,1012.0,3.0
2025-11-09 07:00:00,JC,3.0,3.0,100.0,0.0,0.0,1013.0,3.0
2025-11-09 08:00:00,JC,4.0,4.0,100.0,0.0,0.0,1012.0,3.0
2025-11-09 09:00:00,JC,4.0,4.0,100.0,0.0,0.0,1012.0,3.0
2025-11-09 10:00:00,JC,5.0,5.0,100.0,0.0,0.0,1012.0,3.0
2025-11-09 11:00:00,JC,4.0,4.0,100.0,0.0,0.0,1012.0,3.0
2025-11-09 12:00:00,JC,8.0,8.0,100.0,0.0,0.0,1012.0,5.0
2025-11-09 13:00:00,JC,9.0,9.0,100.0,0.0,0.0,1012.0,3.0
2025-11-09 14:00:00,JC,13.0,10.0,82.0,0.0,0.0,1011.0,3.0
2025-11-09 15:00:00,JC,15.0,11.0,77.0,0.0,0.0,1011.0,3.0
2025-11-09 16:00:00,JC,17.0,11.9,72.0,0.0,28.0,1010.0,3.0
2025-11-09 17:00:00,JC,15.0,13.0,88.0,0.0,15.0,1008.0,3.0
2025-11-09 18:00:00,JC,16.0,15.0,94.0,0.0,9.0,1008.0,3.0
2025-11-09 19:00:00,JC,16.0,15.0,94.0,0.0,13.0,1007.0,3.0
2025-11-09 20:00:00,JC,16.0,15.0,94.0,0.1,13.0,1007.0,17.0
2025-11-09 21:00:00,JC,15.0,15.0,100.0,0.0,0.0,1006.0,3.0
2025-11-09 22:00:00,JC,15.0,15.0,100.0,0.0,0.0,1006.0,3.0
2025-11-09 23:00:00,JC,15.0,15.0,100.0,0.0,0.0,1006.0,5.0
2025-11-10 00:00:00,JC,13.0,13.0,100.0,0.0,0.0,1006.0,5.0
2025-11-10 01:00:00,JC,14.0,14.0,100.0,0.0,0.0,1006.0,5.0
2025-11-10 02:00:00,JC,14.0,14.0,100.0,0.0,0.0,1006.0,5.0
2025-11-10 03:00:00,JC,13.0,13.0,100.0,0.0,0.0,1006.0,5.0
2025-11-10 04:00:00,JC,13.0,13.0,100.0,0.0,0.0,1005.0,8.0
2025-11-10 05:00:00,JC,13.0,13.0,100.0,0.0,0.0,1007.0,3.0
2025-11-10 06:00:00,JC,13.0,13.0,100.0,0.2,11.0,1006.0,7.0
2025-11-10 07:00:00,JC,12.0,12.0,100.0,1.2,0.0,1005.0,9.0
2025-11-10 08:00:00,JC,10.0,10.0,100.0,1.8,0.0,1005.0,9.0
2025-11-10 09:00:00,JC,10.0,10.0,100.0,0.4,0.0,1005.0,5.0
2025-11-10 10:00:00,JC,10.0,10.0,100.0,0.2,0.0,1004.0,7.0
2025-11-10 11:00:00,JC,9.0,9.0,100.0,0.0,0.0,1005.0,5.0
2025-11-10 12:00:00,JC,11.0,11.0,100.0,0.0,0.0,1006.0,3.0
2025-11-10 13:00:00,JC,11.0,11.0,100.0,0.0,13.0,1006.0,3.0
2025-11-10 14:00:00,JC,12.0,10.1,88.0,0.0,11.0,1005.0,3.0
2025-11-10 15:00:00,JC,11.0,9.1,88.0,0.0,15.0,1004.0,3.0
2025-11-10 16:00:00,JC,10.0,9.1,94.0,0.1,11.0,1004.0,5.0
2025-11-10 17:00:00,JC,9.0,9.0,100.0,0.2,7.0,1003.0,8.0
2025-11-10 18:00:00,JC,9.0,7.0,87.0,0.0,24.0,1003.0,3.0
2025-11-10 19:00:00,JC,8.0,4.9,81.0,0.0,22.0,1003.0,3.0
2025-11-10 20:00:00,JC,6.0,3.0,81.0,0.0,15.0,1004.0,3.0
2025-11-10 21:00:00,JC,5.0,2.0,81.0,0.0,19.0,1004.0,3.0
2025-11-10 22:00:00,JC,4.0,-0.0,75.0,0.0,22.0,1005.0,3.0
2025-11-10 23:00:00,JC,3.0,-1.0,75.0,0.0,11.0,1006.0,2.0
2025-11-11 00:00:00,JC,3.0,-1.9,70.0,0.0,15.0,1006.0,1.0
2025-11-11 01:00:00,JC,3.0,-1.9,70.0,0.0,17.0,1007.0,1.0
2025-11-11 02:00:00,JC,2.0,-3.9,65.0,0.0,39.0,1007.0,1.0
2025-11-11 03:00:00,JC,1.0,-5.9,60.0,0.0,22.0,1007.0,3.0
2025-11-11 04:00:00,JC,1.0,-7.0,55.0,0.0,17.0,1007.0,3.0
2025-11-11 05:00:00,JC,0.0,-8.0,55.0,0.0,19.0,1007.0,3.0
2025-11-11 06:00:00,JC,0.0,-8.0,55.0,0.0,17.0,1007.0,3.0
2025-11-11 07:00:00,JC,1.0,-7.0,55.0,0.0,11.0,1007.0,2.0
2025-11-11 08:00:00,JC,0.0,-7.0,59.0,0.0,7.0,1006.0,2.0
2025-11-11 09:00:00,JC,0.0,-7.0,59.0,0.0,15.0,1006.0,3.0
2025-11-11 10:00:00,JC,0.0,-7.0,59.0,0.0,9.0,1006.0,3.0
2025-11-11 11:00:00,JC,0.0,-6.0,64.0,0.0,9.0,1006.0,3.0
2025-11-11 12:00:00,JC,1.0,-7.0,55.0,0.0,22.0,1007.0,3.0
2025-11-11 13:00:00,JC,2.0,-4.9,60.0,0.0,22.0,1007.0,3.0
2025-11-11 14:00:00,JC,2.0,-4.9,60.0,0.0,24.0,1008.0,1.0
2025-11-11 15:00:00,JC,2.0,-3.9,65.0,0.0,32.0,1008.0,3.0
2025-11-11 16:00:00,JC,3.0,-4.9,56.0,0.1,22.0,1006.0,14.0
2025-11-11 17:00:00,JC,4.0,-6.0,48.0,0.2,37.0,1006.0,21.0
2025-11-11 18:00:00,JC,4.0,-4.0,56.0,0.0,35.0,1006.0,3.0
2025-11-11 19:00:00,JC,4.0,-4.0,56.0,0.0,30.0,1007.0,3.0
2025-11-11 20:00:00,JC,4.0,-4.0,56.0,0.0,24.0,1008.0,3.0
2025-11-11 21:00:00,JC,4.0,-3.1,60.0,0.0,24.0,1009.0,3.0
2025-11-11 22:00:00,JC,4.0,-3.1,60.0,0.0,19.0,1010.0,3.0
2025-11-11 23:00:00,JC,4.0,-2.0,65.0,0.0,24.0,1011.0,3.0
2025-11-12 00:00:00,JC,4.0,-3.1,60.0,0.0,24.0,1012.0,3.0
2025-11-12 01:00:00,JC,4.0,-3.1,60.0,0.0,24.0,1012.0,3.0
2025-11-12 02:00:00,JC,4.0,-3.1,60.0,0.0,19.0,1012.0,3.0
2025-11-12 03:00:00,JC,3.0,-4.0,60.0,0.0,17.0,1013.0,2.0
2025-11-12 04:00:00,JC,3.0,-4.0,60.0,0.0,19.0,1013.0,3.0
2025-11-12 05:00:00,JC,3.0,-4.9,56.0,0.0,17.0,1013.0,3.0
2025-11-12 06:00:00,JC,2.0,-4.9,60.0,0.0,9.0,1013.0,3.0
2025-11-12 07:00:00,JC,2.0,-4.9,60.0,0.0,13.0,1013.0,3.0
2025-11-12 08:00:00,JC,2.0,-4.9,60.0,0.0,9.0,1012.0,3.0
2025-11-12 09:00:00,JC,3.0,-5.9,52.0,0.0,15.0,1012.0,3.0
2025-11-12 10:00:00,JC,3.0,-4.9,56.0,0.0,11.0,1012.0,3.0
2025-11-12 11:00:00,JC,2.0,-4.9,60.0,0.0,6.0,1011.0,3.0
2025-11-12 12:00:00,JC,0.7,-4.9,66.0,0.0,12.2,1010.4,2.0
2025-11-12 13:00:00,JC,4.0,-5.0,52.0,0.0,9.0,1010.0,3.0
2025-11-12 14:00:00,JC,4.0,-4.0,56.0,0.0,15.0,1010.0,3.0
2025-11-12 15:00:00,JC,5.0,-4.0,52.0,0.0,13.0,1009.0,3.0
2025-11-12 16:00:00,JC,6.0,-2.9,53.0,0.0,9.0,1008.0,3.0
2025-11-12 17:00:00,JC,8.0,-2.9,46.0,0.0,15.0,1007.0,3.0
2025-11-12 18:00:00,JC,9.0,-2.0,46.0,0.0,17.0,1006.0,2.0
2025-11-12 19:00:00,JC,9.0,-2.0,46.0,0.0,22.0,1007.0,3.0
2025-11-12 20:00:00,JC,9.0,-2.0,46.0,0.0,13.0,1007.0,3.0
2025-11-12 21:00:00,JC,9.0,-0.9,50.0,0.0,9.0,1007.0,3.0
2025-11-12 22:00:00,JC,9.0,-0.1,53.0,0.0,6.0,1008.0,3.0
2025-11-12 23:00:00,JC,8.0,0.0,57.0,0.1,9.0,1008.0,7.0
2025-11-13 00:00:00,JC,9.0,2.1,62.0,0.0,17.0,1009.0,2.0
2025-11-13 01:00:00,JC,9.0,3.0,66.0,0.0,20.0,1006.0,3.0
2025-11-13 02:00:00,JC,9.0,3.0,66.0,0.0,20.0,1010.0,3.0
2025-11-13 03:00:00,JC,8.0,0.9,61.0,0.0,11.0,1009.0,1.0
2025-11-13 04:00:00,JC,7.0,1.1,66.0,0.0,11.0,1009.0,2.0
2025-11-13 05:00:00,JC,7.0,1.1,66.0,0.0,9.0,1010.0,2.0
2025-11-13 06:00:00,JC,7.0,1.1,66.0,0.0,9.0,1010.0,3.0
2025-11-13 07:00:00,JC,8.0,0.9,61.0,0.0,11.0,1011.0,1.0
2025-11-13 08:00:00,JC,8.0,0.9,61.0,0.0,15.0,1011.0,1.0
2025-11-13 09:00:00,JC,8.0,0.0,57.0,0.0,13.0,1011.0,1.0
2025-11-13 10:00:00,JC,8.0,0.0,57.0,0.0,13.0,1011.0,1.0
2025-11-13 11:00:00,JC,8.0,0.0,57.0,0.0,11.0,1011.0,1.0
2025-11-13 12:00:00,JC,8.0,0.9,61.0,0.0,17.0,1012.0,1.0
2025-11-13 13:00:00,JC,8.0,0.0,57.0,0.0,20.0,1012.0,1.0
2025-11-13 14:00:00,JC,9.0,-0.1,53.0,0.0,24.0,1012.0,1.0
2025-11-13 15:00:00,JC,9.0,0.9,57.0,0.0,22.0,1012.0,1.0
2025-11-13 16:00:00,JC,8.0,0.0,57.0,0.0,17.0,1012.0,3.0
2025-11-13 17:00:00,JC,10.0,0.1,50.0,0.0,26.0,1012.0,3.0
2025-11-13 18:00:00,JC,10.0,-1.1,46.0,0.0,22.0,1012.0,3.0
2025-11-13 19:00:00,JC,10.0,-2.0,43.0,0.0,26.0,1013.0,2.0
2025-11-13 20:00:00,JC,10.0,-2.0,43.0,0.0,26.0,1013.0,2.0
2025-11-13 21:00:00,JC,9.0,-2.0,46.0,0.0,13.0,1014.0,1.0
2025-11-13 22:00:00,JC,8.0,-2.1,49.0,0.0,13.0,1015.0,1.0
2025-11-13 23:00:00,JC,7.0,-1.9,53.0,0.0,17.0,1016.0,1.0
2025-11-14 00:00:00,JC,6.0,-1.9,57.0,0.0,9.0,1016.0,1.0
2025-11-14 01:00:00,JC,5.0,-1.9,61.0,0.0,0.0,1016.0,1.0
2025-11-14 02:00:00,JC,1.0,-2.1,80.0,0.0,0.0,1016.0,2.0
2025-11-14 03:00:00,JC,0.0,-2.1,86.0,0.0,0.0,1017.0,1.0
2025-11-14 04:00:00,JC,5.0,-0.0,70.0,0.0,13.0,1017.0,2.0
2025-11-14 05:00:00,JC,5.0,-0.0,70.0,0.0,17.0,1017.0,1.0
2025-11-14 06:00:00,JC,4.0,-1.0,70.0,0.0,0.0,1017.0,2.0
2025-11-14 07:00:00,JC,1.0,-2.1,80.0,0.0,0.0,1017.0,2.0
2025-11-14 08:00:00,JC,1.0,-2.1,80.0,0.0,0.0,1018.0,2.0
2025-11-14 09:00:00,JC,0.0,-2.1,86.0,0.0,0.0,1018.0,2.0
2025-11-14 10:00:00,JC,0.0,-1.0,93.0,0.0,9.0,1018.0,3.0
2025-11-14 11:00:00,JC,2.0,-0.9,81.0,0.0,9.0,1019.0,2.0
2025-11-14 12:00:00,JC,5.0,0.9,75.0,0.0,15.0,1020.0,1.0
2025-11-14 13:00:00,JC,7.0,-0.0,61.0,0.0,17.0,1020.0,1.0
2025-11-14 14:00:00,JC,9.0,-0.1,53.0,0.0,15.0,1019.0,1.0
2025-11-14 15:00:00,JC,10.0,0.1,50.0,0.0,15.0,1019.0,1.0
2025-11-14 16:00:00,JC,10.0,-1.1,46.0,0.0,13.0,1018.0,3.0
2025-11-14 17:00:00,JC,10.0,-1.1,46.0,0.0,17.0,1017.0,3.0
2025-11-14 18:00:00,JC,11.0,-2.1,40.0,0.0,22.0,1016.0,3.0
2025-11-14 19:00:00,JC,11.0,-2.1,40.0,0.0,15.0,1016.0,3.0
2025-11-14 20:00:00,JC,11.0,-3.1,37.0,0.0,11.0,1015.0,3.0
2025-11-14 21:00:00,JC,10.0,-2.0,43.0,0.0,70.0,1015.0,3.0
2025-11-14 22:00:00,JC,9.0,-2.0,46.0,0.0,0.0,1015.0,3.0
2025-11-14 23:00:00,JC,7.0,-0.9,57.0,0.0,0.0,1014.0,3.0
2025-11-15 00:00:00,JC,2.0,-0.9,81.0,0.0,0.0,1014.0,1.0
2025-11-15 01:00:00,JC,1.0,-0.9,87.0,0.0,7.0,1014.0,1.0
2025-11-15 02:00:00,JC,0.0,-2.1,86.0,0.0,6.0,1014.0,2.0
2025-11-15 03:00:00,JC,-1.0,-2.0,93.0,0.0,0.0,1014.0,3.0
2025-11-15 04:00:00,JC,-2.0,-3.0,93.0,0.0,6.0,1014.0,1.0
2025-11-15 05:00:00,JC,-2.0,-3.0,93.0,0.0,0.0,1014.0,1.0
2025-11-15 06:00:00,JC,-2.0,-3.0,93.0,0.0,0.0,1013.0,1.0
2025-11-15 07:00:00,JC,-3.0,-3.0,100.0,0.0,0.0,1013.0,1.0
2025-11-15 08:00:00,JC,-3.0,-3.0,100.0,0.0,0.0,1013.0,1.0
2025-11-15 09:00:00,JC,-3.0,-3.0,100.0,0.0,0.0,1013.0,1.0
2025-11-15 10:00:00,JC,-2.0,-2.0,100.0,0.0,0.0,1013.0,2.0
2025-11-15 11:00:00,JC,-1.0,-1.0,100.0,0.0,0.0,1013.0,2.0
2025-11-15 12:00:00,JC,0.0,0.0,100.0,0.0,0.0,1013.0,3.0
2025-11-15 13:00:00,JC,3.0,2.0,93.0,0.0,0.0,1012.0,3.0
2025-11-15 14:00:00,JC,6.0,0.9,70.0,0.0,6.0,1012.0,3.0
2025-11-15 15:00:00,JC,8.0,0.0,57.0,0.0,6.0,1011.0,3.0
2025-11-15 16:00:00,JC,9.0,-0.9,50.0,0.0,0.0,1009.0,2.0
2025-11-15 17:00:00,JC,10.0,-1.1,46.0,0.0,6.0,1008.0,2.0
2025-11-15 18:00:00,JC,12.0,0.1,44.0,0.0,9.0,1006.0,3.0
2025-11-15 19:00:00,JC,11.0,1.0,50.0,0.0,7.0,1005.0,3.0
2025-11-15 20:00:00,JC,11.0,1.0,50.0,0.0,11.0,1003.0,3.0
2025-11-15 21:00:00,JC,10.0,1.1,54.0,0.0,7.0,1002.0,3.0
2025-11-15 22:00:00,JC,9.0,2.1,62.0,0.0,11.0,1002.0,3.0
2025-11-15 23:00:00,JC,9.0,2.1,62.0,0.2,8.0,999.0,7.0
2025-11-16 00:00:00,JC,9.0,3.0,66.0,0.0,9.0,998.0,25.0
2025-11-16 01:00:00,JC,8.0,4.9,81.0,0.6,0.0,,8.0
2025-11-16 02:00:00,JC,7.0,7.0,100.0,1.4,0.0,,9.0
2025-11-16 03:00:00,JC,6.0,6.0,100.0,0.0,0.0,,3.0
2025-11-16 04:00:00,JC,6.0,6.0,100.0,0.0,0.0,,8.0
2025-11-16 05:00:00,JC,7.0,5.9,93.0,0.0,3.0,,7.0
2025-11-16 06:00:00,JC,7.0,7.0,100.0,1.4,3.0,,9.0
2025-11-16 07:00:00,JC,7.0,7.0,100.0,0.0,3.0,,8.0
2025-11-16 08:00:00,JC,7.0,7.0,100.0,0.0,3.0,,3.0
2025-11-16 09:00:00,JC,7.0,7.0,100.0,0.0,6.0,,3.0
2025-11-16 10:00:00,JC,9.0,9.0,100.0,0.0,6.0,,3.0
2025-11-16 11:00:00,JC,8.0,8.0,100.0,0.0,0.0,,3.0
2025-11-16 12:00:00,JC,12.0,6.9,71.0,0.0,11.0,,3.0
2025-11-16 13:00:00,JC,13.0,4.9,58.0,0.0,11.0,,3.0
2025-11-16 14:00:00,JC,13.0,3.1,51.0,0.0,13.0,,1.0
2025-11-16 15:00:00,JC,13.0,0.1,41.0,0.0,10.0,,2.0
2025-11-16 16:00:00,JC,12.0,-3.0,35.0,0.0,17.0,,3.0
2025-11-16 17:00:00,JC,12.0,-4.2,32.0,0.0,17.0,,1.0
2025-11-16 18:00:00,JC,10.0,-3.0,40.0,0.0,13.0,,1.0
2025-11-16 19:00:00,JC,8.0,0.9,61.0,0.0,23.0,,8.0
2025-11-16 20:00:00,JC,8.0,-2.9,46.0,0.0,12.0,,2.0
2025-11-16 21:00:00,JC,7.0,-4.1,45.0,0.0,19.0,,1.0
2025-11-16 22:00:00,JC,6.0,-5.9,42.0,0.0,16.0,,2.0
2025-11-16 23:00:00,JC,5.0,-6.8,42.0,0.0,4.0,,1.0
2025-11-17 00:00:00,JC,5.0,-5.9,45.0,0.0,4.0,,1.0
2025-11-17 01:00:00,JC,5.0,-5.1,48.0,0.0,6.0,,1.0
2025-11-17 02:00:00,JC,5.0,-4.0,52.0,0.0,6.0,,2.0
2025-11-17 03:00:00,JC,4.0,-4.0,56.0,0.0,8.0,,1.0
2025-11-17 04:00:00,JC,4.0,-4.0,56.0,0.0,9.0,,3.0
2025-11-17 05:00:00,JC,3.0,-5.9,52.0,0.0,12.0,,2.0
2025-11-17 06:00:00,JC,3.0,-8.1,44.0,0.0,8.0,,3.0
2025-11-17 07:00:00,JC,2.0,-9.0,44.0,0.0,12.0,,2.0
2025-11-17 08:00:00,JC,2.0,-9.0,44.0,0.0,8.0,,1.0
2025-11-17 09:00:00,JC,2.0,-9.0,44.0,0.0,8.0,,1.0
2025-11-17 10:00:00,JC,2.0,-7.9,48.0,0.0,8.0,,2.0
2025-11-17 11:00:00,JC,1.0,-8.0,51.0,0.0,8.0,,1.0
2025-11-17 12:00:00,JC,3.0,-5.9,52.0,0.0,10.0,,1.0
2025-11-17 13:00:00,JC,5.0,-5.9,45.0,0.0,14.0,,2.0
2025-11-17 14:00:00,JC,5.0,-5.9,45.0,0.0,14.0,,2.0
2025-11-17 15:00:00,JC,5.0,-5.9,45.0,0.0,13.0,,3.0
2025-11-17 16:00:00,JC,6.0,-6.9,39.0,0.0,13.0,,3.0
2025-11-17 17:00:00,JC,6.0,-6.9,39.0,0.0,13.0,,3.0
2025-11-17 18:00:00,JC,6.0,-6.9,39.0,0.0,14.0,1008.4,3.0
2025-11-17 19:00:00,JC,5.6,-6.6,41.0,0.0,27.4,1008.9,3.0
2025-11-17 20:00:00,JC,5.4,-6.8,41.0,0.0,25.9,1009.7,3.0
2025-11-17 21:00:00,JC,5.1,-6.7,42.0,0.0,20.5,1010.6,3.0
2025-11-17 22:00:00,JC,4.1,-6.8,45.0,0.0,18.0,1011.7,2.0
2025-11-17 23:00:00,JC,3.7,-6.3,48.0,0.0,18.7,1012.5,1.0
2025-11-18 00:00:00,JC,3.4,-6.0,50.0,0.0,18.4,1013.3,1.0
2025-11-18 01:00:00,JC,3.1,-5.5,53.0,0.0,18.0,1014.1,2.0
2025-11-18 02:00:00,JC,2.6,-5.8,54.0,0.0,19.1,1015.0,1.0
2025-11-18 03:00:00,JC,2.0,-6.3,54.0,0.0,18.7,1015.8,1.0
2025-11-18 04:00:00,JC,1.5,-6.6,55.0,0.0,18.0,1016.4,1.0
2025-11-18 05:00:00,JC,1.2,-6.4,57.0,0.0,18.4,1017.0,1.0
2025-11-18 06:00:00,JC,0.9,-6.4,58.0,0.0,17.6,1017.3,1.0
2025-11-18 07:00:00,JC,0.6,-6.3,60.0,0.0,15.8,1017.8,1.0
2025-11-18 08:00:00,JC,0.3,-6.1,62.0,0.0,15.1,1018.3,1.0
2025-11-18 09:00:00,JC,0.0,-6.0,64.0,0.0,14.8,1018.7,1.0
2025-11-18 10:00:00,JC,-0.2,-6.0,65.0,0.0,14.0,1019.4,2.0
2025-11-18 11:00:00,JC,-0.4,-5.6,68.0,0.0,13.3,1020.1,2.0
2025-11-18 12:00:00,JC,-0.7,-5.5,70.0,0.0,13.0,1020.7,1.0
2025-11-18 13:00:00,JC,0.6,-5.0,66.0,0.0,12.2,1021.7,1.0
2025-11-18 14:00:00,JC,2.8,-4.4,59.0,0.0,14.8,1022.1,1.0
2025-11-18 15:00:00,JC,4.4,-4.3,53.0,0.0,15.1,1022.1,3.0
2025-11-18 16:00:00,JC,5.5,-5.2,46.0,0.0,19.1,1022.1,3.0
2025-11-18 17:00:00,JC,6.0,-5.6,43.0,0.0,16.2,1021.4,3.0
2025-11-18 18:00:00,JC,6.5,-5.8,41.0,0.0,15.5,1021.1,3.0
2025-11-18 19:00:00,JC,6.9,-5.4,41.0,0.0,14.0,1020.6,3.0
2025-11-18 20:00:00,JC,6.7,-5.3,42.0,0.0,11.2,1020.3,3.0
2025-11-18 21:00:00,JC,6.0,-3.4,51.0,0.0,7.9,1020.6,3.0
2025-11-18 22:00:00,JC,4.2,-2.4,62.0,0.0,8.6,1021.2,3.0
2025-11-18 23:00:00,JC,4.5,-1.7,64.0,0.0,8.3,1021.5,3.0
2025-11-19 00:00:00,JC,3.3,-2.0,68.0,0.0,7.2,1021.8,3.0
2025-11-19 01:00:00,JC,3.4,-1.4,71.0,0.0,7.2,1021.8,3.0
2025-11-19 02:00:00,JC,2.9,-1.8,71.0,0.0,7.9,1022.0,3.0
2025-11-19 03:00:00,JC,3.2,-1.2,73.0,0.0,6.8,1022.1,3.0
2025-11-19 04:00:00,JC,3.5,-1.1,72.0,0.0,6.5,1022.4,3.0
2025-11-19 05:00:00,JC,3.6,-1.0,72.0,0.0,5.8,1022.4,3.0
2025-11-19 06:00:00,JC,3.5,-0.7,74.0,0.0,6.1,1022.7,3.0
2025-11-19 07:00:00,JC,3.4,-0.6,75.0,0.1,5.8,1022.7,7.0
2025-11-19 08:00:00,JC,2.9,-0.0,81.0,0.3,6.8,1022.8,8.0
2025-11-19 09:00:00,JC,1.6,1.3,98.0,0.5,4.0,1022.7,8.0
2025-11-19 10:00:00,JC,1.5,1.1,97.0,0.2,2.2,1022.9,12.0
2025-11-19 11:00:00,JC,1.5,1.4,99.0,0.3,5.0,1023.6,12.0
2025-11-19 12:00:00,JC,1.4,1.3,99.0,0.8,4.3,1024.0,12.0
2025-11-19 13:00:00,JC,1.9,1.2,95.0,0.1,3.2,1024.2,12.0
2025-11-19 14:00:00,JC,2.8,1.8,93.0,0.0,2.9,1024.6,3.0
2025-11-19 15:00:00,JC,3.7,1.9,88.0,0.0,4.0,1024.9,3.0
2025-11-19 16:00:00,JC,4.5,2.4,86.0,0.0,4.0,1024.6,3.0
2025-11-19 17:00:00,JC,5.0,2.5,84.0,0.0,4.7,1023.6,3.0
2025-11-19 18:00:00,JC,6.2,2.7,78.0,0.0,4.7,1022.9,3.0
2025-11-19 19:00:00,JC,6.5,2.8,77.0,0.0,5.4,1022.4,3.0
2025-11-19 20:00:00,JC,6.4,2.7,77.0,0.0,5.4,1022.7,3.0
2025-11-19 21:00:00,JC,6.4,2.7,77.0,0.0,4.0,1023.2,3.0
2025-11-19 22:00:00,JC,5.8,3.1,83.0,0.0,5.4,1023.6,3.0
2025-11-19 23:00:00,JC,5.4,3.2,86.0,0.0,5.4,1023.9,3.0
2025-11-20 00:00:00,JC,5.2,3.4,88.0,0.0,5.0,1024.3,3.0
2025-11-20 01:00:00,JC,5.0,3.2,88.0,0.0,6.1,1024.0,3.0
2025-11-20 02:00:00,JC,5.1,3.3,88.0,0.0,6.5,1024.1,3.0
2025-11-20 03:00:00,JC,5.1,3.3,88.0,0.0,4.7,1024.3,3.0
2025-11-20 04:00:00,JC,5.1,3.3,88.0,0.0,4.3,1024.3,3.0
2025-11-20 05:00:00,JC,5.0,3.2,88.0,0.0,4.3,1023.9,3.0
2025-11-20 06:00:00,JC,5.0,3.0,87.0,0.0,5.4,1023.6,3.0
2025-11-20 07:00:00,JC,3.9,2.6,91.0,0.0,7.6,1022.7,3.0
2025-11-20 08:00:00,JC,3.8,2.3,90.0,0.0,6.8,1022.6,3.0
2025-11-20 09:00:00,JC,4.1,2.3,88.0,0.0,6.8,1022.7,3.0
2025-11-20 10:00:00,JC,4.1,2.0,86.0,0.0,7.6,1022.9,3.0
2025-11-20 11:00:00,JC,4.1,1.5,83.0,0.0,7.6,1023.2,3.0
2025-11-20 12:00:00,JC,4.5,1.0,78.0,0.0,6.5,1024.3,3.0
2025-11-20 13:00:00,JC,,,,,,,
2025-11-20 14:00:00,JC,,,,,,,
2025-11-20 15:00:00,JC,,,,,,,
2025-11-20 16:00:00,JC,,,,,,,
2025-11-20 17:00:00,JC,,,,,,,
2025-11-20 18:00:00,JC,6.8,2.7,75.0,,5.0,1022.9,
2025-11-20 19:00:00,JC,,,,,,,
2025-11-20 20:00:00,JC,,,,,,,
2025-11-20 21:00:00,JC,,,,,,,
2025-11-20 22:00:00,JC,,,,,,,
2025-11-20 23:00:00,JC,,,,,,,
2025-11-21 00:00:00,JC,6.0,3.5,84.0,,4.7,1022.2,
2025-11-21 01:00:00,JC,,,,,,,
2025-11-21 02:00:00,JC,,,,,,,
2025-11-21 03:00:00,JC,,,,,,,
2025-11-21 04:00:00,JC,,,,,,,
2025-11-21 05:00:00,JC,,,,,,,
2025-11-21 06:00:00,JC,5.8,4.3,90.0,,1.1,1020.1,
2025-11-21 07:00:00,JC,,,,,,,
2025-11-21 08:00:00,JC,,,,,,,
2025-11-21 09:00:00,JC,,,,,,,
2025-11-21 10:00:00,JC,,,,,,,
2025-11-21 11:00:00,JC,,,,,,,
2025-11-21 12:00:00,JC,6.1,5.5,96.0,,5.4,1017.4,
2025-11-21 13:00:00,JC,,,,,,,
2025-11-21 14:00:00,JC,,,,,,,
2025-11-21 15:00:00,JC,,,,,,,
2025-11-21 16:00:00,JC,,,,,,,
2025-11-21 17:00:00,JC,,,,,,,
2025-11-21 18:00:00,JC,10.6,8.0,84.0,,13.7,1013.0,
2025-11-21 19:00:00,JC,,,,,,,
2025-11-21 20:00:00,JC,,,,,,,
2025-11-21 21:00:00,JC,,,,,,,
2025-11-21 22:00:00,JC,,,,,,,
2025-11-21 23:00:00,JC,,,,,,,
2025-11-22 00:00:00,JC,9.7,8.3,91.0,,10.1,1012.4,
2025-11-22 01:00:00,JC,,,,,,,
2025-11-22 02:00:00,JC,,,,,,,
2025-11-22 03:00:00,JC,,,,,,,
2025-11-22 04:00:00,JC,,,,,,,
2025-11-22 05:00:00,JC,,,,,,,
2025-11-22 06:00:00,JC,6.4,3.0,79.0,,12.2,1013.4,
2025-11-22 07:00:00,JC,,,,,,,
2025-11-22 08:00:00,JC,,,,,,,
2025-11-22 09:00:00,JC,,,,,,,
2025-11-22 10:00:00,JC,,,,,,,
2025-11-22 11:00:00,JC,,,,,,,
2025-11-22 12:00:00,JC,3.4,-1.2,72.0,,10.4,1015.0,
2025-11-22 13:00:00,JC,,,,,,,
2025-11-22 14:00:00,JC,,,,,,,
2025-11-22 15:00:00,JC,,,,,,,
2025-11-22 16:00:00,JC,,,,,,,
2025-11-22 17:00:00,JC,,,,,,,
2025-11-22 18:00:00,JC,8.4,-3.8,42.0,,7.2,1014.7,
2025-11-22 19:00:00,JC,,,,,,,
2025-11-22 20:00:00,JC,,,,,,,
2025-11-22 21:00:00,JC,,,,,,,
2025-11-22 22:00:00,JC,,,,,,,
2025-11-22 23:00:00,JC,,,,,,,
2025-11-23 00:00:00,JC,3.1,-1.5,72.0,,4.7,1017.3,
2025-11-23 01:00:00,JC,,,,,,,
2025-11-23 02:00:00,JC,,,,,,,
2025-11-23 03:00:00,JC,,,,,,,
2025-11-23 04:00:00,JC,,,,,,,
2025-11-23 05:00:00,JC,,,,,,,
2025-11-23 06:00:00,JC,-0.8,-3.2,84.0,,3.2,1018.7,
2025-11-23 07:00:00,JC,,,,,,,
2025-11-23 08:00:00,JC,,,,,,,
2025-11-23 09:00:00,JC,,,,,,,
2025-11-23 10:00:00,JC,,,,,,,
2025-11-23 11:00:00,JC,,,,,,,
2025-11-23 12:00:00,JC,-2.3,-4.2,87.0,,2.2,1019.3,
2025-11-23 13:00:00,JC,,,,,,,
2025-11-23 14:00:00,JC,,,,,,,
2025-11-23 15:00:00,JC,,,,,,,
2025-11-23 16:00:00,JC,,,,,,,
2025-11-23 17:00:00,JC,,,,,,,
2025-11-23 18:00:00,JC,9.6,-1.5,46.0,,10.1,1017.3,
2025-11-23 19:00:00,JC,,,,,,,
2025-11-23 20:00:00,JC,,,,,,,
2025-11-23 21:00:00,JC,,,,,,,
2025-11-23 22:00:00,JC,,,,,,,
2025-11-23 23:00:00,JC,,,,,,,
2025-11-24 00:00:00,JC,5.3,0.3,70.0,,9.0,1018.3,
2025-11-24 01:00:00,JC,,,,,,,
2025-11-24 02:00:00,JC,,,,,,,
2025-11-24 03:00:00,JC,,,,,,,
2025-11-24 04:00:00,JC,,,,,,,
2025-11-24 05:00:00,JC,,,,,,,
2025-11-24 06:00:00,JC,2.2,-0.9,80.0,,4.0,1018.8,
2025-11-24 07:00:00,JC,,,,,,,
2025-11-24 08:00:00,JC,,,,,,,
2025-11-24 09:00:00,JC,,,,,,,
2025-11-24 10:00:00,JC,,,,,,,
2025-11-24 11:00:00,JC,,,,,,,
2025-11-24 12:00:00,JC,-1.2,-1.9,95.0,,3.2,1019.9,
2025-11-24 13:00:00,JC,,,,,,,
2025-11-24 14:00:00,JC,,,,,,,
2025-11-24 15:00:00,JC,,,,,,,
2025-11-24 16:00:00,JC,,,,,,,
2025-11-24 17:00:00,JC,,,,,,,
2025-11-24 18:00:00,JC,13.4,3.2,50.0,,10.8,1017.8,
2025-11-24 19:00:00,JC,,,,,,,
2025-11-24 20:00:00,JC,,,,,,,
2025-11-24 21:00:00,JC,,,,,,,
2025-11-24 22:00:00,JC,,,,,,,
2025-11-24 23:00:00,JC,,,,,,,
2025-11-25 00:00:00,JC,8.3,5.2,81.0,,13.7,1017.5,
2025-11-25 01:00:00,JC,,,,,,,
2025-11-25 02:00:00,JC,,,,,,,
2025-11-25 03:00:00,JC,,,,,,,
2025-11-25 04:00:00,JC,,,,,,,
2025-11-25 05:00:00,JC,,,,,,,
2025-11-25 06:00:00,JC,7.0,3.6,79.0,,13.0,1016.3,
2025-11-25 07:00:00,JC,,,,,,,
2025-11-25 08:00:00,JC,,,,,,,
2025-11-25 09:00:00,JC,,,,,,,
2025-11-25 10:00:00,JC,,,,,,,
2025-11-25 11:00:00,JC,,,,,,,
2025-11-25 12:00:00,JC,7.1,1.6,68.0,,8.3,1017.3,
2025-11-25 13:00:00,JC,,,,,,,
2025-11-25 14:00:00,JC,,,,,,,
2025-11-25 15:00:00,JC,,,,,,,
2025-11-25 16:00:00,JC,,,,,,,
2025-11-25 17:00:00,JC,,,,,,,
2025-11-25 18:00:00,JC,13.2,4.6,56.0,,11.2,1017.1,
2025-11-25 19:00:00,JC,,,,,,,
2025-11-25 20:00:00,JC,,,,,,,
2025-11-25 21:00:00,JC,,,,,,,
2025-11-25 22:00:00,JC,,,,,,,
2025-11-25 23:00:00,JC,,,,,,,
2025-11-26 00:00:00,JC,6.4,1.3,70.0,,9.0,1020.4,
2025-11-26 01:00:00,JC,,,,,,,
2025-11-26 02:00:00,JC,,,,,,,
2025-11-26 03:00:00,JC,,,,,,,
2025-11-26 04:00:00,JC,,,,,,,
2025-11-26 05:00:00,JC,,,,,,,
2025-11-26 06:00:00,JC,2.9,-0.9,76.0,,9.4,1021.9,
2025-11-26 07:00:00,JC,,,,,,,
2025-11-26 08:00:00,JC,,,,,,,
2025-11-26 09:00:00,JC,,,,,,,
2025-11-26 10:00:00,JC,,,,,,,
2025-11-26 11:00:00,JC,,,,,,,
2025-11-26 12:00:00,JC,2.4,-1.4,76.0,,13.3,1024.0,
2025-11-26 13:00:00,JC,,,,,,,
2025-11-26 14:00:00,JC,,,,,,,
2025-11-26 15:00:00,JC,,,,,,,
2025-11-26 16:00:00,JC,,,,,,,
2025-11-26 17:00:00,JC,,,,,,,
2025-11-26 18:00:00,JC,7.8,-3.1,46.0,,13.3,1024.2,
2025-11-26 19:00:00,JC,,,,,,,
2025-11-26 20:00:00,JC,,,,,,,
2025-11-26 21:00:00,JC,,,,,,,
2025-11-26 22:00:00,JC,,,,,,,
2025-11-26 23:00:00,JC,,,,,,,
2025-11-27 00:00:00,JC,3.3,-5.4,53.0,,10.1,1026.1,
2025-11-01 00:00:00,ME,13.0,1.6,46.0,0.0,26.0,1005.0,1.0
2025-11-01 01:00:00,ME,13.0,2.5,49.0,0.0,17.0,1006.0,1.0
2025-11-01 02:00:00,ME,11.0,1.3,51.0,0.0,24.0,1007.0,1.0
2025-11-01 03:00:00,ME,11.0,1.8,53.0,0.0,32.0,1008.0,1.0
2025-11-01 04:00:00,ME,11.0,1.3,51.0,0.0,28.0,1008.0,2.0
2025-11-01 05:00:00,ME,11.0,1.3,51.0,0.0,17.0,1009.0,2.0
2025-11-01 06:00:00,ME,13.0,4.4,56.0,0.0,13.0,1009.0,2.0
2025-11-01 07:00:00,ME,11.0,2.6,56.0,0.0,13.0,1010.0,1.0
2025-11-01 08:00:00,ME,11.0,2.8,57.0,0.0,9.0,1010.0,1.0
2025-11-01 09:00:00,ME,10.0,0.9,53.0,0.0,15.0,1011.0,1.0
2025-11-01 10:00:00,ME,10.0,1.1,54.0,0.0,13.0,1012.0,2.0
2025-11-01 11:00:00,ME,10.0,1.6,56.0,0.0,7.0,1013.0,3.0
2025-11-01 12:00:00,ME,10.0,1.6,56.0,0.0,7.0,1014.0,2.0
2025-11-01 13:00:00,ME,12.0,1.9,50.0,0.0,13.0,1014.0,2.0
2025-11-01 14:00:00,ME,13.0,1.0,44.0,0.0,13.0,1015.0,3.0
2025-11-01 15:00:00,ME,15.0,1.5,40.0,0.0,26.0,1015.0,2.0
2025-11-01 16:00:00,ME,15.0,1.5,40.0,0.0,20.0,1015.0,3.0
2025-11-01 17:00:00,ME,14.0,1.6,43.0,0.0,9.0,1015.0,3.0
2025-11-01 18:00:00,ME,15.0,1.9,41.0,0.0,6.0,1015.0,3.0
2025-11-01 19:00:00,ME,15.0,1.5,40.0,0.0,15.0,1015.0,3.0
2025-11-01 20:00:00,ME,15.0,0.4,37.0,0.0,13.0,1016.0,3.0
2025-11-01 21:00:00,ME,14.0,1.0,41.0,0.0,0.0,1016.0,3.0
2025-11-01 22:00:00,ME,10.0,3.9,66.0,0.0,0.0,1017.0,3.0
2025-11-01 23:00:00,ME,8.0,3.1,71.0,0.0,6.0,1018.0,3.0
2025-11-02 00:00:00,ME,12.0,1.0,47.0,0.0,11.0,1018.0,3.0
2025-11-02 01:00:00,ME,7.0,4.0,81.0,0.0,0.0,1019.0,3.0
2025-11-02 02:00:00,ME,7.0,4.8,86.0,0.0,0.0,1020.0,3.0
2025-11-02 03:00:00,ME,9.0,3.2,67.0,0.0,9.0,1020.0,3.0
2025-11-02 04:00:00,ME,5.0,4.0,93.0,0.0,0.0,1021.0,3.0
2025-11-02 05:00:00,ME,3.0,2.6,97.0,0.0,0.0,1021.0,3.0
2025-11-02 06:00:00,ME,3.0,2.6,97.0,0.0,0.0,1021.0,3.0
2025-11-02 07:00:00,ME,3.0,2.7,98.0,0.0,0.0,1022.0,3.0
2025-11-02 08:00:00,ME,2.0,1.7,98.0,0.0,0.0,1022.0,3.0
2025-11-02 09:00:00,ME,1.0,0.7,98.0,0.0,0.0,1023.0,3.0
2025-11-02 10:00:00,ME,2.0,1.7,98.0,0.0,0.0,1023.0,2.0
2025-11-02 11:00:00,ME,2.0,1.7,98.0,0.0,0.0,1024.0,3.0
2025-11-02 12:00:00,ME,3.0,2.7,98.0,0.0,0.0,1025.0,3.0
2025-11-02 13:00:00,ME,8.0,5.5,84.0,0.0,0.0,1026.0,3.0
2025-11-02 14:00:00,ME,12.0,4.9,62.0,0.0,0.0,1025.0,2.0
2025-11-02 15:00:00,ME,14.0,2.9,47.0,0.0,6.0,1026.0,3.0
2025-11-02 16:00:00,ME,15.0,3.5,46.0,0.0,7.0,1025.0,3.0
2025-11-02 17:00:00,ME,16.0,3.1,42.0,0.0,11.0,1024.0,3.0
2025-11-02 18:00:00,ME,17.0,2.9,39.0,0.0,11.0,1023.0,1.0
2025-11-02 19:00:00,ME,17.0,2.2,37.0,0.0,15.0,1023.0,1.0
2025-11-02 20:00:00,ME,16.0,2.8,41.0,0.0,9.0,1023.0,1.0
2025-11-02 21:00:00,ME,16.0,2.8,41.0,0.0,6.0,1023.0,1.0
2025-11-02 22:00:00,ME,10.0,5.4,73.0,0.0,0.0,1023.0,1.0
2025-11-02 23:00:00,ME,9.0,5.2,77.0,0.0,0.0,1023.0,2.0
2025-11-03 00:00:00,ME,9.0,5.9,81.0,0.0,0.0,1024.0,3.0
2025-11-03 01:00:00,ME,9.0,6.3,83.0,0.0,0.0,1024.0,3.0
2025-11-03 02:00:00,ME,7.0,5.3,89.0,0.0,0.0,1024.0,3.0
2025-11-03 03:00:00,ME,6.0,5.1,94.0,0.0,0.0,1023.0,3.0
2025-11-03 04:00:00,ME,5.0,4.6,97.0,0.0,0.0,1023.0,3.0
2025-11-03 05:00:00,ME,3.0,2.7,98.0,0.0,0.0,1023.0,3.0
2025-11-03 06:00:00,ME,4.0,3.6,97.0,0.0,0.0,1023.0,2.0
2025-11-03 07:00:00,ME,4.0,3.7,98.0,0.0,0.0,1022.0,3.0
2025-11-03 08:00:00,ME,4.0,3.7,98.0,0.0,0.0,1022.0,3.0
2025-11-03 09:00:00,ME,4.0,3.7,98.0,0.0,0.0,1022.0,3.0
2025-11-03 10:00:00,ME,5.0,4.6,97.0,0.0,0.0,1021.0,3.0
2025-11-03 11:00:00,ME,5.0,4.7,98.0,0.0,0.0,1021.0,3.0
2025-11-03 12:00:00,ME,6.0,5.7,98.0,0.0,0.0,1021.0,3.0
2025-11-03 13:00:00,ME,9.0,6.8,86.0,0.0,0.0,1021.0,3.0
2025-11-03 14:00:00,ME,13.0,8.1,72.0,0.0,0.0,1020.0,3.0
2025-11-03 15:00:00,ME,14.0,8.6,70.0,0.0,9.0,1018.0,1.0
2025-11-03 16:00:00,ME,16.0,9.0,63.0,0.0,19.0,1017.0,1.0
2025-11-03 17:00:00,ME,17.0,7.1,52.0,0.0,17.0,1015.0,1.0
2025-11-03 18:00:00,ME,19.0,5.1,40.0,0.0,17.0,1013.0,1.0
2025-11-03 19:00:00,ME,17.0,3.3,40.0,0.0,24.0,1012.0,1.0
2025-11-03 20:00:00,ME,17.0,3.3,40.0,0.0,17.0,1012.0,3.0
2025-11-03 21:00:00,ME,16.0,2.0,39.0,0.0,22.0,1012.0,3.0
2025-11-03 22:00:00,ME,16.0,-0.3,33.0,0.0,26.0,1013.0,3.0
2025-11-03 23:00:00,ME,16.0,0.5,35.0,0.0,32.0,1015.0,2.0
2025-11-04 00:00:00,ME,14.0,-0.1,38.0,0.0,30.0,1014.0,3.0
2025-11-04 01:00:00,ME,13.0,0.4,42.0,0.0,28.0,1015.0,2.0
2025-11-04 02:00:00,ME,13.0,1.0,44.0,0.0,22.0,1015.0,1.0
2025-11-04 03:00:00,ME,12.0,1.6,49.0,0.0,17.0,1015.0,1.0
2025-11-04 04:00:00,ME,13.0,1.6,46.0,0.0,22.0,1015.0,1.0
2025-11-04 05:00:00,ME,12.0,0.7,46.0,0.0,30.0,1016.0,1.0
2025-11-04 06:00:00,ME,12.0,-0.2,43.0,0.0,20.0,1016.0,1.0
2025-11-04 07:00:00,ME,11.0,-1.7,41.0,0.0,9.0,1017.0,1.0
2025-11-04 08:00:00,ME,11.0,-2.1,40.0,0.0,20.0,1017.0,1.0
2025-11-04 09:00:00,ME,11.0,-2.1,40.0,0.0,17.0,1018.0,1.0
2025-11-04 10:00:00,ME,11.0,-1.7,41.0,0.0,13.0,1019.0,1.0
2025-11-04 11:00:00,ME,11.0,-0.8,44.0,0.0,13.0,1020.0,1.0
2025-11-04 12:00:00,ME,12.0,-0.5,42.0,0.0,19.0,1021.0,1.0
2025-11-04 13:00:00,ME,12.0,-1.2,40.0,0.0,17.0,1021.0,1.0
2025-11-04 14:00:00,ME,13.0,-3.3,32.0,0.0,17.0,1022.0,1.0
2025-11-04 15:00:00,ME,14.0,-5.7,25.0,0.0,24.0,1021.0,3.0
2025-11-04 16:00:00,ME,16.0,-5.7,22.0,0.0,11.0,1021.0,3.0
2025-11-04 17:00:00,ME,17.0,-4.9,22.0,0.0,24.0,1020.0,2.0
2025-11-04 18:00:00,ME,17.0,-6.8,19.0,0.0,26.0,1019.0,1.0
2025-11-04 19:00:00,ME,17.0,-8.2,17.0,0.0,30.0,1019.0,1.0
2025-11-04 20:00:00,ME,17.0,-8.2,17.0,0.0,11.0,1019.0,1.0
2025-11-04 21:00:00,ME,16.0,-7.6,19.0,0.0,13.0,1020.0,1.0
2025-11-04 22:00:00,ME,14.0,-5.7,25.0,0.0,6.0,1021.0,1.0
2025-11-04 23:00:00,ME,11.0,-3.9,35.0,0.0,6.0,1021.0,1.0
2025-11-05 00:00:00,ME,10.0,-2.6,41.0,0.0,6.0,1021.0,1.0
2025-11-05 01:00:00,ME,10.0,-3.3,39.0,0.0,6.0,1021.0,1.0
2025-11-05 02:00:00,ME,10.0,-4.4,36.0,0.0,7.0,1022.0,1.0
2025-11-05 03:00:00,ME,8.0,-4.1,42.0,0.0,7.0,1022.0,1.0
2025-11-05 04:00:00,ME,4.0,-0.8,71.0,0.0,6.0,1022.0,1.0
2025-11-05 05:00:00,ME,4.0,0.3,77.0,0.0,0.0,1021.0,1.0
2025-11-05 06:00:00,ME,4.0,-0.8,71.0,0.0,0.0,1021.0,1.0
2025-11-05 07:00:00,ME,3.0,-0.3,79.0,0.0,0.0,1021.0,1.0
2025-11-05 08:00:00,ME,2.0,-0.4,84.0,0.0,0.0,1020.0,1.0
2025-11-05 09:00:00,ME,3.0,0.7,85.0,0.0,0.0,1020.0,1.0
2025-11-05 10:00:00,ME,4.0,2.0,87.0,0.0,0.0,1020.0,1.0
2025-11-05 11:00:00,ME,3.0,0.9,86.0,0.0,0.0,1019.0,2.0
2025-11-05 12:00:00,ME,5.0,1.7,79.0,0.0,0.0,1018.0,2.0
2025-11-05 13:00:00,ME,9.0,-0.3,52.0,0.0,0.0,1017.0,1.0
2025-11-05 14:00:00,ME,11.0,-3.5,36.0,0.0,0.0,1015.0,1.0
2025-11-05 15:00:00,ME,13.0,-3.3,32.0,0.0,0.0,1014.0,1.0
2025-11-05 16:00:00,ME,17.0,-2.1,27.0,0.0,13.0,1011.0,1.0
2025-11-05 17:00:00,ME,20.0,-1.2,24.0,0.0,32.0,1009.0,1.0
2025-11-05 18:00:00,ME,20.0,-0.6,25.0,0.0,30.0,1007.0,2.0
2025-11-05 19:00:00,ME,20.0,-0.1,26.0,0.0,24.0,1006.0,3.0
2025-11-05 20:00:00,ME,19.0,1.0,30.0,0.0,19.0,1005.0,3.0
2025-11-05 21:00:00,ME,18.0,1.9,34.0,0.0,17.0,1004.0,3.0
2025-11-05 22:00:00,ME,17.0,2.6,38.0,0.0,13.0,1004.0,3.0
2025-11-05 23:00:00,ME,20.0,5.6,39.0,0.0,15.0,1003.0,3.0
2025-11-06 00:00:00,ME,21.0,7.2,41.0,0.0,50.0,1003.0,3.0
2025-11-06 01:00:00,ME,20.0,7.0,43.0,0.1,32.0,1003.0,3.0
2025-11-06 02:00:00,ME,15.0,11.0,77.0,0.0,39.0,1005.0,8.0
2025-11-06 03:00:00,ME,13.0,2.5,49.0,0.2,35.0,1009.0,7.0
2025-11-06 04:00:00,ME,12.0,2.2,51.0,0.0,28.0,1010.0,2.0
2025-11-06 05:00:00,ME,11.0,2.3,55.0,0.0,35.0,1012.0,1.0
2025-11-06 06:00:00,ME,10.0,1.4,55.0,0.0,17.0,1013.0,1.0
2025-11-06 07:00:00,ME,9.0,0.4,55.0,0.0,15.0,1014.0,1.0
2025-11-06 08:00:00,ME,9.0,0.4,55.0,0.0,13.0,1015.0,1.0
2025-11-06 09:00:00,ME,5.7,-0.4,65.0,0.0,24.5,1014.9,1.0
2025-11-06 10:00:00,ME,8.0,-2.1,49.0,0.0,17.0,1016.0,1.0
2025-11-06 11:00:00,ME,8.0,-2.1,49.0,0.0,22.0,1017.0,1.0
2025-11-06 12:00:00,ME,9.0,-0.9,50.0,0.0,22.0,1018.0,1.0
2025-11-06 13:00:00,ME,10.0,-0.5,48.0,0.0,24.0,1019.0,1.0
2025-11-06 14:00:00,ME,10.0,-0.8,47.0,0.0,9.0,1019.0,1.0
2025-11-06 15:00:00,ME,10.0,-1.4,45.0,0.0,24.0,1020.0,1.0
2025-11-06 16:00:00,ME,10.0,-2.0,43.0,0.0,20.0,1020.0,2.0
2025-11-06 17:00:00,ME,12.0,-3.4,34.0,0.0,19.0,1019.0,3.0
2025-11-06 18:00:00,ME,13.0,-2.1,35.0,0.0,9.0,1019.0,2.0
2025-11-06 19:00:00,ME,12.0,-3.0,35.0,0.0,13.0,1019.0,2.0
2025-11-06 20:00:00,ME,11.0,-3.1,37.0,0.0,11.0,1019.0,3.0
2025-11-06 21:00:00,ME,11.0,-2.4,39.0,0.0,11.0,1020.0,3.0
2025-11-06 22:00:00,ME,8.0,-0.7,54.0,0.0,6.0,1020.0,3.0
2025-11-06 23:00:00,ME,5.0,0.6,73.0,0.0,0.0,1020.0,2.0
2025-11-07 00:00:00,ME,4.0,0.2,76.0,0.0,0.0,1020.0,3.0
2025-11-07 01:00:00,ME,3.0,0.9,86.0,0.0,0.0,1021.0,3.0
2025-11-07 02:00:00,ME,1.0,-0.3,91.0,0.0,0.0,1021.0,2.0
2025-11-07 03:00:00,ME,1.0,-0.0,93.0,0.0,0.0,1021.0,2.0
2025-11-07 04:00:00,ME,1.0,-0.2,92.0,0.0,0.0,1020.0,5.0
2025-11-07 05:00:00,ME,0.0,-0.6,96.0,0.0,0.0,1020.0,5.0
2025-11-07 06:00:00,ME,0.0,-0.6,96.0,0.0,0.0,1019.0,5.0
2025-11-07 07:00:00,ME,-1.0,-1.4,97.0,0.0,0.0,1019.0,5.0
2025-11-07 08:00:00,ME,1.0,-0.9,87.0,0.0,0.0,1019.0,5.0
2025-11-07 09:00:00,ME,-2.0,-2.3,98.0,0.0,0.0,1018.0,5.0
2025-11-07 10:00:00,ME,-1.0,-1.4,97.0,0.0,0.0,1018.0,5.0
2025-11-07 11:00:00,ME,0.0,-1.0,93.0,0.0,7.0,1017.0,3.0
2025-11-07 12:00:00,ME,2.0,0.2,88.0,0.0,6.0,1016.0,3.0
2025-11-07 13:00:00,ME,5.0,1.3,77.0,0.0,6.0,1016.0,3.0
2025-11-07 14:00:00,ME,8.0,2.0,66.0,0.0,0.0,1015.0,3.0
2025-11-07 15:00:00,ME,12.0,1.9,50.0,0.0,0.0,1013.0,3.0
2025-11-07 16:00:00,ME,15.0,1.2,39.0,0.0,30.0,1011.0,3.0
2025-11-07 17:00:00,ME,15.0,1.9,41.0,0.0,17.0,1009.0,3.0
2025-11-07 18:00:00,ME,15.0,1.2,39.0,0.0,22.0,1008.0,3.0
2025-11-07 19:00:00,ME,15.0,1.9,41.0,0.0,15.0,1007.0,3.0
2025-11-07 20:00:00,ME,14.0,2.6,46.0,0.0,11.0,1006.0,3.0
2025-11-07 21:00:00,ME,14.0,4.3,52.0,0.0,6.0,1006.0,3.0
2025-11-07 22:00:00,ME,13.0,4.4,56.0,0.0,6.0,1005.0,3.0
2025-11-07 23:00:00,ME,12.0,4.9,62.0,0.0,0.0,1005.0,3.0
2025-11-08 00:00:00,ME,11.0,5.9,71.0,0.0,0.0,1005.0,8.0
2025-11-08 01:00:00,ME,10.0,9.7,98.0,0.0,0.0,1005.0,9.0
2025-11-08 02:00:00,ME,10.0,10.0,100.0,0.0,0.0,1004.0,8.0
2025-11-08 03:00:00,ME,10.0,9.1,94.0,0.0,0.0,1004.0,8.0
2025-11-08 04:00:00,ME,10.0,9.1,94.0,0.0,0.0,1004.0,7.0
2025-11-08 05:00:00,ME,10.0,10.0,100.0,0.0,0.0,1004.0,8.0
2025-11-08 06:00:00,ME,11.0,10.1,94.0,0.0,0.0,1004.0,5.0
2025-11-08 07:00:00,ME,12.0,12.0,100.0,0.0,0.0,1004.0,5.0
2025-11-08 08:00:00,ME,10.0,10.0,100.0,0.0,0.0,1004.0,5.0
2025-11-08 09:00:00,ME,10.0,9.1,94.0,0.0,0.0,1004.0,5.0
2025-11-08 10:00:00,ME,9.0,8.1,94.0,0.0,0.0,1004.0,5.0
2025-11-08 11:00:00,ME,8.0,8.0,100.0,0.0,0.0,1005.0,5.0
2025-11-08 12:00:00,ME,8.0,8.0,100.0,0.0,11.0,1006.0,5.0
2025-11-08 13:00:00,ME,14.0,12.4,90.0,0.0,15.0,1008.0,1.0
2025-11-08 14:00:00,ME,18.0,11.3,65.0,0.0,13.0,1008.0,1.0
2025-11-08 15:00:00,ME,18.0,7.7,51.0,0.0,13.0,1008.0,1.0
2025-11-08 16:00:00,ME,18.0,6.8,48.0,0.0,19.0,1008.0,1.0
2025-11-08 17:00:00,ME,18.0,6.5,47.0,0.0,13.0,1008.0,1.0
2025-11-08 18:00:00,ME,19.0,7.1,46.0,0.0,13.0,1008.0,1.0
2025-11-08 19:00:00,ME,20.0,7.0,43.0,0.0,0.0,1008.0,1.0
2025-11-08 20:00:00,ME,17.0,7.3,53.0,0.0,6.0,1009.0,3.0
2025-11-08 21:00:00,ME,15.0,9.6,70.0,0.0,0.0,1009.0,3.0
2025-11-08 22:00:00,ME,14.0,10.4,79.0,0.0,0.0,1009.0,3.0
2025-11-08 23:00:00,ME,12.0,9.7,86.0,0.0,0.0,1010.0,3.0
2025-11-09 00:00:00,ME,11.0,9.7,92.0,0.0,6.0,1010.0,3.0
2025-11-09 01:00:00,ME,9.0,8.4,96.0,0.0,0.0,1010.0,3.0
2025-11-09 02:00:00,ME,10.0,8.9,93.0,0.0,0.0,1010.0,2.0
2025-11-09 03:00:00,ME,10.0,9.1,94.0,0.0,0.0,1010.0,2.0
2025-11-09 04:00:00,ME,9.0,8.5,97.0,0.0,0.0,1010.0,3.0
2025-11-09 05:00:00,ME,9.0,8.7,98.0,0.0,0.0,1010.0,3.0
2025-11-09 06:00:00,ME,8.0,7.7,98.0,0.0,6.0,1010.0,3.0
2025-11-09 07:00:00,ME,8.0,7.7,98.0,0.0,0.0,1010.0,3.0
2025-11-09 08:00:00,ME,8.0,7.7,98.0,0.0,0.0,1010.0,3.0
2025-11-09 09:00:00,ME,7.0,6.7,98.0,0.0,0.0,1010.0,2.0
2025-11-09 10:00:00,ME,7.0,6.7,98.0,0.0,0.0,1010.0,2.0
2025-11-09 11:00:00,ME,7.0,6.7,98.0,0.0,0.0,1010.0,3.0
2025-11-09 12:00:00,ME,7.0,7.0,100.0,0.0,4.0,1009.0,3.0
2025-11-09 13:00:00,ME,11.0,9.7,92.0,0.0,6.0,1009.0,3.0
2025-11-09 14:00:00,ME,11.0,10.1,94.0,0.0,7.0,1009.0,3.0
2025-11-09 15:00:00,ME,13.0,10.0,82.0,0.0,9.0,1008.0,3.0
2025-11-09 16:00:00,ME,12.0,11.1,94.0,0.0,9.0,1007.0,25.0
2025-11-09 17:00:00,ME,11.0,11.0,100.0,0.0,9.0,1006.0,3.0
2025-11-09 18:00:00,ME,12.0,12.0,100.0,3.6,6.0,1005.0,9.0
2025-11-09 19:00:00,ME,13.0,13.0,100.0,0.0,7.0,1005.0,8.0
2025-11-09 20:00:00,ME,13.0,13.0,100.0,0.0,0.0,1005.0,8.0
2025-11-09 21:00:00,ME,13.0,12.7,98.0,0.5,0.0,1005.0,8.0
2025-11-09 22:00:00,ME,13.0,12.7,98.0,0.0,0.0,1005.0,5.0
2025-11-09 23:00:00,ME,12.0,12.0,100.0,0.0,0.0,1006.0,5.0
2025-11-10 00:00:00,ME,13.0,12.1,94.0,0.0,0.0,1006.0,5.0
2025-11-10 01:00:00,ME,12.0,12.0,100.0,0.0,0.0,1006.0,5.0
2025-11-10 02:00:00,ME,12.0,11.1,94.0,0.0,7.0,1006.0,5.0
2025-11-10 03:00:00,ME,12.0,12.0,100.0,0.0,9.0,1006.0,3.0
2025-11-10 04:00:00,ME,12.0,9.0,82.0,0.0,22.0,1007.0,3.0
2025-11-10 05:00:00,ME,13.0,10.0,82.0,0.0,15.0,1007.0,3.0
2025-11-10 06:00:00,ME,11.0,6.3,73.0,0.2,11.0,1006.0,7.0
2025-11-10 07:00:00,ME,10.0,5.4,73.0,0.2,20.0,1006.0,7.0
2025-11-10 08:00:00,ME,9.0,3.4,68.0,0.1,11.0,1006.0,7.0
2025-11-10 09:00:00,ME,8.0,2.2,67.0,0.0,6.0,1006.0,3.0
2025-11-10 10:00:00,ME,7.0,1.9,70.0,0.0,11.0,1007.0,2.0
2025-11-10 11:00:00,ME,6.0,0.7,69.0,0.0,17.0,1007.0,2.0
2025-11-10 12:00:00,ME,7.0,1.3,67.0,0.0,15.0,1007.0,1.0
2025-11-10 13:00:00,ME,8.0,0.9,61.0,0.0,15.0,1007.0,2.0
2025-11-10 14:00:00,ME,7.0,1.3,67.0,0.0,19.0,1007.0,3.0
2025-11-10 15:00:00,ME,6.0,1.9,75.0,0.0,20.0,1007.0,3.0
2025-11-10 16:00:00,ME,6.0,0.9,70.0,0.0,32.0,1007.0,3.0
2025-11-10 17:00:00,ME,5.0,-0.4,68.0,0.0,39.0,1006.0,3.0
2025-11-10 18:00:00,ME,5.0,-1.2,64.0,0.0,17.0,1006.0,3.0
2025-11-10 19:00:00,ME,5.0,-1.9,61.0,0.0,17.0,1006.0,3.0
2025-11-10 20:00:00,ME,5.0,-4.3,51.0,0.0,24.0,1007.0,3.0
2025-11-10 21:00:00,ME,4.0,-5.2,51.0,0.0,26.0,1008.0,3.0
2025-11-10 22:00:00,ME,4.0,-5.7,49.0,0.0,20.0,1008.0,3.0
2025-11-10 23:00:00,ME,4.0,-6.3,47.0,0.0,24.0,1008.0,3.0
2025-11-11 00:00:00,ME,3.0,-9.0,41.0,0.0,24.0,1009.0,3.0
2025-11-11 01:00:00,ME,2.0,-8.1,47.0,0.0,15.0,1009.0,3.0
2025-11-11 02:00:00,ME,1.0,-9.3,46.0,0.0,20.0,1009.0,3.0
2025-11-11 03:00:00,ME,1.0,-8.2,50.0,0.0,19.0,1009.0,3.0
2025-11-11 04:00:00,ME,0.0,-8.2,54.0,0.0,15.0,1009.0,2.0
2025-11-11 05:00:00,ME,0.0,-7.7,56.0,0.0,9.0,1008.0,1.0
2025-11-11 06:00:00,ME,0.0,-4.6,71.0,0.0,11.0,1009.0,1.0
2025-11-11 07:00:00,ME,0.0,-5.0,69.0,0.0,20.0,1008.0,1.0
2025-11-11 08:00:00,ME,1.0,-5.0,64.0,0.0,19.0,1008.0,2.0
2025-11-11 09:00:00,ME,1.0,-5.9,60.0,0.0,28.0,1008.0,3.0
2025-11-11 10:00:00,ME,0.0,-6.0,64.0,0.0,24.0,1009.0,3.0
2025-11-11 11:00:00,ME,0.0,-6.0,64.0,0.0,28.0,1009.0,3.0
2025-11-11 12:00:00,ME,0.0,-7.0,59.0,0.0,28.0,1009.0,3.0
2025-11-11 13:00:00,ME,1.0,-8.2,50.0,0.0,35.0,1009.0,3.0
2025-11-11 14:00:00,ME,2.0,-9.0,44.0,0.0,33.0,1010.0,3.0
2025-11-11 15:00:00,ME,4.0,-8.1,41.0,0.0,43.0,1010.0,3.0
2025-11-11 16:00:00,ME,5.0,-6.8,42.0,0.0,41.0,1010.0,3.0
2025-11-11 17:00:00,ME,5.0,-5.7,46.0,0.0,26.0,1010.0,3.0
2025-11-11 18:00:00,ME,5.0,-5.9,45.0,0.0,32.0,1010.0,3.0
2025-11-11 19:00:00,ME,5.0,-5.9,45.0,0.0,28.0,1010.0,3.0
2025-11-11 20:00:00,ME,5.0,-6.2,44.0,0.0,30.0,1011.0,3.0
2025-11-11 21:00:00,ME,4.0,-5.5,50.0,0.0,32.0,1012.0,3.0
2025-11-11 22:00:00,ME,4.0,-5.0,52.0,0.0,20.0,1013.0,3.0
2025-11-11 23:00:00,ME,4.0,-5.2,51.0,0.0,15.0,1013.0,2.0
2025-11-12 00:00:00,ME,3.0,-5.4,54.0,0.0,15.0,1013.0,1.0
2025-11-12 01:00:00,ME,2.0,-5.2,59.0,0.0,20.0,1014.0,2.0
2025-11-12 02:00:00,ME,2.0,-5.4,58.0,0.0,19.0,1014.0,3.0
2025-11-12 03:00:00,ME,2.0,-5.6,57.0,0.0,13.0,1013.0,3.0
2025-11-12 04:00:00,ME,2.0,-4.9,60.0,0.0,9.0,1013.0,3.0
2025-11-12 05:00:00,ME,2.0,-4.9,60.0,0.0,7.0,1013.0,3.0
2025-11-12 06:00:00,ME,2.0,-3.9,65.0,0.0,6.0,1012.0,3.0
2025-11-12 07:00:00,ME,2.0,-3.3,68.0,0.0,0.0,1012.0,3.0
2025-11-12 08:00:00,ME,2.0,-1.6,77.0,0.0,0.0,1011.0,3.0
2025-11-12 09:00:00,ME,1.0,-1.4,84.0,0.0,0.0,1010.0,3.0
2025-11-12 10:00:00,ME,1.0,-2.2,79.0,0.0,0.0,1010.0,3.0
2025-11-12 11:00:00,ME,1.0,-2.7,76.0,0.0,0.0,1010.0,3.0
2025-11-12 12:00:00,ME,2.0,-0.6,83.0,0.0,0.0,1010.0,3.0
2025-11-12 13:00:00,ME,3.0,-4.4,58.0,0.0,9.0,1009.0,3.0
2025-11-12 14:00:00,ME,5.0,-3.8,53.0,0.0,9.0,1009.0,3.0
2025-11-12 15:00:00,ME,6.0,-4.2,48.0,0.0,11.0,1008.0,3.0
2025-11-12 16:00:00,ME,9.0,-2.9,43.0,0.0,17.0,1007.0,3.0
2025-11-12 17:00:00,ME,7.2,-2.5,50.0,0.0,19.4,1007.9,3.0
2025-11-12 18:00:00,ME,11.0,-1.1,43.0,0.0,19.0,1006.0,3.0
2025-11-12 19:00:00,ME,12.0,1.0,47.0,0.0,17.0,1006.0,3.0
2025-11-12 20:00:00,ME,11.0,0.7,49.0,0.0,11.0,1006.0,3.0
2025-11-12 21:00:00,ME,11.0,0.7,49.0,0.0,20.0,1007.0,3.0
2025-11-12 22:00:00,ME,11.0,1.3,51.0,0.0,17.0,1008.0,3.0
2025-11-12 23:00:00,ME,11.0,1.5,52.0,0.0,22.0,1009.0,3.0
2025-11-13 00:00:00,ME,10.0,0.6,52.0,0.0,19.0,1009.0,2.0
2025-11-13 01:00:00,ME,10.0,1.4,55.0,0.0,7.0,1009.0,3.0
2025-11-13 02:00:00,ME,9.0,0.9,57.0,0.0,11.0,1010.0,1.0
2025-11-13 03:00:00,ME,9.0,-0.1,53.0,0.0,17.0,1010.0,1.0
2025-11-13 04:00:00,ME,9.0,-0.9,50.0,0.0,15.0,1011.0,2.0
2025-11-13 05:00:00,ME,9.0,-1.4,48.0,0.0,11.0,1011.0,2.0
2025-11-13 06:00:00,ME,8.0,-1.8,50.0,0.0,9.0,1011.0,2.0
2025-11-13 07:00:00,ME,8.0,-1.3,52.0,0.0,17.0,1012.0,1.0
2025-11-13 08:00:00,ME,9.0,-0.9,50.0,0.0,26.0,1012.0,3.0
2025-11-13 09:00:00,ME,7.0,-1.7,54.0,0.0,17.0,1012.0,3.0
2025-11-13 10:00:00,ME,7.0,-1.4,55.0,0.0,20.0,1013.0,1.0
2025-11-13 11:00:00,ME,6.0,-0.7,62.0,0.0,9.0,1013.0,3.0
2025-11-13 12:00:00,ME,6.0,-0.5,63.0,0.0,11.0,1013.0,1.0
2025-11-13 13:00:00,ME,9.0,-1.4,48.0,0.0,24.0,1014.0,2.0
2025-11-13 14:00:00,ME,10.0,-3.3,39.0,0.0,37.0,1014.0,3.0
2025-11-13 15:00:00,ME,10.0,-3.7,38.0,0.0,24.0,1014.0,2.0
2025-11-13 16:00:00,ME,11.0,-3.9,35.0,0.0,37.0,1014.0,3.0
2025-11-13 17:00:00,ME,10.0,-5.1,34.0,0.0,32.0,1014.0,2.0
2025-11-13 18:00:00,ME,11.0,-5.1,32.0,0.0,32.0,1014.0,3.0
2025-11-13 19:00:00,ME,11.0,-5.9,30.0,0.0,32.0,1015.0,3.0
2025-11-13 20:00:00,ME,11.0,-5.1,32.0,0.0,20.0,1015.0,2.0
2025-11-13 21:00:00,ME,11.0,-4.7,33.0,0.0,13.0,1016.0,2.0
2025-11-13 22:00:00,ME,9.0,-5.3,36.0,0.0,7.0,1016.0,1.0
2025-11-13 23:00:00,ME,5.0,-3.5,54.0,0.0,6.0,1016.0,1.0
2025-11-14 00:00:00,ME,9.0,-4.9,37.0,0.0,11.0,1017.0,1.0
2025-11-14 01:00:00,ME,9.0,-4.6,38.0,0.0,6.0,1017.0,1.0
2025-11-14 02:00:00,ME,9.0,-3.9,40.0,0.0,20.0,1017.0,2.0
2025-11-14 03:00:00,ME,3.3,-3.9,59.0,0.0,13.7,1018.6,2.0
2025-11-14 04:00:00,ME,8.0,-2.6,47.0,0.0,13.0,1018.0,3.0
2025-11-14 05:00:00,ME,7.0,-2.7,50.0,0.0,11.0,1018.0,1.0
2025-11-14 06:00:00,ME,7.0,-2.7,50.0,0.0,11.0,1018.0,1.0
2025-11-14 07:00:00,ME,7.0,-2.7,50.0,0.0,19.0,1018.0,1.0
2025-11-14 08:00:00,ME,5.0,-3.5,54.0,0.0,7.0,1019.0,1.0
2025-11-14 09:00:00,ME,4.0,-2.2,64.0,0.0,6.0,1019.0,1.0
2025-11-14 10:00:00,ME,2.0,-2.5,72.0,0.0,0.0,1020.0,1.0
2025-11-14 11:00:00,ME,3.0,-2.1,69.0,0.0,7.0,1020.0,1.0
2025-11-14 12:00:00,ME,4.0,-2.2,64.0,0.0,9.0,1020.0,1.0
2025-11-14 13:00:00,ME,8.0,-1.5,51.0,0.0,15.0,1020.0,1.0
2025-11-14 14:00:00,ME,9.0,-2.3,45.0,0.0,15.0,1020.0,3.0
2025-11-14 15:00:00,ME,10.0,-2.0,43.0,0.0,24.0,1020.0,3.0
2025-11-14 16:00:00,ME,11.0,-2.4,39.0,0.0,15.0,1019.0,2.0
2025-11-14 17:00:00,ME,12.0,-3.0,35.0,0.0,19.0,1018.0,3.0
2025-11-14 18:00:00,ME,14.0,-1.6,34.0,0.0,15.0,1017.0,3.0
2025-11-14 19:00:00,ME,11.0,-4.7,33.0,0.0,15.0,1017.0,3.0
2025-11-14 20:00:00,ME,11.0,-3.1,37.0,0.0,17.0,1017.0,3.0
2025-11-14 21:00:00,ME,10.0,-2.0,43.0,0.0,9.0,1016.0,3.0
2025-11-14 22:00:00,ME,9.0,-1.1,49.0,0.0,0.0,1016.0,3.0
2025-11-14 23:00:00,ME,8.0,-1.0,53.0,0.0,7.0,1015.0,3.0
2025-11-15 00:00:00,ME,8.0,-0.7,54.0,0.0,9.0,1014.0,3.0
2025-11-15 01:00:00,ME,8.0,0.2,58.0,0.0,6.0,1014.0,3.0
2025-11-15 02:00:00,ME,9.0,1.7,60.0,0.0,0.0,1014.0,3.0
2025-11-15 03:00:00,ME,7.0,0.9,65.0,0.0,0.0,1014.0,3.0
2025-11-15 04:00:00,ME,6.0,1.3,72.0,0.0,0.0,1013.0,3.0
2025-11-15 05:00:00,ME,3.0,0.2,82.0,0.0,0.0,1013.0,2.0
2025-11-15 06:00:00,ME,2.0,0.2,88.0,0.0,0.0,1013.0,2.0
2025-11-15 07:00:00,ME,2.0,0.5,90.0,0.0,0.0,1012.0,3.0
2025-11-15 08:00:00,ME,2.0,0.4,89.0,0.0,0.0,1012.0,3.0
2025-11-15 09:00:00,ME,2.0,0.4,89.0,0.0,0.0,1012.0,3.0
2025-11-15 10:00:00,ME,2.0,0.4,89.0,0.0,0.0,1012.0,3.0
2025-11-15 11:00:00,ME,3.0,0.9,86.0,0.0,0.0,1012.0,3.0
2025-11-15 12:00:00,ME,3.0,2.3,95.0,0.0,6.0,1012.0,3.0
2025-11-15 13:00:00,ME,7.0,0.7,64.0,0.0,7.0,1011.0,2.0
2025-11-15 14:00:00,ME,8.0,0.9,61.0,0.0,6.0,1010.0,3.0
2025-11-15 15:00:00,ME,9.0,0.9,57.0,0.0,0.0,1009.0,3.0
2025-11-15 16:00:00,ME,9.0,0.4,55.0,0.0,0.0,1007.0,3.0
2025-11-15 17:00:00,ME,9.0,0.9,57.0,0.0,0.0,1007.0,3.0
2025-11-15 18:00:00,ME,10.0,1.1,54.0,0.0,6.0,1004.0,3.0
2025-11-15 19:00:00,ME,10.0,0.6,52.0,0.0,0.0,1003.0,3.0
2025-11-15 20:00:00,ME,10.0,1.1,54.0,1.1,0.0,1003.0,9.0
2025-11-15 21:00:00,ME,10.0,2.1,58.0,0.3,0.0,1000.0,8.0
2025-11-15 22:00:00,ME,10.0,3.1,62.0,0.4,0.0,1000.0,8.0
2025-11-15 23:00:00,ME,9.0,3.8,70.0,2.0,0.0,998.0,9.0
2025-11-16 00:00:00,ME,9.0,3.8,70.0,0.6,0.0,997.0,8.0
2025-11-16 01:00:00,ME,8.0,3.5,73.0,0.1,0.0,996.0,7.0
2025-11-16 02:00:00,ME,8.0,4.0,76.0,0.1,0.0,994.0,7.0
2025-11-16 03:00:00,ME,8.0,4.0,76.0,0.0,0.0,993.0,9.0
2025-11-16 04:00:00,ME,8.0,6.0,87.0,0.0,0.0,993.0,9.0
2025-11-16 05:00:00,ME,8.0,7.7,98.0,2.0,0.0,991.0,9.0
2025-11-16 06:00:00,ME,7.0,7.0,100.0,0.0,0.0,991.0,5.0
2025-11-16 07:00:00,ME,7.0,6.7,98.0,0.0,0.0,990.0,5.0
2025-11-16 08:00:00,ME,15.0,10.0,72.0,0.0,19.0,990.0,3.0
2025-11-16 09:00:00,ME,16.0,8.5,61.0,0.0,35.0,991.0,3.0
2025-11-16 10:00:00,ME,14.0,5.9,58.0,0.0,32.0,992.0,3.0
2025-11-16 11:00:00,ME,12.0,2.4,52.0,0.0,32.0,994.0,3.0
2025-11-16 12:00:00,ME,11.0,3.3,59.0,0.0,19.0,994.0,2.0
2025-11-16 13:00:00,ME,11.0,0.4,48.0,0.0,30.0,995.0,2.0
2025-11-16 14:00:00,ME,11.0,0.1,47.0,0.0,22.0,996.0,1.0
2025-11-16 15:00:00,ME,12.0,-5.5,29.0,0.0,37.0,997.0,2.0
2025-11-16 16:00:00,ME,11.0,-5.1,32.0,0.0,41.0,996.0,3.0
2025-11-16 17:00:00,ME,11.0,-3.1,37.0,0.0,52.0,996.0,3.0
2025-11-16 18:00:00,ME,10.0,-4.0,37.0,0.0,33.0,997.0,2.0
2025-11-16 19:00:00,ME,10.2,-9.0,25.0,0.0,25.0,,1.0
2025-11-16 20:00:00,ME,10.0,-6.8,30.0,0.0,11.0,,2.0
2025-11-16 21:00:00,ME,9.0,-2.9,43.0,0.0,13.0,,3.0
2025-11-16 22:00:00,ME,7.0,-3.0,49.0,0.0,14.0,,2.0
2025-11-16 23:00:00,ME,6.0,-1.9,57.0,0.0,12.0,,2.0
2025-11-17 00:00:00,ME,6.0,-1.9,57.0,0.0,12.0,,1.0
2025-11-17 01:00:00,ME,5.0,-1.9,61.0,0.0,9.0,,3.0
2025-11-17 02:00:00,ME,5.9,-4.5,47.0,0.0,13.0,,3.0
2025-11-17 03:00:00,ME,6.0,-3.9,49.0,0.0,17.0,,3.0
2025-11-17 04:00:00,ME,6.0,-3.1,52.0,0.0,11.0,,3.0
2025-11-17 05:00:00,ME,5.0,-1.9,61.0,0.0,7.0,,2.0
2025-11-17 06:00:00,ME,5.0,-3.0,56.0,0.0,9.0,,2.0
2025-11-17 07:00:00,ME,4.0,-2.0,65.0,0.0,7.0,,2.0
2025-11-17 08:00:00,ME,5.0,-3.0,56.0,0.0,8.0,,2.0
2025-11-17 09:00:00,ME,4.3,-3.5,57.0,0.0,9.0,,2.0
2025-11-17 10:00:00,ME,4.1,-4.6,53.0,0.0,10.0,,2.0
2025-11-17 11:00:00,ME,4.0,-4.2,55.0,0.0,10.0,1009.0,1.0
2025-11-17 12:00:00,ME,4.4,-3.8,55.0,0.0,15.0,1010.1,2.0
2025-11-17 13:00:00,ME,5.2,-5.5,46.0,0.0,13.0,1011.0,1.0
2025-11-17 14:00:00,ME,6.1,-6.2,41.0,0.0,13.0,1011.4,2.0
2025-11-17 15:00:00,ME,6.9,-6.1,39.0,0.0,21.0,1011.6,3.0
2025-11-17 16:00:00,ME,6.7,-5.3,42.0,0.0,17.0,1012.1,3.0
2025-11-17 17:00:00,ME,6.1,-4.6,46.0,0.0,18.0,1012.0,3.0
2025-11-17 18:00:00,ME,6.3,-4.5,46.0,0.0,21.0,1012.0,3.0
2025-11-17 19:00:00,ME,5.3,-5.4,46.0,0.0,27.7,1012.0,3.0
2025-11-17 20:00:00,ME,5.3,-6.0,44.0,0.0,26.6,1012.5,3.0
2025-11-17 21:00:00,ME,5.4,-6.5,42.0,0.0,20.5,1013.3,3.0
2025-11-17 22:00:00,ME,4.8,-6.7,43.0,0.0,19.1,1014.5,3.0
2025-11-17 23:00:00,ME,4.4,-6.2,46.0,0.0,18.7,1015.3,3.0
2025-11-18 00:00:00,ME,3.7,-6.3,48.0,0.0,19.1,1016.0,3.0
2025-11-18 01:00:00,ME,3.2,-6.2,50.0,0.0,20.2,1016.7,3.0
2025-11-18 02:00:00,ME,2.5,-6.4,52.0,0.0,20.5,1017.6,3.0
2025-11-18 03:00:00,ME,2.3,-6.0,54.0,0.0,19.4,1018.3,3.0
2025-11-18 04:00:00,ME,2.6,-5.5,55.0,0.0,18.0,1018.6,3.0
2025-11-18 05:00:00,ME,2.8,-5.1,56.0,0.0,17.6,1019.0,3.0
2025-11-18 06:00:00,ME,2.6,-4.8,58.0,0.0,16.2,1019.4,3.0
2025-11-18 07:00:00,ME,2.3,-4.9,59.0,0.0,14.4,1019.7,3.0
2025-11-18 08:00:00,ME,1.3,-4.5,65.0,0.0,12.6,1020.1,3.0
2025-11-18 09:00:00,ME,0.2,-4.2,72.0,0.0,12.6,1020.4,1.0
2025-11-18 10:00:00,ME,-0.3,-4.0,76.0,0.0,12.2,1021.2,1.0
2025-11-18 11:00:00,ME,-0.8,-4.0,79.0,0.0,11.5,1021.9,1.0
2025-11-18 12:00:00,ME,-1.3,-4.3,80.0,0.0,10.8,1022.5,1.0
2025-11-18 13:00:00,ME,0.3,-3.6,75.0,0.0,12.2,1023.6,3.0
2025-11-18 14:00:00,ME,2.6,-3.5,64.0,0.0,11.5,1024.0,3.0
2025-11-18 15:00:00,ME,4.1,-3.6,57.0,0.0,12.6,1023.8,3.0
2025-11-18 16:00:00,ME,4.4,-4.3,53.0,0.0,12.6,1024.0,3.0
2025-11-18 17:00:00,ME,4.3,-4.4,53.0,0.0,12.6,1023.5,3.0
2025-11-18 18:00:00,ME,4.4,-4.1,54.0,0.0,11.2,1022.7,3.0
2025-11-18 19:00:00,ME,4.3,-3.7,56.0,0.0,9.4,1022.0,3.0
2025-11-18 20:00:00,ME,4.5,-3.3,57.0,0.0,8.3,1021.5,3.0
2025-11-18 21:00:00,ME,4.7,-3.1,57.0,0.0,7.2,1021.9,3.0
2025-11-18 22:00:00,ME,3.5,-2.9,63.0,0.0,5.8,1022.1,3.0
2025-11-18 23:00:00,ME,3.4,-2.3,66.0,0.0,6.1,1022.1,3.0
2025-11-19 00:00:00,ME,2.8,-2.3,69.0,0.0,7.2,1022.0,3.0
2025-11-19 01:00:00,ME,3.7,-2.1,66.0,0.0,7.9,1021.9,3.0
2025-11-19 02:00:00,ME,3.8,-1.6,68.0,0.0,7.9,1021.9,3.0
2025-11-19 03:00:00,ME,3.8,-1.4,69.0,0.0,7.9,1022.0,3.0
2025-11-19 04:00:00,ME,3.8,-1.0,71.0,0.0,10.4,1022.0,3.0
2025-11-19 05:00:00,ME,3.1,1.6,90.0,0.5,10.1,1021.9,8.0
2025-11-19 06:00:00,ME,2.7,2.0,95.0,1.0,8.6,1021.6,9.0
2025-11-19 07:00:00,ME,2.5,2.1,97.0,0.7,9.7,1021.3,8.0
2025-11-19 08:00:00,ME,2.4,2.3,99.0,0.4,8.6,1021.3,8.0
2025-11-19 09:00:00,ME,2.5,2.4,99.0,0.2,9.0,1021.3,7.0
2025-11-19 10:00:00,ME,2.5,2.4,99.0,0.0,10.1,1021.7,3.0
2025-11-19 11:00:00,ME,2.5,2.2,98.0,0.0,10.1,1022.0,3.0
2025-11-19 12:00:00,ME,2.6,2.3,98.0,0.0,10.8,1022.6,3.0
2025-11-19 13:00:00,ME,2.8,2.4,97.0,0.0,11.5,1023.0,3.0
2025-11-19 14:00:00,ME,3.4,2.5,94.0,0.0,12.2,1023.7,3.0
2025-11-19 15:00:00,ME,4.2,2.7,90.0,0.0,11.9,1023.8,3.0
2025-11-19 16:00:00,ME,5.2,3.1,86.0,0.0,10.1,1023.7,3.0
2025-11-19 17:00:00,ME,6.0,3.2,82.0,0.0,7.9,1023.0,3.0
2025-11-19 18:00:00,ME,6.8,3.4,79.0,0.0,4.7,1022.5,3.0
2025-11-19 19:00:00,ME,7.1,3.3,77.0,0.0,3.2,1022.3,3.0
2025-11-19 20:00:00,ME,7.2,3.3,76.0,0.0,4.7,1022.5,3.0
2025-11-19 21:00:00,ME,7.2,3.1,75.0,0.0,6.1,1023.0,3.0
2025-11-19 22:00:00,ME,6.5,3.3,80.0,0.0,4.7,1023.2,3.0
2025-11-19 23:00:00,ME,5.9,3.4,84.0,0.0,5.0,1023.6,3.0
2025-11-20 00:00:00,ME,5.8,3.5,85.0,0.0,6.8,1023.4,3.0
2025-11-20 01:00:00,ME,5.5,3.7,88.0,0.0,2.9,1023.7,3.0
2025-11-20 02:00:00,ME,5.2,3.5,89.0,0.0,3.6,1024.1,3.0
2025-11-20 03:00:00,ME,5.2,3.7,90.0,0.0,2.9,1024.2,3.0
2025-11-20 04:00:00,ME,5.0,3.7,91.0,0.0,2.2,1023.9,3.0
2025-11-20 05:00:00,ME,4.8,3.6,92.0,0.0,2.2,1023.5,3.0
2025-11-20 06:00:00,ME,4.4,3.2,92.0,0.0,2.9,1023.5,3.0
2025-11-20 07:00:00,ME,,,,,,,
2025-11-20 08:00:00,ME,,,,,,,
2025-11-20 09:00:00,ME,,,,,,,
2025-11-20 10:00:00,ME,,,,,,,
2025-11-20 11:00:00,ME,,,,,,,
2025-11-20 12:00:00,ME,4.4,3.4,93.0,,5.8,1023.9,
2025-11-20 13:00:00,ME,,,,,,,
2025-11-20 14:00:00,ME,,,,,,,
2025-11-20 15:00:00,ME,,,,,,,
2025-11-20 16:00:00,ME,,,,,,,
2025-11-20 17:00:00,ME,,,,,,,
2025-11-20 18:00:00,ME,8.0,3.8,75.0,,4.3,1022.0,
2025-11-20 19:00:00,ME,,,,,,,
2025-11-20 20:00:00,ME,,,,,,,
2025-11-20 21:00:00,ME,,,,,,,
2025-11-20 22:00:00,ME,,,,,,,
2025-11-20 23:00:00,ME,,,,,,,
2025-11-21 00:00:00,ME,7.3,4.6,83.0,,4.0,1021.3,
2025-11-21 01:00:00,ME,,,,,,,
2025-11-21 02:00:00,ME,,,,,,,
2025-11-21 03:00:00,ME,,,,,,,
2025-11-21 04:00:00,ME,,,,,,,
2025-11-21 05:00:00,ME,,,,,,,
2025-11-21 06:00:00,ME,6.4,5.5,94.0,,4.7,1019.5,
2025-11-21 07:00:00,ME,,,,,,,
2025-11-21 08:00:00,ME,,,,,,,
2025-11-21 09:00:00,ME,,,,,,,
2025-11-21 10:00:00,ME,,,,,,,
2025-11-21 11:00:00,ME,,,,,,,
2025-11-21 12:00:00,ME,6.3,6.0,98.0,,5.4,1017.3,
2025-11-21 13:00:00,ME,,,,,,,
2025-11-21 14:00:00,ME,,,,,,,
2025-11-21 15:00:00,ME,,,,,,,
2025-11-21 16:00:00,ME,,,,,,,
2025-11-21 17:00:00,ME,,,,,,,
2025-11-21 18:00:00,ME,9.6,7.5,87.0,,9.0,1013.7,
2025-11-21 19:00:00,ME,,,,,,,
2025-11-21 20:00:00,ME,,,,,,,
2025-11-21 21:00:00,ME,,,,,,,
2025-11-21 22:00:00,ME,,,,,,,
2025-11-21 23:00:00,ME,,,,,,,
2025-11-22 00:00:00,ME,9.1,8.2,94.0,,4.7,1012.7,
2025-11-22 01:00:00,ME,,,,,,,
2025-11-22 02:00:00,ME,,,,,,,
2025-11-22 03:00:00,ME,,,,,,,
2025-11-22 04:00:00,ME,,,,,,,
2025-11-22 05:00:00,ME,,,,,,,
2025-11-22 06:00:00,ME,7.2,5.0,86.0,,13.0,1013.5,
2025-11-22 07:00:00,ME,,,,,,,
2025-11-22 08:00:00,ME,,,,,,,
2025-11-22 09:00:00,ME,,,,,,,
2025-11-22 10:00:00,ME,,,,,,,
2025-11-22 11:00:00,ME,,,,,,,
2025-11-22 12:00:00,ME,3.6,-0.6,74.0,,9.4,1015.6,
2025-11-22 13:00:00,ME,,,,,,,
2025-11-22 14:00:00,ME,,,,,,,
2025-11-22 15:00:00,ME,,,,,,,
2025-11-22 16:00:00,ME,,,,,,,
2025-11-22 17:00:00,ME,,,,,,,
2025-11-22 18:00:00,ME,8.8,-1.9,47.0,,9.0,1015.4,
2025-11-22 19:00:00,ME,,,,,,,
2025-11-22 20:00:00,ME,,,,,,,
2025-11-22 21:00:00,ME,,,,,,,
2025-11-22 22:00:00,ME,,,,,,,
2025-11-22 23:00:00,ME,,,,,,,
2025-11-23 00:00:00,ME,3.1,-1.5,72.0,,7.9,1017.7,
2025-11-23 01:00:00,ME,,,,,,,
2025-11-23 02:00:00,ME,,,,,,,
2025-11-23 03:00:00,ME,,,,,,,
2025-11-23 04:00:00,ME,,,,,,,
2025-11-23 05:00:00,ME,,,,,,,
2025-11-23 06:00:00,ME,-0.7,-2.9,85.0,,1.8,1018.7,
2025-11-23 07:00:00,ME,,,,,,,
2025-11-23 08:00:00,ME,,,,,,,
2025-11-23 09:00:00,ME,,,,,,,
2025-11-23 10:00:00,ME,,,,,,,
2025-11-23 11:00:00,ME,,,,,,,
2025-11-23 12:00:00,ME,-1.7,-3.9,85.0,,1.1,1019.7,
2025-11-23 13:00:00,ME,,,,,,,
2025-11-23 14:00:00,ME,,,,,,,
2025-11-23 15:00:00,ME,,,,,,,
2025-11-23 16:00:00,ME,,,,,,,
2025-11-23 17:00:00,ME,,,,,,,
2025-11-23 18:00:00,ME,9.7,0.3,52.0,,9.0,1018.0,
2025-11-23 19:00:00,ME,,,,,,,
2025-11-23 20:00:00,ME,,,,,,,
2025-11-23 21:00:00,ME,,,,,,,
2025-11-23 22:00:00,ME,,,,,,,
2025-11-23 23:00:00,ME,,,,,,,
2025-11-24 00:00:00,ME,4.8,0.4,73.0,,3.6,1018.6,
2025-11-24 01:00:00,ME,,,,,,,
2025-11-24 02:00:00,ME,,,,,,,
2025-11-24 03:00:00,ME,,,,,,,
2025-11-24 04:00:00,ME,,,,,,,
2025-11-24 05:00:00,ME,,,,,,,
2025-11-24 06:00:00,ME,1.5,-1.4,81.0,,5.4,1018.9,
2025-11-24 07:00:00,ME,,,,,,,
2025-11-24 08:00:00,ME,,,,,,,
2025-11-24 09:00:00,ME,,,,,,,
2025-11-24 10:00:00,ME,,,,,,,
2025-11-24 11:00:00,ME,,,,,,,
2025-11-24 12:00:00,ME,0.9,-3.0,75.0,,1.1,1020.3,
2025-11-24 13:00:00,ME,,,,,,,
2025-11-24 14:00:00,ME,,,,,,,
2025-11-24 15:00:00,ME,,,,,,,
2025-11-24 16:00:00,ME,,,,,,,
2025-11-24 17:00:00,ME,,,,,,,
2025-11-24 18:00:00,ME,12.6,1.6,47.0,,8.3,1018.4,
2025-11-24 19:00:00,ME,,,,,,,
2025-11-24 20:00:00,ME,,,,,,,
2025-11-24 21:00:00,ME,,,,,,,
2025-11-24 22:00:00,ME,,,,,,,
2025-11-24 23:00:00,ME,,,,,,,
2025-11-25 00:00:00,ME,7.4,2.1,69.0,,9.7,1018.0,
2025-11-25 01:00:00,ME,,,,,,,
2025-11-25 02:00:00,ME,,,,,,,
2025-11-25 03:00:00,ME,,,,,,,
2025-11-25 04:00:00,ME,,,,,,,
2025-11-25 05:00:00,ME,,,,,,,
2025-11-25 06:00:00,ME,6.3,0.8,68.0,,9.7,1017.6,
2025-11-25 07:00:00,ME,,,,,,,
2025-11-25 08:00:00,ME,,,,,,,
2025-11-25 09:00:00,ME,,,,,,,
2025-11-25 10:00:00,ME,,,,,,,
2025-11-25 11:00:00,ME,,,,,,,
2025-11-25 12:00:00,ME,7.8,3.5,74.0,,7.9,1019.0,
2025-11-25 13:00:00,ME,,,,,,,
2025-11-25 14:00:00,ME,,,,,,,
2025-11-25 15:00:00,ME,,,,,,,
2025-11-25 16:00:00,ME,,,,,,,
2025-11-25 17:00:00,ME,,,,,,,
2025-11-25 18:00:00,ME,11.8,4.5,61.0,,13.3,1019.2,
2025-11-25 19:00:00,ME,,,,,,,
2025-11-25 20:00:00,ME,,,,,,,
2025-11-25 21:00:00,ME,,,,,,,
2025-11-25 22:00:00,ME,,,,,,,
2025-11-25 23:00:00,ME,,,,,,,
2025-11-26 00:00:00,ME,5.4,2.2,80.0,,7.9,1021.2,
2025-11-26 01:00:00,ME,,,,,,,
2025-11-26 02:00:00,ME,,,,,,,
2025-11-26 03:00:00,ME,,,,,,,
2025-11-26 04:00:00,ME,,,,,,,
2025-11-26 05:00:00,ME,,,,,,,
2025-11-26 06:00:00,ME,2.5,-1.7,74.0,,9.7,1023.3,
2025-11-26 07:00:00,ME,,,,,,,
2025-11-26 08:00:00,ME,,,,,,,
2025-11-26 09:00:00,ME,,,,,,,
2025-11-26 10:00:00,ME,,,,,,,
2025-11-26 11:00:00,ME,,,,,,,
2025-11-26 12:00:00,ME,0.0,-1.3,91.0,,8.6,1025.7,
2025-11-26 13:00:00,ME,,,,,,,
2025-11-26 14:00:00,ME,,,,,,,
2025-11-26 15:00:00,ME,,,,,,,
2025-11-26 16:00:00,ME,,,,,,,
2025-11-26 17:00:00,ME,,,,,,,
2025-11-26 18:00:00,ME,7.1,-1.6,54.0,,9.7,1025.6,
2025-11-26 19:00:00,ME,,,,,,,
2025-11-26 20:00:00,ME,,,,,,,
2025-11-26 21:00:00,ME,,,,,,,
2025-11-26 22:00:00,ME,,,,,,,
2025-11-26 23:00:00,ME,,,,,,,
2025-11-27 00:00:00,ME,4.0,-2.6,62.0,,8.6,1026.2,
2025-11-01 00:00:00,OE,9.0,3.0,66.0,0.0,13.0,1012.0,3.0
2025-11-01 01:00:00,OE,9.0,3.0,66.0,0.0,17.0,1012.0,3.0
2025-11-01 02:00:00,OE,8.0,2.5,68.0,0.0,13.0,1012.0,3.0
2025-11-01 03:00:00,OE,8.0,3.1,71.0,0.0,11.0,1013.0,3.0
2025-11-01 04:00:00,OE,8.0,3.5,73.0,0.0,15.0,1013.0,2.0
2025-11-01 05:00:00,OE,6.0,3.2,82.0,0.0,9.0,1013.0,3.0
2025-11-01 06:00:00,OE,5.0,2.9,86.0,0.0,11.0,1014.0,3.0
2025-11-01 07:00:00,OE,4.0,1.9,86.0,0.0,9.0,1014.0,2.0
2025-11-01 08:00:00,OE,4.0,2.4,89.0,0.0,11.0,1014.0,3.0
2025-11-01 09:00:00,OE,5.0,2.2,82.0,0.0,11.0,1014.0,3.0
2025-11-01 10:00:00,OE,5.0,2.2,82.0,0.0,0.0,1015.0,3.0
2025-11-01 11:00:00,OE,6.0,2.6,79.0,0.0,0.0,1015.0,3.0
2025-11-01 12:00:00,OE,4.0,2.4,89.0,0.0,0.0,1016.0,3.0
2025-11-01 13:00:00,OE,7.0,3.1,76.0,0.0,0.0,1017.0,3.0
2025-11-01 14:00:00,OE,8.0,3.5,73.0,0.0,7.0,1017.0,2.0
2025-11-01 15:00:00,OE,9.0,3.0,66.0,0.0,11.0,1017.0,3.0
2025-11-01 16:00:00,OE,11.0,4.2,63.0,0.0,11.0,1017.0,3.0
2025-11-01 17:00:00,OE,12.0,3.7,57.0,0.2,7.0,1017.0,17.0
2025-11-01 18:00:00,OE,12.0,2.4,52.0,0.0,9.0,1017.0,3.0
2025-11-01 19:00:00,OE,12.0,-1.2,40.0,0.0,13.0,1017.0,2.0
2025-11-01 20:00:00,OE,12.0,-0.8,41.0,0.0,20.0,1017.0,3.0
2025-11-01 21:00:00,OE,11.0,-0.8,44.0,0.0,7.0,1018.0,3.0
2025-11-01 22:00:00,OE,10.0,1.1,54.0,0.0,6.0,1018.0,3.0
2025-11-01 23:00:00,OE,8.0,1.8,65.0,0.0,6.0,1019.0,3.0
2025-11-02 00:00:00,OE,8.0,1.8,65.0,0.0,0.0,1019.0,3.0
2025-11-02 01:00:00,OE,7.0,2.7,74.0,0.0,0.0,1020.0,3.0
2025-11-02 02:00:00,OE,7.0,3.1,76.0,0.0,0.0,1020.0,3.0
2025-11-02 03:00:00,OE,6.0,3.7,85.0,0.0,0.0,1020.0,3.0
2025-11-02 04:00:00,OE,4.0,3.0,93.0,0.0,0.0,1021.0,3.0
2025-11-02 05:00:00,OE,2.0,0.8,92.0,0.0,0.0,1021.0,3.0
2025-11-02 06:00:00,OE,2.0,0.8,92.0,0.0,0.0,1021.0,3.0
2025-11-02 07:00:00,OE,2.0,1.4,96.0,0.0,0.0,1021.0,5.0
2025-11-02 08:00:00,OE,1.0,1.0,100.0,0.0,0.0,1022.0,5.0
2025-11-02 09:00:00,OE,1.0,0.6,97.0,0.0,0.0,1022.0,5.0
2025-11-02 10:00:00,OE,1.0,1.0,100.0,0.0,0.0,1023.0,5.0
2025-11-02 11:00:00,OE,3.0,2.4,96.0,0.0,0.0,1023.0,3.0
2025-11-02 12:00:00,OE,4.0,3.0,93.0,0.0,0.0,1024.0,3.0
2025-11-02 13:00:00,OE,6.0,3.7,85.0,0.0,0.0,1024.0,3.0
2025-11-02 14:00:00,OE,7.0,4.1,82.0,0.0,0.0,1025.0,3.0
2025-11-02 15:00:00,OE,8.0,4.0,76.0,0.0,7.0,1025.0,3.0
2025-11-02 16:00:00,OE,9.0,4.0,71.0,0.0,7.0,1024.0,3.0
2025-11-02 17:00:00,OE,10.0,3.3,63.0,0.0,0.0,1023.0,3.0
2025-11-02 18:00:00,OE,11.0,3.8,61.0,0.0,0.0,1022.0,2.0
2025-11-02 19:00:00,OE,12.0,4.7,61.0,0.0,7.0,1022.0,3.0
2025-11-02 20:00:00,OE,11.0,4.2,63.0,0.0,0.0,1022.0,2.0
2025-11-02 21:00:00,OE,11.0,3.8,61.0,0.0,0.0,1022.0,2.0
2025-11-02 22:00:00,OE,7.0,3.8,80.0,0.0,0.0,1022.0,2.0
2025-11-02 23:00:00,OE,4.0,3.0,93.0,0.0,0.0,1022.0,2.0
2025-11-03 00:00:00,OE,4.0,3.0,93.0,0.0,0.0,1022.0,1.0
2025-11-03 01:00:00,OE,3.0,2.6,97.0,0.0,0.0,1022.0,1.0
2025-11-03 02:00:00,OE,2.0,2.0,100.0,0.0,0.0,1022.0,1.0
2025-11-03 03:00:00,OE,2.0,2.0,100.0,0.0,0.0,1022.0,5.0
2025-11-03 04:00:00,OE,3.0,2.6,97.0,0.0,0.0,1021.0,1.0
2025-11-03 05:00:00,OE,3.0,2.0,93.0,0.0,0.0,1021.0,1.0
2025-11-03 06:00:00,OE,3.0,2.4,96.0,0.0,0.0,1021.0,1.0
2025-11-03 07:00:00,OE,2.0,1.6,97.0,0.0,0.0,1020.0,5.0
2025-11-03 08:00:00,OE,2.0,2.0,100.0,0.0,0.0,1020.0,5.0
2025-11-03 09:00:00,OE,4.0,3.0,93.0,0.0,15.0,1020.0,1.0
2025-11-03 10:00:00,OE,4.0,3.0,93.0,0.0,15.0,1020.0,1.0
2025-11-03 11:00:00,OE,5.0,3.3,89.0,0.0,13.0,1021.0,1.0
2025-11-03 12:00:00,OE,5.0,3.3,89.0,0.0,15.0,1020.0,1.0
2025-11-03 13:00:00,OE,6.0,3.2,82.0,0.0,24.0,1018.0,1.0
2025-11-03 14:00:00,OE,7.0,3.1,76.0,0.0,22.0,1018.0,1.0
2025-11-03 15:00:00,OE,7.0,2.7,74.0,0.0,22.0,1018.0,3.0
2025-11-03 16:00:00,OE,10.0,3.3,63.0,0.0,20.0,1018.0,3.0
2025-11-03 17:00:00,OE,11.0,2.6,56.0,0.0,28.0,1017.0,2.0
2025-11-03 18:00:00,OE,12.0,3.5,56.0,0.0,24.0,1016.0,2.0
2025-11-03 19:00:00,OE,13.0,3.4,52.0,0.0,24.0,1017.0,3.0
2025-11-03 20:00:00,OE,13.0,2.5,49.0,0.0,24.0,1017.0,3.0
2025-11-03 21:00:00,OE,11.0,2.0,54.0,0.0,22.0,1017.0,1.0
2025-11-03 22:00:00,OE,9.0,1.4,59.0,0.0,13.0,1018.0,1.0
2025-11-03 23:00:00,OE,9.0,1.2,58.0,0.0,13.0,1019.0,1.0
2025-11-04 00:00:00,OE,8.0,0.9,61.0,0.0,17.0,1020.0,1.0
2025-11-04 01:00:00,OE,9.0,0.2,54.0,0.0,22.0,1020.0,1.0
2025-11-04 02:00:00,OE,8.0,-1.3,52.0,0.0,15.0,1021.0,1.0
2025-11-04 03:00:00,OE,7.0,-0.7,58.0,0.0,15.0,1022.0,1.0
2025-11-04 04:00:00,OE,6.0,-0.7,62.0,0.0,15.0,1022.0,1.0
2025-11-04 05:00:00,OE,5.0,-1.7,62.0,0.0,13.0,1022.0,1.0
2025-11-04 06:00:00,OE,4.0,-1.6,67.0,0.0,7.0,1022.0,1.0
2025-11-04 07:00:00,OE,3.0,-2.5,67.0,0.0,7.0,1022.0,1.0
2025-11-04 08:00:00,OE,4.0,-2.0,65.0,0.0,0.0,1023.0,1.0
2025-11-04 09:00:00,OE,3.0,-1.5,72.0,0.0,0.0,1023.0,1.0
2025-11-04 10:00:00,OE,1.0,-1.7,82.0,0.0,0.0,1024.0,1.0
2025-11-04 11:00:00,OE,2.0,-2.3,73.0,0.0,6.0,1024.0,1.0
2025-11-04 12:00:00,OE,2.0,-2.0,75.0,0.0,9.0,1025.0,2.0
2025-11-04 13:00:00,OE,6.0,-0.7,62.0,0.0,11.0,1026.0,2.0
2025-11-04 14:00:00,OE,9.0,-0.9,50.0,0.0,17.0,1026.0,2.0
2025-11-04 15:00:00,OE,12.0,-0.8,41.0,0.0,15.0,1026.0,3.0
2025-11-04 16:00:00,OE,13.0,-1.4,37.0,0.0,17.0,1025.0,3.0
2025-11-04 17:00:00,OE,14.0,-4.2,28.0,0.0,19.0,1024.0,3.0
2025-11-04 18:00:00,OE,14.0,-4.7,27.0,0.0,22.0,1023.0,3.0
2025-11-04 19:00:00,OE,13.0,-5.1,28.0,0.0,19.0,1023.0,3.0
2025-11-04 20:00:00,OE,13.0,-4.2,30.0,0.0,17.0,1023.0,3.0
2025-11-04 21:00:00,OE,11.0,-3.9,35.0,0.0,9.0,1023.0,3.0
2025-11-04 22:00:00,OE,11.0,-3.9,35.0,0.0,0.0,1023.0,3.0
2025-11-04 23:00:00,OE,7.0,-1.4,55.0,0.0,0.0,1023.0,2.0
2025-11-05 00:00:00,OE,7.0,0.9,65.0,0.0,0.0,1023.0,1.0
2025-11-05 01:00:00,OE,6.0,0.9,70.0,0.0,0.0,1022.0,1.0
2025-11-05 02:00:00,OE,4.0,-0.4,73.0,0.0,0.0,1021.0,2.0
2025-11-05 03:00:00,OE,6.0,-2.4,55.0,0.0,7.0,1020.0,3.0
2025-11-05 04:00:00,OE,5.0,-1.7,62.0,0.0,6.0,1020.0,3.0
2025-11-05 05:00:00,OE,5.0,-1.7,62.0,0.0,0.0,1019.0,3.0
2025-11-05 06:00:00,OE,5.0,-1.7,62.0,0.0,9.0,1019.0,1.0
2025-11-05 07:00:00,OE,7.0,-2.4,51.0,0.0,11.0,1017.0,1.0
2025-11-05 08:00:00,OE,7.0,-1.4,55.0,0.0,13.0,1016.0,1.0
2025-11-05 09:00:00,OE,8.0,-0.5,55.0,0.0,17.0,1015.0,1.0
2025-11-05 10:00:00,OE,8.0,0.2,58.0,0.0,19.0,1014.0,1.0
2025-11-05 11:00:00,OE,8.0,1.4,63.0,0.0,20.0,1013.0,1.0
2025-11-05 12:00:00,OE,9.0,3.0,66.0,0.0,26.0,1012.0,1.0
2025-11-05 13:00:00,OE,11.0,3.8,61.0,0.0,28.0,1012.0,1.0
2025-11-05 14:00:00,OE,12.0,5.4,64.0,0.0,24.0,1011.0,1.0
2025-11-05 15:00:00,OE,14.0,6.4,60.0,0.0,24.0,1010.0,3.0
2025-11-05 16:00:00,OE,16.0,7.5,57.0,0.0,30.0,1010.0,3.0
2025-11-05 17:00:00,OE,16.0,7.7,58.0,0.0,28.0,1009.0,3.0
2025-11-05 18:00:00,OE,17.0,8.2,56.0,0.0,26.0,1009.0,3.0
2025-11-05 19:00:00,OE,16.0,8.2,60.0,0.0,20.0,1008.0,3.0
2025-11-05 20:00:00,OE,16.0,8.2,60.0,0.0,32.0,1009.0,3.0
2025-11-05 21:00:00,OE,15.0,8.9,67.0,0.0,26.0,1010.0,7.0
2025-11-05 22:00:00,OE,12.0,7.7,75.0,0.0,33.0,1012.0,3.0
2025-11-05 23:00:00,OE,11.0,5.5,69.0,0.1,26.0,1014.0,7.0
2025-11-06 00:00:00,OE,10.0,3.3,63.0,0.0,22.0,1015.0,3.0
2025-11-06 01:00:00,OE,9.0,1.9,61.0,0.0,22.0,1017.0,1.0
2025-11-06 02:00:00,OE,8.0,-0.7,54.0,0.0,26.0,1018.0,2.0
2025-11-06 03:00:00,OE,8.0,-0.5,55.0,0.0,20.0,1019.0,2.0
2025-11-06 04:00:00,OE,7.0,-0.7,58.0,0.0,19.0,1020.0,1.0
2025-11-06 05:00:00,OE,4.0,-2.0,65.0,0.0,9.0,1020.0,1.0
2025-11-06 06:00:00,OE,3.0,-2.5,67.0,0.0,13.0,1021.0,1.0
2025-11-06 07:00:00,OE,3.0,-1.9,70.0,0.0,11.0,1021.0,1.0
2025-11-06 08:00:00,OE,3.0,-1.5,72.0,0.0,13.0,1021.0,1.0
2025-11-06 09:00:00,OE,2.0,-2.0,75.0,0.0,0.0,1022.0,1.0
2025-11-06 10:00:00,OE,1.0,-1.7,82.0,0.0,0.0,1022.0,1.0
2025-11-06 11:00:00,OE,1.0,-1.2,85.0,0.0,0.0,1023.0,1.0
2025-11-06 12:00:00,OE,2.0,-0.7,82.0,0.0,0.0,1023.0,1.0
2025-11-06 13:00:00,OE,4.0,0.2,76.0,0.0,6.0,1024.0,1.0
2025-11-06 14:00:00,OE,7.0,1.5,68.0,0.0,6.0,1024.0,1.0
2025-11-06 15:00:00,OE,9.0,1.2,58.0,0.0,7.0,1024.0,1.0
2025-11-06 16:00:00,OE,10.0,-1.7,44.0,0.0,7.0,1024.0,1.0
2025-11-06 17:00:00,OE,11.0,-1.4,42.0,0.0,13.0,1023.0,1.0
2025-11-06 18:00:00,OE,11.0,-2.4,39.0,0.0,15.0,1022.0,1.0
2025-11-06 19:00:00,OE,11.0,-2.4,39.0,0.0,6.0,1021.0,2.0
2025-11-06 20:00:00,OE,11.0,-2.8,38.0,0.0,7.0,1021.0,3.0
2025-11-06 21:00:00,OE,9.0,-4.2,39.0,0.0,0.0,1021.0,3.0
2025-11-06 22:00:00,OE,7.0,-3.0,49.0,0.0,0.0,1021.0,3.0
2025-11-06 23:00:00,OE,3.0,-2.5,67.0,0.0,0.0,1020.0,3.0
2025-11-07 00:00:00,OE,2.0,-2.3,73.0,0.0,0.0,1020.0,3.0
2025-11-07 01:00:00,OE,1.0,-1.7,82.0,0.0,0.0,1019.0,3.0
2025-11-07 02:00:00,OE,1.0,-1.7,82.0,0.0,0.0,1019.0,3.0
2025-11-07 03:00:00,OE,4.0,-4.7,53.0,0.0,9.0,1018.0,3.0
2025-11-07 04:00:00,OE,4.0,-4.7,53.0,0.0,0.0,1017.0,3.0
2025-11-07 05:00:00,OE,6.0,-3.9,49.0,0.0,9.0,1015.0,3.0
2025-11-07 06:00:00,OE,6.0,-3.6,50.0,0.0,9.0,1014.0,3.0
2025-11-07 07:00:00,OE,6.0,-3.4,51.0,0.0,15.0,1013.0,3.0
2025-11-07 08:00:00,OE,7.0,-3.0,49.0,0.0,15.0,1011.0,3.0
2025-11-07 09:00:00,OE,7.0,-3.0,49.0,0.0,15.0,1010.0,3.0
2025-11-07 10:00:00,OE,7.0,-4.1,45.0,0.0,13.0,1009.0,3.0
2025-11-07 11:00:00,OE,7.0,-4.4,44.0,0.0,22.0,1007.0,3.0
2025-11-07 12:00:00,OE,8.0,-4.1,42.0,0.0,22.0,1006.0,3.0
2025-11-07 13:00:00,OE,9.0,-2.0,46.0,0.0,19.0,1005.0,3.0
2025-11-07 14:00:00,OE,11.0,2.0,54.0,0.0,24.0,1004.0,3.0
2025-11-07 15:00:00,OE,12.0,3.5,56.0,0.0,24.0,1003.0,3.0
2025-11-07 16:00:00,OE,11.0,5.9,71.0,0.0,28.0,1003.0,9.0
2025-11-07 17:00:00,OE,9.0,6.8,86.0,0.1,20.0,1003.0,8.0
2025-11-07 18:00:00,OE,9.0,7.9,93.0,0.0,19.0,1002.0,9.0
2025-11-07 19:00:00,OE,10.0,8.9,93.0,0.0,24.0,1001.0,8.0
2025-11-07 20:00:00,OE,12.0,10.9,93.0,0.0,24.0,1001.0,3.0
2025-11-07 21:00:00,OE,12.0,11.4,96.0,0.0,19.0,1001.0,5.0
2025-11-07 22:00:00,OE,12.0,10.9,93.0,0.0,17.0,1001.0,3.0
2025-11-07 23:00:00,OE,12.0,10.9,93.0,0.0,11.0,1002.0,3.0
2025-11-08 00:00:00,OE,12.0,10.9,93.0,0.0,13.0,1002.0,3.0
2025-11-08 01:00:00,OE,12.0,10.9,93.0,0.0,13.0,1002.0,2.0
2025-11-08 02:00:00,OE,11.0,9.7,92.0,0.1,11.0,1004.0,17.0
2025-11-08 03:00:00,OE,10.0,8.9,93.0,0.6,7.0,1004.0,17.0
2025-11-08 04:00:00,OE,7.0,5.9,93.0,0.0,9.0,1005.0,2.0
2025-11-08 05:00:00,OE,6.0,6.0,100.0,0.0,0.0,1005.0,1.0
2025-11-08 06:00:00,OE,6.0,5.6,97.0,0.0,0.0,1005.0,1.0
2025-11-08 07:00:00,OE,3.0,3.0,100.0,0.0,0.0,1006.0,5.0
2025-11-08 08:00:00,OE,3.0,3.0,100.0,0.0,0.0,1006.0,5.0
2025-11-08 09:00:00,OE,2.0,2.0,100.0,0.0,0.0,1006.0,5.0
2025-11-08 10:00:00,OE,3.0,3.0,100.0,0.0,0.0,1007.0,5.0
2025-11-08 11:00:00,OE,5.0,5.0,100.0,0.0,7.0,1008.0,5.0
2025-11-08 12:00:00,OE,5.0,5.0,100.0,0.0,0.0,1008.0,5.0
2025-11-08 13:00:00,OE,6.0,6.0,100.0,0.0,0.0,1008.0,5.0
2025-11-08 14:00:00,OE,9.0,6.8,86.0,0.0,11.0,1009.0,3.0
2025-11-08 15:00:00,OE,9.0,6.8,86.0,0.0,9.0,1009.0,3.0
2025-11-08 16:00:00,OE,9.0,5.7,80.0,0.0,0.0,1009.0,1.0
2025-11-08 17:00:00,OE,11.0,7.1,77.0,0.0,6.0,1009.0,2.0
2025-11-08 18:00:00,OE,11.0,7.1,77.0,0.0,0.0,1009.0,3.0
2025-11-08 19:00:00,OE,9.0,5.7,80.0,0.0,9.0,1009.0,3.0
2025-11-08 20:00:00,OE,9.0,5.2,77.0,0.0,19.0,1010.0,3.0
2025-11-08 21:00:00,OE,8.0,4.6,79.0,0.0,7.0,1010.0,3.0
2025-11-08 22:00:00,OE,7.0,4.1,82.0,0.0,13.0,1011.0,3.0
2025-11-08 23:00:00,OE,7.0,4.1,82.0,0.0,13.0,1011.0,3.0
2025-11-09 00:00:00,OE,6.0,3.2,82.0,0.0,13.0,1011.0,3.0
2025-11-09 01:00:00,OE,6.0,3.7,85.0,0.0,9.0,1011.0,3.0
2025-11-09 02:00:00,OE,6.0,3.7,85.0,0.0,7.0,1011.0,3.0
2025-11-09 03:00:00,OE,5.0,3.3,89.0,0.0,7.0,1011.0,3.0
2025-11-09 04:00:00,OE,5.0,3.3,89.0,0.0,7.0,1011.0,3.0
2025-11-09 05:00:00,OE,5.0,3.3,89.0,0.0,6.0,1010.0,3.0
2025-11-09 06:00:00,OE,5.0,3.3,89.0,0.0,7.0,1010.0,3.0
2025-11-09 07:00:00,OE,5.0,4.0,93.0,0.0,0.0,1009.0,8.0
2025-11-09 08:00:00,OE,5.0,4.0,93.0,0.0,6.0,1008.0,7.0
2025-11-09 09:00:00,OE,4.0,3.4,96.0,0.0,6.0,1007.0,3.0
2025-11-09 10:00:00,OE,4.0,3.6,97.0,0.0,6.0,1006.0,5.0
2025-11-09 11:00:00,OE,4.0,3.6,97.0,0.0,9.0,1006.0,5.0
2025-11-09 12:00:00,OE,4.0,4.0,100.0,0.0,0.0,1007.0,7.0
2025-11-09 13:00:00,OE,4.0,4.0,100.0,0.0,0.0,1007.0,7.0
2025-11-09 14:00:00,OE,5.0,4.4,96.0,0.0,0.0,1006.0,8.0
2025-11-09 15:00:00,OE,6.0,5.4,96.0,0.0,6.0,1006.0,9.0
2025-11-09 16:00:00,OE,6.0,5.4,96.0,0.0,0.0,1006.0,8.0
2025-11-09 17:00:00,OE,8.0,5.8,86.0,1.1,13.0,1005.0,9.0
2025-11-09 18:00:00,OE,8.0,5.8,86.0,0.3,15.0,1005.0,8.0
2025-11-09 19:00:00,OE,7.0,4.1,82.0,0.0,19.0,1006.0,3.0
2025-11-09 20:00:00,OE,7.0,4.7,85.0,0.0,19.0,1007.0,3.0
2025-11-09 21:00:00,OE,4.0,1.9,86.0,0.3,20.0,1008.0,8.0
2025-11-09 22:00:00,OE,4.0,1.9,86.0,0.0,19.0,1009.0,8.0
2025-11-09 23:00:00,OE,3.0,2.0,93.0,0.0,13.0,1010.0,7.0
2025-11-10 00:00:00,OE,3.0,2.0,93.0,0.0,15.0,1011.0,3.0
2025-11-10 01:00:00,OE,1.1,0.5,96.0,0.0,8.0,1011.0,3.0
2025-11-10 02:00:00,OE,1.0,-0.2,92.0,0.0,17.0,1012.0,12.0
2025-11-10 03:00:00,OE,1.0,-0.2,92.0,0.0,19.0,1013.0,12.0
2025-11-10 04:00:00,OE,1.0,-0.2,92.0,0.0,17.0,1013.0,12.0
2025-11-10 05:00:00,OE,1.0,-0.2,92.0,0.0,13.0,1013.0,12.0
2025-11-10 06:00:00,OE,1.0,-0.2,92.0,0.0,7.0,1013.0,3.0
2025-11-10 07:00:00,OE,0.0,-0.6,96.0,0.0,13.0,1013.0,3.0
2025-11-10 08:00:00,OE,0.0,-1.1,92.0,0.0,11.0,1013.0,3.0
2025-11-10 09:00:00,OE,-1.0,-2.1,92.0,0.0,17.0,1013.0,3.0
2025-11-10 10:00:00,OE,-1.0,-2.1,92.0,0.0,11.0,1014.0,3.0
2025-11-10 11:00:00,OE,-1.0,-2.7,88.0,0.0,9.0,1014.0,3.0
2025-11-10 12:00:00,OE,-2.0,-3.1,92.0,0.0,6.0,1014.0,3.0
2025-11-10 13:00:00,OE,-1.0,-3.2,85.0,0.0,17.0,1015.0,2.0
2025-11-10 14:00:00,OE,-1.0,-3.0,86.0,0.0,17.0,1015.0,3.0
2025-11-10 15:00:00,OE,-1.0,-3.2,85.0,0.0,19.0,1015.0,3.0
2025-11-10 16:00:00,OE,0.0,-1.7,88.0,0.0,13.0,1015.0,14.0
2025-11-10 17:00:00,OE,-1.0,-3.2,85.0,0.0,22.0,1015.0,21.0
2025-11-10 18:00:00,OE,-1.0,-4.0,80.0,0.0,20.0,1014.0,21.0
2025-11-10 19:00:00,OE,-1.0,-4.7,76.0,0.0,24.0,1014.0,15.0
2025-11-10 20:00:00,OE,-1.0,-6.0,69.0,0.0,26.0,1014.0,3.0
2025-11-10 21:00:00,OE,-2.0,-6.9,69.0,0.0,19.0,1015.0,3.0
2025-11-10 22:00:00,OE,-3.0,-5.8,81.0,0.0,26.0,1015.0,3.0
2025-11-10 23:00:00,OE,-3.0,-5.8,81.0,0.0,19.0,1015.0,3.0
2025-11-11 00:00:00,OE,-4.0,-7.9,74.0,0.0,22.0,1015.0,3.0
2025-11-11 01:00:00,OE,-4.0,-6.8,81.0,0.0,17.0,1015.0,3.0
2025-11-11 02:00:00,OE,-5.0,-7.1,85.0,0.0,17.0,1015.0,2.0
2025-11-11 03:00:00,OE,-4.0,-7.4,77.0,0.0,17.0,1015.0,3.0
2025-11-11 04:00:00,OE,-4.0,-9.0,68.0,0.0,20.0,1014.0,2.0
2025-11-11 05:00:00,OE,-4.0,-9.0,68.0,0.0,17.0,1015.0,1.0
2025-11-11 06:00:00,OE,-4.0,-7.9,74.0,0.0,24.0,1014.0,2.0
2025-11-11 07:00:00,OE,-4.0,-7.4,77.0,0.0,17.0,1015.0,3.0
2025-11-11 08:00:00,OE,-5.0,-7.1,85.0,0.0,20.0,1015.0,3.0
2025-11-11 09:00:00,OE,-5.0,-7.1,85.0,0.0,24.0,1014.0,3.0
2025-11-11 10:00:00,OE,-4.0,-6.3,84.0,0.0,20.0,1015.0,2.0
2025-11-11 11:00:00,OE,-4.0,-6.1,85.0,0.0,19.0,1015.0,2.0
2025-11-11 12:00:00,OE,-3.0,-5.8,81.0,0.0,20.0,1015.0,2.0
2025-11-11 13:00:00,OE,-2.0,-4.7,82.0,0.0,22.0,1016.0,2.0
2025-11-11 14:00:00,OE,-1.0,-3.8,81.0,0.0,22.0,1016.0,3.0
2025-11-11 15:00:00,OE,-1.0,-3.2,85.0,0.0,28.0,1016.0,3.0
2025-11-11 16:00:00,OE,0.0,-3.2,79.0,0.0,26.0,1016.0,3.0
2025-11-11 17:00:00,OE,2.0,-4.7,61.0,0.0,28.0,1015.0,3.0
2025-11-11 18:00:00,OE,2.0,-5.2,59.0,0.0,26.0,1015.0,3.0
2025-11-11 19:00:00,OE,2.0,-6.8,52.0,0.0,26.0,1014.0,3.0
2025-11-11 20:00:00,OE,2.0,-6.8,52.0,0.0,26.0,1014.0,3.0
2025-11-11 21:00:00,OE,1.0,-7.7,52.0,0.0,20.0,1013.0,3.0
2025-11-11 22:00:00,OE,1.0,-7.5,53.0,0.0,24.0,1013.0,3.0
2025-11-11 23:00:00,OE,0.0,-7.3,58.0,0.0,22.0,1012.0,3.0
2025-11-12 00:00:00,OE,1.0,-6.8,56.0,0.0,20.0,1012.0,3.0
2025-11-12 01:00:00,OE,1.0,-6.8,56.0,0.0,22.0,1012.0,3.0
2025-11-12 02:00:00,OE,1.0,-6.8,56.0,0.0,17.0,1011.0,3.0
2025-11-12 03:00:00,OE,1.0,-6.8,56.0,0.0,20.0,1010.0,3.0
2025-11-12 04:00:00,OE,2.0,-6.3,54.0,0.0,22.0,1009.0,3.0
2025-11-12 05:00:00,OE,2.0,-5.8,56.0,0.0,19.0,1008.0,3.0
2025-11-12 06:00:00,OE,2.0,-6.3,54.0,0.0,24.0,1008.0,3.0
2025-11-12 07:00:00,OE,3.0,-5.4,54.0,0.0,24.0,1008.0,3.0
2025-11-12 08:00:00,OE,3.0,-4.2,59.0,0.0,24.0,1008.0,3.0
2025-11-12 09:00:00,OE,3.0,-4.2,59.0,0.0,20.0,1008.0,3.0
2025-11-12 10:00:00,OE,3.0,-3.6,62.0,0.0,20.0,1008.0,3.0
2025-11-12 11:00:00,OE,3.0,-3.1,64.0,0.0,22.0,1008.0,3.0
2025-11-12 12:00:00,OE,3.0,-2.5,67.0,0.0,24.0,1009.0,3.0
2025-11-12 13:00:00,OE,3.0,-2.5,67.0,0.0,24.0,1009.0,3.0
2025-11-12 14:00:00,OE,4.0,-1.4,68.0,0.0,22.0,1009.0,3.0
2025-11-12 15:00:00,OE,5.0,-0.6,67.0,0.0,19.0,1009.0,3.0
2025-11-12 16:00:00,OE,7.0,0.9,65.0,0.0,20.0,1009.0,3.0
2025-11-12 17:00:00,OE,7.0,0.9,65.0,0.0,24.0,1009.0,3.0
2025-11-12 18:00:00,OE,8.0,1.8,65.0,0.0,22.0,1009.0,3.0
2025-11-12 19:00:00,OE,8.0,1.8,65.0,0.0,35.0,1009.0,3.0
2025-11-12 20:00:00,OE,8.0,1.8,65.0,0.0,30.0,1010.0,3.0
2025-11-12 21:00:00,OE,7.0,0.9,65.0,0.0,32.0,1011.0,3.0
2025-11-12 22:00:00,OE,7.0,0.9,65.0,0.0,26.0,1012.0,3.0
2025-11-12 23:00:00,OE,5.0,-0.0,70.0,0.0,15.0,1012.0,3.0
2025-11-13 00:00:00,OE,5.0,0.6,73.0,0.0,19.0,1013.0,3.0
2025-11-13 01:00:00,OE,5.0,-0.6,67.0,0.0,20.0,1014.0,3.0
2025-11-13 02:00:00,OE,4.0,-2.0,65.0,0.0,15.0,1014.0,2.0
2025-11-13 03:00:00,OE,3.0,-1.5,72.0,0.0,13.0,1014.0,3.0
2025-11-13 04:00:00,OE,3.0,-1.9,70.0,0.0,15.0,1015.0,3.0
2025-11-13 05:00:00,OE,2.0,-2.3,73.0,0.0,15.0,1015.0,1.0
2025-11-13 06:00:00,OE,2.0,-2.0,75.0,0.0,15.0,1015.0,1.0
2025-11-13 07:00:00,OE,2.0,-2.0,75.0,0.0,13.0,1015.0,1.0
2025-11-13 08:00:00,OE,2.0,-1.4,78.0,0.0,15.0,1016.0,1.0
2025-11-13 09:00:00,OE,2.0,-2.0,75.0,0.0,17.0,1016.0,1.0
2025-11-13 10:00:00,OE,1.0,-1.7,82.0,0.0,17.0,1017.0,1.0
2025-11-13 11:00:00,OE,1.0,-1.2,85.0,0.0,17.0,1017.0,1.0
2025-11-13 12:00:00,OE,1.0,-1.7,82.0,0.0,13.0,1018.0,1.0
2025-11-13 13:00:00,OE,4.0,-0.4,73.0,0.0,15.0,1019.0,1.0
2025-11-13 14:00:00,OE,6.0,-0.1,65.0,0.0,19.0,1019.0,1.0
2025-11-13 15:00:00,OE,7.0,-1.2,56.0,0.0,24.0,1020.0,1.0
2025-11-13 16:00:00,OE,8.0,-2.9,46.0,0.0,30.0,1019.0,1.0
2025-11-13 17:00:00,OE,9.0,-3.2,42.0,0.0,28.0,1019.0,1.0
2025-11-13 18:00:00,OE,10.0,-2.6,41.0,0.0,20.0,1019.0,1.0
2025-11-13 19:00:00,OE,10.0,-3.3,39.0,0.0,19.0,1019.0,1.0
2025-11-13 20:00:00,OE,9.0,-3.2,42.0,0.0,20.0,1019.0,1.0
2025-11-13 21:00:00,OE,7.0,-3.5,47.0,0.0,11.0,1019.0,2.0
2025-11-13 22:00:00,OE,6.0,-2.9,53.0,0.0,7.0,1020.0,3.0
2025-11-13 23:00:00,OE,3.0,-2.5,67.0,0.0,7.0,1020.0,2.0
2025-11-14 00:00:00,OE,3.0,-2.5,67.0,0.0,7.0,1020.0,1.0
2025-11-14 01:00:00,OE,4.0,-2.0,65.0,0.0,7.0,1020.0,1.0
2025-11-14 02:00:00,OE,3.0,-1.9,70.0,0.0,9.0,1020.0,1.0
2025-11-14 03:00:00,OE,2.0,-2.3,73.0,0.0,7.0,1020.0,1.0
2025-11-14 04:00:00,OE,1.0,-2.4,78.0,0.0,0.0,1020.0,1.0
2025-11-14 05:00:00,OE,2.0,-1.4,78.0,0.0,0.0,1020.0,1.0
2025-11-14 06:00:00,OE,1.0,-1.7,82.0,0.0,0.0,1021.0,1.0
2025-11-14 07:00:00,OE,1.0,-1.7,82.0,0.0,0.0,1021.0,1.0
2025-11-14 08:00:00,OE,-2.0,-3.6,89.0,0.0,0.0,1021.0,2.0
2025-11-14 09:00:00,OE,-2.0,-3.6,89.0,0.0,0.0,1021.0,1.0
2025-11-14 10:00:00,OE,1.0,-0.8,88.0,0.0,0.0,1021.0,2.0
2025-11-14 11:00:00,OE,1.0,-0.8,88.0,0.0,0.0,1022.0,2.0
2025-11-14 12:00:00,OE,3.0,-0.5,78.0,0.0,6.0,1021.0,3.0
2025-11-14 13:00:00,OE,3.0,-0.3,79.0,0.0,0.0,1021.0,3.0
2025-11-14 14:00:00,OE,6.0,0.3,67.0,0.0,7.0,1021.0,3.0
2025-11-14 15:00:00,OE,8.0,-1.0,53.0,0.0,19.0,1020.0,3.0
2025-11-14 16:00:00,OE,11.0,-1.7,41.0,0.0,20.0,1019.0,3.0
2025-11-14 17:00:00,OE,12.0,-0.8,41.0,0.0,17.0,1017.0,3.0
2025-11-14 18:00:00,OE,12.0,-0.2,43.0,0.0,17.0,1017.0,2.0
2025-11-14 19:00:00,OE,12.0,0.4,45.0,0.0,11.0,1015.0,1.0
2025-11-14 20:00:00,OE,12.2,-0.7,41.0,0.0,8.0,1015.0,3.0
2025-11-14 21:00:00,OE,11.1,-0.7,44.0,0.0,7.0,1015.0,3.0
2025-11-14 22:00:00,OE,8.9,0.1,54.0,0.0,0.0,1015.0,2.0
2025-11-14 23:00:00,OE,9.4,0.0,52.0,0.0,5.0,1015.0,2.0
2025-11-15 00:00:00,OE,8.3,0.0,56.0,0.0,5.0,1014.0,2.0
2025-11-15 01:00:00,OE,6.7,-0.1,62.0,0.0,3.0,1014.0,2.0
2025-11-15 02:00:00,OE,7.8,1.2,63.0,0.0,3.0,1014.0,3.0
2025-11-15 03:00:00,OE,6.7,2.2,73.0,0.0,3.0,1013.0,3.0
2025-11-15 04:00:00,OE,5.0,2.2,82.0,0.0,0.0,1013.0,3.0
2025-11-15 05:00:00,OE,3.9,2.3,89.0,0.0,0.0,1012.0,3.0
2025-11-15 06:00:00,OE,5.6,3.3,85.0,0.0,0.0,1012.0,3.0
2025-11-15 07:00:00,OE,6.7,5.0,89.0,0.0,0.0,1011.0,3.0
2025-11-15 08:00:00,OE,7.2,5.0,86.0,0.0,0.0,1011.0,3.0
2025-11-15 09:00:00,OE,10.0,6.7,80.0,0.0,4.0,1010.0,3.0
2025-11-15 10:00:00,OE,10.6,7.1,79.0,0.0,4.0,1010.0,3.0
2025-11-15 11:00:00,OE,11.1,8.8,86.0,0.0,8.0,1008.0,3.0
2025-11-15 12:00:00,OE,11.1,9.4,89.0,0.0,9.0,1008.0,3.0
2025-11-15 13:00:00,OE,12.8,10.0,83.0,0.0,10.0,1007.0,3.0
2025-11-15 14:00:00,OE,13.9,10.7,81.0,0.0,12.0,1006.0,3.0
2025-11-15 15:00:00,OE,15.0,11.8,81.0,0.0,12.0,1005.0,3.0
2025-11-15 16:00:00,OE,15.0,11.8,81.0,0.0,10.0,1003.0,3.0
2025-11-15 17:00:00,OE,15.6,12.2,80.0,0.0,10.0,1002.0,3.0
2025-11-15 18:00:00,OE,16.7,12.8,78.0,0.0,14.0,1000.0,3.0
2025-11-15 19:00:00,OE,17.2,12.7,75.0,0.0,18.0,999.0,3.0
2025-11-15 20:00:00,OE,17.2,12.7,75.0,0.0,12.0,998.0,3.0
2025-11-15 21:00:00,OE,17.2,12.7,75.0,0.0,12.0,997.0,3.0
2025-11-15 22:00:00,OE,17.2,12.7,75.0,0.1,11.0,997.0,7.0
2025-11-15 23:00:00,OE,17.2,13.3,78.0,0.1,14.0,997.0,7.0
2025-11-16 00:00:00,OE,18.0,13.1,73.0,2.1,14.0,997.0,9.0
2025-11-16 01:00:00,OE,16.7,11.6,72.0,0.4,14.0,,8.0
2025-11-16 02:00:00,OE,15.0,9.4,69.0,0.1,13.0,,7.0
2025-11-16 03:00:00,OE,15.0,9.4,69.0,0.0,16.0,,2.0
2025-11-16 04:00:00,OE,13.9,7.2,64.0,0.0,17.0,,2.0
2025-11-16 05:00:00,OE,11.7,6.2,69.0,0.0,13.0,,3.0
2025-11-16 06:00:00,OE,11.1,6.0,71.0,0.0,11.0,,3.0
2025-11-16 07:00:00,OE,9.4,2.3,61.0,0.0,10.0,,2.0
2025-11-16 08:00:00,OE,8.9,2.9,66.0,0.0,11.0,,1.0
2025-11-16 09:00:00,OE,8.3,2.7,68.0,0.0,16.0,,3.0
2025-11-16 10:00:00,OE,6.1,-1.1,60.0,0.0,8.0,,3.0
2025-11-16 11:00:00,OE,5.0,-1.7,62.0,0.0,7.0,,2.0
2025-11-16 12:00:00,OE,5.0,-3.3,55.0,0.0,15.0,,1.0
2025-11-16 13:00:00,OE,5.6,-4.0,50.0,0.0,16.0,,1.0
2025-11-16 14:00:00,OE,6.1,-3.8,49.0,0.0,16.0,,2.0
2025-11-16 15:00:00,OE,6.7,-5.0,43.0,0.0,16.0,,3.0
2025-11-16 16:00:00,OE,6.7,-5.6,41.0,0.0,17.0,,3.0
2025-11-16 17:00:00,OE,5.6,-5.7,44.0,0.0,15.0,,3.0
2025-11-16 18:00:00,OE,6.1,-4.9,45.0,0.0,18.0,,3.0
2025-11-16 19:00:00,OE,6.1,-4.9,45.0,0.0,11.0,,3.0
2025-11-16 20:00:00,OE,5.6,-5.1,46.0,0.0,14.0,,3.0
2025-11-16 21:00:00,OE,5.0,-5.9,45.0,0.0,10.0,,3.0
2025-11-16 22:00:00,OE,4.4,-6.2,46.0,0.0,9.0,,3.0
2025-11-16 23:00:00,OE,3.3,-5.6,52.0,0.0,4.0,,2.0
2025-11-17 00:00:00,OE,3.3,-4.4,57.0,0.0,5.0,,2.0
2025-11-17 01:00:00,OE,3.9,-3.8,57.0,0.0,6.0,,2.0
2025-11-17 02:00:00,OE,4.4,-4.3,53.0,0.0,9.0,,3.0
2025-11-17 03:00:00,OE,3.9,-3.8,57.0,0.0,11.0,,3.0
2025-11-17 04:00:00,OE,3.3,-3.9,59.0,0.0,11.0,,3.0
2025-11-17 05:00:00,OE,2.8,-4.0,61.0,0.0,9.0,,3.0
2025-11-17 06:00:00,OE,2.2,-5.0,59.0,0.0,9.0,,3.0
2025-11-17 07:00:00,OE,2.2,-5.0,59.0,0.0,11.0,,3.0
2025-11-17 08:00:00,OE,0.6,-5.0,66.0,0.0,8.0,,3.0
2025-11-17 09:00:00,OE,-1.1,-5.0,75.0,0.0,8.0,,3.0
2025-11-17 10:00:00,OE,-1.1,-5.7,71.0,0.0,8.0,,3.0
2025-11-17 11:00:00,OE,-1.1,-5.7,71.0,0.0,9.0,1015.0,3.0
2025-11-17 12:00:00,OE,-1.1,-5.0,75.0,0.0,9.0,1016.0,3.0
2025-11-17 13:00:00,OE,0.6,-4.4,69.0,0.0,12.0,1017.1,3.0
2025-11-17 14:00:00,OE,3.9,-3.4,59.0,0.0,10.0,1018.0,3.0
2025-11-17 15:00:00,OE,4.4,-5.6,48.0,0.0,13.0,1018.2,3.0
2025-11-17 16:00:00,OE,4.4,-5.1,50.0,0.0,11.0,1018.1,3.0
2025-11-17 17:00:00,OE,3.4,-4.5,56.0,0.0,20.5,1017.5,3.0
2025-11-17 18:00:00,OE,3.6,-5.1,53.0,0.0,18.7,1017.2,3.0
2025-11-17 19:00:00,OE,4.0,-5.5,50.0,0.0,18.7,1017.0,3.0
2025-11-17 20:00:00,OE,4.2,-5.6,49.0,0.0,18.7,1017.4,2.0
2025-11-17 21:00:00,OE,3.6,-5.6,51.0,0.0,16.9,1018.1,1.0
2025-11-17 22:00:00,OE,2.3,-5.3,57.0,0.0,11.9,1019.1,1.0
2025-11-17 23:00:00,OE,1.4,-4.5,65.0,0.0,8.6,1019.5,1.0
2025-11-18 00:00:00,OE,0.6,-4.0,71.0,0.0,7.6,1019.8,1.0
2025-11-18 01:00:00,OE,0.1,-3.8,75.0,0.0,7.2,1020.0,1.0
2025-11-18 02:00:00,OE,-0.2,-3.9,76.0,0.0,6.5,1020.4,1.0
2025-11-18 03:00:00,OE,-0.4,-3.9,77.0,0.0,6.1,1020.8,1.0
2025-11-18 04:00:00,OE,-0.8,-4.0,79.0,0.0,6.5,1021.0,1.0
2025-11-18 05:00:00,OE,-1.1,-4.3,79.0,0.0,6.8,1021.0,1.0
2025-11-18 06:00:00,OE,-1.2,-4.2,80.0,0.0,7.2,1021.1,1.0
2025-11-18 07:00:00,OE,-1.5,-4.3,81.0,0.0,7.6,1021.3,1.0
2025-11-18 08:00:00,OE,-1.7,-4.4,82.0,0.0,7.2,1021.4,3.0
2025-11-18 09:00:00,OE,-1.4,-4.1,82.0,0.0,5.8,1021.1,3.0
2025-11-18 10:00:00,OE,-0.9,-3.7,81.0,0.0,6.5,1021.6,3.0
2025-11-18 11:00:00,OE,-0.3,-3.3,80.0,0.0,6.8,1022.1,3.0
2025-11-18 12:00:00,OE,0.4,-3.0,78.0,0.0,7.2,1022.2,3.0
2025-11-18 13:00:00,OE,0.7,-2.9,77.0,0.0,8.6,1022.9,3.0
2025-11-18 14:00:00,OE,1.2,-1.9,80.0,0.2,9.4,1022.9,14.0
2025-11-18 15:00:00,OE,1.9,-1.4,79.0,0.0,7.9,1022.6,3.0
2025-11-18 16:00:00,OE,2.8,-0.8,77.0,0.0,7.2,1022.2,3.0
2025-11-18 17:00:00,OE,3.3,-0.7,75.0,0.2,6.8,1021.8,12.0
2025-11-18 18:00:00,OE,3.4,0.1,79.0,1.1,8.6,1020.4,9.0
2025-11-18 19:00:00,OE,3.9,0.6,79.0,0.0,9.7,1019.7,3.0
2025-11-18 20:00:00,OE,3.7,0.9,82.0,0.0,10.8,1019.1,3.0
2025-11-18 21:00:00,OE,3.4,1.1,85.0,0.0,10.4,1019.0,3.0
2025-11-18 22:00:00,OE,3.2,1.1,86.0,0.0,11.5,1018.7,3.0
2025-11-18 23:00:00,OE,3.0,1.2,88.0,0.0,12.6,1018.5,3.0
2025-11-19 00:00:00,OE,3.1,1.3,88.0,0.2,10.1,1018.6,7.0
2025-11-19 01:00:00,OE,2.5,1.9,96.0,1.2,6.8,1019.3,9.0
2025-11-19 02:00:00,OE,2.3,2.0,98.0,0.8,11.2,1019.1,8.0
2025-11-19 03:00:00,OE,2.2,1.6,96.0,0.0,11.5,1018.8,3.0
2025-11-19 04:00:00,OE,2.0,1.4,96.0,0.0,12.6,1018.6,3.0
2025-11-19 05:00:00,OE,1.9,1.3,96.0,0.0,7.6,1019.4,3.0
2025-11-19 06:00:00,OE,1.9,1.3,96.0,0.0,8.6,1019.6,3.0
2025-11-19 07:00:00,OE,1.6,1.2,97.0,0.0,10.4,1019.9,3.0
2025-11-19 08:00:00,OE,1.1,0.8,98.0,0.0,9.0,1020.5,3.0
2025-11-19 09:00:00,OE,0.2,-0.1,98.0,0.0,9.4,1020.7,2.0
2025-11-19 10:00:00,OE,-0.1,-0.2,99.0,0.0,9.7,1021.5,2.0
2025-11-19 11:00:00,OE,-0.2,-0.5,98.0,0.0,10.1,1022.0,2.0
2025-11-19 12:00:00,OE,-0.3,-0.7,97.0,0.0,10.4,1022.6,2.0
2025-11-19 13:00:00,OE,0.0,-0.4,97.0,0.0,9.0,1023.4,1.0
2025-11-19 14:00:00,OE,1.9,0.7,92.0,0.0,8.3,1024.0,1.0
2025-11-19 15:00:00,OE,3.9,1.8,86.0,0.0,6.8,1024.3,1.0
2025-11-19 16:00:00,OE,5.5,2.2,79.0,0.0,8.6,1024.2,1.0
2025-11-19 17:00:00,OE,6.8,1.7,70.0,0.0,8.6,1023.5,1.0
2025-11-19 18:00:00,OE,7.7,2.0,67.0,0.0,8.6,1022.7,1.0
2025-11-19 19:00:00,OE,8.0,2.2,67.0,0.0,9.7,1022.2,3.0
2025-11-19 20:00:00,OE,7.8,2.5,69.0,0.0,8.6,1022.3,3.0
2025-11-19 21:00:00,OE,7.2,2.5,72.0,0.0,7.9,1022.4,3.0
2025-11-19 22:00:00,OE,5.9,2.9,81.0,0.0,4.7,1022.8,3.0
2025-11-19 23:00:00,OE,4.8,2.8,87.0,0.0,6.8,1023.2,3.0
2025-11-20 00:00:00,OE,4.5,2.7,88.0,0.0,9.4,1023.3,3.0
2025-11-20 01:00:00,OE,3.6,2.3,91.0,0.0,8.3,1023.2,3.0
2025-11-20 02:00:00,OE,2.7,1.7,93.0,0.0,6.1,1023.4,3.0
2025-11-20 03:00:00,OE,2.1,1.1,93.0,0.0,6.8,1023.6,2.0
2025-11-20 04:00:00,OE,1.6,0.6,93.0,0.0,8.3,1023.5,1.0
2025-11-20 05:00:00,OE,1.0,-0.0,93.0,0.0,7.9,1023.3,2.0
2025-11-20 06:00:00,OE,0.9,-0.1,93.0,0.0,8.3,1022.8,3.0
2025-11-20 07:00:00,OE,0.5,-2.2,82.0,0.0,5.8,1022.9,3.0
2025-11-20 08:00:00,OE,0.7,-2.0,82.0,0.0,5.8,1022.6,3.0
2025-11-20 09:00:00,OE,0.6,-1.9,83.0,0.0,6.1,1022.4,3.0
2025-11-20 10:00:00,OE,0.4,-1.8,85.0,0.0,4.3,1022.7,3.0
2025-11-20 11:00:00,OE,0.0,-1.6,89.0,0.0,4.3,1022.7,3.0
2025-11-20 12:00:00,OE,1.0,-0.5,90.0,0.0,2.5,1022.8,3.0
2025-11-20 13:00:00,OE,,,,,,,
2025-11-20 14:00:00,OE,,,,,,,
2025-11-20 15:00:00,OE,,,,,,,
2025-11-20 16:00:00,OE,,,,,,,
2025-11-20 17:00:00,OE,,,,,,,
2025-11-20 18:00:00,OE,7.4,2.3,70.0,,4.7,1021.3,
2025-11-20 19:00:00,OE,,,,,,,
2025-11-20 20:00:00,OE,,,,,,,
2025-11-20 21:00:00,OE,,,,,,,
2025-11-20 22:00:00,OE,,,,,,,
2025-11-20 23:00:00,OE,,,,,,,
2025-11-21 00:00:00,OE,7.0,3.8,80.0,,7.9,1019.1,
2025-11-21 01:00:00,OE,,,,,,,
2025-11-21 02:00:00,OE,,,,,,,
2025-11-21 03:00:00,OE,,,,,,,
2025-11-21 04:00:00,OE,,,,,,,
2025-11-21 05:00:00,OE,,,,,,,
2025-11-21 06:00:00,OE,6.3,5.1,92.0,,14.4,1015.8,
2025-11-21 07:00:00,OE,,,,,,,
2025-11-21 08:00:00,OE,,,,,,,
2025-11-21 09:00:00,OE,,,,,,,
2025-11-21 10:00:00,OE,,,,,,,
2025-11-21 11:00:00,OE,,,,,,,
2025-11-21 12:00:00,OE,6.6,5.9,95.0,,7.2,1015.5,
2025-11-21 13:00:00,OE,,,,,,,
2025-11-21 14:00:00,OE,,,,,,,
2025-11-21 15:00:00,OE,,,,,,,
2025-11-21 16:00:00,OE,,,,,,,
2025-11-21 17:00:00,OE,,,,,,,
2025-11-21 18:00:00,OE,11.5,7.4,76.0,,10.4,1014.1,
2025-11-21 19:00:00,OE,,,,,,,
2025-11-21 20:00:00,OE,,,,,,,
2025-11-21 21:00:00,OE,,,,,,,
2025-11-21 22:00:00,OE,,,,,,,
2025-11-21 23:00:00,OE,,,,,,,
2025-11-22 00:00:00,OE,6.9,4.9,87.0,,9.7,1015.2,
2025-11-22 01:00:00,OE,,,,,,,
2025-11-22 02:00:00,OE,,,,,,,
2025-11-22 03:00:00,OE,,,,,,,
2025-11-22 04:00:00,OE,,,,,,,
2025-11-22 05:00:00,OE,,,,,,,
2025-11-22 06:00:00,OE,4.0,1.7,85.0,,11.5,1015.7,
2025-11-22 07:00:00,OE,,,,,,,
2025-11-22 08:00:00,OE,,,,,,,
2025-11-22 09:00:00,OE,,,,,,,
2025-11-22 10:00:00,OE,,,,,,,
2025-11-22 11:00:00,OE,,,,,,,
2025-11-22 12:00:00,OE,1.1,-0.4,90.0,,10.4,1017.6,
2025-11-22 13:00:00,OE,,,,,,,
2025-11-22 14:00:00,OE,,,,,,,
2025-11-22 15:00:00,OE,,,,,,,
2025-11-22 16:00:00,OE,,,,,,,
2025-11-22 17:00:00,OE,,,,,,,
2025-11-22 18:00:00,OE,7.2,-0.5,58.0,,7.6,1017.3,
2025-11-22 19:00:00,OE,,,,,,,
2025-11-22 20:00:00,OE,,,,,,,
2025-11-22 21:00:00,OE,,,,,,,
2025-11-22 22:00:00,OE,,,,,,,
2025-11-22 23:00:00,OE,,,,,,,
2025-11-23 00:00:00,OE,2.3,0.2,86.0,,5.8,1018.9,
2025-11-23 01:00:00,OE,,,,,,,
2025-11-23 02:00:00,OE,,,,,,,
2025-11-23 03:00:00,OE,,,,,,,
2025-11-23 04:00:00,OE,,,,,,,
2025-11-23 05:00:00,OE,,,,,,,
2025-11-23 06:00:00,OE,-0.1,-0.9,94.0,,7.6,1018.9,
2025-11-23 07:00:00,OE,,,,,,,
2025-11-23 08:00:00,OE,,,,,,,
2025-11-23 09:00:00,OE,,,,,,,
2025-11-23 10:00:00,OE,,,,,,,
2025-11-23 11:00:00,OE,,,,,,,
2025-11-23 12:00:00,OE,-1.0,-2.4,90.0,,6.5,1019.5,
2025-11-23 13:00:00,OE,,,,,,,
2025-11-23 14:00:00,OE,,,,,,,
2025-11-23 15:00:00,OE,,,,,,,
2025-11-23 16:00:00,OE,,,,,,,
2025-11-23 17:00:00,OE,,,,,,,
2025-11-23 18:00:00,OE,9.7,1.6,57.0,,9.4,1018.2,
2025-11-23 19:00:00,OE,,,,,,,
2025-11-23 20:00:00,OE,,,,,,,
2025-11-23 21:00:00,OE,,,,,,,
2025-11-23 22:00:00,OE,,,,,,,
2025-11-23 23:00:00,OE,,,,,,,
2025-11-24 00:00:00,OE,5.9,0.9,70.0,,11.9,1018.1,
2025-11-24 01:00:00,OE,,,,,,,
2025-11-24 02:00:00,OE,,,,,,,
2025-11-24 03:00:00,OE,,,,,,,
2025-11-24 04:00:00,OE,,,,,,,
2025-11-24 05:00:00,OE,,,,,,,
2025-11-24 06:00:00,OE,3.6,0.3,79.0,,12.6,1018.0,
2025-11-24 07:00:00,OE,,,,,,,
2025-11-24 08:00:00,OE,,,,,,,
2025-11-24 09:00:00,OE,,,,,,,
2025-11-24 10:00:00,OE,,,,,,,
2025-11-24 11:00:00,OE,,,,,,,
2025-11-24 12:00:00,OE,2.5,-0.4,81.0,,14.0,1018.8,
2025-11-24 13:00:00,OE,,,,,,,
2025-11-24 14:00:00,OE,,,,,,,
2025-11-24 15:00:00,OE,,,,,,,
2025-11-24 16:00:00,OE,,,,,,,
2025-11-24 17:00:00,OE,,,,,,,
2025-11-24 18:00:00,OE,12.4,4.1,57.0,,16.2,1016.6,
2025-11-24 19:00:00,OE,,,,,,,
2025-11-24 20:00:00,OE,,,,,,,
2025-11-24 21:00:00,OE,,,,,,,
2025-11-24 22:00:00,OE,,,,,,,
2025-11-24 23:00:00,OE,,,,,,,
2025-11-25 00:00:00,OE,9.8,3.8,66.0,,14.8,1017.2,
2025-11-25 01:00:00,OE,,,,,,,
2025-11-25 02:00:00,OE,,,,,,,
2025-11-25 03:00:00,OE,,,,,,,
2025-11-25 04:00:00,OE,,,,,,,
2025-11-25 05:00:00,OE,,,,,,,
2025-11-25 06:00:00,OE,8.1,5.9,86.0,,9.4,1018.7,
2025-11-25 07:00:00,OE,,,,,,,
2025-11-25 08:00:00,OE,,,,,,,
2025-11-25 09:00:00,OE,,,,,,,
2025-11-25 10:00:00,OE,,,,,,,
2025-11-25 11:00:00,OE,,,,,,,
2025-11-25 12:00:00,OE,5.6,5.0,96.0,,5.8,1021.8,
2025-11-25 13:00:00,OE,,,,,,,
2025-11-25 14:00:00,OE,,,,,,,
2025-11-25 15:00:00,OE,,,,,,,
2025-11-25 16:00:00,OE,,,,,,,
2025-11-25 17:00:00,OE,,,,,,,
2025-11-25 18:00:00,OE,8.7,4.1,73.0,,7.9,1022.8,
2025-11-25 19:00:00,OE,,,,,,,
2025-11-25 20:00:00,OE,,,,,,,
2025-11-25 21:00:00,OE,,,,,,,
2025-11-25 22:00:00,OE,,,,,,,
2025-11-25 23:00:00,OE,,,,,,,
2025-11-26 00:00:00,OE,3.7,2.4,91.0,,7.6,1024.6,
2025-11-26 01:00:00,OE,,,,,,,
2025-11-26 02:00:00,OE,,,,,,,
2025-11-26 03:00:00,OE,,,,,,,
2025-11-26 04:00:00,OE,,,,,,,
2025-11-26 05:00:00,OE,,,,,,,
2025-11-26 06:00:00,OE,0.9,-0.4,91.0,,8.3,1024.9,
2025-11-26 07:00:00,OE,,,,,,,
2025-11-26 08:00:00,OE,,,,,,,
2025-11-26 09:00:00,OE,,,,,,,
2025-11-26 10:00:00,OE,,,,,,,
2025-11-26 11:00:00,OE,,,,,,,
2025-11-26 12:00:00,OE,0.5,-0.5,93.0,,11.2,1026.2,
2025-11-26 13:00:00,OE,,,,,,,
2025-11-26 14:00:00,OE,,,,,,,
2025-11-26 15:00:00,OE,,,,,,,
2025-11-26 16:00:00,OE,,,,,,,
2025-11-26 17:00:00,OE,,,,,,,
2025-11-26 18:00:00,OE,5.8,-0.3,65.0,,14.8,1024.3,
2025-11-26 19:00:00,OE,,,,,,,
2025-11-26 20:00:00,OE,,,,,,,
2025-11-26 21:00:00,OE,,,,,,,
2025-11-26 22:00:00,OE,,,,,,,
2025-11-26 23:00:00,OE,,,,,,,
2025-11-27 00:00:00,OE,5.1,-0.9,65.0,,15.1,1023.4,
2025-11-01 00:00:00,OVEC,10.0,5.0,71.0,0.0,4.0,1015.0,3.0
2025-11-01 01:00:00,OVEC,6.0,5.0,93.0,0.0,4.0,1016.0,3.0
2025-11-01 02:00:00,OVEC,5.0,4.0,93.0,0.0,6.0,1016.0,3.0
2025-11-01 03:00:00,OVEC,4.0,4.0,100.0,0.0,4.0,1016.0,5.0
2025-11-01 04:00:00,OVEC,3.0,3.0,100.0,0.0,2.0,1016.0,5.0
2025-11-01 05:00:00,OVEC,3.0,3.0,100.0,0.0,6.0,1017.0,5.0
2025-11-01 06:00:00,OVEC,2.0,2.0,100.0,0.0,4.0,1016.0,5.0
2025-11-01 07:00:00,OVEC,2.0,1.0,93.0,0.0,6.0,1017.0,5.0
2025-11-01 08:00:00,OVEC,2.0,2.0,100.0,0.0,0.0,1017.0,5.0
2025-11-01 09:00:00,OVEC,3.0,3.0,100.0,0.0,7.0,1017.0,3.0
2025-11-01 10:00:00,OVEC,4.0,4.0,100.0,0.0,4.0,1017.0,3.0
2025-11-01 11:00:00,OVEC,3.0,3.0,100.0,0.0,6.0,1018.0,5.0
2025-11-01 12:00:00,OVEC,2.0,2.0,100.0,0.0,6.0,1019.0,5.0
2025-11-01 13:00:00,OVEC,3.0,3.0,100.0,0.0,6.0,1019.0,5.0
2025-11-01 14:00:00,OVEC,6.0,6.0,100.0,0.0,7.0,1019.0,3.0
2025-11-01 15:00:00,OVEC,9.0,7.0,87.0,0.0,6.0,1019.0,3.0
2025-11-01 16:00:00,OVEC,12.0,6.1,67.0,0.0,7.0,1020.0,3.0
2025-11-01 17:00:00,OVEC,14.0,6.1,59.0,0.0,11.0,1019.0,3.0
2025-11-01 18:00:00,OVEC,15.0,4.1,48.0,0.0,11.0,1018.0,3.0
2025-11-01 19:00:00,OVEC,16.0,3.1,42.0,0.0,2.0,1018.0,3.0
2025-11-01 20:00:00,OVEC,16.0,3.1,42.0,0.0,15.0,1018.0,3.0
2025-11-01 21:00:00,OVEC,16.0,4.1,45.0,0.0,7.0,1018.0,3.0
2025-11-01 22:00:00,OVEC,15.0,4.1,48.0,0.0,4.0,1018.0,3.0
2025-11-01 23:00:00,OVEC,11.0,5.9,71.0,0.0,2.0,1019.0,3.0
2025-11-02 00:00:00,OVEC,11.0,5.9,71.0,0.0,6.0,1019.0,3.0
2025-11-02 01:00:00,OVEC,8.0,6.0,87.0,0.0,2.0,1020.0,3.0
2025-11-02 02:00:00,OVEC,7.0,5.9,93.0,0.0,7.0,1020.0,3.0
2025-11-02 03:00:00,OVEC,6.0,6.0,100.0,0.0,7.0,1021.0,3.0
2025-11-02 04:00:00,OVEC,6.0,6.0,100.0,0.0,6.0,1021.0,3.0
2025-11-02 05:00:00,OVEC,7.0,5.9,93.0,0.0,4.0,1021.0,3.0
2025-11-02 06:00:00,OVEC,7.0,5.9,93.0,0.0,2.0,1022.0,3.0
2025-11-02 07:00:00,OVEC,7.0,5.0,87.0,0.3,2.0,1022.0,8.0
2025-11-02 08:00:00,OVEC,6.0,6.0,100.0,0.0,4.0,1022.0,3.0
2025-11-02 09:00:00,OVEC,6.0,6.0,100.0,0.0,4.0,1022.0,3.0
2025-11-02 10:00:00,OVEC,6.0,6.0,100.0,0.0,4.0,1023.0,3.0
2025-11-02 11:00:00,OVEC,6.0,6.0,100.0,0.0,4.0,1023.0,3.0
2025-11-02 12:00:00,OVEC,6.0,6.0,100.0,0.0,2.0,1023.0,3.0
2025-11-02 13:00:00,OVEC,7.0,5.9,93.0,0.0,4.0,1024.0,3.0
2025-11-02 14:00:00,OVEC,8.0,6.0,87.0,0.0,0.0,1024.0,3.0
2025-11-02 15:00:00,OVEC,8.0,6.9,93.0,0.0,2.0,1024.0,3.0
2025-11-02 16:00:00,OVEC,9.0,7.0,87.0,0.0,6.0,1024.0,3.0
2025-11-02 17:00:00,OVEC,10.0,7.9,87.0,0.0,2.0,1023.0,3.0
2025-11-02 18:00:00,OVEC,12.0,8.1,77.0,0.0,2.0,1023.0,3.0
2025-11-02 19:00:00,OVEC,14.0,9.0,72.0,0.0,6.0,1022.0,3.0
2025-11-02 20:00:00,OVEC,15.0,8.0,63.0,0.0,4.0,1022.0,3.0
2025-11-02 21:00:00,OVEC,15.0,7.1,59.0,0.0,6.0,1021.0,3.0
2025-11-02 22:00:00,OVEC,14.0,8.0,67.0,0.0,6.0,1022.0,3.0
2025-11-02 23:00:00,OVEC,12.0,9.0,82.0,0.0,0.0,1022.0,1.0
2025-11-03 00:00:00,OVEC,11.0,8.0,82.0,0.0,6.0,1023.0,2.0
2025-11-03 01:00:00,OVEC,9.0,8.1,94.0,0.0,6.0,1023.0,2.0
2025-11-03 02:00:00,OVEC,7.0,7.0,100.0,0.0,6.0,1023.0,1.0
2025-11-03 03:00:00,OVEC,6.0,6.0,100.0,0.0,2.0,1023.0,5.0
2025-11-03 04:00:00,OVEC,5.0,5.0,100.0,0.0,4.0,1022.0,5.0
2025-11-03 05:00:00,OVEC,4.0,4.0,100.0,0.0,2.0,1022.0,1.0
2025-11-03 06:00:00,OVEC,4.6,4.0,96.0,0.0,7.9,1022.4,1.0
2025-11-03 07:00:00,OVEC,3.0,3.0,100.0,0.0,6.0,1023.0,5.0
2025-11-03 08:00:00,OVEC,3.0,3.0,100.0,0.0,0.0,1023.0,5.0
2025-11-03 09:00:00,OVEC,2.0,2.0,100.0,0.0,2.0,1023.0,5.0
2025-11-03 10:00:00,OVEC,2.0,2.0,100.0,0.0,2.0,1023.0,5.0
2025-11-03 11:00:00,OVEC,2.0,2.0,100.0,0.0,4.0,1024.0,5.0
2025-11-03 12:00:00,OVEC,4.0,4.0,100.0,0.0,2.0,1024.0,5.0
2025-11-03 13:00:00,OVEC,4.0,4.0,100.0,0.0,4.0,1025.0,5.0
2025-11-03 14:00:00,OVEC,7.0,7.0,100.0,0.0,7.0,1025.0,1.0
2025-11-03 15:00:00,OVEC,10.0,5.0,71.0,0.0,11.0,1025.0,1.0
2025-11-03 16:00:00,OVEC,11.0,4.0,62.0,0.0,11.0,1023.0,3.0
2025-11-03 17:00:00,OVEC,12.0,4.0,58.0,0.0,19.0,1023.0,1.0
2025-11-03 18:00:00,OVEC,13.0,3.1,51.0,0.0,7.0,1022.0,1.0
2025-11-03 19:00:00,OVEC,14.0,3.2,48.0,0.0,15.0,1022.0,1.0
2025-11-03 20:00:00,OVEC,14.0,3.2,48.0,0.0,20.0,1021.0,1.0
2025-11-03 21:00:00,OVEC,14.0,4.0,51.0,0.0,7.0,1022.0,1.0
2025-11-03 22:00:00,OVEC,13.0,3.9,54.0,0.0,9.0,1022.0,1.0
2025-11-03 23:00:00,OVEC,11.0,4.0,62.0,0.0,6.0,1023.0,1.0
2025-11-04 00:00:00,OVEC,7.0,5.0,87.0,0.0,6.0,1023.0,1.0
2025-11-04 01:00:00,OVEC,9.0,5.0,76.0,0.0,4.0,1024.0,1.0
2025-11-04 02:00:00,OVEC,6.0,5.0,93.0,0.0,0.0,1024.0,1.0
2025-11-04 03:00:00,OVEC,4.0,4.0,100.0,0.0,2.0,1025.0,1.0
2025-11-04 04:00:00,OVEC,3.0,3.0,100.0,0.0,0.0,1026.0,1.0
2025-11-04 05:00:00,OVEC,3.0,2.0,93.0,0.0,0.0,1026.0,5.0
2025-11-04 06:00:00,OVEC,1.0,1.0,100.0,0.0,4.0,,5.0
2025-11-04 07:00:00,OVEC,1.0,1.0,100.0,0.0,2.0,1026.0,5.0
2025-11-04 08:00:00,OVEC,1.0,1.0,100.0,0.0,2.0,1026.0,5.0
2025-11-04 09:00:00,OVEC,1.0,1.0,100.0,0.0,4.0,1026.0,5.0
2025-11-04 10:00:00,OVEC,0.0,0.0,100.0,0.0,4.0,1027.0,5.0
2025-11-04 11:00:00,OVEC,1.0,1.0,100.0,0.0,2.0,1027.0,5.0
2025-11-04 12:00:00,OVEC,1.0,1.0,100.0,0.0,0.0,1028.0,5.0
2025-11-04 13:00:00,OVEC,1.0,1.0,100.0,0.0,4.0,1029.0,5.0
2025-11-04 14:00:00,OVEC,2.0,2.0,100.0,0.0,6.0,1029.0,5.0
2025-11-04 15:00:00,OVEC,5.0,5.0,100.0,0.0,7.0,1029.0,5.0
2025-11-04 16:00:00,OVEC,8.0,8.0,100.0,0.0,7.0,1028.0,3.0
2025-11-04 17:00:00,OVEC,13.0,6.1,63.0,0.0,13.0,1028.0,3.0
2025-11-04 18:00:00,OVEC,15.0,1.2,39.0,0.0,9.0,1027.0,3.0
2025-11-04 19:00:00,OVEC,16.0,0.1,34.0,0.0,7.0,1026.0,3.0
2025-11-04 20:00:00,OVEC,17.0,-1.2,29.0,0.0,9.0,1025.0,3.0
2025-11-04 21:00:00,OVEC,17.0,-1.2,29.0,0.0,11.0,1024.0,3.0
2025-11-04 22:00:00,OVEC,13.0,-1.0,38.0,0.0,4.0,1024.0,1.0
2025-11-04 23:00:00,OVEC,10.0,0.1,50.0,0.0,4.0,1024.0,2.0
2025-11-05 00:00:00,OVEC,7.0,3.1,76.0,0.0,2.0,1024.0,3.0
2025-11-05 01:00:00,OVEC,7.0,2.1,71.0,0.0,4.0,1024.0,3.0
2025-11-05 02:00:00,OVEC,6.0,2.1,76.0,0.0,0.0,1023.0,3.0
2025-11-05 03:00:00,OVEC,4.0,2.0,87.0,0.0,4.0,1023.0,2.0
2025-11-05 04:00:00,OVEC,3.0,3.0,100.0,0.0,7.0,1022.0,1.0
2025-11-05 05:00:00,OVEC,2.0,2.0,100.0,0.0,2.0,1021.0,1.0
2025-11-05 06:00:00,OVEC,2.0,2.0,100.0,0.0,2.0,1020.0,2.0
2025-11-05 07:00:00,OVEC,2.0,2.0,100.0,0.0,0.0,1020.0,1.0
2025-11-05 08:00:00,OVEC,2.0,2.0,100.0,0.0,7.0,1020.0,1.0
2025-11-05 09:00:00,OVEC,2.0,2.0,100.0,0.0,0.0,1019.0,1.0
2025-11-05 10:00:00,OVEC,1.0,1.0,100.0,0.0,0.0,1019.0,3.0
2025-11-05 11:00:00,OVEC,1.0,1.0,100.0,0.0,2.0,1019.0,3.0
2025-11-05 12:00:00,OVEC,1.0,1.0,100.0,0.0,9.0,1018.0,3.0
2025-11-05 13:00:00,OVEC,5.0,4.0,93.0,0.0,13.0,1017.0,3.0
2025-11-05 14:00:00,OVEC,12.0,7.1,72.0,0.0,13.0,1017.0,3.0
2025-11-05 15:00:00,OVEC,16.0,8.0,59.0,0.0,15.0,1016.0,3.0
2025-11-05 16:00:00,OVEC,18.0,8.0,52.0,0.0,13.0,1016.0,3.0
2025-11-05 17:00:00,OVEC,20.0,8.0,46.0,0.0,13.0,1015.0,3.0
2025-11-05 18:00:00,OVEC,21.0,8.9,46.0,0.0,20.0,1014.0,2.0
2025-11-05 19:00:00,OVEC,21.0,8.9,46.0,0.0,22.0,1013.0,1.0
2025-11-05 20:00:00,OVEC,21.0,8.9,46.0,0.0,13.0,1013.0,1.0
2025-11-05 21:00:00,OVEC,21.0,8.9,46.0,0.0,9.0,1014.0,3.0
2025-11-05 22:00:00,OVEC,20.0,10.1,53.0,0.0,6.0,1014.0,3.0
2025-11-05 23:00:00,OVEC,20.0,9.0,49.0,0.0,15.0,1016.0,1.0
2025-11-06 00:00:00,OVEC,19.0,10.0,56.0,0.0,6.0,1017.0,2.0
2025-11-06 01:00:00,OVEC,18.0,9.1,56.0,0.0,15.0,1017.0,3.0
2025-11-06 02:00:00,OVEC,16.0,8.0,59.0,0.0,19.0,1019.0,1.0
2025-11-06 03:00:00,OVEC,13.0,3.9,54.0,0.0,19.0,1021.0,1.0
2025-11-06 04:00:00,OVEC,12.0,4.0,58.0,0.0,17.0,1022.0,1.0
2025-11-06 05:00:00,OVEC,10.0,3.9,66.0,0.0,11.0,1023.0,1.0
2025-11-06 06:00:00,OVEC,9.0,3.0,66.0,0.0,9.0,1023.0,1.0
2025-11-06 07:00:00,OVEC,6.0,3.0,81.0,0.0,4.0,1023.0,1.0
2025-11-06 08:00:00,OVEC,4.0,2.0,87.0,0.0,7.0,1024.0,1.0
2025-11-06 09:00:00,OVEC,2.0,2.0,100.0,0.0,6.0,1024.0,1.0
2025-11-06 10:00:00,OVEC,1.0,1.0,100.0,0.0,2.0,1025.0,1.0
2025-11-06 11:00:00,OVEC,1.0,1.0,100.0,0.0,2.0,1025.0,1.0
2025-11-06 12:00:00,OVEC,0.0,0.0,100.0,0.0,0.0,1025.0,5.0
2025-11-06 13:00:00,OVEC,2.0,1.0,93.0,0.0,0.0,1026.0,1.0
2025-11-06 14:00:00,OVEC,4.0,3.0,93.0,0.0,6.0,1026.0,1.0
2025-11-06 15:00:00,OVEC,8.0,4.0,76.0,0.0,6.0,1025.0,1.0
2025-11-06 16:00:00,OVEC,12.0,0.1,44.0,0.0,9.0,1025.0,1.0
2025-11-06 17:00:00,OVEC,13.0,-1.0,38.0,0.0,9.0,1025.0,1.0
2025-11-06 18:00:00,OVEC,14.0,-2.0,33.0,0.0,4.0,1024.0,1.0
2025-11-06 19:00:00,OVEC,14.0,4.0,51.0,0.0,6.0,1023.0,1.0
2025-11-06 20:00:00,OVEC,15.0,-3.8,27.0,0.0,4.0,1022.0,1.0
2025-11-06 21:00:00,OVEC,14.0,-5.2,26.0,0.0,6.0,1021.0,2.0
2025-11-06 22:00:00,OVEC,11.0,-1.1,43.0,0.0,4.0,1021.0,1.0
2025-11-06 23:00:00,OVEC,8.0,-2.1,49.0,0.0,2.0,1021.0,1.0
2025-11-07 00:00:00,OVEC,5.0,-0.0,70.0,0.0,4.0,1020.0,1.0
2025-11-07 01:00:00,OVEC,4.0,-0.0,75.0,0.0,7.0,1020.0,1.0
2025-11-07 02:00:00,OVEC,3.0,0.1,81.0,0.0,6.0,1019.0,1.0
2025-11-07 03:00:00,OVEC,1.0,-0.0,93.0,0.0,4.0,1019.0,1.0
2025-11-07 04:00:00,OVEC,1.0,-0.0,93.0,0.0,6.0,,3.0
2025-11-07 05:00:00,OVEC,0.0,-1.0,93.0,0.0,6.0,1017.0,3.0
2025-11-07 06:00:00,OVEC,0.0,-1.0,93.0,0.0,4.0,1015.0,3.0
2025-11-07 07:00:00,OVEC,-1.0,-1.0,100.0,0.0,2.0,1014.0,1.0
2025-11-07 08:00:00,OVEC,-2.0,-2.0,100.0,0.0,4.0,1013.0,3.0
2025-11-07 09:00:00,OVEC,-1.0,-1.0,100.0,0.0,0.0,1013.0,3.0
2025-11-07 10:00:00,OVEC,-1.0,-1.0,100.0,0.0,4.0,1012.0,3.0
2025-11-07 11:00:00,OVEC,0.0,0.0,100.0,0.0,9.0,1011.0,3.0
2025-11-07 12:00:00,OVEC,2.0,1.0,93.0,0.0,13.0,1010.0,3.0
2025-11-07 13:00:00,OVEC,4.0,3.0,93.0,0.0,15.0,1010.0,3.0
2025-11-07 14:00:00,OVEC,9.0,3.0,66.0,0.0,15.0,1009.0,3.0
2025-11-07 15:00:00,OVEC,12.0,4.9,62.0,0.0,22.0,1008.0,3.0
2025-11-07 16:00:00,OVEC,16.0,8.0,59.0,0.0,17.0,1007.0,3.0
2025-11-07 17:00:00,OVEC,19.0,10.0,56.0,0.0,17.0,1006.0,3.0
2025-11-07 18:00:00,OVEC,18.0,13.1,73.0,0.2,13.0,1004.1,25.0
2025-11-07 19:00:00,OVEC,15.0,14.0,94.0,3.1,9.0,1004.2,8.0
2025-11-07 20:00:00,OVEC,16.0,15.0,94.0,0.9,9.0,1004.0,8.0
2025-11-07 21:00:00,OVEC,16.0,15.0,94.0,0.4,7.0,1004.0,8.0
2025-11-07 22:00:00,OVEC,16.0,15.0,94.0,0.2,7.0,1004.0,7.0
2025-11-07 23:00:00,OVEC,16.0,15.0,94.0,0.5,7.0,1004.0,5.0
2025-11-08 00:00:00,OVEC,16.0,15.0,94.0,0.1,4.0,1005.0,7.0
2025-11-08 01:00:00,OVEC,14.0,14.0,100.0,0.0,4.0,1005.0,5.0
2025-11-08 02:00:00,OVEC,13.0,13.0,100.0,0.0,4.0,1005.0,5.0
2025-11-08 03:00:00,OVEC,13.0,13.0,100.0,0.0,2.0,1006.0,5.0
2025-11-08 04:00:00,OVEC,11.0,11.0,100.0,0.0,4.0,1007.0,5.0
2025-11-08 05:00:00,OVEC,10.0,10.0,100.0,0.0,4.0,1007.0,5.0
2025-11-08 06:00:00,OVEC,9.0,9.0,100.0,0.0,4.0,1007.0,5.0
2025-11-08 07:00:00,OVEC,8.0,8.0,100.0,0.0,6.0,1008.0,5.0
2025-11-08 08:00:00,OVEC,8.0,8.0,100.0,0.0,4.0,1008.0,5.0
2025-11-08 09:00:00,OVEC,9.0,9.0,100.0,0.0,2.0,1009.0,5.0
2025-11-08 10:00:00,OVEC,9.0,9.0,100.0,0.0,4.0,1009.0,5.0
2025-11-08 11:00:00,OVEC,9.0,9.0,100.0,0.0,2.0,1009.0,5.0
2025-11-08 12:00:00,OVEC,10.0,10.0,100.0,0.0,4.0,1010.0,1.0
2025-11-08 13:00:00,OVEC,10.0,10.0,100.0,0.0,4.0,1010.0,5.0
2025-11-08 14:00:00,OVEC,11.0,11.0,100.0,0.0,6.0,1011.0,5.0
2025-11-08 15:00:00,OVEC,12.0,11.1,94.0,0.0,7.0,1011.0,1.0
2025-11-08 16:00:00,OVEC,13.0,11.1,88.0,0.0,7.0,1011.0,1.0
2025-11-08 17:00:00,OVEC,14.0,11.0,82.0,0.0,13.0,1011.0,3.0
2025-11-08 18:00:00,OVEC,16.0,12.0,77.0,0.0,7.0,1010.0,3.0
2025-11-08 19:00:00,OVEC,17.0,11.9,72.0,0.0,9.0,1009.0,5.0
2025-11-08 20:00:00,OVEC,17.0,11.0,68.0,0.0,11.0,1009.0,5.0
2025-11-08 21:00:00,OVEC,18.0,4.9,42.0,0.0,9.0,1010.0,3.0
2025-11-08 22:00:00,OVEC,17.0,5.0,45.0,0.0,4.0,1010.0,3.0
2025-11-08 23:00:00,OVEC,10.0,7.1,82.0,0.0,4.0,1010.0,3.0
2025-11-09 00:00:00,OVEC,10.0,6.0,76.0,0.0,0.0,1010.0,2.0
2025-11-09 01:00:00,OVEC,9.0,7.0,87.0,0.0,0.0,1010.0,3.0
2025-11-09 02:00:00,OVEC,8.0,6.9,93.0,0.0,0.0,1010.0,3.0
2025-11-09 03:00:00,OVEC,8.0,6.9,93.0,0.0,2.0,1010.0,3.0
2025-11-09 04:00:00,OVEC,7.0,7.0,100.0,0.0,6.0,1010.0,3.0
2025-11-09 05:00:00,OVEC,6.0,6.0,100.0,0.0,9.0,1009.0,3.0
2025-11-09 06:00:00,OVEC,6.0,6.0,100.0,0.0,2.0,1009.0,3.0
2025-11-09 07:00:00,OVEC,5.0,5.0,100.0,0.0,4.0,1009.0,5.0
2025-11-09 08:00:00,OVEC,5.0,5.0,100.0,0.0,0.0,1008.0,5.0
2025-11-09 09:00:00,OVEC,4.0,4.0,100.0,0.5,0.0,1007.0,5.0
2025-11-09 10:00:00,OVEC,5.0,5.0,100.0,3.1,2.0,1006.0,9.0
2025-11-09 11:00:00,OVEC,5.0,5.0,100.0,0.3,6.0,1006.0,8.0
2025-11-09 12:00:00,OVEC,8.0,8.0,100.0,0.1,11.0,1006.0,7.0
2025-11-09 13:00:00,OVEC,8.0,8.0,100.0,0.0,9.0,1006.0,3.0
2025-11-09 14:00:00,OVEC,9.0,9.0,100.0,0.0,6.0,1007.0,5.0
2025-11-09 15:00:00,OVEC,11.0,9.1,88.0,0.0,17.0,1008.0,3.0
2025-11-09 16:00:00,OVEC,11.0,8.0,82.0,0.0,13.0,1009.0,3.0
2025-11-09 17:00:00,OVEC,11.0,6.9,76.0,0.0,13.0,1009.0,3.0
2025-11-09 18:00:00,OVEC,9.0,5.0,76.0,0.0,11.0,1010.0,3.0
2025-11-09 19:00:00,OVEC,8.0,4.9,81.0,0.0,17.0,1011.0,3.0
2025-11-09 20:00:00,OVEC,6.0,5.0,93.0,0.0,17.0,1012.0,3.0
2025-11-09 21:00:00,OVEC,4.0,3.0,93.0,0.3,13.0,1015.0,8.0
2025-11-09 22:00:00,OVEC,3.0,2.0,93.0,0.3,17.0,1015.0,8.0
2025-11-09 23:00:00,OVEC,3.0,2.0,93.0,0.4,11.0,1016.0,8.0
2025-11-10 00:00:00,OVEC,3.0,2.0,93.0,0.3,7.0,1017.0,8.0
2025-11-10 01:00:00,OVEC,3.0,2.0,93.0,0.2,9.0,1017.0,7.0
2025-11-10 02:00:00,OVEC,3.0,1.1,87.0,0.1,8.0,,7.0
2025-11-10 03:00:00,OVEC,2.0,1.0,93.0,0.1,11.0,1017.0,7.0
2025-11-10 04:00:00,OVEC,2.0,1.0,93.0,0.0,13.0,1018.0,3.0
2025-11-10 05:00:00,OVEC,1.0,-0.0,93.0,0.0,17.0,1017.0,3.0
2025-11-10 06:00:00,OVEC,1.0,-0.0,93.0,0.0,13.0,1017.0,3.0
2025-11-10 07:00:00,OVEC,0.0,-1.0,93.0,0.0,9.0,1017.0,3.0
2025-11-10 08:00:00,OVEC,-1.0,-2.0,93.0,0.0,15.0,1017.0,3.0
2025-11-10 09:00:00,OVEC,-1.0,-2.0,93.0,0.0,7.0,1017.0,3.0
2025-11-10 10:00:00,OVEC,-1.0,-2.0,93.0,0.0,7.0,1017.0,2.0
2025-11-10 11:00:00,OVEC,-2.0,-3.0,93.0,0.0,17.0,1017.0,15.0
2025-11-10 12:00:00,OVEC,-2.0,-3.0,93.0,0.0,6.0,1018.0,3.0
2025-11-10 13:00:00,OVEC,-2.0,-3.0,93.0,0.0,7.0,1018.0,3.0
2025-11-10 14:00:00,OVEC,-2.0,-4.0,86.0,0.0,15.0,1019.0,3.0
2025-11-10 15:00:00,OVEC,-2.0,-4.0,86.0,0.1,7.0,1019.0,15.0
2025-11-10 16:00:00,OVEC,-3.0,-3.0,100.0,0.4,9.0,1019.0,15.0
2025-11-10 17:00:00,OVEC,-3.0,-4.0,93.0,0.5,13.0,1018.0,15.0
2025-11-10 18:00:00,OVEC,-3.0,-4.0,93.0,0.5,11.0,1018.0,15.0
2025-11-10 19:00:00,OVEC,-3.0,-3.0,100.0,0.6,11.0,1018.0,15.0
2025-11-10 20:00:00,OVEC,-2.0,-4.0,86.0,0.8,9.0,1018.0,15.0
2025-11-10 21:00:00,OVEC,-2.0,-4.0,86.0,0.0,15.0,1018.0,3.0
2025-11-10 22:00:00,OVEC,-2.0,-3.0,93.0,0.0,13.0,1019.0,3.0
2025-11-10 23:00:00,OVEC,-2.0,-4.0,86.0,0.0,17.0,1020.0,3.0
2025-11-11 00:00:00,OVEC,-3.0,-6.0,80.0,0.0,7.0,1020.0,3.0
2025-11-11 01:00:00,OVEC,-4.0,-6.0,86.0,0.0,13.0,1021.0,1.0
2025-11-11 02:00:00,OVEC,-5.0,-7.9,80.0,0.0,7.0,1022.0,1.0
2025-11-11 03:00:00,OVEC,-4.0,-7.9,74.0,0.0,2.0,1021.0,2.0
2025-11-11 04:00:00,OVEC,-4.0,-7.9,74.0,0.0,6.0,1021.0,3.0
2025-11-11 05:00:00,OVEC,-4.0,-7.9,74.0,0.2,9.0,1021.0,14.0
2025-11-11 06:00:00,OVEC,-3.0,-7.0,74.0,0.0,6.0,1021.0,3.0
2025-11-11 07:00:00,OVEC,-3.0,-7.0,74.0,0.0,15.0,1021.0,3.0
2025-11-11 08:00:00,OVEC,-3.0,-7.0,74.0,0.0,11.0,1021.0,3.0
2025-11-11 09:00:00,OVEC,-3.0,-7.0,74.0,0.0,13.0,1021.0,3.0
2025-11-11 10:00:00,OVEC,-3.0,-7.0,74.0,0.0,7.0,1021.0,3.0
2025-11-11 11:00:00,OVEC,-3.0,-6.0,80.0,0.0,7.0,1022.0,3.0
2025-11-11 12:00:00,OVEC,-3.0,-7.0,74.0,0.0,9.0,1022.0,2.0
2025-11-11 13:00:00,OVEC,-3.0,-7.0,74.0,0.0,7.0,1023.0,1.0
2025-11-11 14:00:00,OVEC,-2.0,-6.9,69.0,0.0,13.0,1024.0,2.0
2025-11-11 15:00:00,OVEC,0.0,-6.0,64.0,0.0,7.0,1024.0,3.0
2025-11-11 16:00:00,OVEC,1.0,-7.0,55.0,0.0,11.0,1023.0,3.0
2025-11-11 17:00:00,OVEC,2.0,-7.1,51.0,0.0,17.0,1022.0,3.0
2025-11-11 18:00:00,OVEC,3.0,-5.9,52.0,0.0,9.0,1021.0,3.0
2025-11-11 19:00:00,OVEC,3.0,-5.9,52.0,0.0,11.0,1020.0,3.0
2025-11-11 20:00:00,OVEC,3.0,-5.9,52.0,0.0,19.0,1019.0,3.0
2025-11-11 21:00:00,OVEC,3.0,-5.9,52.0,0.0,15.0,1018.0,3.0
2025-11-11 22:00:00,OVEC,3.0,-5.9,52.0,0.0,13.0,1017.0,3.0
2025-11-11 23:00:00,OVEC,3.0,-5.9,52.0,0.0,11.0,1016.0,3.0
2025-11-12 00:00:00,OVEC,3.0,-5.9,52.0,0.0,11.0,1015.0,3.0
2025-11-12 01:00:00,OVEC,3.0,-5.9,52.0,0.0,13.0,,3.0
2025-11-12 02:00:00,OVEC,3.0,-5.9,52.0,0.0,9.0,1014.0,3.0
2025-11-12 03:00:00,OVEC,2.0,-6.1,55.0,0.0,9.0,1014.0,2.0
2025-11-12 04:00:00,OVEC,0.0,-5.0,69.0,0.0,9.0,1014.0,1.0
2025-11-12 05:00:00,OVEC,1.0,-5.0,64.0,0.0,11.0,1013.0,1.0
2025-11-12 06:00:00,OVEC,6.0,-5.0,45.0,0.0,17.0,1013.0,1.0
2025-11-12 07:00:00,OVEC,6.0,-5.0,45.0,0.0,11.0,1014.0,1.0
2025-11-12 08:00:00,OVEC,6.0,-5.0,45.0,0.0,9.0,1014.0,1.0
2025-11-12 09:00:00,OVEC,6.0,-3.9,49.0,0.0,11.0,1014.0,1.0
2025-11-12 10:00:00,OVEC,6.0,-3.9,49.0,0.0,13.0,1014.0,1.0
2025-11-12 11:00:00,OVEC,6.0,-2.9,53.0,0.0,9.0,1014.0,1.0
2025-11-12 12:00:00,OVEC,5.0,-3.0,56.0,0.0,6.0,,1.0
2025-11-12 13:00:00,OVEC,6.0,-1.9,57.0,0.0,9.0,1016.0,1.0
2025-11-12 14:00:00,OVEC,9.0,-2.0,46.0,0.0,13.0,1015.0,2.0
2025-11-12 15:00:00,OVEC,10.0,-1.1,46.0,0.0,13.0,1015.0,2.0
2025-11-12 16:00:00,OVEC,12.0,0.1,44.0,0.0,7.0,1014.0,1.0
2025-11-12 17:00:00,OVEC,14.0,-0.1,38.0,0.0,19.0,1014.0,1.0
2025-11-12 18:00:00,OVEC,14.0,-0.1,38.0,0.0,13.0,1014.0,2.0
2025-11-12 19:00:00,OVEC,15.0,-1.1,33.0,0.0,24.0,1013.0,1.0
2025-11-12 20:00:00,OVEC,15.0,-1.1,33.0,0.0,19.0,1014.0,2.0
2025-11-12 21:00:00,OVEC,15.0,1.2,39.0,0.0,19.0,1015.0,1.0
2025-11-12 22:00:00,OVEC,14.0,-2.9,31.0,0.0,11.0,1015.0,1.0
2025-11-12 23:00:00,OVEC,13.0,-4.2,30.0,0.0,9.0,1016.0,1.0
2025-11-13 00:00:00,OVEC,12.0,-3.8,33.0,0.0,7.0,1017.0,1.0
2025-11-13 01:00:00,OVEC,11.0,-3.9,35.0,0.0,7.0,1017.0,1.0
2025-11-13 02:00:00,OVEC,6.0,-2.9,53.0,0.0,2.0,1018.0,1.0
2025-11-13 03:00:00,OVEC,3.0,-1.0,75.0,0.0,4.0,1019.0,2.0
2025-11-13 04:00:00,OVEC,2.0,-0.9,81.0,0.0,6.0,1018.0,3.0
2025-11-13 05:00:00,OVEC,1.0,-2.1,80.0,0.0,6.0,1019.0,3.0
2025-11-13 06:00:00,OVEC,0.0,-1.0,93.0,0.0,4.0,1019.0,3.0
2025-11-13 07:00:00,OVEC,0.0,-1.0,93.0,0.0,4.0,1019.0,3.0
2025-11-13 08:00:00,OVEC,0.0,,,0.0,2.0,1020.0,3.0
2025-11-13 09:00:00,OVEC,-1.0,-1.0,100.0,0.0,4.0,1020.0,3.0
2025-11-13 10:00:00,OVEC,-1.0,-2.0,93.0,0.0,4.0,1021.0,3.0
2025-11-13 11:00:00,OVEC,-1.0,-2.0,93.0,0.0,2.0,1021.0,3.0
2025-11-13 12:00:00,OVEC,-2.0,-2.0,100.0,0.0,4.0,1022.0,1.0
2025-11-13 13:00:00,OVEC,1.0,-0.0,93.0,0.0,4.0,1023.0,1.0
2025-11-13 14:00:00,OVEC,4.0,2.0,87.0,0.0,7.0,1023.0,1.0
2025-11-13 15:00:00,OVEC,9.0,0.9,57.0,0.0,6.0,1023.0,1.0
2025-11-13 16:00:00,OVEC,11.0,1.0,50.0,0.0,7.0,1024.0,1.0
2025-11-13 17:00:00,OVEC,12.0,-0.8,41.0,0.0,15.0,1023.0,1.0
2025-11-13 18:00:00,OVEC,13.0,-2.1,35.0,0.0,9.0,1023.0,2.0
2025-11-13 19:00:00,OVEC,14.0,-2.0,33.0,0.0,9.0,1022.0,1.0
2025-11-13 20:00:00,OVEC,14.0,-2.9,31.0,0.0,9.0,1022.0,1.0
2025-11-13 21:00:00,OVEC,14.0,-3.8,29.0,0.0,9.0,1022.0,1.0
2025-11-13 22:00:00,OVEC,12.0,-3.0,35.0,0.0,4.0,1022.0,1.0
2025-11-13 23:00:00,OVEC,8.0,-1.0,53.0,0.0,6.0,1022.0,1.0
2025-11-14 00:00:00,OVEC,5.0,-1.9,61.0,0.0,7.0,1023.0,1.0
2025-11-14 01:00:00,OVEC,4.0,-1.0,70.0,0.0,4.0,1023.0,1.0
2025-11-14 02:00:00,OVEC,3.0,0.1,81.0,0.0,2.0,1023.0,1.0
2025-11-14 03:00:00,OVEC,1.0,-0.9,87.0,0.0,2.0,1023.0,1.0
2025-11-14 04:00:00,OVEC,1.0,-0.9,87.0,0.0,0.0,1022.0,1.0
2025-11-14 05:00:00,OVEC,2.0,0.1,87.0,0.0,0.0,1022.0,2.0
2025-11-14 06:00:00,OVEC,2.0,1.0,93.0,0.0,2.0,1022.0,1.0
2025-11-14 07:00:00,OVEC,2.0,0.1,87.0,0.0,2.0,1023.0,1.0
2025-11-14 08:00:00,OVEC,2.0,1.0,93.0,0.0,0.0,1023.0,2.0
2025-11-14 09:00:00,OVEC,2.0,1.0,93.0,0.0,0.0,1023.0,3.0
2025-11-14 10:00:00,OVEC,2.0,1.0,93.0,0.0,4.0,1023.0,3.0
2025-11-14 11:00:00,OVEC,2.0,1.0,93.0,0.0,4.0,1023.0,3.0
2025-11-14 12:00:00,OVEC,2.0,1.0,93.0,0.0,4.0,1023.0,3.0
2025-11-14 13:00:00,OVEC,3.0,2.0,93.0,0.0,6.0,1024.0,3.0
2025-11-14 14:00:00,OVEC,6.0,3.0,81.0,0.0,11.0,1023.0,2.0
2025-11-14 15:00:00,OVEC,9.0,2.1,62.0,0.0,17.0,1022.0,3.0
2025-11-14 16:00:00,OVEC,11.0,1.0,50.0,0.0,13.0,1022.0,3.0
2025-11-14 17:00:00,OVEC,13.0,1.0,44.0,0.0,11.0,1021.0,3.0
2025-11-14 18:00:00,OVEC,14.0,1.0,41.0,0.0,7.0,1020.0,2.0
2025-11-14 19:00:00,OVEC,15.0,1.9,41.0,0.0,7.0,1018.0,3.0
2025-11-14 20:00:00,OVEC,15.0,3.2,45.0,0.0,6.0,1017.0,2.0
2025-11-14 21:00:00,OVEC,16.0,3.1,42.0,0.5,9.0,1017.0,17.0
2025-11-14 22:00:00,OVEC,13.0,4.9,58.0,0.0,2.0,1016.0,2.0
2025-11-14 23:00:00,OVEC,12.0,4.9,62.0,0.0,4.0,1016.0,1.0
2025-11-15 00:00:00,OVEC,10.0,3.9,66.0,0.0,4.0,,1.0
2025-11-15 01:00:00,OVEC,8.0,4.0,76.0,0.0,0.0,1016.0,1.0
2025-11-15 02:00:00,OVEC,8.0,4.0,76.0,0.0,0.0,1016.0,1.0
2025-11-15 03:00:00,OVEC,7.0,4.0,81.0,0.0,2.0,1015.0,1.0
2025-11-15 04:00:00,OVEC,6.0,4.0,87.0,0.0,4.0,1015.0,1.0
2025-11-15 05:00:00,OVEC,5.0,5.0,100.0,0.0,4.0,1014.0,2.0
2025-11-15 06:00:00,OVEC,5.0,5.0,100.0,0.0,6.0,1014.0,2.0
2025-11-15 07:00:00,OVEC,6.0,5.0,93.0,0.0,4.0,1014.0,2.0
2025-11-15 08:00:00,OVEC,6.0,5.0,93.0,0.0,6.0,1014.0,3.0
2025-11-15 09:00:00,OVEC,6.0,6.0,100.0,0.0,7.0,1013.0,3.0
2025-11-15 10:00:00,OVEC,7.0,7.0,100.0,0.0,9.0,1013.0,2.0
2025-11-15 11:00:00,OVEC,10.0,7.9,87.0,0.0,9.0,1012.0,3.0
2025-11-15 12:00:00,OVEC,10.0,7.9,87.0,0.0,11.0,1012.0,3.0
2025-11-15 13:00:00,OVEC,12.0,9.0,82.0,0.0,13.0,1011.0,3.0
2025-11-15 14:00:00,OVEC,16.0,10.1,68.0,0.0,11.0,1010.0,3.0
2025-11-15 15:00:00,OVEC,17.0,11.0,68.0,0.0,15.0,1009.0,3.0
2025-11-15 16:00:00,OVEC,18.0,12.0,68.0,0.0,15.0,1009.0,3.0
2025-11-15 17:00:00,OVEC,19.0,13.0,68.0,0.0,9.0,1006.0,3.0
2025-11-15 18:00:00,OVEC,20.0,13.9,68.0,0.0,13.0,1005.0,3.0
2025-11-15 19:00:00,OVEC,21.0,13.9,64.0,0.0,20.0,1004.0,3.0
2025-11-15 20:00:00,OVEC,21.0,13.9,64.0,0.0,17.0,1002.0,3.0
2025-11-15 21:00:00,OVEC,21.0,13.9,64.0,0.0,15.0,1002.0,3.0
2025-11-15 22:00:00,OVEC,21.0,13.9,64.0,0.0,17.0,1001.0,3.0
2025-11-15 23:00:00,OVEC,21.0,13.9,64.0,0.0,15.0,1001.0,3.0
2025-11-16 00:00:00,OVEC,21.0,15.1,69.0,0.0,9.0,,3.0
2025-11-16 01:00:00,OVEC,21.0,15.1,69.0,0.1,9.0,1002.0,17.0
2025-11-16 02:00:00,OVEC,21.0,15.1,69.0,0.0,11.0,1001.0,3.0
2025-11-16 03:00:00,OVEC,21.0,15.1,69.0,0.7,17.0,1001.0,17.0
2025-11-16 04:00:00,OVEC,18.0,15.1,83.0,0.5,7.0,1001.5,17.0
2025-11-16 05:00:00,OVEC,17.0,15.0,88.0,0.0,11.0,,3.0
2025-11-16 06:00:00,OVEC,17.0,11.0,68.0,0.0,17.0,1001.0,2.0
2025-11-16 07:00:00,OVEC,16.0,10.1,68.0,0.0,17.0,1002.0,2.0
2025-11-16 08:00:00,OVEC,14.0,10.0,77.0,0.0,15.0,1003.0,1.0
2025-11-16 09:00:00,OVEC,13.0,9.1,77.0,0.0,11.0,1003.0,1.0
2025-11-16 10:00:00,OVEC,13.0,8.1,72.0,0.0,11.0,1004.0,1.0
2025-11-16 11:00:00,OVEC,12.0,7.1,72.0,0.0,20.0,1005.0,1.0
2025-11-16 12:00:00,OVEC,11.0,5.1,67.0,0.0,11.0,1006.0,1.0
2025-11-16 13:00:00,OVEC,11.0,5.1,67.0,0.0,19.0,1008.0,1.0
2025-11-16 14:00:00,OVEC,11.0,3.1,58.0,0.0,19.0,1009.0,1.0
2025-11-16 15:00:00,OVEC,11.0,3.1,58.0,0.0,22.0,1010.0,1.0
2025-11-16 16:00:00,OVEC,12.0,-0.8,41.0,0.0,24.0,1010.0,1.0
2025-11-16 17:00:00,OVEC,12.0,-1.9,38.0,0.0,15.0,1010.0,1.0
2025-11-16 18:00:00,OVEC,12.0,-5.9,28.0,0.0,19.0,1010.0,1.0
2025-11-16 19:00:00,OVEC,12.0,-5.9,28.0,0.0,10.0,,1.0
2025-11-16 20:00:00,OVEC,12.0,-5.9,28.0,0.0,11.0,,1.0
2025-11-16 21:00:00,OVEC,11.0,-7.3,27.0,0.0,23.4,1009.7,1.0
2025-11-16 22:00:00,OVEC,9.7,-6.6,31.0,0.0,19.4,1010.5,1.0
2025-11-16 23:00:00,OVEC,8.4,-6.5,34.0,0.0,17.3,1011.3,1.0
2025-11-17 00:00:00,OVEC,7.6,-6.9,35.0,0.0,16.9,1012.1,1.0
2025-11-17 01:00:00,OVEC,7.1,-7.7,34.0,0.0,17.3,1012.9,1.0
2025-11-17 02:00:00,OVEC,6.4,-8.3,34.0,0.0,16.9,1013.5,1.0
2025-11-17 03:00:00,OVEC,5.6,-8.7,35.0,0.0,16.2,1014.2,1.0
2025-11-17 04:00:00,OVEC,4.8,-8.7,37.0,0.0,15.1,1014.8,1.0
2025-11-17 05:00:00,OVEC,3.7,-8.0,42.0,0.0,12.2,1015.1,1.0
2025-11-17 06:00:00,OVEC,2.4,-7.5,48.0,0.0,8.6,1015.2,1.0
2025-11-17 07:00:00,OVEC,1.9,-7.2,51.0,0.0,8.6,1015.6,1.0
2025-11-17 08:00:00,OVEC,1.5,-6.8,54.0,0.0,9.4,1016.1,1.0
2025-11-17 09:00:00,OVEC,1.3,-6.7,55.0,0.0,10.1,1016.6,1.0
2025-11-17 10:00:00,OVEC,1.0,-6.6,57.0,0.0,9.7,1017.3,1.0
2025-11-17 11:00:00,OVEC,0.7,-6.4,59.0,0.0,9.4,1018.1,1.0
2025-11-17 12:00:00,OVEC,0.5,-6.1,61.0,0.0,9.0,1018.8,1.0
2025-11-17 13:00:00,OVEC,1.2,-5.9,59.0,0.0,9.7,1019.6,1.0
2025-11-17 14:00:00,OVEC,3.6,-5.3,52.0,0.0,8.6,1020.1,1.0
2025-11-17 15:00:00,OVEC,5.0,-1.9,61.0,0.0,2.0,,1.0
2025-11-17 16:00:00,OVEC,8.0,-5.1,39.0,0.0,7.0,,1.0
2025-11-17 17:00:00,OVEC,9.0,-4.9,37.0,0.0,5.0,,1.0
2025-11-17 18:00:00,OVEC,10.0,-5.1,34.0,0.0,2.0,,1.0
2025-11-17 19:00:00,OVEC,10.0,-5.9,32.0,0.0,2.0,,1.0
2025-11-17 20:00:00,OVEC,10.4,-6.4,30.0,0.0,12.6,1018.4,1.0
2025-11-17 21:00:00,OVEC,10.0,-6.3,31.0,0.0,11.9,1018.7,1.0
2025-11-17 22:00:00,OVEC,7.8,-5.3,39.0,0.0,6.1,1019.1,1.0
2025-11-17 23:00:00,OVEC,5.5,-4.6,48.0,0.0,6.5,1019.3,1.0
2025-11-18 00:00:00,OVEC,4.7,-4.1,53.0,0.0,6.1,1019.8,1.0
2025-11-18 01:00:00,OVEC,3.9,-4.1,56.0,0.0,4.0,1020.5,1.0
2025-11-18 02:00:00,OVEC,3.2,-3.8,60.0,0.0,2.2,1020.8,1.0
2025-11-18 03:00:00,OVEC,2.6,-3.7,63.0,0.0,1.8,1021.3,2.0
2025-11-18 04:00:00,OVEC,2.1,-3.6,66.0,0.0,1.8,1021.7,1.0
2025-11-18 05:00:00,OVEC,1.4,-3.5,70.0,0.0,3.6,1021.6,1.0
2025-11-18 06:00:00,OVEC,1.3,-3.4,71.0,0.0,7.2,1021.2,2.0
2025-11-18 07:00:00,OVEC,1.6,-3.5,69.0,0.0,8.3,1021.1,1.0
2025-11-18 08:00:00,OVEC,1.4,-3.5,70.0,0.0,7.6,1021.5,3.0
2025-11-18 09:00:00,OVEC,1.5,-3.6,69.0,0.0,7.9,1021.4,3.0
2025-11-18 10:00:00,OVEC,2.4,-3.7,64.0,0.0,9.0,1021.5,3.0
2025-11-18 11:00:00,OVEC,3.6,-3.4,60.0,0.0,7.2,1021.5,3.0
2025-11-18 12:00:00,OVEC,4.0,-3.1,60.0,0.2,5.4,1022.1,12.0
2025-11-18 13:00:00,OVEC,3.9,-0.7,72.0,1.4,10.8,1021.6,13.0
2025-11-18 14:00:00,OVEC,5.1,-1.1,64.0,0.0,9.4,1021.5,3.0
2025-11-18 15:00:00,OVEC,6.0,-0.7,62.0,0.1,11.5,1021.0,7.0
2025-11-18 16:00:00,OVEC,4.4,3.5,94.0,3.9,12.2,1020.7,9.0
2025-11-18 17:00:00,OVEC,4.6,4.0,96.0,3.4,11.5,1020.2,9.0
2025-11-18 18:00:00,OVEC,4.9,4.3,96.0,3.6,13.7,1018.3,9.0
2025-11-18 19:00:00,OVEC,6.0,5.6,97.0,1.4,11.5,1017.3,9.0
2025-11-18 20:00:00,OVEC,6.3,5.9,97.0,1.1,9.4,1016.8,9.0
2025-11-18 21:00:00,OVEC,6.6,6.3,98.0,3.5,10.8,1016.2,9.0
2025-11-18 22:00:00,OVEC,6.2,5.8,97.0,1.3,9.7,1016.0,9.0
2025-11-18 23:00:00,OVEC,6.3,5.9,97.0,2.3,6.1,1015.8,9.0
2025-11-19 00:00:00,OVEC,6.3,6.0,98.0,4.6,10.4,1015.7,9.0
2025-11-19 01:00:00,OVEC,6.5,6.2,98.0,0.0,6.1,1016.4,3.0
2025-11-19 02:00:00,OVEC,6.6,6.3,98.0,0.0,6.5,1016.5,3.0
2025-11-19 03:00:00,OVEC,6.9,6.3,96.0,0.0,5.4,1016.7,3.0
2025-11-19 04:00:00,OVEC,6.9,6.3,96.0,0.0,4.7,1017.0,3.0
2025-11-19 05:00:00,OVEC,6.9,6.5,97.0,0.0,9.7,1016.4,3.0
2025-11-19 06:00:00,OVEC,5.4,5.0,97.0,0.0,10.4,1017.2,2.0
2025-11-19 07:00:00,OVEC,5.6,5.3,98.0,0.0,7.6,1017.7,3.0
2025-11-19 08:00:00,OVEC,5.2,5.1,99.0,0.0,8.6,1018.1,3.0
2025-11-19 09:00:00,OVEC,5.1,4.8,98.0,0.0,7.6,1018.4,3.0
2025-11-19 10:00:00,OVEC,5.2,4.9,98.0,0.0,6.8,1018.9,3.0
2025-11-19 11:00:00,OVEC,5.4,5.1,98.0,0.0,6.8,1019.9,3.0
2025-11-19 12:00:00,OVEC,5.5,5.1,97.0,0.0,9.0,1020.6,3.0
2025-11-19 13:00:00,OVEC,5.6,5.0,96.0,0.0,10.1,1021.2,3.0
2025-11-19 14:00:00,OVEC,6.5,5.1,91.0,0.0,10.8,1022.0,3.0
2025-11-19 15:00:00,OVEC,7.7,5.0,83.0,0.0,9.4,1022.4,3.0
2025-11-19 16:00:00,OVEC,9.4,5.0,74.0,0.0,9.0,1022.3,3.0
2025-11-19 17:00:00,OVEC,10.8,5.3,69.0,0.0,8.6,1021.5,3.0
2025-11-19 18:00:00,OVEC,12.1,5.7,65.0,0.0,6.5,1020.7,3.0
2025-11-19 19:00:00,OVEC,12.9,6.0,63.0,0.0,4.3,1020.2,3.0
2025-11-19 20:00:00,OVEC,12.9,6.0,63.0,0.0,3.2,1020.3,3.0
2025-11-19 21:00:00,OVEC,12.8,5.9,63.0,0.0,3.2,1020.5,3.0
2025-11-19 22:00:00,OVEC,11.5,6.8,73.0,0.0,2.5,1020.9,3.0
2025-11-19 23:00:00,OVEC,10.9,6.6,75.0,0.0,4.3,1021.1,3.0
2025-11-20 00:00:00,OVEC,10.4,6.5,77.0,0.0,5.0,1020.9,3.0
2025-11-20 01:00:00,OVEC,10.2,6.5,78.0,0.0,5.8,1021.0,3.0
2025-11-20 02:00:00,OVEC,10.0,6.3,78.0,0.0,5.8,1020.9,3.0
2025-11-20 03:00:00,OVEC,9.4,6.1,80.0,0.0,6.1,1021.0,3.0
2025-11-20 04:00:00,OVEC,9.1,5.8,80.0,0.0,4.7,1021.1,3.0
2025-11-20 05:00:00,OVEC,8.8,5.5,80.0,0.0,4.7,1021.0,3.0
2025-11-20 06:00:00,OVEC,8.6,5.5,81.0,0.0,5.0,1020.8,3.0
2025-11-20 07:00:00,OVEC,8.5,5.4,81.0,0.0,4.3,1020.9,3.0
2025-11-20 08:00:00,OVEC,8.1,5.2,82.0,0.0,4.0,1021.2,3.0
2025-11-20 09:00:00,OVEC,7.9,5.2,83.0,0.0,6.5,1021.2,3.0
2025-11-20 10:00:00,OVEC,7.9,4.8,81.0,0.0,7.9,1020.9,3.0
2025-11-20 11:00:00,OVEC,7.9,5.2,83.0,0.0,7.2,1021.3,3.0
2025-11-20 12:00:00,OVEC,7.9,5.2,83.0,0.0,5.4,1021.5,3.0
2025-11-20 13:00:00,OVEC,,,,,,,
2025-11-20 14:00:00,OVEC,,,,,,,
2025-11-20 15:00:00,OVEC,,,,,,,
2025-11-20 16:00:00,OVEC,,,,,,,
2025-11-20 17:00:00,OVEC,,,,,,,
2025-11-20 18:00:00,OVEC,14.3,7.6,64.0,,8.6,1020.3,
2025-11-20 19:00:00,OVEC,,,,,,,
2025-11-20 20:00:00,OVEC,,,,,,,
2025-11-20 21:00:00,OVEC,,,,,,,
2025-11-20 22:00:00,OVEC,,,,,,,
2025-11-20 23:00:00,OVEC,,,,,,,
2025-11-21 00:00:00,OVEC,11.1,7.4,78.0,,2.2,1018.3,
2025-11-21 01:00:00,OVEC,,,,,,,
2025-11-21 02:00:00,OVEC,,,,,,,
2025-11-21 03:00:00,OVEC,,,,,,,
2025-11-21 04:00:00,OVEC,,,,,,,
2025-11-21 05:00:00,OVEC,,,,,,,
2025-11-21 06:00:00,OVEC,10.2,8.3,88.0,,5.4,1016.2,
2025-11-21 07:00:00,OVEC,,,,,,,
2025-11-21 08:00:00,OVEC,,,,,,,
2025-11-21 09:00:00,OVEC,,,,,,,
2025-11-21 10:00:00,OVEC,,,,,,,
2025-11-21 11:00:00,OVEC,,,,,,,
2025-11-21 12:00:00,OVEC,11.5,11.3,99.0,,8.6,1014.6,
2025-11-21 13:00:00,OVEC,,,,,,,
2025-11-21 14:00:00,OVEC,,,,,,,
2025-11-21 15:00:00,OVEC,,,,,,,
2025-11-21 16:00:00,OVEC,,,,,,,
2025-11-21 17:00:00,OVEC,,,,,,,
2025-11-21 18:00:00,OVEC,14.4,12.8,90.0,,4.7,1012.9,
2025-11-21 19:00:00,OVEC,,,,,,,
2025-11-21 20:00:00,OVEC,,,,,,,
2025-11-21 21:00:00,OVEC,,,,,,,
2025-11-21 22:00:00,OVEC,,,,,,,
2025-11-21 23:00:00,OVEC,,,,,,,
2025-11-22 00:00:00,OVEC,12.7,12.5,99.0,,8.6,1011.5,
2025-11-22 01:00:00,OVEC,,,,,,,
2025-11-22 02:00:00,OVEC,,,,,,,
2025-11-22 03:00:00,OVEC,,,,,,,
2025-11-22 04:00:00,OVEC,,,,,,,
2025-11-22 05:00:00,OVEC,,,,,,,
2025-11-22 06:00:00,OVEC,11.0,10.5,97.0,,16.9,1011.2,
2025-11-22 07:00:00,OVEC,,,,,,,
2025-11-22 08:00:00,OVEC,,,,,,,
2025-11-22 09:00:00,OVEC,,,,,,,
2025-11-22 10:00:00,OVEC,,,,,,,
2025-11-22 11:00:00,OVEC,,,,,,,
2025-11-22 12:00:00,OVEC,7.9,6.2,89.0,,16.2,1014.3,
2025-11-22 13:00:00,OVEC,,,,,,,
2025-11-22 14:00:00,OVEC,,,,,,,
2025-11-22 15:00:00,OVEC,,,,,,,
2025-11-22 16:00:00,OVEC,,,,,,,
2025-11-22 17:00:00,OVEC,,,,,,,
2025-11-22 18:00:00,OVEC,13.4,2.0,46.0,,8.3,1015.0,
2025-11-22 19:00:00,OVEC,,,,,,,
2025-11-22 20:00:00,OVEC,,,,,,,
2025-11-22 21:00:00,OVEC,,,,,,,
2025-11-22 22:00:00,OVEC,,,,,,,
2025-11-22 23:00:00,OVEC,,,,,,,
2025-11-23 00:00:00,OVEC,7.0,1.3,67.0,,10.8,1018.1,
2025-11-23 01:00:00,OVEC,,,,,,,
2025-11-23 02:00:00,OVEC,,,,,,,
2025-11-23 03:00:00,OVEC,,,,,,,
2025-11-23 04:00:00,OVEC,,,,,,,
2025-11-23 05:00:00,OVEC,,,,,,,
2025-11-23 06:00:00,OVEC,2.0,-0.4,84.0,,2.2,1019.1,
2025-11-23 07:00:00,OVEC,,,,,,,
2025-11-23 08:00:00,OVEC,,,,,,,
2025-11-23 09:00:00,OVEC,,,,,,,
2025-11-23 10:00:00,OVEC,,,,,,,
2025-11-23 11:00:00,OVEC,,,,,,,
2025-11-23 12:00:00,OVEC,-0.3,-1.3,93.0,,1.8,1020.1,
2025-11-23 13:00:00,OVEC,,,,,,,
2025-11-23 14:00:00,OVEC,,,,,,,
2025-11-23 15:00:00,OVEC,,,,,,,
2025-11-23 16:00:00,OVEC,,,,,,,
2025-11-23 17:00:00,OVEC,,,,,,,
2025-11-23 18:00:00,OVEC,12.5,-0.7,40.0,,1.8,1019.4,
2025-11-23 19:00:00,OVEC,,,,,,,
2025-11-23 20:00:00,OVEC,,,,,,,
2025-11-23 21:00:00,OVEC,,,,,,,
2025-11-23 22:00:00,OVEC,,,,,,,
2025-11-23 23:00:00,OVEC,,,,,,,
2025-11-24 00:00:00,OVEC,7.3,-0.7,57.0,,2.5,1019.1,
2025-11-24 01:00:00,OVEC,,,,,,,
2025-11-24 02:00:00,OVEC,,,,,,,
2025-11-24 03:00:00,OVEC,,,,,,,
2025-11-24 04:00:00,OVEC,,,,,,,
2025-11-24 05:00:00,OVEC,,,,,,,
2025-11-24 06:00:00,OVEC,2.7,0.8,87.0,,5.8,1019.5,
2025-11-24 07:00:00,OVEC,,,,,,,
2025-11-24 08:00:00,OVEC,,,,,,,
2025-11-24 09:00:00,OVEC,,,,,,,
2025-11-24 10:00:00,OVEC,,,,,,,
2025-11-24 11:00:00,OVEC,,,,,,,
2025-11-24 12:00:00,OVEC,2.1,0.6,90.0,,6.5,1021.1,
2025-11-24 13:00:00,OVEC,,,,,,,
2025-11-24 14:00:00,OVEC,,,,,,,
2025-11-24 15:00:00,OVEC,,,,,,,
2025-11-24 16:00:00,OVEC,,,,,,,
2025-11-24 17:00:00,OVEC,,,,,,,
2025-11-24 18:00:00,OVEC,16.2,4.3,45.0,,11.2,1019.1,
2025-11-24 19:00:00,OVEC,,,,,,,
2025-11-24 20:00:00,OVEC,,,,,,,
2025-11-24 21:00:00,OVEC,,,,,,,
2025-11-24 22:00:00,OVEC,,,,,,,
2025-11-24 23:00:00,OVEC,,,,,,,
2025-11-25 00:00:00,OVEC,10.5,4.2,65.0,,10.8,1019.4,
2025-11-25 01:00:00,OVEC,,,,,,,
2025-11-25 02:00:00,OVEC,,,,,,,
2025-11-25 03:00:00,OVEC,,,,,,,
2025-11-25 04:00:00,OVEC,,,,,,,
2025-11-25 05:00:00,OVEC,,,,,,,
2025-11-25 06:00:00,OVEC,7.7,5.8,88.0,,5.8,1020.4,
2025-11-25 07:00:00,OVEC,,,,,,,
2025-11-25 08:00:00,OVEC,,,,,,,
2025-11-25 09:00:00,OVEC,,,,,,,
2025-11-25 10:00:00,OVEC,,,,,,,
2025-11-25 11:00:00,OVEC,,,,,,,
2025-11-25 12:00:00,OVEC,7.6,6.4,92.0,,4.0,1021.7,
2025-11-25 13:00:00,OVEC,,,,,,,
2025-11-25 14:00:00,OVEC,,,,,,,
2025-11-25 15:00:00,OVEC,,,,,,,
2025-11-25 16:00:00,OVEC,,,,,,,
2025-11-25 17:00:00,OVEC,,,,,,,
2025-11-25 18:00:00,OVEC,11.1,8.0,81.0,,2.5,1022.2,
2025-11-25 19:00:00,OVEC,,,,,,,
2025-11-25 20:00:00,OVEC,,,,,,,
2025-11-25 21:00:00,OVEC,,,,,,,
2025-11-25 22:00:00,OVEC,,,,,,,
2025-11-25 23:00:00,OVEC,,,,,,,
2025-11-26 00:00:00,OVEC,10.2,8.5,89.0,,5.0,1022.1,
2025-11-26 01:00:00,OVEC,,,,,,,
2025-11-26 02:00:00,OVEC,,,,,,,
2025-11-26 03:00:00,OVEC,,,,,,,
2025-11-26 04:00:00,OVEC,,,,,,,
2025-11-26 05:00:00,OVEC,,,,,,,
2025-11-26 06:00:00,OVEC,8.0,6.6,91.0,,11.9,1021.6,
2025-11-26 07:00:00,OVEC,,,,,,,
2025-11-26 08:00:00,OVEC,,,,,,,
2025-11-26 09:00:00,OVEC,,,,,,,
2025-11-26 10:00:00,OVEC,,,,,,,
2025-11-26 11:00:00,OVEC,,,,,,,
2025-11-26 12:00:00,OVEC,6.6,2.9,77.0,,14.0,1021.8,
2025-11-26 13:00:00,OVEC,,,,,,,
2025-11-26 14:00:00,OVEC,,,,,,,
2025-11-26 15:00:00,OVEC,,,,,,,
2025-11-26 16:00:00,OVEC,,,,,,,
2025-11-26 17:00:00,OVEC,,,,,,,
2025-11-26 18:00:00,OVEC,11.4,1.1,49.0,,15.1,1018.6,
2025-11-26 19:00:00,OVEC,,,,,,,
2025-11-26 20:00:00,OVEC,,,,,,,
2025-11-26 21:00:00,OVEC,,,,,,,
2025-11-26 22:00:00,OVEC,,,,,,,
2025-11-26 23:00:00,OVEC,,,,,,,
2025-11-27 00:00:00,OVEC,10.2,3.5,63.0,,17.6,1017.8,
2025-11-01 00:00:00,PAPWR,9.0,3.4,68.0,0.0,15.0,1011.0,4.0
2025-11-01 01:00:00,PAPWR,9.0,3.4,68.0,0.0,15.0,1012.0,4.0
2025-11-01 02:00:00,PAPWR,9.0,3.4,68.0,0.0,15.0,1012.0,4.0
2025-11-01 03:00:00,PAPWR,9.0,3.4,68.0,0.0,11.0,1012.0,4.0
2025-11-01 04:00:00,PAPWR,8.0,3.7,74.0,0.0,7.0,1013.0,4.0
2025-11-01 05:00:00,PAPWR,8.0,2.5,68.0,0.0,11.0,1013.0,4.0
2025-11-01 06:00:00,PAPWR,7.0,2.1,71.0,0.0,11.0,1013.0,3.0
2025-11-01 07:00:00,PAPWR,7.0,2.5,73.0,0.0,9.0,1014.0,3.0
2025-11-01 08:00:00,PAPWR,6.0,2.6,79.0,0.0,9.0,1014.0,3.0
2025-11-01 09:00:00,PAPWR,5.0,1.7,79.0,0.0,11.0,1015.0,3.0
2025-11-01 10:00:00,PAPWR,4.0,1.9,86.0,0.0,7.0,1015.0,3.0
2025-11-01 11:00:00,PAPWR,4.0,1.9,86.0,0.0,0.0,1016.0,3.0
2025-11-01 12:00:00,PAPWR,5.0,2.2,82.0,0.0,0.0,1017.0,3.0
2025-11-01 13:00:00,PAPWR,6.0,2.6,79.0,0.0,6.0,1017.0,3.0
2025-11-01 14:00:00,PAPWR,9.0,1.4,59.0,0.0,17.0,1017.0,3.0
2025-11-01 15:00:00,PAPWR,11.0,2.8,57.0,0.0,11.0,1017.0,3.0
2025-11-01 16:00:00,PAPWR,12.0,2.4,52.0,0.0,11.0,1017.0,3.0
2025-11-01 17:00:00,PAPWR,13.0,2.5,49.0,0.0,13.0,1017.0,3.0
2025-11-01 18:00:00,PAPWR,13.0,2.5,49.0,0.0,24.0,1017.0,3.0
2025-11-01 19:00:00,PAPWR,13.0,0.7,43.0,0.0,24.0,1017.0,3.0
2025-11-01 20:00:00,PAPWR,13.0,2.5,49.0,0.0,20.0,1017.0,3.0
2025-11-01 21:00:00,PAPWR,12.0,-0.2,43.0,0.0,13.0,1018.0,3.0
2025-11-01 22:00:00,PAPWR,11.0,-0.2,46.0,0.0,0.0,1018.0,3.0
2025-11-01 23:00:00,PAPWR,9.0,1.2,58.0,0.0,0.0,1019.0,3.0
2025-11-02 00:00:00,PAPWR,8.0,1.8,65.0,0.0,0.0,1019.0,3.0
2025-11-02 01:00:00,PAPWR,7.0,2.5,73.0,0.0,0.0,1020.0,3.0
2025-11-02 02:00:00,PAPWR,7.0,1.9,70.0,0.0,0.0,1020.0,3.0
2025-11-02 03:00:00,PAPWR,6.0,2.1,76.0,0.0,0.0,1020.0,3.0
2025-11-02 04:00:00,PAPWR,6.0,2.1,76.0,0.0,0.0,1020.0,3.0
2025-11-02 05:00:00,PAPWR,6.0,2.6,79.0,0.0,0.0,1021.0,3.0
2025-11-02 06:00:00,PAPWR,4.0,2.4,89.0,0.0,0.0,1021.0,3.0
2025-11-02 07:00:00,PAPWR,4.0,2.4,89.0,0.0,0.0,1021.0,3.0
2025-11-02 08:00:00,PAPWR,3.0,2.0,93.0,0.0,0.0,1022.0,3.0
2025-11-02 09:00:00,PAPWR,3.0,2.0,93.0,0.0,0.0,1022.0,3.0
2025-11-02 10:00:00,PAPWR,2.0,0.8,92.0,0.0,0.0,1023.0,3.0
2025-11-02 11:00:00,PAPWR,3.0,0.7,85.0,0.0,0.0,1023.0,3.0
2025-11-02 12:00:00,PAPWR,3.0,1.4,89.0,0.0,0.0,1024.0,3.0
2025-11-02 13:00:00,PAPWR,5.0,3.3,89.0,0.0,0.0,1024.0,3.0
2025-11-02 14:00:00,PAPWR,6.0,3.8,86.0,0.0,0.0,1025.0,3.0
2025-11-02 15:00:00,PAPWR,9.0,3.4,68.0,0.0,6.0,1025.0,3.0
2025-11-02 16:00:00,PAPWR,11.0,3.8,61.0,0.0,0.0,1024.0,3.0
2025-11-02 17:00:00,PAPWR,13.0,4.7,57.0,0.0,6.0,1023.0,3.0
2025-11-02 18:00:00,PAPWR,14.0,4.0,51.0,0.0,0.0,1023.0,3.0
2025-11-02 19:00:00,PAPWR,14.0,4.0,51.0,0.0,9.0,1023.0,3.0
2025-11-02 20:00:00,PAPWR,14.0,4.6,53.0,0.0,6.0,1023.0,3.0
2025-11-02 21:00:00,PAPWR,13.0,4.7,57.0,0.0,9.0,1022.0,3.0
2025-11-02 22:00:00,PAPWR,12.0,4.7,61.0,0.0,0.0,1022.0,3.0
2025-11-02 23:00:00,PAPWR,11.0,5.3,68.0,0.0,0.0,1023.0,3.0
2025-11-03 00:00:00,PAPWR,10.0,5.0,71.0,0.0,0.0,1023.0,2.0
2025-11-03 01:00:00,PAPWR,10.0,5.0,71.0,0.0,0.0,1022.0,2.0
2025-11-03 02:00:00,PAPWR,10.0,5.0,71.0,0.0,0.0,1022.0,2.0
2025-11-03 03:00:00,PAPWR,10.0,4.4,68.0,0.0,0.0,1022.0,2.0
2025-11-03 04:00:00,PAPWR,8.0,4.6,79.0,0.0,0.0,1021.0,2.0
2025-11-03 05:00:00,PAPWR,6.0,4.3,89.0,0.0,0.0,1021.0,2.0
2025-11-03 06:00:00,PAPWR,5.0,4.0,93.0,0.0,0.0,1021.0,2.0
2025-11-03 07:00:00,PAPWR,5.0,3.3,89.0,0.0,0.0,1021.0,2.0
2025-11-03 08:00:00,PAPWR,5.0,2.9,86.0,0.0,0.0,1020.0,2.0
2025-11-03 09:00:00,PAPWR,3.0,1.4,89.0,0.0,0.0,1021.0,2.0
2025-11-03 10:00:00,PAPWR,3.0,2.0,93.0,0.0,6.0,1020.0,2.0
2025-11-03 11:00:00,PAPWR,3.0,1.4,89.0,0.0,6.0,1021.0,2.0
2025-11-03 12:00:00,PAPWR,5.0,3.3,89.0,0.0,6.0,1021.0,2.0
2025-11-03 13:00:00,PAPWR,8.0,4.6,79.0,0.0,15.0,1021.0,2.0
2025-11-03 14:00:00,PAPWR,9.0,3.6,69.0,0.0,22.0,1020.0,3.0
2025-11-03 15:00:00,PAPWR,9.0,3.4,68.0,0.0,19.0,1019.0,3.0
2025-11-03 16:00:00,PAPWR,10.0,2.8,61.0,0.0,20.0,1018.0,2.0
2025-11-03 17:00:00,PAPWR,12.0,0.4,45.0,0.0,30.0,1018.0,2.0
2025-11-03 18:00:00,PAPWR,12.0,-0.2,43.0,0.0,22.0,1017.0,3.0
2025-11-03 19:00:00,PAPWR,11.0,0.4,48.0,0.0,19.0,1017.0,3.0
2025-11-03 20:00:00,PAPWR,12.0,1.0,47.0,0.0,17.0,1017.0,3.0
2025-11-03 21:00:00,PAPWR,12.0,1.9,50.0,0.0,20.0,1017.0,3.0
2025-11-03 22:00:00,PAPWR,11.0,2.6,56.0,0.0,13.0,1018.0,2.0
2025-11-03 23:00:00,PAPWR,10.0,2.1,58.0,0.0,15.0,1018.0,2.0
2025-11-04 00:00:00,PAPWR,9.0,1.9,61.0,0.0,11.0,1019.0,2.0
2025-11-04 01:00:00,PAPWR,9.0,2.3,63.0,0.0,17.0,1019.0,2.0
2025-11-04 02:00:00,PAPWR,9.0,1.2,58.0,0.0,20.0,1020.0,2.0
2025-11-04 03:00:00,PAPWR,8.0,-0.7,54.0,0.0,20.0,1021.0,2.0
2025-11-04 04:00:00,PAPWR,8.0,-1.5,51.0,0.0,15.0,1021.0,2.0
2025-11-04 05:00:00,PAPWR,7.0,-1.9,53.0,0.0,13.0,1022.0,1.0
2025-11-04 06:00:00,PAPWR,7.0,-1.4,55.0,0.0,6.0,1021.0,1.0
2025-11-04 07:00:00,PAPWR,6.0,-1.9,57.0,0.0,13.0,1022.0,1.0
2025-11-04 08:00:00,PAPWR,6.0,-1.4,59.0,0.0,7.0,1022.0,1.0
2025-11-04 09:00:00,PAPWR,4.0,-2.2,64.0,0.0,7.0,1023.0,1.0
2025-11-04 10:00:00,PAPWR,4.0,-2.6,62.0,0.0,6.0,1024.0,2.0
2025-11-04 11:00:00,PAPWR,2.0,-2.3,73.0,0.0,7.4,1024.0,2.0
2025-11-04 12:00:00,PAPWR,5.0,-1.7,62.0,0.0,7.0,1025.0,2.0
2025-11-04 13:00:00,PAPWR,7.0,-1.2,56.0,0.0,9.0,1026.0,2.0
2025-11-04 14:00:00,PAPWR,9.0,-0.3,52.0,0.0,13.0,1026.0,2.0
2025-11-04 15:00:00,PAPWR,12.0,-2.2,37.0,0.0,13.0,1026.0,2.0
2025-11-04 16:00:00,PAPWR,13.0,-6.1,26.0,0.0,17.0,1025.0,2.0
2025-11-04 17:00:00,PAPWR,14.0,-7.4,22.0,0.0,20.0,1024.0,2.0
2025-11-04 18:00:00,PAPWR,14.0,-6.8,23.0,0.0,24.0,1023.0,2.0
2025-11-04 19:00:00,PAPWR,14.0,-8.0,21.0,0.0,24.0,1023.0,3.0
2025-11-04 20:00:00,PAPWR,14.0,-6.8,23.0,0.0,17.0,1023.0,3.0
2025-11-04 21:00:00,PAPWR,13.0,-7.1,24.0,0.0,9.0,1023.0,3.0
2025-11-04 22:00:00,PAPWR,12.0,-6.9,26.0,0.0,7.0,1024.0,3.0
2025-11-04 23:00:00,PAPWR,11.0,-6.4,29.0,0.0,6.0,1024.0,3.0
2025-11-05 00:00:00,PAPWR,7.0,-4.4,44.0,0.0,0.0,1023.0,2.0
2025-11-05 01:00:00,PAPWR,7.0,-3.5,47.0,0.0,0.0,1023.0,2.0
2025-11-05 02:00:00,PAPWR,6.0,-2.9,53.0,0.0,0.0,1022.0,2.0
2025-11-05 03:00:00,PAPWR,6.0,-3.6,50.0,0.0,6.0,1022.0,2.0
2025-11-05 04:00:00,PAPWR,6.0,-3.6,50.0,0.0,7.0,1021.0,2.0
2025-11-05 05:00:00,PAPWR,5.0,-3.3,55.0,0.0,0.0,1020.0,2.0
2025-11-05 06:00:00,PAPWR,4.0,-3.1,60.0,0.0,0.0,1020.0,2.0
2025-11-05 07:00:00,PAPWR,4.0,-2.6,62.0,0.0,0.0,1020.0,2.0
2025-11-05 08:00:00,PAPWR,4.0,-2.6,62.0,0.0,7.0,1019.0,2.0
2025-11-05 09:00:00,PAPWR,3.0,-3.1,64.0,0.0,7.0,1018.0,2.0
2025-11-05 10:00:00,PAPWR,5.0,-3.3,55.0,0.0,9.0,1016.0,2.0
2025-11-05 11:00:00,PAPWR,7.0,-2.4,51.0,0.0,11.0,1016.0,2.0
2025-11-05 12:00:00,PAPWR,9.0,-0.6,51.0,0.0,17.0,1015.0,2.0
2025-11-05 13:00:00,PAPWR,12.0,1.9,50.0,0.0,22.0,1014.0,2.0
2025-11-05 14:00:00,PAPWR,14.0,4.0,51.0,0.0,35.0,1012.0,2.0
2025-11-05 15:00:00,PAPWR,15.0,4.9,51.0,0.0,33.0,1012.0,2.0
2025-11-05 16:00:00,PAPWR,16.0,5.6,50.0,0.0,30.0,1011.0,2.0
2025-11-05 17:00:00,PAPWR,17.0,5.9,48.0,0.0,26.0,1009.0,3.0
2025-11-05 18:00:00,PAPWR,17.0,5.9,48.0,0.0,28.0,1009.0,3.0
2025-11-05 19:00:00,PAPWR,17.0,6.5,50.0,0.0,17.0,1009.0,3.0
2025-11-05 20:00:00,PAPWR,17.0,6.5,50.0,0.0,24.0,1009.0,3.0
2025-11-05 21:00:00,PAPWR,17.0,7.1,52.0,0.0,26.0,1009.0,3.0
2025-11-05 22:00:00,PAPWR,17.0,8.2,56.0,0.0,20.0,1010.0,3.0
2025-11-05 23:00:00,PAPWR,14.0,9.0,72.0,0.0,28.0,1011.0,3.0
2025-11-06 00:00:00,PAPWR,12.0,6.9,71.0,0.0,35.0,1013.0,3.0
2025-11-06 01:00:00,PAPWR,11.0,4.2,63.0,0.0,30.0,1015.0,3.0
2025-11-06 02:00:00,PAPWR,10.0,3.3,63.0,0.0,35.0,1016.0,3.0
2025-11-06 03:00:00,PAPWR,8.0,3.5,73.0,0.0,30.0,1018.0,3.0
2025-11-06 04:00:00,PAPWR,7.0,-0.7,58.0,0.0,30.0,1019.0,3.0
2025-11-06 05:00:00,PAPWR,6.0,-1.2,60.0,0.0,17.0,1020.0,3.0
2025-11-06 06:00:00,PAPWR,4.0,-1.0,70.0,0.0,15.0,1020.0,3.0
2025-11-06 07:00:00,PAPWR,4.0,-1.4,68.0,0.0,6.0,1020.0,2.0
2025-11-06 08:00:00,PAPWR,4.0,-0.4,73.0,0.0,7.0,1021.0,2.0
2025-11-06 09:00:00,PAPWR,3.0,-0.8,76.0,0.0,7.0,1021.0,2.0
2025-11-06 10:00:00,PAPWR,2.0,-2.0,75.0,0.0,7.0,1022.0,2.0
2025-11-06 11:00:00,PAPWR,1.0,-2.2,79.0,0.0,7.0,1022.0,2.0
2025-11-06 12:00:00,PAPWR,3.0,-0.8,76.0,0.0,11.0,1023.0,2.0
2025-11-06 13:00:00,PAPWR,5.0,-0.6,67.0,0.0,15.0,1023.0,2.0
2025-11-06 14:00:00,PAPWR,7.0,0.4,63.0,0.0,11.0,1024.0,2.0
2025-11-06 15:00:00,PAPWR,9.0,-0.6,51.0,0.0,22.0,1024.0,2.0
2025-11-06 16:00:00,PAPWR,10.0,-2.3,42.0,0.0,20.0,1023.0,2.0
2025-11-06 17:00:00,PAPWR,11.0,-2.4,39.0,0.0,20.0,1022.0,2.0
2025-11-06 18:00:00,PAPWR,11.0,-2.8,38.0,0.0,28.0,1022.0,2.0
2025-11-06 19:00:00,PAPWR,11.0,-4.3,34.0,0.0,26.0,1021.0,2.0
2025-11-06 20:00:00,PAPWR,11.0,-3.9,35.0,0.0,20.0,1021.0,2.0
2025-11-06 21:00:00,PAPWR,10.0,-4.0,37.0,0.0,13.0,1021.0,3.0
2025-11-06 22:00:00,PAPWR,8.0,-4.1,42.0,0.0,0.0,1021.0,3.0
2025-11-06 23:00:00,PAPWR,6.0,-2.9,53.0,0.0,0.0,1021.0,3.0
2025-11-07 00:00:00,PAPWR,6.0,-2.9,53.0,0.0,0.0,1020.0,3.0
2025-11-07 01:00:00,PAPWR,4.0,-2.6,62.0,0.0,0.0,1020.0,3.0
2025-11-07 02:00:00,PAPWR,3.0,-3.1,64.0,0.0,0.0,1020.0,3.0
2025-11-07 03:00:00,PAPWR,3.0,-3.1,64.0,0.0,6.0,1019.0,3.0
2025-11-07 04:00:00,PAPWR,2.0,-3.5,67.0,0.0,6.0,1018.0,3.0
2025-11-07 05:00:00,PAPWR,1.0,-2.9,75.0,0.0,0.0,1017.0,3.0
2025-11-07 06:00:00,PAPWR,2.0,-4.1,64.0,0.0,6.0,1016.0,3.0
2025-11-07 07:00:00,PAPWR,3.0,-3.8,61.0,0.0,6.0,1015.0,3.0
2025-11-07 08:00:00,PAPWR,2.0,-3.1,69.0,0.0,6.0,1013.0,3.0
2025-11-07 09:00:00,PAPWR,2.0,-3.5,67.0,0.0,11.0,1012.0,3.0
2025-11-07 10:00:00,PAPWR,2.0,-3.5,67.0,0.0,11.0,1011.0,4.0
2025-11-07 11:00:00,PAPWR,2.0,-3.5,67.0,0.0,11.0,1010.0,4.0
2025-11-07 12:00:00,PAPWR,3.0,-3.8,61.0,0.0,9.0,1009.0,4.0
2025-11-07 13:00:00,PAPWR,7.0,-3.0,49.0,0.0,9.0,1008.0,4.0
2025-11-07 14:00:00,PAPWR,11.0,-0.8,44.0,0.0,11.0,1007.0,4.0
2025-11-07 15:00:00,PAPWR,14.0,2.6,46.0,0.0,22.0,1005.0,4.0
2025-11-07 16:00:00,PAPWR,18.0,6.8,48.0,0.0,32.0,1004.0,4.0
2025-11-07 17:00:00,PAPWR,17.0,7.1,52.0,0.0,32.0,1003.0,4.0
2025-11-07 18:00:00,PAPWR,16.0,8.2,60.0,0.0,28.0,1003.0,7.0
2025-11-07 19:00:00,PAPWR,14.0,10.2,78.0,0.0,32.0,1002.0,7.0
2025-11-07 20:00:00,PAPWR,14.0,10.2,78.0,0.0,22.0,1002.0,7.0
2025-11-07 21:00:00,PAPWR,13.0,11.4,90.0,0.0,17.0,1002.0,7.0
2025-11-07 22:00:00,PAPWR,13.0,11.9,93.0,0.0,20.0,1002.0,7.0
2025-11-07 23:00:00,PAPWR,14.0,12.9,93.0,0.0,13.0,1003.0,7.0
2025-11-08 00:00:00,PAPWR,14.0,12.4,90.0,0.0,15.0,1003.0,7.0
2025-11-08 01:00:00,PAPWR,13.0,11.4,90.0,0.0,15.0,1003.0,4.0
2025-11-08 02:00:00,PAPWR,13.0,11.9,93.0,0.0,9.0,1004.0,4.0
2025-11-08 03:00:00,PAPWR,12.0,10.9,93.0,0.0,7.0,1004.0,4.0
2025-11-08 04:00:00,PAPWR,12.0,10.4,90.0,0.0,15.0,1005.0,4.0
2025-11-08 05:00:00,PAPWR,12.0,10.2,89.0,0.0,13.0,1005.0,4.0
2025-11-08 06:00:00,PAPWR,9.0,7.9,93.0,0.0,13.0,1005.0,4.0
2025-11-08 07:00:00,PAPWR,8.0,7.4,96.0,0.0,6.0,1006.0,3.0
2025-11-08 08:00:00,PAPWR,8.0,7.6,97.0,0.0,6.0,1006.0,3.0
2025-11-08 09:00:00,PAPWR,7.0,6.4,96.0,0.0,0.0,1007.0,5.0
2025-11-08 10:00:00,PAPWR,6.0,6.0,100.0,0.0,0.0,1008.0,5.0
2025-11-08 11:00:00,PAPWR,5.0,5.0,100.0,0.0,0.0,1008.0,5.0
2025-11-08 12:00:00,PAPWR,7.0,6.4,96.0,0.0,0.0,1009.0,5.0
2025-11-08 13:00:00,PAPWR,7.0,6.6,97.0,0.0,0.0,1009.0,5.0
2025-11-08 14:00:00,PAPWR,8.0,8.0,100.0,0.0,9.0,1009.0,5.0
2025-11-08 15:00:00,PAPWR,9.0,9.0,100.0,0.0,6.0,1009.0,5.0
2025-11-08 16:00:00,PAPWR,11.0,8.7,86.0,0.0,9.0,1010.0,4.0
2025-11-08 17:00:00,PAPWR,14.0,7.5,65.0,0.0,19.0,1009.0,4.0
2025-11-08 18:00:00,PAPWR,15.0,7.8,62.0,0.0,13.0,1009.0,3.0
2025-11-08 19:00:00,PAPWR,14.0,8.0,67.0,0.0,11.0,1009.0,4.0
2025-11-08 20:00:00,PAPWR,14.0,8.4,69.0,0.0,13.0,1009.0,4.0
2025-11-08 21:00:00,PAPWR,13.0,5.9,62.0,0.0,13.0,1009.0,4.0
2025-11-08 22:00:00,PAPWR,11.0,7.7,80.0,0.0,15.0,1010.0,4.0
2025-11-08 23:00:00,PAPWR,10.0,6.7,80.0,0.0,7.0,1010.0,4.0
2025-11-09 00:00:00,PAPWR,9.0,6.3,83.0,0.0,0.0,1010.0,4.0
2025-11-09 01:00:00,PAPWR,8.0,5.8,86.0,0.0,9.0,1010.0,4.0
2025-11-09 02:00:00,PAPWR,7.0,5.9,93.0,0.0,6.0,1011.0,4.0
2025-11-09 03:00:00,PAPWR,7.0,5.9,93.0,0.0,0.0,1010.0,4.0
2025-11-09 04:00:00,PAPWR,6.0,5.4,96.0,0.0,0.0,1010.0,4.0
2025-11-09 05:00:00,PAPWR,6.0,4.8,92.0,0.0,0.0,1010.0,4.0
2025-11-09 06:00:00,PAPWR,6.0,4.8,92.0,0.0,0.0,1009.0,4.0
2025-11-09 07:00:00,PAPWR,5.0,5.0,100.0,0.0,0.0,1009.0,5.0
2025-11-09 08:00:00,PAPWR,6.0,5.4,96.0,0.0,6.0,1009.0,4.0
2025-11-09 09:00:00,PAPWR,6.0,5.4,96.0,0.0,11.0,1007.0,5.0
2025-11-09 10:00:00,PAPWR,6.0,5.4,96.0,0.0,0.0,1008.0,5.0
2025-11-09 11:00:00,PAPWR,5.0,5.0,100.0,0.0,9.0,1006.0,5.0
2025-11-09 12:00:00,PAPWR,5.0,5.0,100.0,0.0,7.0,1006.0,5.0
2025-11-09 13:00:00,PAPWR,6.0,5.6,97.0,0.0,7.0,1005.0,5.0
2025-11-09 14:00:00,PAPWR,7.0,6.4,96.0,0.0,17.0,1006.0,8.0
2025-11-09 15:00:00,PAPWR,7.0,5.9,93.0,0.1,20.0,1006.0,7.0
2025-11-09 16:00:00,PAPWR,9.0,6.8,86.0,0.0,7.0,1005.0,7.0
2025-11-09 17:00:00,PAPWR,9.0,7.4,90.0,0.0,13.0,1005.0,4.0
2025-11-09 18:00:00,PAPWR,10.0,7.2,83.0,0.0,11.0,1005.0,4.0
2025-11-09 19:00:00,PAPWR,9.0,6.8,86.0,0.0,17.0,1006.0,4.0
2025-11-09 20:00:00,PAPWR,9.0,7.3,89.0,0.0,17.0,1006.0,4.0
2025-11-09 21:00:00,PAPWR,9.0,5.2,77.0,0.0,7.0,1007.0,4.0
2025-11-09 22:00:00,PAPWR,8.0,6.3,89.0,0.0,19.0,1008.0,4.0
2025-11-09 23:00:00,PAPWR,7.0,5.9,93.0,0.1,13.0,1009.0,4.0
2025-11-10 00:00:00,PAPWR,6.0,4.3,89.0,0.0,15.0,1009.0,4.0
2025-11-10 01:00:00,PAPWR,6.0,4.3,89.0,0.0,20.0,1009.0,7.0
2025-11-10 02:00:00,PAPWR,3.0,1.4,89.0,0.0,30.0,1010.0,7.0
2025-11-10 03:00:00,PAPWR,2.0,-0.3,85.0,0.0,24.0,1011.0,7.0
2025-11-10 04:00:00,PAPWR,2.0,0.4,89.0,0.0,22.0,1011.0,7.0
2025-11-10 05:00:00,PAPWR,1.0,-0.8,88.0,0.0,20.0,1012.0,7.0
2025-11-10 06:00:00,PAPWR,1.0,-1.2,85.0,0.0,20.0,1012.0,12.0
2025-11-10 07:00:00,PAPWR,1.0,-1.7,82.0,0.0,24.0,1011.0,14.0
2025-11-10 08:00:00,PAPWR,0.0,-1.1,92.0,0.0,20.0,1012.0,14.0
2025-11-10 09:00:00,PAPWR,0.0,-2.2,85.0,0.0,20.0,1012.0,14.0
2025-11-10 10:00:00,PAPWR,0.0,-2.2,85.0,0.0,13.0,1012.0,4.0
2025-11-10 11:00:00,PAPWR,0.0,-2.9,81.0,0.0,17.0,1012.0,4.0
2025-11-10 12:00:00,PAPWR,0.0,-2.2,85.0,0.0,13.0,1013.0,14.0
2025-11-10 13:00:00,PAPWR,-1.0,-2.6,89.0,0.0,19.0,1013.0,4.0
2025-11-10 14:00:00,PAPWR,0.0,-2.9,81.0,0.0,19.0,1013.0,4.0
2025-11-10 15:00:00,PAPWR,1.0,-4.6,66.0,0.0,22.0,1014.0,4.0
2025-11-10 16:00:00,PAPWR,1.0,-5.7,61.0,0.0,24.0,1013.0,4.0
2025-11-10 17:00:00,PAPWR,1.0,-5.7,61.0,0.0,26.0,1013.0,4.0
2025-11-10 18:00:00,PAPWR,2.0,-5.8,56.0,0.0,26.0,1012.0,4.0
2025-11-10 19:00:00,PAPWR,2.0,-7.6,49.0,0.0,20.0,1012.0,4.0
2025-11-10 20:00:00,PAPWR,1.0,-6.1,59.0,0.0,26.0,1012.0,4.0
2025-11-10 21:00:00,PAPWR,-1.0,-4.7,76.0,0.0,20.0,1013.0,4.0
2025-11-10 22:00:00,PAPWR,-1.0,-6.5,66.0,0.0,30.0,1013.0,3.0
2025-11-10 23:00:00,PAPWR,-2.0,-7.5,66.0,0.0,28.0,1014.0,3.0
2025-11-11 00:00:00,PAPWR,-2.0,-6.9,69.0,0.0,22.0,1014.0,4.0
2025-11-11 01:00:00,PAPWR,-3.0,-8.4,66.0,0.0,32.0,1014.0,4.0
2025-11-11 02:00:00,PAPWR,-3.0,-9.0,63.0,0.0,26.0,1014.0,4.0
2025-11-11 03:00:00,PAPWR,-3.0,-9.7,60.0,0.0,22.0,1014.0,4.0
2025-11-11 04:00:00,PAPWR,-4.0,-10.0,63.0,0.0,20.0,1014.0,4.0
2025-11-11 05:00:00,PAPWR,-4.0,-9.4,66.0,0.0,19.0,1013.0,4.0
2025-11-11 06:00:00,PAPWR,-4.0,-10.0,63.0,0.0,20.0,1014.0,4.0
2025-11-11 07:00:00,PAPWR,-4.0,-10.2,62.0,0.0,22.0,1014.0,4.0
2025-11-11 08:00:00,PAPWR,-5.0,-9.4,71.0,0.0,19.0,1014.0,4.0
2025-11-11 09:00:00,PAPWR,-5.0,-8.9,74.0,0.0,19.0,1014.0,4.0
2025-11-11 10:00:00,PAPWR,-4.0,-7.9,74.0,0.0,22.0,1014.0,4.0
2025-11-11 11:00:00,PAPWR,-4.0,-7.9,74.0,0.0,22.0,1014.0,4.0
2025-11-11 12:00:00,PAPWR,-4.0,-7.9,74.0,0.0,19.0,1015.0,4.0
2025-11-11 13:00:00,PAPWR,-4.0,-7.3,78.0,0.0,15.0,1015.0,4.0
2025-11-11 14:00:00,PAPWR,-2.0,-5.8,75.0,0.0,24.0,1016.0,4.0
2025-11-11 15:00:00,PAPWR,-1.0,-6.0,69.0,0.0,20.0,1016.0,4.0
2025-11-11 16:00:00,PAPWR,0.0,-5.0,69.0,0.0,17.0,1016.0,4.0
2025-11-11 17:00:00,PAPWR,1.0,-5.0,64.0,0.0,26.0,1015.0,4.0
2025-11-11 18:00:00,PAPWR,2.0,-6.3,54.0,0.0,32.0,1015.0,3.0
2025-11-11 19:00:00,PAPWR,3.0,-6.4,50.0,0.0,22.0,1014.0,4.0
2025-11-11 20:00:00,PAPWR,3.0,-8.1,44.0,0.0,22.0,1014.0,4.0
2025-11-11 21:00:00,PAPWR,2.0,-8.1,47.0,0.0,19.0,1014.0,4.0
2025-11-11 22:00:00,PAPWR,1.0,-8.2,50.0,0.0,11.0,1014.0,3.0
2025-11-11 23:00:00,PAPWR,1.0,-8.2,50.0,0.0,15.0,1014.0,3.0
2025-11-12 00:00:00,PAPWR,1.0,-7.7,52.0,0.0,11.0,1013.0,4.0
2025-11-12 01:00:00,PAPWR,1.0,-7.7,52.0,0.0,22.0,1012.0,4.0
2025-11-12 02:00:00,PAPWR,1.0,-7.3,54.0,0.0,19.0,1012.0,4.0
2025-11-12 03:00:00,PAPWR,2.0,-6.8,52.0,0.0,17.0,1012.0,4.0
2025-11-12 04:00:00,PAPWR,2.0,-7.6,49.0,0.0,13.0,1011.0,4.0
2025-11-12 05:00:00,PAPWR,2.0,-7.9,48.0,0.0,17.0,1010.0,4.0
2025-11-12 06:00:00,PAPWR,2.0,-7.9,48.0,0.0,22.0,1010.0,4.0
2025-11-12 07:00:00,PAPWR,3.0,-6.9,48.0,0.0,20.0,1009.0,4.0
2025-11-12 08:00:00,PAPWR,3.0,-6.9,48.0,0.0,20.0,1009.0,4.0
2025-11-12 09:00:00,PAPWR,4.0,-6.0,48.0,0.0,20.0,1009.0,4.0
2025-11-12 10:00:00,PAPWR,4.0,-5.2,51.0,0.0,17.0,1009.0,4.0
2025-11-12 11:00:00,PAPWR,4.0,-4.7,53.0,0.0,19.0,1009.0,4.0
2025-11-12 12:00:00,PAPWR,4.0,-3.7,57.0,0.0,28.0,1010.0,4.0
2025-11-12 13:00:00,PAPWR,3.0,-1.4,73.0,0.0,26.0,1010.0,4.0
2025-11-12 14:00:00,PAPWR,3.0,-1.9,70.0,0.0,20.0,1010.0,4.0
2025-11-12 15:00:00,PAPWR,6.0,-1.9,57.0,0.0,20.0,1010.0,4.0
2025-11-12 16:00:00,PAPWR,7.0,-1.4,55.0,0.0,33.0,1009.0,4.0
2025-11-12 17:00:00,PAPWR,8.0,-1.3,52.0,0.0,15.0,1008.0,3.0
2025-11-12 18:00:00,PAPWR,10.0,-0.5,48.0,0.0,26.0,1008.0,3.0
2025-11-12 19:00:00,PAPWR,10.0,0.1,50.0,0.0,28.0,1009.0,3.0
2025-11-12 20:00:00,PAPWR,10.0,-0.5,48.0,0.0,19.0,1009.0,3.0
2025-11-12 21:00:00,PAPWR,9.0,-0.9,50.0,0.0,22.0,1010.0,3.0
2025-11-12 22:00:00,PAPWR,8.0,-1.0,53.0,0.0,33.0,1011.0,3.0
2025-11-12 23:00:00,PAPWR,7.0,-1.2,56.0,0.0,24.0,1013.0,4.0
2025-11-13 00:00:00,PAPWR,7.0,-0.7,58.0,0.0,17.0,1013.0,4.0
2025-11-13 01:00:00,PAPWR,6.0,-0.3,64.0,0.0,15.0,1014.0,4.0
2025-11-13 02:00:00,PAPWR,5.0,-0.6,67.0,0.0,15.0,1014.0,4.0
2025-11-13 03:00:00,PAPWR,5.0,-1.0,65.0,0.0,11.0,1015.0,3.0
2025-11-13 04:00:00,PAPWR,4.0,-1.6,67.0,0.0,9.0,1015.0,3.0
2025-11-13 05:00:00,PAPWR,4.0,-1.6,67.0,0.0,7.0,1015.0,3.0
2025-11-13 06:00:00,PAPWR,3.0,-2.5,67.0,0.0,9.0,1015.0,3.0
2025-11-13 07:00:00,PAPWR,3.0,-1.9,70.0,0.0,11.0,1015.0,3.0
2025-11-13 08:00:00,PAPWR,3.0,-1.5,72.0,0.0,11.0,1015.0,3.0
2025-11-13 09:00:00,PAPWR,3.0,-1.5,72.0,0.0,15.0,1016.0,3.0
2025-11-13 10:00:00,PAPWR,2.0,-2.0,75.0,0.0,13.0,1016.0,2.0
2025-11-13 11:00:00,PAPWR,2.0,-1.4,78.0,0.0,15.0,1017.0,2.0
2025-11-13 12:00:00,PAPWR,2.0,-2.0,75.0,0.0,11.0,1018.0,2.0
2025-11-13 13:00:00,PAPWR,4.0,-1.0,70.0,0.0,19.0,1019.0,2.0
2025-11-13 14:00:00,PAPWR,6.0,-1.9,57.0,0.0,19.0,1019.0,2.0
2025-11-13 15:00:00,PAPWR,8.0,-2.1,49.0,0.0,17.0,1019.0,2.0
2025-11-13 16:00:00,PAPWR,9.0,-2.0,46.0,0.0,26.0,1019.0,2.0
2025-11-13 17:00:00,PAPWR,10.0,-2.6,41.0,0.0,22.0,1019.0,2.0
2025-11-13 18:00:00,PAPWR,11.0,-3.5,36.0,0.0,28.0,1018.0,2.0
2025-11-13 19:00:00,PAPWR,11.0,-4.7,33.0,0.0,26.0,1019.0,2.0
2025-11-13 20:00:00,PAPWR,10.0,-5.1,34.0,0.0,20.0,1019.0,2.0
2025-11-13 21:00:00,PAPWR,8.0,-4.8,40.0,0.0,19.0,1019.0,2.0
2025-11-13 22:00:00,PAPWR,7.0,-4.7,43.0,0.0,11.0,1019.0,2.0
2025-11-13 23:00:00,PAPWR,6.0,-4.7,46.0,0.0,9.0,1020.0,2.0
2025-11-14 00:00:00,PAPWR,6.0,-4.7,46.0,0.0,7.0,1020.0,2.0
2025-11-14 01:00:00,PAPWR,3.0,-4.2,59.0,0.0,0.0,1020.0,2.0
2025-11-14 02:00:00,PAPWR,2.0,-4.5,62.0,0.0,0.0,1020.0,2.0
2025-11-14 03:00:00,PAPWR,2.0,-4.5,62.0,0.0,6.0,1020.0,2.0
2025-11-14 04:00:00,PAPWR,2.0,-4.5,62.0,0.0,0.0,1020.0,2.0
2025-11-14 05:00:00,PAPWR,1.0,-3.5,72.0,0.0,11.0,1020.0,2.0
2025-11-14 06:00:00,PAPWR,2.0,-2.9,70.0,0.0,9.0,1020.0,2.0
2025-11-14 07:00:00,PAPWR,1.0,-3.3,73.0,0.0,9.0,1021.0,2.0
2025-11-14 08:00:00,PAPWR,1.0,-2.9,75.0,0.0,6.0,1021.0,2.0
2025-11-14 09:00:00,PAPWR,-1.0,-3.8,81.0,0.0,0.0,1021.0,2.0
2025-11-14 10:00:00,PAPWR,-2.0,-4.7,82.0,0.0,0.0,1021.0,2.0
2025-11-14 11:00:00,PAPWR,-1.0,-3.2,85.0,0.0,0.0,1022.0,2.0
2025-11-14 12:00:00,PAPWR,1.0,-1.7,82.0,0.0,0.0,1022.0,3.0
2025-11-14 13:00:00,PAPWR,2.0,-1.3,79.0,0.0,0.0,1022.0,3.0
2025-11-14 14:00:00,PAPWR,4.0,-0.4,73.0,0.0,6.0,1022.0,4.0
2025-11-14 15:00:00,PAPWR,6.0,-0.1,65.0,0.0,11.0,1021.0,4.0
2025-11-14 16:00:00,PAPWR,8.0,-0.5,55.0,0.0,13.0,1020.0,4.0
2025-11-14 17:00:00,PAPWR,10.0,-3.3,39.0,0.0,11.0,1019.0,4.0
2025-11-14 18:00:00,PAPWR,11.0,-2.8,38.0,0.0,11.0,1018.0,4.0
2025-11-14 19:00:00,PAPWR,11.0,-2.8,38.0,0.0,13.0,1017.0,4.0
2025-11-14 20:00:00,PAPWR,11.0,-2.8,38.0,0.0,9.0,1016.0,4.0
2025-11-14 21:00:00,PAPWR,11.0,-3.5,36.0,0.0,7.0,1015.0,3.0
2025-11-14 22:00:00,PAPWR,11.0,-2.4,39.0,0.0,0.0,1015.0,3.0
2025-11-14 23:00:00,PAPWR,9.0,-2.6,44.0,0.0,6.0,1015.0,3.0
2025-11-15 00:00:00,PAPWR,9.0,-1.7,47.0,0.0,6.0,1014.0,3.0
2025-11-15 01:00:00,PAPWR,8.0,-2.1,49.0,0.0,6.0,1014.0,3.0
2025-11-15 02:00:00,PAPWR,7.0,-1.4,55.0,0.0,0.0,1014.0,3.0
2025-11-15 03:00:00,PAPWR,5.0,-1.0,65.0,0.0,0.0,1014.0,3.0
2025-11-15 04:00:00,PAPWR,4.0,-2.0,65.0,0.0,0.0,1013.0,3.0
2025-11-15 05:00:00,PAPWR,6.0,-0.3,64.0,0.0,0.0,1013.0,3.0
2025-11-15 06:00:00,PAPWR,4.0,-1.0,70.0,0.0,0.0,1012.0,3.0
2025-11-15 07:00:00,PAPWR,4.0,-0.4,73.0,0.0,0.0,1012.0,4.0
2025-11-15 08:00:00,PAPWR,6.0,0.9,70.0,0.0,0.0,1011.0,4.0
2025-11-15 09:00:00,PAPWR,6.0,0.3,67.0,0.0,0.0,1011.0,4.0
2025-11-15 10:00:00,PAPWR,6.0,-0.1,65.0,0.0,0.0,1011.0,8.0
2025-11-15 11:00:00,PAPWR,6.0,3.8,86.0,0.0,0.0,1010.0,4.0
2025-11-15 12:00:00,PAPWR,6.0,4.3,89.0,0.0,6.0,1009.0,4.0
2025-11-15 13:00:00,PAPWR,9.0,6.3,83.0,0.0,6.0,1008.0,4.0
2025-11-15 14:00:00,PAPWR,13.0,8.7,75.0,0.0,15.0,1007.0,4.0
2025-11-15 15:00:00,PAPWR,15.0,10.0,72.0,0.0,20.0,1006.0,4.0
2025-11-15 16:00:00,PAPWR,16.0,10.3,69.0,0.0,20.0,1005.0,4.0
2025-11-15 17:00:00,PAPWR,16.0,10.3,69.0,0.0,20.0,1004.0,4.0
2025-11-15 18:00:00,PAPWR,17.0,10.8,67.0,0.0,20.0,1002.0,4.0
2025-11-15 19:00:00,PAPWR,18.0,11.3,65.0,0.0,28.0,1000.0,4.0
2025-11-15 20:00:00,PAPWR,18.0,11.3,65.0,0.0,17.0,999.0,4.0
2025-11-15 21:00:00,PAPWR,18.0,12.0,68.0,0.0,20.0,998.0,4.0
2025-11-15 22:00:00,PAPWR,18.0,12.0,68.0,0.0,17.0,998.0,4.0
2025-11-15 23:00:00,PAPWR,18.0,11.3,65.0,0.0,24.0,998.0,4.0
2025-11-16 00:00:00,PAPWR,17.8,12.3,70.0,0.0,12.0,997.0,4.0
2025-11-16 01:00:00,PAPWR,17.8,12.3,70.0,0.0,13.0,996.0,4.0
2025-11-16 02:00:00,PAPWR,17.2,12.7,75.0,0.0,15.0,996.0,4.0
2025-11-16 03:00:00,PAPWR,15.6,11.8,78.0,0.0,16.0,996.0,4.0
2025-11-16 04:00:00,PAPWR,15.0,8.9,67.0,0.0,21.0,996.0,4.0
2025-11-16 05:00:00,PAPWR,13.9,7.9,67.0,0.0,17.0,996.0,4.0
2025-11-16 06:00:00,PAPWR,13.9,6.7,62.0,0.0,22.0,996.0,4.0
2025-11-16 07:00:00,PAPWR,11.1,3.4,59.0,0.0,22.0,997.0,4.0
2025-11-16 08:00:00,PAPWR,9.4,1.8,59.0,0.0,14.0,998.0,4.0
2025-11-16 09:00:00,PAPWR,8.9,1.8,61.0,0.0,14.0,999.0,4.0
2025-11-16 10:00:00,PAPWR,8.3,1.7,63.0,0.0,10.0,1000.0,4.0
2025-11-16 11:00:00,PAPWR,7.2,-3.4,47.0,0.0,18.0,1001.0,4.0
2025-11-16 12:00:00,PAPWR,6.1,-2.3,55.0,0.0,10.0,1002.0,3.0
2025-11-16 13:00:00,PAPWR,6.7,-1.7,55.0,0.0,17.0,1002.0,3.0
2025-11-16 14:00:00,PAPWR,6.7,-3.3,49.0,0.0,20.0,1003.0,3.0
2025-11-16 15:00:00,PAPWR,7.2,-3.9,45.0,0.0,23.0,1003.0,3.0
2025-11-16 16:00:00,PAPWR,7.2,-5.5,40.0,0.0,21.0,1003.0,3.0
2025-11-16 17:00:00,PAPWR,7.2,-6.5,37.0,0.0,18.0,,3.0
2025-11-16 18:00:00,PAPWR,6.7,-7.3,36.0,0.0,20.0,,3.0
2025-11-16 19:00:00,PAPWR,7.2,-6.5,37.0,0.0,21.0,,3.0
2025-11-16 20:00:00,PAPWR,6.1,-7.1,38.0,0.0,18.0,,3.0
2025-11-16 21:00:00,PAPWR,5.0,-3.8,53.0,0.0,16.0,,3.0
2025-11-16 22:00:00,PAPWR,4.4,-3.8,55.0,0.0,13.0,,3.0
2025-11-16 23:00:00,PAPWR,3.9,-3.8,57.0,0.0,10.0,,3.0
2025-11-17 00:00:00,PAPWR,3.3,-4.4,57.0,0.0,6.0,,3.0
2025-11-17 01:00:00,PAPWR,3.9,-5.6,50.0,0.0,9.0,,3.0
2025-11-17 02:00:00,PAPWR,3.9,-6.1,48.0,0.0,6.0,,3.0
2025-11-17 03:00:00,PAPWR,3.9,-5.6,50.0,0.0,7.0,,3.0
2025-11-17 04:00:00,PAPWR,3.9,-5.1,52.0,0.0,9.0,,3.0
2025-11-17 05:00:00,PAPWR,3.9,-4.3,55.0,0.0,9.0,,3.0
2025-11-17 06:00:00,PAPWR,3.3,-4.4,57.0,0.0,11.0,,4.0
2025-11-17 07:00:00,PAPWR,2.8,-4.4,59.0,0.0,14.0,,4.0
2025-11-17 08:00:00,PAPWR,1.1,-4.9,64.0,0.0,12.0,,4.0
2025-11-17 09:00:00,PAPWR,0.6,-5.0,66.0,0.0,10.0,,4.0
2025-11-17 10:00:00,PAPWR,0.0,-5.6,66.0,0.0,7.0,,3.0
2025-11-17 11:00:00,PAPWR,0.6,-5.2,65.0,0.0,14.8,1014.9,3.0
2025-11-17 12:00:00,PAPWR,1.8,-4.7,62.0,0.0,18.5,1015.4,3.0
2025-11-17 13:00:00,PAPWR,2.4,-4.6,60.0,0.0,20.4,1016.3,3.0
2025-11-17 14:00:00,PAPWR,3.3,-4.4,57.0,0.0,24.1,1017.1,3.0
2025-11-17 15:00:00,PAPWR,4.0,-4.5,54.0,0.0,24.1,1017.3,3.0
2025-11-17 16:00:00,PAPWR,4.6,-4.9,50.0,0.0,25.9,1017.0,3.0
2025-11-17 17:00:00,PAPWR,5.1,-5.0,48.0,0.0,25.9,1016.7,3.0
2025-11-17 18:00:00,PAPWR,4.3,-5.2,50.0,0.0,24.1,1016.8,3.0
2025-11-17 19:00:00,PAPWR,4.5,-5.3,49.0,0.0,24.1,1017.1,3.0
2025-11-17 20:00:00,PAPWR,4.5,-5.3,49.0,0.0,24.1,1017.4,3.0
2025-11-17 21:00:00,PAPWR,4.0,-5.0,52.0,0.0,22.2,1018.2,3.0
2025-11-17 22:00:00,PAPWR,3.5,-5.2,53.0,0.0,18.5,1018.9,3.0
2025-11-17 23:00:00,PAPWR,2.5,-4.9,58.0,0.0,13.0,1019.5,2.0
2025-11-18 00:00:00,PAPWR,1.9,-4.8,61.0,0.0,11.1,1019.9,2.0
2025-11-18 01:00:00,PAPWR,1.2,-5.1,63.0,0.0,7.4,1020.1,2.0
2025-11-18 02:00:00,PAPWR,0.6,-5.2,65.0,0.0,5.5,1020.4,2.0
2025-11-18 03:00:00,PAPWR,0.2,-5.2,67.0,0.0,3.7,1020.4,2.0
2025-11-18 04:00:00,PAPWR,-0.3,-5.1,70.0,0.0,3.7,1020.6,2.0
2025-11-18 05:00:00,PAPWR,-0.7,-5.1,72.0,0.0,3.7,1020.7,2.0
2025-11-18 06:00:00,PAPWR,-0.8,-5.0,73.0,0.0,1.8,1020.9,2.0
2025-11-18 07:00:00,PAPWR,-1.5,-5.0,77.0,0.0,1.8,1021.1,2.0
2025-11-18 08:00:00,PAPWR,-1.7,-4.9,79.0,0.0,0.0,1021.3,2.0
2025-11-18 09:00:00,PAPWR,-1.6,-4.9,78.0,0.0,0.0,1021.8,3.0
2025-11-18 10:00:00,PAPWR,-1.6,-4.4,81.0,0.0,1.8,1022.0,3.0
2025-11-18 11:00:00,PAPWR,-1.1,-4.1,80.0,0.0,1.8,1022.2,4.0
2025-11-18 12:00:00,PAPWR,0.4,-3.5,75.0,0.0,3.7,1022.4,4.0
2025-11-18 13:00:00,PAPWR,1.1,-2.8,75.0,0.0,3.7,1022.5,4.0
2025-11-18 14:00:00,PAPWR,2.0,-2.1,74.0,0.0,5.5,1022.7,4.0
2025-11-18 15:00:00,PAPWR,2.7,-1.8,72.0,0.0,5.5,1021.9,4.0
2025-11-18 16:00:00,PAPWR,3.4,-1.2,72.0,0.0,7.4,1021.2,4.0
2025-11-18 17:00:00,PAPWR,4.1,-0.3,73.0,0.0,7.4,1020.5,4.0
2025-11-18 18:00:00,PAPWR,3.4,-0.1,78.0,0.0,9.3,1019.7,4.0
2025-11-18 19:00:00,PAPWR,3.5,0.4,80.0,0.0,9.3,1019.3,4.0
2025-11-18 20:00:00,PAPWR,3.6,0.8,82.0,0.0,9.3,1018.8,4.0
2025-11-18 21:00:00,PAPWR,3.3,1.2,86.0,0.0,7.4,1018.7,4.0
2025-11-18 22:00:00,PAPWR,3.2,1.1,86.0,0.0,9.3,1018.5,4.0
2025-11-18 23:00:00,PAPWR,3.1,1.0,86.0,0.0,9.3,1018.3,4.0
2025-11-19 00:00:00,PAPWR,3.1,1.5,89.0,0.0,9.3,1017.8,4.0
2025-11-19 01:00:00,PAPWR,3.1,1.6,90.0,0.0,7.4,1017.7,7.0
2025-11-19 02:00:00,PAPWR,3.1,1.8,91.0,0.0,7.4,1017.7,7.0
2025-11-19 03:00:00,PAPWR,3.1,1.9,92.0,0.0,7.4,1017.6,7.0
2025-11-19 04:00:00,PAPWR,3.1,2.1,93.0,0.0,7.4,1017.7,7.0
2025-11-19 05:00:00,PAPWR,3.1,2.1,93.0,0.0,5.5,1017.8,7.0
2025-11-19 06:00:00,PAPWR,3.8,2.2,89.0,0.0,5.5,1017.9,7.0
2025-11-19 07:00:00,PAPWR,3.8,1.8,87.0,0.0,7.4,1018.4,7.0
2025-11-19 08:00:00,PAPWR,3.8,1.7,86.0,0.0,7.4,1018.8,4.0
2025-11-19 09:00:00,PAPWR,3.8,1.7,86.0,0.0,7.4,1019.3,4.0
2025-11-19 10:00:00,PAPWR,3.8,1.7,86.0,0.0,7.4,1020.1,4.0
2025-11-19 11:00:00,PAPWR,3.8,1.5,85.0,0.0,7.4,1020.8,4.0
2025-11-19 12:00:00,PAPWR,3.9,1.8,86.0,0.0,7.4,1021.2,4.0
2025-11-19 13:00:00,PAPWR,4.8,1.6,80.0,0.0,7.4,1022.0,4.0
2025-11-19 14:00:00,PAPWR,5.3,1.6,77.0,0.0,9.3,1022.8,4.0
2025-11-19 15:00:00,PAPWR,6.0,1.5,73.0,0.0,9.3,1022.8,4.0
2025-11-19 16:00:00,PAPWR,6.8,1.7,70.0,0.0,7.4,1022.6,4.0
2025-11-19 17:00:00,PAPWR,7.6,1.9,67.0,0.0,7.4,1022.4,4.0
2025-11-19 18:00:00,PAPWR,7.2,2.1,70.0,0.0,7.4,1021.9,4.0
2025-11-19 19:00:00,PAPWR,7.1,2.0,70.0,0.0,7.4,1022.1,4.0
2025-11-19 20:00:00,PAPWR,7.1,2.0,70.0,0.0,7.4,1022.2,4.0
2025-11-19 21:00:00,PAPWR,6.7,2.2,73.0,0.0,5.5,1022.7,4.0
2025-11-19 22:00:00,PAPWR,6.4,2.1,74.0,0.0,5.5,1023.1,4.0
2025-11-19 23:00:00,PAPWR,6.1,2.0,75.0,0.0,5.5,1023.4,4.0
2025-11-20 00:00:00,PAPWR,5.7,2.0,77.0,0.0,5.5,1023.5,4.0
2025-11-20 01:00:00,PAPWR,5.3,1.8,78.0,0.0,5.5,1023.3,4.0
2025-11-20 02:00:00,PAPWR,4.7,1.5,80.0,0.0,5.5,1023.1,4.0
2025-11-20 03:00:00,PAPWR,4.7,1.4,79.0,0.0,5.5,1023.1,4.0
2025-11-20 04:00:00,PAPWR,4.5,1.4,80.0,0.0,5.5,1022.9,4.0
2025-11-20 05:00:00,PAPWR,4.3,1.2,80.0,0.0,5.5,1022.7,4.0
2025-11-20 06:00:00,PAPWR,5.0,0.9,75.0,0.0,3.7,1022.7,4.0
2025-11-20 07:00:00,PAPWR,4.9,1.0,76.0,0.0,3.7,1022.5,4.0
2025-11-20 08:00:00,PAPWR,4.8,1.1,77.0,0.0,3.7,1022.3,4.0
2025-11-20 09:00:00,PAPWR,4.8,1.3,78.0,0.0,3.7,1022.2,4.0
2025-11-20 10:00:00,PAPWR,4.8,1.3,78.0,0.0,3.7,1022.3,4.0
2025-11-20 11:00:00,PAPWR,4.8,1.3,78.0,0.0,3.7,1022.4,4.0
2025-11-20 12:00:00,PAPWR,5.0,1.7,79.0,0.0,3.7,1022.7,4.0
2025-11-20 13:00:00,PAPWR,5.5,2.0,78.0,0.0,5.5,1022.9,4.0
2025-11-20 14:00:00,PAPWR,6.0,2.5,78.0,0.0,5.5,1023.1,4.0
2025-11-20 15:00:00,PAPWR,6.6,2.7,76.0,0.0,5.5,1022.6,4.0
2025-11-20 16:00:00,PAPWR,7.5,3.2,74.0,0.0,5.5,1022.0,4.0
2025-11-20 17:00:00,PAPWR,8.4,3.4,71.0,0.0,7.4,1021.4,4.0
2025-11-20 18:00:00,PAPWR,8.7,3.3,69.0,0.0,7.4,1021.1,4.0
2025-11-20 19:00:00,PAPWR,8.7,3.5,70.0,0.0,7.4,1020.7,4.0
2025-11-20 20:00:00,PAPWR,8.8,3.6,70.0,0.0,7.4,1020.3,4.0
2025-11-20 21:00:00,PAPWR,8.4,3.8,73.0,0.0,5.5,1020.5,4.0
2025-11-20 22:00:00,PAPWR,8.0,3.8,75.0,0.0,5.5,1020.3,4.0
2025-11-20 23:00:00,PAPWR,7.6,3.8,77.0,0.0,3.7,1020.1,4.0
2025-11-21 00:00:00,PAPWR,7.3,3.9,79.0,0.0,3.7,1020.3,4.0
2025-11-21 01:00:00,PAPWR,7.1,3.9,80.0,0.0,3.7,1019.9,4.0
2025-11-21 02:00:00,PAPWR,6.9,3.9,81.0,0.0,3.7,1019.4,4.0
2025-11-21 03:00:00,PAPWR,7.2,4.0,80.0,0.0,5.5,1019.3,4.0
2025-11-21 04:00:00,PAPWR,7.2,4.2,81.0,0.0,5.5,1018.8,4.0
2025-11-21 05:00:00,PAPWR,7.3,4.3,81.0,0.0,5.5,1018.3,4.0
2025-11-21 06:00:00,PAPWR,8.1,4.5,78.0,0.0,5.5,1018.2,4.0
2025-11-21 07:00:00,PAPWR,8.2,4.8,79.0,0.0,5.5,1017.7,4.0
2025-11-21 08:00:00,PAPWR,8.2,5.1,81.0,0.0,5.5,1017.2,4.0
2025-11-21 09:00:00,PAPWR,8.2,5.0,80.0,0.0,5.5,1017.2,4.0
2025-11-21 10:00:00,PAPWR,8.2,5.1,81.0,0.0,5.5,1017.1,4.0
2025-11-21 11:00:00,PAPWR,8.3,5.4,82.0,0.0,5.5,1017.0,4.0
2025-11-21 12:00:00,PAPWR,8.6,5.9,83.0,0.0,7.4,1017.2,4.0
2025-11-21 13:00:00,PAPWR,9.5,6.2,80.0,0.0,7.4,1017.2,4.0
2025-11-21 14:00:00,PAPWR,10.1,6.6,79.0,0.0,9.3,1017.1,4.0
2025-11-21 15:00:00,PAPWR,10.6,6.7,77.0,0.0,11.1,1016.7,4.0
2025-11-21 16:00:00,PAPWR,11.3,7.0,75.0,0.0,11.1,1016.1,4.0
2025-11-21 17:00:00,PAPWR,12.1,7.2,72.0,0.0,13.0,1015.5,4.0
2025-11-21 18:00:00,PAPWR,11.8,7.1,73.0,0.0,13.0,1015.4,4.0
2025-11-21 19:00:00,PAPWR,11.8,6.9,72.0,0.0,13.0,1015.2,4.0
2025-11-21 20:00:00,PAPWR,11.8,6.7,71.0,0.0,13.0,1014.9,4.0
2025-11-21 21:00:00,PAPWR,11.5,6.8,73.0,0.0,11.1,1015.0,4.0
2025-11-21 22:00:00,PAPWR,10.7,6.4,75.0,0.0,11.1,1015.0,4.0
2025-11-21 23:00:00,PAPWR,9.9,6.1,77.0,0.0,11.1,1015.0,4.0
2025-11-22 00:00:00,PAPWR,9.6,5.6,76.0,0.0,11.1,1015.3,4.0
2025-11-22 01:00:00,PAPWR,9.3,5.3,76.0,0.0,11.1,1015.3,4.0
2025-11-22 02:00:00,PAPWR,8.9,4.9,76.0,0.0,11.1,1015.3,4.0
2025-11-22 03:00:00,PAPWR,8.5,4.5,76.0,0.0,11.1,1014.8,4.0
2025-11-22 04:00:00,PAPWR,8.0,4.4,78.0,0.0,11.1,1014.8,4.0
2025-11-22 05:00:00,PAPWR,7.4,4.4,81.0,0.0,11.1,1014.8,4.0
2025-11-22 06:00:00,PAPWR,7.6,3.8,77.0,0.0,11.1,1014.6,4.0
2025-11-22 07:00:00,PAPWR,7.4,3.8,78.0,0.0,11.1,1014.6,4.0
2025-11-22 08:00:00,PAPWR,7.3,3.9,79.0,0.0,9.3,1014.6,4.0
2025-11-22 09:00:00,PAPWR,7.2,4.2,81.0,0.0,9.3,1014.4,4.0
2025-11-22 10:00:00,PAPWR,7.2,4.0,80.0,0.0,9.3,1014.5,4.0
2025-11-22 11:00:00,PAPWR,7.2,3.6,78.0,0.0,9.3,1014.6,4.0
2025-11-22 12:00:00,PAPWR,7.2,3.6,78.0,0.0,9.3,1014.8,4.0
2025-11-22 13:00:00,PAPWR,7.5,3.7,77.0,0.0,11.1,1015.2,4.0
2025-11-22 14:00:00,PAPWR,7.9,3.7,75.0,0.0,11.1,1015.5,4.0
2025-11-22 15:00:00,PAPWR,8.6,3.8,72.0,0.0,13.0,1015.1,7.0
2025-11-22 16:00:00,PAPWR,9.2,3.6,68.0,0.0,13.0,1014.9,4.0
2025-11-22 17:00:00,PAPWR,10.1,3.4,63.0,0.0,13.0,1014.6,4.0
2025-11-22 18:00:00,PAPWR,10.9,3.4,60.0,0.0,13.0,1014.3,4.0
2025-11-22 19:00:00,PAPWR,11.1,3.4,59.0,0.0,13.0,1014.0,4.0
2025-11-22 20:00:00,PAPWR,11.4,3.2,57.0,0.0,13.0,1013.7,4.0
2025-11-22 21:00:00,PAPWR,10.8,3.8,62.0,0.0,11.1,1014.5,3.0
2025-11-22 22:00:00,PAPWR,9.8,3.5,65.0,0.0,9.3,1014.6,3.0
2025-11-22 23:00:00,PAPWR,8.8,3.4,69.0,0.0,9.3,1014.7,3.0
2025-11-23 00:00:00,PAPWR,8.1,3.2,71.0,0.0,7.4,1014.9,3.0
2025-11-23 01:00:00,PAPWR,7.3,2.6,72.0,0.0,7.4,1014.8,3.0
2025-11-23 02:00:00,PAPWR,6.7,2.0,72.0,0.0,7.4,1014.8,3.0
2025-11-23 03:00:00,PAPWR,6.2,1.3,71.0,0.0,7.4,1014.9,3.0
2025-11-23 04:00:00,PAPWR,6.0,1.1,71.0,0.0,7.4,1014.9,3.0
2025-11-23 05:00:00,PAPWR,5.5,1.0,73.0,0.0,7.4,1014.9,3.0
2025-11-23 06:00:00,PAPWR,5.5,0.9,72.0,0.0,7.4,1015.1,3.0
2025-11-23 07:00:00,PAPWR,5.6,0.4,69.0,0.0,7.4,1015.6,3.0
2025-11-23 08:00:00,PAPWR,5.6,0.2,68.0,0.0,9.3,1016.1,4.0
2025-11-23 09:00:00,PAPWR,5.6,0.6,70.0,0.0,7.4,1016.4,4.0
2025-11-23 10:00:00,PAPWR,5.6,0.6,70.0,0.0,9.3,1016.5,4.0
2025-11-23 11:00:00,PAPWR,5.6,0.8,71.0,0.0,9.3,1016.7,4.0
2025-11-23 12:00:00,PAPWR,5.9,0.9,70.0,0.0,11.1,1017.1,4.0
2025-11-23 13:00:00,PAPWR,6.6,0.9,67.0,0.0,11.1,1017.3,3.0
2025-11-23 14:00:00,PAPWR,7.1,1.0,65.0,0.0,13.0,1017.4,3.0
2025-11-23 15:00:00,PAPWR,7.3,1.2,65.0,0.0,13.0,1017.0,3.0
2025-11-23 16:00:00,PAPWR,8.4,0.9,59.0,0.0,14.8,1016.6,3.0
2025-11-23 17:00:00,PAPWR,9.4,0.6,54.0,0.0,16.7,1016.2,3.0
2025-11-23 18:00:00,PAPWR,9.5,0.9,55.0,0.0,16.7,1015.9,3.0
2025-11-23 19:00:00,PAPWR,9.6,0.7,54.0,0.0,14.8,1015.7,3.0
2025-11-23 20:00:00,PAPWR,9.7,0.6,53.0,0.0,14.8,1015.4,3.0
2025-11-23 21:00:00,PAPWR,9.4,-0.2,51.0,0.0,13.0,1015.7,3.0
2025-11-23 22:00:00,PAPWR,8.9,-0.2,53.0,0.0,11.1,1016.2,3.0
2025-11-23 23:00:00,PAPWR,8.2,0.2,57.0,0.0,9.3,1016.7,3.0
2025-11-24 00:00:00,PAPWR,7.7,-0.0,58.0,0.0,9.3,1017.3,4.0
2025-11-24 01:00:00,PAPWR,7.0,-0.0,61.0,0.0,9.3,1017.4,4.0
2025-11-24 02:00:00,PAPWR,6.3,-0.2,63.0,0.0,9.3,1017.4,4.0
2025-11-24 03:00:00,PAPWR,6.0,-0.3,64.0,0.0,9.3,1017.3,4.0
2025-11-24 04:00:00,PAPWR,5.6,-0.2,66.0,0.0,9.3,1017.1,4.0
2025-11-24 05:00:00,PAPWR,5.2,-0.0,69.0,0.0,9.3,1016.9,4.0
2025-11-24 06:00:00,PAPWR,4.9,-0.3,69.0,0.0,7.4,1016.7,4.0
2025-11-24 07:00:00,PAPWR,4.8,-0.6,68.0,0.0,7.4,1016.7,4.0
2025-11-24 08:00:00,PAPWR,4.8,-0.8,67.0,0.0,7.4,1016.7,4.0
2025-11-24 09:00:00,PAPWR,4.6,-0.8,68.0,0.0,7.4,1016.7,3.0
2025-11-24 10:00:00,PAPWR,4.5,-0.5,70.0,0.0,7.4,1016.7,3.0
2025-11-24 11:00:00,PAPWR,4.5,-0.5,70.0,0.0,7.4,1016.6,3.0
2025-11-24 12:00:00,PAPWR,4.9,-0.1,70.0,0.0,9.3,1016.8,3.0
2025-11-24 13:00:00,PAPWR,5.5,0.1,68.0,0.0,11.1,1016.8,3.0
2025-11-24 14:00:00,PAPWR,6.1,0.2,66.0,0.0,13.0,1016.9,3.0
2025-11-24 15:00:00,PAPWR,7.3,0.7,63.0,0.0,13.0,1016.5,3.0
2025-11-24 16:00:00,PAPWR,8.6,0.8,58.0,0.0,14.8,1016.1,3.0
2025-11-24 17:00:00,PAPWR,9.4,0.6,54.0,0.0,14.8,1015.6,3.0
2025-11-24 18:00:00,PAPWR,9.5,0.9,55.0,0.0,16.7,1015.4,3.0
2025-11-24 19:00:00,PAPWR,9.5,0.9,55.0,0.0,16.7,1015.7,3.0
2025-11-24 20:00:00,PAPWR,9.6,1.0,55.0,0.0,16.7,1015.9,3.0
2025-11-24 21:00:00,PAPWR,9.4,1.1,56.0,0.0,14.8,1016.4,3.0
2025-11-24 22:00:00,PAPWR,9.1,1.3,58.0,0.0,14.8,1016.8,3.0
2025-11-24 23:00:00,PAPWR,8.8,1.5,60.0,0.0,13.0,1017.2,3.0
2025-11-25 00:00:00,PAPWR,7.9,1.1,62.0,0.0,11.1,1017.4,4.0
2025-11-25 01:00:00,PAPWR,7.8,0.8,61.0,0.0,11.1,1017.6,4.0
2025-11-25 02:00:00,PAPWR,7.5,0.5,61.0,0.0,11.1,1017.7,4.0
2025-11-25 03:00:00,PAPWR,7.3,1.2,65.0,0.0,11.1,1017.7,4.0
2025-11-25 04:00:00,PAPWR,6.9,1.2,67.0,0.0,11.1,1017.7,4.0
2025-11-25 05:00:00,PAPWR,6.5,1.0,68.0,0.0,11.1,1017.7,4.0
2025-11-25 06:00:00,PAPWR,5.9,0.7,69.0,0.0,11.1,1017.8,4.0
2025-11-25 07:00:00,PAPWR,5.6,0.6,70.0,0.0,11.1,1018.3,4.0
2025-11-25 08:00:00,PAPWR,5.4,0.6,71.0,0.0,9.3,1018.9,4.0
2025-11-25 09:00:00,PAPWR,4.7,0.5,74.0,0.0,9.3,1018.7,4.0
2025-11-25 10:00:00,PAPWR,4.6,0.2,73.0,0.0,11.1,1018.9,4.0
2025-11-25 11:00:00,PAPWR,4.5,-0.1,72.0,0.0,11.1,1019.1,4.0
2025-11-25 12:00:00,PAPWR,5.6,-0.0,67.0,0.0,13.0,1019.4,4.0
2025-11-25 13:00:00,PAPWR,6.4,0.1,64.0,0.0,13.0,1019.5,4.0
2025-11-25 14:00:00,PAPWR,7.1,0.1,61.0,0.0,14.8,1019.6,4.0
2025-11-25 15:00:00,PAPWR,7.5,0.0,59.0,0.0,14.8,1019.5,4.0
2025-11-25 16:00:00,PAPWR,7.9,0.1,58.0,0.0,16.7,1019.2,4.0
2025-11-25 17:00:00,PAPWR,8.0,0.5,59.0,0.0,16.7,1018.8,4.0
2025-11-25 18:00:00,PAPWR,8.0,0.5,59.0,0.0,16.7,1018.2,3.0
2025-11-25 19:00:00,PAPWR,8.0,0.0,57.0,0.0,16.7,1018.4,3.0
2025-11-25 20:00:00,PAPWR,8.0,-0.2,56.0,0.0,14.8,1018.5,3.0
2025-11-25 21:00:00,PAPWR,7.9,-0.3,56.0,0.0,13.0,1018.9,3.0
2025-11-25 22:00:00,PAPWR,7.4,-0.3,58.0,0.0,13.0,1019.2,3.0
2025-11-25 23:00:00,PAPWR,6.7,-0.1,62.0,0.0,11.1,1019.5,4.0
2025-11-26 00:00:00,PAPWR,6.2,-0.3,63.0,0.0,9.3,1019.3,4.0
2025-11-26 01:00:00,PAPWR,5.6,-0.5,65.0,0.0,9.3,1019.3,4.0
2025-11-26 02:00:00,PAPWR,4.9,-0.5,68.0,0.0,9.3,1019.3,4.0
2025-11-26 03:00:00,PAPWR,4.6,-0.8,68.0,0.0,9.3,1019.1,4.0
2025-11-26 04:00:00,PAPWR,4.1,-0.9,70.0,0.0,9.3,1019.0,4.0
2025-11-26 05:00:00,PAPWR,3.7,-0.9,72.0,0.0,11.1,1018.9,4.0
2025-11-26 06:00:00,PAPWR,3.3,-1.1,73.0,0.0,11.1,1018.8,4.0
2025-11-26 07:00:00,PAPWR,3.2,-1.0,74.0,0.0,9.3,1019.1,4.0
2025-11-26 08:00:00,PAPWR,3.1,-1.1,74.0,0.0,9.3,1019.5,4.0
2025-11-26 09:00:00,PAPWR,3.2,-1.0,74.0,0.0,11.1,1019.5,4.0
2025-11-26 10:00:00,PAPWR,3.1,-0.7,76.0,0.0,9.3,1019.6,4.0
2025-11-26 11:00:00,PAPWR,3.0,-0.6,77.0,0.0,9.3,1019.7,4.0
2025-11-26 12:00:00,PAPWR,3.9,-0.3,74.0,0.0,9.3,1019.9,4.0
2025-11-26 13:00:00,PAPWR,5.0,-0.2,69.0,0.0,11.1,1020.1,4.0
2025-11-26 14:00:00,PAPWR,6.0,0.1,66.0,0.0,11.1,1020.3,4.0
2025-11-26 15:00:00,PAPWR,6.4,0.1,64.0,0.0,13.0,1020.2,4.0
2025-11-26 16:00:00,PAPWR,7.2,0.4,62.0,0.0,13.0,1019.8,4.0
2025-11-26 17:00:00,PAPWR,7.7,0.7,61.0,0.0,14.8,1019.4,4.0
2025-11-26 18:00:00,PAPWR,7.1,0.5,63.0,0.0,14.8,1019.2,4.0
2025-11-26 19:00:00,PAPWR,7.0,0.2,62.0,0.0,14.8,1019.1,4.0
2025-11-26 20:00:00,PAPWR,7.0,0.2,62.0,0.0,14.8,1019.0,4.0
2025-11-26 21:00:00,PAPWR,6.9,0.1,62.0,0.0,13.0,1018.6,4.0
2025-11-26 22:00:00,PAPWR,6.7,-0.1,62.0,0.0,11.1,1019.0,4.0
2025-11-26 23:00:00,PAPWR,6.2,-0.1,64.0,0.0,11.1,1019.3,4.0
2025-11-27 00:00:00,PAPWR,6.0,0.1,66.0,0.0,9.3,1019.5,4.0
2025-11-27 01:00:00,PAPWR,5.8,-0.1,66.0,0.0,9.3,1019.6,4.0
2025-11-27 02:00:00,PAPWR,5.4,-0.0,68.0,0.0,9.3,1019.6,4.0
2025-11-27 03:00:00,PAPWR,5.1,-0.1,69.0,0.0,9.3,1019.4,4.0
2025-11-27 04:00:00,PAPWR,4.5,-0.3,71.0,0.0,9.3,1019.3,4.0
2025-11-27 05:00:00,PAPWR,4.0,-0.6,72.0,0.0,9.3,1019.1,4.0
2025-11-27 06:00:00,PAPWR,3.8,-0.4,74.0,0.0,9.3,1018.6,4.0
2025-11-27 07:00:00,PAPWR,3.7,-0.3,75.0,0.0,9.3,1018.6,4.0
2025-11-27 08:00:00,PAPWR,3.6,-0.4,75.0,0.0,9.3,1018.6,4.0
2025-11-27 09:00:00,PAPWR,3.4,-1.0,73.0,0.0,9.3,1018.8,4.0
2025-11-27 10:00:00,PAPWR,3.2,-1.0,74.0,0.0,9.3,1018.8,4.0
2025-11-27 11:00:00,PAPWR,3.0,-1.0,75.0,0.0,9.3,1018.9,4.0
2025-11-27 12:00:00,PAPWR,3.2,-1.0,74.0,0.0,9.3,1019.3,4.0
2025-11-27 13:00:00,PAPWR,3.3,-0.7,75.0,0.0,11.1,1019.4,4.0
2025-11-27 14:00:00,PAPWR,4.1,-0.5,72.0,0.0,11.1,1019.5,4.0
2025-11-27 15:00:00,PAPWR,5.1,-0.1,69.0,0.0,13.0,1019.5,4.0
2025-11-27 16:00:00,PAPWR,,,,0.0,,1019.2,
2025-11-01 00:00:00,PE,13.0,0.4,42.0,0.0,37.0,1005.0,2.0
2025-11-01 01:00:00,PE,13.0,0.7,43.0,0.0,32.0,1006.0,2.0
2025-11-01 02:00:00,PE,12.0,1.0,47.0,0.0,26.0,1007.0,2.0
2025-11-01 03:00:00,PE,12.0,1.9,50.0,0.0,22.0,1008.0,2.0
2025-11-01 04:00:00,PE,11.0,1.0,50.0,0.0,22.0,1009.0,2.0
2025-11-01 05:00:00,PE,11.0,2.0,54.0,0.0,20.0,1009.0,2.0
2025-11-01 06:00:00,PE,10.0,2.8,61.0,0.0,19.0,1010.0,2.0
2025-11-01 07:00:00,PE,10.0,3.3,63.0,0.0,19.0,1011.0,2.0
2025-11-01 08:00:00,PE,10.0,3.3,63.0,0.0,24.0,1011.0,2.0
2025-11-01 09:00:00,PE,9.0,3.0,66.0,0.0,22.0,1012.0,2.0
2025-11-01 10:00:00,PE,9.0,2.3,63.0,0.0,19.0,1013.0,2.0
2025-11-01 11:00:00,PE,9.0,3.0,66.0,0.0,19.0,1014.0,2.0
2025-11-01 12:00:00,PE,11.0,3.3,59.0,0.0,24.0,1015.0,2.0
2025-11-01 13:00:00,PE,13.0,3.1,51.0,0.0,24.0,1015.0,2.0
2025-11-01 14:00:00,PE,14.0,1.3,42.0,0.0,33.0,1016.0,2.0
2025-11-01 15:00:00,PE,16.0,0.9,36.0,0.0,30.0,1016.0,2.0
2025-11-01 16:00:00,PE,15.0,0.8,38.0,0.0,30.0,1016.0,2.0
2025-11-01 17:00:00,PE,16.0,1.3,37.0,0.0,24.0,1016.0,2.0
2025-11-01 18:00:00,PE,16.0,0.9,36.0,0.0,26.0,1016.0,3.0
2025-11-01 19:00:00,PE,17.0,0.6,33.0,0.0,26.0,1016.0,3.0
2025-11-01 20:00:00,PE,17.0,0.2,32.0,0.0,28.0,1016.0,3.0
2025-11-01 21:00:00,PE,16.0,0.9,36.0,0.0,15.0,1017.0,3.0
2025-11-01 22:00:00,PE,15.0,0.8,38.0,0.0,13.0,1018.0,3.0
2025-11-01 23:00:00,PE,15.0,0.8,38.0,0.0,13.0,1019.0,3.0
2025-11-02 00:00:00,PE,11.0,3.8,61.0,0.0,11.0,1019.0,3.0
2025-11-02 01:00:00,PE,11.0,3.8,61.0,0.0,0.0,1020.0,3.0
2025-11-02 02:00:00,PE,10.0,3.9,66.0,0.0,6.0,1021.0,3.0
2025-11-02 03:00:00,PE,10.0,4.4,68.0,0.0,6.0,1021.0,3.0
2025-11-02 04:00:00,PE,9.0,3.0,66.0,0.0,7.0,1022.0,3.0
2025-11-02 05:00:00,PE,7.0,1.5,68.0,0.0,6.0,1022.0,3.0
2025-11-02 06:00:00,PE,8.0,3.1,71.0,0.0,0.0,1023.0,3.0
2025-11-02 07:00:00,PE,6.0,3.8,86.0,0.0,0.0,1023.0,3.0
2025-11-02 08:00:00,PE,6.0,3.2,82.0,0.0,0.0,1024.0,3.0
2025-11-02 09:00:00,PE,6.0,3.7,85.0,0.0,0.0,1024.0,3.0
2025-11-02 10:00:00,PE,6.0,2.6,79.0,0.0,0.0,1025.0,3.0
2025-11-02 11:00:00,PE,6.0,3.2,82.0,0.0,6.0,1025.0,2.0
2025-11-02 12:00:00,PE,8.0,4.8,80.0,0.0,6.0,1026.0,2.0
2025-11-02 13:00:00,PE,11.0,3.8,61.0,0.0,13.0,1027.0,2.0
2025-11-02 14:00:00,PE,13.0,4.2,55.0,0.0,9.0,1027.0,2.0
2025-11-02 15:00:00,PE,14.0,1.9,44.0,0.0,0.0,1027.0,2.0
2025-11-02 16:00:00,PE,16.0,3.7,44.0,0.0,6.0,1026.0,2.0
2025-11-02 17:00:00,PE,18.0,1.9,34.0,0.0,0.0,1025.0,2.0
2025-11-02 18:00:00,PE,17.0,0.6,33.0,0.0,6.0,1024.0,2.0
2025-11-02 19:00:00,PE,18.0,1.5,33.0,0.0,6.0,1024.0,2.0
2025-11-02 20:00:00,PE,18.0,1.5,33.0,0.0,7.0,1025.0,2.0
2025-11-02 21:00:00,PE,16.0,2.0,39.0,0.0,0.0,1025.0,2.0
2025-11-02 22:00:00,PE,14.0,2.9,47.0,0.0,7.0,1025.0,2.0
2025-11-02 23:00:00,PE,14.0,2.9,47.0,0.0,11.0,1025.0,2.0
2025-11-03 00:00:00,PE,13.0,4.2,55.0,0.0,7.0,1025.0,2.0
2025-11-03 01:00:00,PE,11.0,4.9,66.0,0.0,0.0,1025.0,3.0
2025-11-03 02:00:00,PE,12.0,5.4,64.0,0.0,6.0,1025.0,3.0
2025-11-03 03:00:00,PE,11.0,4.9,66.0,0.0,0.0,1025.0,3.0
2025-11-03 04:00:00,PE,9.0,4.4,73.0,0.0,0.0,1024.0,3.0
2025-11-03 05:00:00,PE,8.0,4.8,80.0,0.0,6.0,1024.0,3.0
2025-11-03 06:00:00,PE,8.0,5.8,86.0,0.0,0.0,1024.0,3.0
2025-11-03 07:00:00,PE,9.0,6.3,83.0,0.0,0.0,1024.0,3.0
2025-11-03 08:00:00,PE,10.0,6.7,80.0,0.0,0.0,1023.0,4.0
2025-11-03 09:00:00,PE,10.0,6.7,80.0,0.0,6.0,1023.0,4.0
2025-11-03 10:00:00,PE,9.0,6.3,83.0,0.0,6.0,1022.0,4.0
2025-11-03 11:00:00,PE,10.0,7.2,83.0,0.1,0.0,1022.0,4.0
2025-11-03 12:00:00,PE,11.0,7.7,80.0,0.1,7.0,1022.0,4.0
2025-11-03 13:00:00,PE,11.0,7.1,77.0,0.3,0.0,1022.0,4.0
2025-11-03 14:00:00,PE,12.0,7.1,72.0,0.0,7.0,1021.0,3.0
2025-11-03 15:00:00,PE,13.0,7.4,69.0,0.0,11.0,1021.0,4.0
2025-11-03 16:00:00,PE,13.0,7.4,69.0,0.0,7.0,1018.0,4.0
2025-11-03 17:00:00,PE,13.0,7.4,69.0,0.0,6.0,1018.0,3.0
2025-11-03 18:00:00,PE,14.0,8.4,69.0,0.0,7.0,1016.0,3.0
2025-11-03 19:00:00,PE,15.0,8.2,64.0,0.0,9.0,1015.0,3.0
2025-11-03 20:00:00,PE,15.0,8.2,64.0,0.0,9.0,1014.0,3.0
2025-11-03 21:00:00,PE,14.0,8.0,67.0,0.0,11.0,1014.0,3.0
2025-11-03 22:00:00,PE,13.0,8.1,72.0,0.0,11.0,1013.0,3.0
2025-11-03 23:00:00,PE,13.0,9.1,77.0,0.0,15.0,1014.0,2.0
2025-11-04 00:00:00,PE,13.0,10.2,83.0,0.0,20.0,1014.0,2.0
2025-11-04 01:00:00,PE,14.0,1.3,42.0,0.0,24.0,1014.0,2.0
2025-11-04 02:00:00,PE,14.0,0.3,39.0,0.0,28.0,1015.0,2.0
2025-11-04 03:00:00,PE,13.0,-0.3,40.0,0.0,19.0,1015.0,2.0
2025-11-04 04:00:00,PE,12.0,1.0,47.0,0.0,17.0,1015.0,2.0
2025-11-04 05:00:00,PE,11.0,1.5,52.0,0.0,19.0,1016.0,1.0
2025-11-04 06:00:00,PE,12.0,1.3,48.0,0.0,17.0,1017.0,1.0
2025-11-04 07:00:00,PE,12.0,0.4,45.0,0.0,17.0,1017.0,1.0
2025-11-04 08:00:00,PE,11.0,0.4,48.0,0.0,17.0,1018.0,1.0
2025-11-04 09:00:00,PE,8.0,-0.2,56.0,0.0,15.0,1019.0,1.0
2025-11-04 10:00:00,PE,9.0,0.2,54.0,0.0,17.0,1019.0,2.0
2025-11-04 11:00:00,PE,9.0,1.9,61.0,0.0,19.0,1020.0,2.0
2025-11-04 12:00:00,PE,11.0,-0.2,46.0,0.0,20.0,1021.0,2.0
2025-11-04 13:00:00,PE,13.0,-0.3,40.0,0.0,26.0,1022.0,2.0
2025-11-04 14:00:00,PE,14.0,-1.6,34.0,0.0,32.0,1022.0,2.0
2025-11-04 15:00:00,PE,15.0,-1.1,33.0,0.0,28.0,1021.0,2.0
2025-11-04 16:00:00,PE,16.0,-1.1,31.0,0.0,28.0,1021.0,2.0
2025-11-04 17:00:00,PE,17.0,-2.6,26.0,0.0,35.0,1020.0,2.0
2025-11-04 18:00:00,PE,17.0,-5.5,21.0,0.0,26.0,1020.0,2.0
2025-11-04 19:00:00,PE,17.0,-5.5,21.0,0.0,24.0,1019.0,2.0
2025-11-04 20:00:00,PE,17.0,-4.9,22.0,0.0,24.0,1020.0,2.0
2025-11-04 21:00:00,PE,17.0,-5.5,21.0,0.0,20.0,1021.0,2.0
2025-11-04 22:00:00,PE,14.0,-2.4,32.0,0.0,17.0,1021.0,2.0
2025-11-04 23:00:00,PE,13.0,-1.4,37.0,0.0,15.0,1022.0,1.0
2025-11-05 00:00:00,PE,13.0,-1.4,37.0,0.0,15.0,1022.0,1.0
2025-11-05 01:00:00,PE,12.0,-0.2,43.0,0.0,17.0,1023.0,1.0
2025-11-05 02:00:00,PE,10.0,0.6,52.0,0.0,13.0,1023.0,1.0
2025-11-05 03:00:00,PE,9.0,0.2,54.0,0.0,15.0,1023.0,1.0
2025-11-05 04:00:00,PE,8.0,-0.2,56.0,0.0,7.0,1023.0,1.0
2025-11-05 05:00:00,PE,9.0,0.2,54.0,0.0,9.0,1023.0,1.0
2025-11-05 06:00:00,PE,7.0,0.2,62.0,0.0,0.0,1022.0,2.0
2025-11-05 07:00:00,PE,8.0,1.8,65.0,0.0,0.0,1022.0,2.0
2025-11-05 08:00:00,PE,9.0,1.2,58.0,0.0,9.0,1022.0,2.0
2025-11-05 09:00:00,PE,7.0,1.5,68.0,0.0,0.0,1022.0,2.0
2025-11-05 10:00:00,PE,8.0,2.5,68.0,0.0,6.0,1021.0,2.0
2025-11-05 11:00:00,PE,7.0,1.9,70.0,0.0,7.0,1021.0,2.0
2025-11-05 12:00:00,PE,8.0,3.5,73.0,0.0,6.0,1020.0,2.0
2025-11-05 13:00:00,PE,11.0,2.6,56.0,0.0,15.0,1020.0,2.0
2025-11-05 14:00:00,PE,14.0,-0.5,37.0,0.0,11.0,1018.0,2.0
2025-11-05 15:00:00,PE,17.0,-1.2,29.0,0.0,17.0,1016.0,2.0
2025-11-05 16:00:00,PE,19.0,-2.0,24.0,0.0,30.0,1013.0,2.0
2025-11-05 17:00:00,PE,19.0,2.4,33.0,0.0,26.0,1011.0,2.0
2025-11-05 18:00:00,PE,20.0,2.8,32.0,0.0,30.0,1009.0,3.0
2025-11-05 19:00:00,PE,19.0,3.6,36.0,0.0,28.0,1008.0,3.0
2025-11-05 20:00:00,PE,19.0,4.7,39.0,0.0,26.0,1007.0,3.0
2025-11-05 21:00:00,PE,19.0,5.1,40.0,0.0,22.0,1006.0,3.0
2025-11-05 22:00:00,PE,18.0,5.9,45.0,0.0,13.0,1006.0,3.0
2025-11-05 23:00:00,PE,18.0,6.2,46.0,0.0,22.0,1005.0,3.0
2025-11-06 00:00:00,PE,17.0,5.9,48.0,0.0,20.0,1004.0,3.0
2025-11-06 01:00:00,PE,17.0,6.5,50.0,0.0,24.0,1004.0,3.0
2025-11-06 02:00:00,PE,17.0,6.5,50.0,0.0,24.0,1005.0,3.0
2025-11-06 03:00:00,PE,17.0,6.5,50.0,0.0,54.0,1006.0,3.0
2025-11-06 04:00:00,PE,16.0,2.0,39.0,0.1,35.0,1009.0,3.0
2025-11-06 05:00:00,PE,14.0,1.3,42.0,0.0,26.0,1011.0,2.0
2025-11-06 06:00:00,PE,13.0,0.7,43.0,0.0,43.0,1012.0,2.0
2025-11-06 07:00:00,PE,12.0,0.4,45.0,0.0,26.0,1014.0,2.0
2025-11-06 08:00:00,PE,11.0,-0.2,46.0,0.0,24.0,1014.0,2.0
2025-11-06 09:00:00,PE,11.0,-0.8,44.0,0.0,32.0,1016.0,2.0
2025-11-06 10:00:00,PE,10.0,-1.7,44.0,0.0,28.0,1016.0,2.0
2025-11-06 11:00:00,PE,9.0,-2.6,44.0,0.0,22.0,1018.0,2.0
2025-11-06 12:00:00,PE,10.0,-2.3,42.0,0.0,28.0,1019.0,2.0
2025-11-06 13:00:00,PE,11.0,-1.7,41.0,0.0,20.0,1019.0,2.0
2025-11-06 14:00:00,PE,12.0,-3.0,35.0,0.0,33.0,1020.0,2.0
2025-11-06 15:00:00,PE,13.0,-2.9,33.0,0.0,39.0,1020.0,2.0
2025-11-06 16:00:00,PE,13.0,-2.5,34.0,0.0,26.0,1020.0,2.0
2025-11-06 17:00:00,PE,13.0,-2.9,33.0,0.0,24.0,1019.0,2.0
2025-11-06 18:00:00,PE,13.0,-2.9,33.0,0.0,28.0,1020.0,2.0
2025-11-06 19:00:00,PE,13.0,-3.7,31.0,0.0,33.0,1020.0,2.0
2025-11-06 20:00:00,PE,13.0,-2.9,33.0,0.0,19.0,1020.0,2.0
2025-11-06 21:00:00,PE,12.0,-4.2,32.0,0.0,11.0,1021.0,2.0
2025-11-06 22:00:00,PE,12.0,-3.0,35.0,0.0,13.0,1021.0,2.0
2025-11-06 23:00:00,PE,11.0,-2.8,38.0,0.0,6.0,1021.0,2.0
2025-11-07 00:00:00,PE,11.0,-2.8,38.0,0.0,6.0,1022.0,2.0
2025-11-07 01:00:00,PE,9.0,-2.6,44.0,0.0,0.0,1022.0,2.0
2025-11-07 02:00:00,PE,8.0,0.2,58.0,0.0,6.0,1022.0,2.0
2025-11-07 03:00:00,PE,7.0,2.5,73.0,0.0,0.0,1022.0,2.0
2025-11-07 04:00:00,PE,6.0,1.5,73.0,0.0,0.0,1022.0,2.0
2025-11-07 05:00:00,PE,5.0,-0.6,67.0,0.0,0.0,1022.0,2.0
2025-11-07 06:00:00,PE,4.0,0.7,79.0,0.0,7.0,1021.0,2.0
2025-11-07 07:00:00,PE,4.0,0.2,76.0,0.0,0.0,1021.0,2.0
2025-11-07 08:00:00,PE,3.0,0.2,82.0,0.0,0.0,1021.0,3.0
2025-11-07 09:00:00,PE,4.0,-0.4,73.0,0.0,0.0,1020.0,3.0
2025-11-07 10:00:00,PE,4.0,-1.0,70.0,0.0,0.0,1020.0,3.0
2025-11-07 11:00:00,PE,3.0,-1.9,70.0,0.0,0.0,1020.0,3.0
2025-11-07 12:00:00,PE,6.0,-0.3,64.0,0.0,6.0,1019.0,3.0
2025-11-07 13:00:00,PE,9.0,1.9,61.0,0.0,9.0,1019.0,3.0
2025-11-07 14:00:00,PE,12.0,4.2,59.0,0.0,22.0,1018.0,3.0
2025-11-07 15:00:00,PE,15.0,1.2,39.0,0.0,28.0,1016.0,3.0
2025-11-07 16:00:00,PE,16.0,1.7,38.0,0.0,32.0,1015.0,3.0
2025-11-07 17:00:00,PE,17.0,1.8,36.0,0.0,28.0,1013.0,3.0
2025-11-07 18:00:00,PE,17.0,2.9,39.0,0.0,28.0,1012.0,3.0
2025-11-07 19:00:00,PE,17.0,2.9,39.0,0.0,30.0,1010.0,3.0
2025-11-07 20:00:00,PE,16.0,2.8,41.0,0.0,24.0,1009.0,3.0
2025-11-07 21:00:00,PE,15.0,3.8,47.0,0.0,20.0,1008.0,3.0
2025-11-07 22:00:00,PE,14.0,4.6,53.0,0.0,19.0,1008.0,3.0
2025-11-07 23:00:00,PE,14.0,5.4,56.0,0.0,19.0,1008.0,3.0
2025-11-08 00:00:00,PE,14.0,4.6,53.0,0.0,20.0,1007.0,3.0
2025-11-08 01:00:00,PE,14.0,5.1,55.0,0.0,13.0,1007.0,4.0
2025-11-08 02:00:00,PE,14.0,5.6,57.0,0.0,9.0,1006.0,7.0
2025-11-08 03:00:00,PE,14.0,7.3,64.0,0.0,9.0,1006.0,7.0
2025-11-08 04:00:00,PE,14.0,8.4,69.0,2.3,9.0,1005.0,8.0
2025-11-08 05:00:00,PE,14.0,10.2,78.0,0.0,9.0,1005.0,8.0
2025-11-08 06:00:00,PE,14.0,12.4,90.0,0.0,13.0,1005.0,9.0
2025-11-08 07:00:00,PE,15.0,12.9,87.0,0.0,15.0,1005.0,9.0
2025-11-08 08:00:00,PE,15.0,13.4,90.0,0.0,15.0,1004.0,9.0
2025-11-08 09:00:00,PE,14.0,12.9,93.0,0.0,15.0,1005.0,8.0
2025-11-08 10:00:00,PE,14.0,12.9,93.0,0.0,13.0,1005.0,8.0
2025-11-08 11:00:00,PE,14.0,12.4,90.0,0.0,15.0,1006.0,7.0
2025-11-08 12:00:00,PE,14.0,12.4,90.0,0.1,15.0,1008.0,7.0
2025-11-08 13:00:00,PE,16.0,13.1,83.0,0.0,15.0,1009.0,3.0
2025-11-08 14:00:00,PE,17.0,11.9,72.0,0.0,15.0,1009.0,3.0
2025-11-08 15:00:00,PE,18.0,10.8,63.0,0.0,11.0,1009.0,3.0
2025-11-08 16:00:00,PE,19.0,8.0,49.0,0.0,11.0,1009.0,2.0
2025-11-08 17:00:00,PE,20.0,7.7,45.0,0.0,11.0,1009.0,2.0
2025-11-08 18:00:00,PE,21.0,7.2,41.0,0.0,6.0,1009.0,2.0
2025-11-08 19:00:00,PE,21.0,6.1,38.0,0.0,15.0,1009.0,2.0
2025-11-08 20:00:00,PE,20.0,5.6,39.0,0.0,15.0,1009.0,2.0
2025-11-08 21:00:00,PE,19.0,4.7,39.0,0.0,9.0,1010.0,2.0
2025-11-08 22:00:00,PE,16.0,7.5,57.0,0.0,0.0,1010.0,2.0
2025-11-08 23:00:00,PE,14.0,7.3,64.0,0.0,6.0,1011.0,2.0
2025-11-09 00:00:00,PE,12.0,7.7,75.0,0.0,9.0,1012.0,3.0
2025-11-09 01:00:00,PE,13.0,6.3,64.0,0.0,7.0,1012.0,3.0
2025-11-09 02:00:00,PE,13.0,6.3,64.0,0.0,6.0,1012.0,3.0
2025-11-09 03:00:00,PE,13.0,8.5,74.0,0.0,6.0,1012.0,3.0
2025-11-09 04:00:00,PE,12.0,8.7,80.0,0.0,0.0,1012.0,3.0
2025-11-09 05:00:00,PE,12.0,9.7,86.0,0.0,0.0,1012.0,2.0
2025-11-09 06:00:00,PE,11.0,8.7,86.0,0.0,0.0,1012.0,2.0
2025-11-09 07:00:00,PE,9.0,7.9,93.0,0.0,0.0,1012.0,3.0
2025-11-09 08:00:00,PE,11.0,9.7,92.0,0.0,7.0,1011.0,3.0
2025-11-09 09:00:00,PE,10.0,8.9,93.0,0.0,0.0,1011.0,3.0
2025-11-09 10:00:00,PE,11.0,9.3,89.0,0.0,0.0,1011.0,3.0
2025-11-09 11:00:00,PE,8.0,6.9,93.0,0.0,7.0,1011.0,3.0
2025-11-09 12:00:00,PE,11.0,9.9,93.0,0.0,6.0,1011.0,3.0
2025-11-09 13:00:00,PE,13.0,11.4,90.0,0.0,6.0,1010.0,3.0
2025-11-09 14:00:00,PE,14.0,11.9,87.0,0.0,6.0,1010.0,3.0
2025-11-09 15:00:00,PE,16.0,12.2,78.0,0.0,13.0,1009.0,4.0
2025-11-09 16:00:00,PE,18.0,14.1,78.0,0.0,17.0,1008.0,4.0
2025-11-09 17:00:00,PE,18.0,14.1,78.0,0.0,9.0,1006.0,4.0
2025-11-09 18:00:00,PE,17.0,14.8,87.0,0.0,17.0,1006.0,4.0
2025-11-09 19:00:00,PE,18.0,15.8,87.0,0.0,0.0,1006.0,4.0
2025-11-09 20:00:00,PE,17.8,15.6,87.0,0.0,3.0,1006.0,4.0
2025-11-09 21:00:00,PE,17.0,14.8,87.0,0.2,17.0,1006.0,4.0
2025-11-09 22:00:00,PE,17.0,14.8,87.0,0.0,17.0,1006.0,3.0
2025-11-09 23:00:00,PE,17.0,14.6,86.0,0.0,11.0,1006.0,3.0
2025-11-10 00:00:00,PE,18.0,14.7,81.0,0.0,13.0,1006.0,3.0
2025-11-10 01:00:00,PE,16.0,14.4,90.0,0.2,7.0,1006.0,5.0
2025-11-10 02:00:00,PE,16.0,14.4,90.0,0.0,13.0,1006.0,25.0
2025-11-10 03:00:00,PE,15.0,13.4,90.0,0.1,9.0,1006.0,25.0
2025-11-10 04:00:00,PE,14.0,12.4,90.0,0.1,15.0,1008.0,8.0
2025-11-10 05:00:00,PE,14.0,11.3,84.0,0.0,11.0,1007.0,9.0
2025-11-10 06:00:00,PE,13.0,10.9,87.0,0.0,11.0,1006.0,9.0
2025-11-10 07:00:00,PE,13.0,10.9,87.0,0.0,6.0,1006.0,9.0
2025-11-10 08:00:00,PE,12.0,9.2,83.0,0.0,7.0,1006.0,8.0
2025-11-10 09:00:00,PE,12.0,9.7,86.0,0.0,7.0,1006.0,4.0
2025-11-10 10:00:00,PE,12.0,8.1,77.0,0.0,17.0,1007.0,4.0
2025-11-10 11:00:00,PE,11.0,4.9,66.0,0.0,17.0,1007.0,4.0
2025-11-10 12:00:00,PE,11.0,3.8,61.0,0.0,20.0,1008.0,4.0
2025-11-10 13:00:00,PE,10.0,2.8,61.0,0.0,17.0,1007.0,4.0
2025-11-10 14:00:00,PE,9.0,2.3,63.0,0.0,20.0,1007.0,3.0
2025-11-10 15:00:00,PE,8.0,3.7,74.0,0.0,15.0,1007.0,8.0
2025-11-10 16:00:00,PE,10.0,3.9,66.0,0.0,20.0,1005.0,3.0
2025-11-10 17:00:00,PE,11.0,3.3,59.0,0.0,24.0,1004.0,3.0
2025-11-10 18:00:00,PE,10.0,2.1,58.0,0.0,33.0,1004.0,3.0
2025-11-10 19:00:00,PE,9.0,1.9,61.0,0.0,28.0,1005.0,3.0
2025-11-10 20:00:00,PE,8.0,0.2,58.0,0.0,30.0,1006.0,3.0
2025-11-10 21:00:00,PE,7.0,-2.4,51.0,0.0,35.0,1007.0,3.0
2025-11-10 22:00:00,PE,6.0,-3.4,51.0,0.0,24.0,1008.0,3.0
2025-11-10 23:00:00,PE,6.0,-2.9,53.0,0.0,22.0,1008.0,3.0
2025-11-11 00:00:00,PE,6.0,-5.3,44.0,0.0,26.0,1009.0,3.0
2025-11-11 01:00:00,PE,5.0,-5.9,45.0,0.0,26.0,1009.0,3.0
2025-11-11 02:00:00,PE,5.0,-6.5,43.0,0.0,20.0,1009.0,3.0
2025-11-11 03:00:00,PE,4.0,-8.1,41.0,0.0,28.0,1009.0,3.0
2025-11-11 04:00:00,PE,3.0,-8.1,44.0,0.0,19.0,1010.0,2.0
2025-11-11 05:00:00,PE,2.0,-7.9,48.0,0.0,22.0,1010.0,2.0
2025-11-11 06:00:00,PE,2.0,-8.1,47.0,0.0,17.0,1010.0,2.0
2025-11-11 07:00:00,PE,2.0,-7.6,49.0,0.0,17.0,1010.0,2.0
2025-11-11 08:00:00,PE,1.0,-6.8,56.0,0.0,20.0,1009.0,2.0
2025-11-11 09:00:00,PE,0.0,-6.6,61.0,0.0,22.0,1009.0,2.0
2025-11-11 10:00:00,PE,1.0,-6.3,58.0,0.0,30.0,1010.0,2.0
2025-11-11 11:00:00,PE,1.0,-7.3,54.0,0.0,32.0,1010.0,2.0
2025-11-11 12:00:00,PE,2.0,-6.8,52.0,0.0,37.0,1011.0,2.0
2025-11-11 13:00:00,PE,3.0,-7.5,46.0,0.0,33.0,1011.0,2.0
2025-11-11 14:00:00,PE,4.0,-7.7,42.0,0.0,41.0,1011.0,3.0
2025-11-11 15:00:00,PE,4.0,-8.7,39.0,0.0,52.0,1011.0,3.0
2025-11-11 16:00:00,PE,6.0,-8.3,35.0,0.0,54.0,1011.0,3.0
2025-11-11 17:00:00,PE,6.0,-8.3,35.0,0.0,44.0,1010.0,3.0
2025-11-11 18:00:00,PE,7.0,-7.0,36.0,0.0,41.0,1010.0,3.0
2025-11-11 19:00:00,PE,7.0,-6.3,38.0,0.0,37.0,1011.0,3.0
2025-11-11 20:00:00,PE,7.0,-6.7,37.0,0.0,32.0,1012.0,3.0
2025-11-11 21:00:00,PE,6.0,-6.9,39.0,0.0,32.0,1013.0,3.0
2025-11-11 22:00:00,PE,6.0,-6.3,41.0,0.0,37.0,1014.0,3.0
2025-11-11 23:00:00,PE,6.0,-5.6,43.0,0.0,22.0,1015.0,2.0
2025-11-12 00:00:00,PE,6.0,-5.3,44.0,0.0,24.0,1015.0,2.0
2025-11-12 01:00:00,PE,5.0,-5.1,48.0,0.0,30.0,1015.0,2.0
2025-11-12 02:00:00,PE,4.0,-6.0,48.0,0.0,37.0,1016.0,2.0
2025-11-12 03:00:00,PE,4.0,-6.0,48.0,0.0,33.0,1016.0,3.0
2025-11-12 04:00:00,PE,5.0,-5.9,45.0,0.0,28.0,1015.0,3.0
2025-11-12 05:00:00,PE,5.0,-7.2,41.0,0.0,20.0,1015.0,3.0
2025-11-12 06:00:00,PE,5.0,-5.7,46.0,0.0,13.0,1015.0,4.0
2025-11-12 07:00:00,PE,4.0,-5.2,51.0,0.0,9.0,1014.0,4.0
2025-11-12 08:00:00,PE,5.0,-3.3,55.0,0.0,9.0,1013.0,4.0
2025-11-12 09:00:00,PE,5.0,-2.8,57.0,0.0,11.0,1013.0,4.0
2025-11-12 10:00:00,PE,6.0,-2.9,53.0,0.0,11.0,1012.0,4.0
2025-11-12 11:00:00,PE,6.0,-2.4,55.0,0.0,17.0,1012.0,3.0
2025-11-12 12:00:00,PE,6.0,-2.4,55.0,0.0,19.0,1012.0,3.0
2025-11-12 13:00:00,PE,7.0,-3.0,49.0,0.0,26.0,1011.0,3.0
2025-11-12 14:00:00,PE,8.0,-2.6,47.0,0.0,20.0,1011.0,3.0
2025-11-12 15:00:00,PE,8.0,-2.3,48.0,0.0,22.0,1010.0,3.0
2025-11-12 16:00:00,PE,9.0,-2.0,46.0,0.0,24.0,1009.0,3.0
2025-11-12 17:00:00,PE,11.0,-1.7,41.0,0.0,20.0,1008.0,3.0
2025-11-12 18:00:00,PE,13.0,-2.5,34.0,0.0,28.0,1007.0,3.0
2025-11-12 19:00:00,PE,13.0,-1.4,37.0,0.0,28.0,1008.0,3.0
2025-11-12 20:00:00,PE,13.0,-0.3,40.0,0.0,24.0,1008.0,3.0
2025-11-12 21:00:00,PE,13.0,-0.3,40.0,0.0,19.0,1008.0,3.0
2025-11-12 22:00:00,PE,12.0,0.4,45.0,0.0,17.0,1009.0,3.0
2025-11-12 23:00:00,PE,13.0,0.7,43.0,0.0,15.0,1010.0,3.0
2025-11-13 00:00:00,PE,13.0,0.7,43.0,0.0,19.0,1010.0,3.0
2025-11-13 01:00:00,PE,12.0,0.4,45.0,0.0,19.0,1010.0,3.0
2025-11-13 02:00:00,PE,11.0,0.4,48.0,0.0,11.0,1011.0,3.0
2025-11-13 03:00:00,PE,11.0,0.4,48.0,0.0,11.0,1011.0,3.0
2025-11-13 04:00:00,PE,10.0,1.1,54.0,0.0,13.0,1012.0,3.0
2025-11-13 05:00:00,PE,8.0,1.8,65.0,0.0,9.0,1012.0,3.0
2025-11-13 06:00:00,PE,9.0,0.7,56.0,0.0,19.0,1012.0,2.0
2025-11-13 07:00:00,PE,6.0,-0.1,65.0,0.0,13.0,1013.0,2.0
2025-11-13 08:00:00,PE,8.0,-1.3,52.0,0.0,17.0,1013.0,2.0
2025-11-13 09:00:00,PE,9.0,-1.7,47.0,0.0,28.0,1013.0,2.0
2025-11-13 10:00:00,PE,8.0,-2.1,49.0,0.0,28.0,1013.0,2.0
2025-11-13 11:00:00,PE,9.0,-2.0,46.0,0.0,24.0,1014.0,2.0
2025-11-13 12:00:00,PE,9.0,-1.7,47.0,0.0,22.0,1015.0,2.0
2025-11-13 13:00:00,PE,10.0,-2.3,42.0,0.0,33.0,1015.0,2.0
2025-11-13 14:00:00,PE,12.0,-1.5,39.0,0.0,30.0,1014.0,2.0
2025-11-13 15:00:00,PE,12.0,-2.6,36.0,0.0,43.0,1014.0,2.0
2025-11-13 16:00:00,PE,12.0,-3.8,33.0,0.0,32.0,1014.0,3.0
2025-11-13 17:00:00,PE,12.0,-4.2,32.0,0.0,32.0,1014.0,3.0
2025-11-13 18:00:00,PE,12.0,-3.8,33.0,0.0,26.0,1014.0,3.0
2025-11-13 19:00:00,PE,12.0,-4.6,31.0,0.0,24.0,1015.0,3.0
2025-11-13 20:00:00,PE,12.0,-4.6,31.0,0.0,24.0,1016.0,2.0
2025-11-13 21:00:00,PE,12.0,-5.5,29.0,0.0,30.0,1016.0,2.0
2025-11-13 22:00:00,PE,11.0,-4.7,33.0,0.0,15.0,1017.0,2.0
2025-11-13 23:00:00,PE,11.0,-4.7,33.0,0.0,11.0,1017.0,2.0
2025-11-14 00:00:00,PE,10.0,-5.5,33.0,0.0,11.0,1018.0,1.0
2025-11-14 01:00:00,PE,7.0,-4.4,44.0,0.0,13.0,1018.0,1.0
2025-11-14 02:00:00,PE,7.0,-4.1,45.0,0.0,15.0,1018.0,2.0
2025-11-14 03:00:00,PE,6.0,-2.9,53.0,0.0,15.0,1018.0,2.0
2025-11-14 04:00:00,PE,8.0,-3.8,43.0,0.0,19.0,1019.0,2.0
2025-11-14 05:00:00,PE,6.0,-3.6,50.0,0.0,13.0,1019.0,1.0
2025-11-14 06:00:00,PE,5.0,-3.3,55.0,0.0,17.0,1019.0,1.0
2025-11-14 07:00:00,PE,4.0,-3.3,59.0,0.0,15.0,1019.0,1.0
2025-11-14 08:00:00,PE,4.0,-3.7,57.0,0.0,19.0,1020.0,1.0
2025-11-14 09:00:00,PE,3.0,-3.1,64.0,0.0,15.0,1020.0,2.0
2025-11-14 10:00:00,PE,3.0,-3.1,64.0,0.0,17.0,1021.0,2.0
2025-11-14 11:00:00,PE,4.0,-2.6,62.0,0.0,13.0,1021.0,2.0
2025-11-14 12:00:00,PE,6.0,-2.4,55.0,0.0,15.0,1022.0,2.0
2025-11-14 13:00:00,PE,8.0,-2.6,47.0,0.0,19.0,1022.0,2.0
2025-11-14 14:00:00,PE,9.0,-3.2,42.0,0.0,17.0,1021.0,2.0
2025-11-14 15:00:00,PE,11.0,-3.5,36.0,0.0,17.0,1021.0,2.0
2025-11-14 16:00:00,PE,12.0,-3.0,35.0,0.0,20.0,1019.0,3.0
2025-11-14 17:00:00,PE,13.0,-2.9,33.0,0.0,15.0,1018.0,3.0
2025-11-14 18:00:00,PE,12.0,-3.4,34.0,0.0,24.0,1018.0,3.0
2025-11-14 19:00:00,PE,13.0,-2.9,33.0,0.0,20.0,1017.0,3.0
2025-11-14 20:00:00,PE,12.0,-4.2,32.0,0.0,19.0,1017.0,3.0
2025-11-14 21:00:00,PE,12.0,-4.2,32.0,0.0,19.0,1017.0,3.0
2025-11-14 22:00:00,PE,12.0,-3.4,34.0,0.0,20.0,1016.0,3.0
2025-11-14 23:00:00,PE,12.0,-1.5,39.0,0.0,20.0,1016.0,3.0
2025-11-15 00:00:00,PE,11.0,-0.2,46.0,0.0,20.0,1016.0,4.0
2025-11-15 01:00:00,PE,11.0,-0.2,46.0,0.0,22.0,1015.0,4.0
2025-11-15 02:00:00,PE,11.0,-1.4,42.0,0.0,7.0,1015.0,4.0
2025-11-15 03:00:00,PE,10.0,-0.5,48.0,0.0,11.0,1015.0,4.0
2025-11-15 04:00:00,PE,10.0,0.6,52.0,0.0,7.0,1014.0,4.0
2025-11-15 05:00:00,PE,9.0,-0.9,50.0,0.0,11.0,1014.0,3.0
2025-11-15 06:00:00,PE,7.0,-1.9,53.0,0.0,0.0,1014.0,2.0
2025-11-15 07:00:00,PE,6.0,-0.7,62.0,0.0,0.0,1013.0,2.0
2025-11-15 08:00:00,PE,5.0,-1.0,65.0,0.0,0.0,1013.0,2.0
2025-11-15 09:00:00,PE,6.0,-1.2,60.0,0.0,0.0,1013.0,2.0
2025-11-15 10:00:00,PE,6.0,-0.7,62.0,0.0,0.0,1013.0,3.0
2025-11-15 11:00:00,PE,6.0,-0.3,64.0,0.0,9.0,1013.0,3.0
2025-11-15 12:00:00,PE,8.0,0.2,58.0,0.0,7.0,1013.0,3.0
2025-11-15 13:00:00,PE,9.0,0.2,54.0,0.0,9.0,1012.0,3.0
2025-11-15 14:00:00,PE,10.0,-0.5,48.0,0.0,9.0,1012.0,3.0
2025-11-15 15:00:00,PE,11.0,-0.8,44.0,0.0,0.0,1011.0,3.0
2025-11-15 16:00:00,PE,11.0,-0.8,44.0,0.0,6.0,1009.0,3.0
2025-11-15 17:00:00,PE,12.0,-0.2,43.0,0.0,0.0,1008.0,3.0
2025-11-15 18:00:00,PE,12.0,0.4,45.0,0.0,0.0,1006.0,3.0
2025-11-15 19:00:00,PE,12.0,-0.2,43.0,0.0,9.0,1005.0,4.0
2025-11-15 20:00:00,PE,12.0,1.0,47.0,0.0,17.0,1004.0,4.0
2025-11-15 21:00:00,PE,11.0,0.4,48.0,0.0,17.0,1002.0,4.0
2025-11-15 22:00:00,PE,11.0,2.0,54.0,0.0,9.0,1001.0,4.0
2025-11-15 23:00:00,PE,11.0,3.8,61.0,0.0,9.0,1000.0,7.0
2025-11-16 00:00:00,PE,11.0,5.3,68.0,0.0,7.0,998.0,7.0
2025-11-16 01:00:00,PE,11.0,6.5,74.0,3.6,11.0,997.0,7.0
2025-11-16 02:00:00,PE,11.0,5.9,71.0,1.4,15.0,996.0,7.0
2025-11-16 03:00:00,PE,12.0,6.9,71.0,0.0,15.0,994.0,7.0
2025-11-16 04:00:00,PE,12.0,7.5,74.0,0.0,13.0,993.0,4.0
2025-11-16 05:00:00,PE,12.0,7.1,72.0,0.4,20.0,991.0,4.0
2025-11-16 06:00:00,PE,14.0,8.4,69.0,2.3,26.0,991.0,4.0
2025-11-16 07:00:00,PE,14.0,8.6,70.0,0.2,24.0,990.0,4.0
2025-11-16 08:00:00,PE,14.0,9.0,72.0,0.0,19.0,990.0,4.0
2025-11-16 09:00:00,PE,14.0,9.0,72.0,0.0,15.0,991.0,4.0
2025-11-16 10:00:00,PE,14.0,9.4,74.0,0.0,15.0,991.0,4.0
2025-11-16 11:00:00,PE,16.7,6.8,52.0,0.0,13.0,991.5,3.0
2025-11-16 12:00:00,PE,15.6,4.3,47.0,0.0,18.0,992.4,3.0
2025-11-16 13:00:00,PE,15.0,1.9,41.0,0.0,18.0,993.3,3.0
2025-11-16 14:00:00,PE,14.4,0.6,39.0,0.0,20.0,993.7,3.0
2025-11-16 15:00:00,PE,13.9,-0.6,37.0,0.0,18.0,994.1,3.0
2025-11-16 16:00:00,PE,13.9,-6.3,24.0,0.0,26.0,994.5,3.0
2025-11-16 17:00:00,PE,13.9,-6.3,24.0,0.0,24.0,994.3,2.0
2025-11-16 18:00:00,PE,12.8,-5.7,27.0,0.0,21.0,994.5,2.0
2025-11-16 19:00:00,PE,12.2,-5.8,28.0,0.0,21.0,994.7,3.0
2025-11-16 20:00:00,PE,11.7,-7.2,26.0,0.0,18.0,995.3,3.0
2025-11-16 21:00:00,PE,11.1,-7.7,26.0,0.0,23.0,996.6,2.0
2025-11-16 22:00:00,PE,10.0,-5.5,33.0,0.0,21.0,997.9,2.0
2025-11-16 23:00:00,PE,9.4,-4.6,37.0,0.0,16.0,999.1,2.0
2025-11-17 00:00:00,PE,8.3,-4.5,40.0,0.0,19.0,1000.1,2.0
2025-11-17 01:00:00,PE,7.8,-4.0,43.0,0.0,17.0,1001.1,2.0
2025-11-17 02:00:00,PE,6.7,-4.4,45.0,0.0,13.0,1002.0,2.0
2025-11-17 03:00:00,PE,7.2,-4.2,44.0,0.0,12.0,1002.7,2.0
2025-11-17 04:00:00,PE,7.2,-4.2,44.0,0.0,5.0,1003.3,2.0
2025-11-17 05:00:00,PE,6.1,-4.4,47.0,0.0,9.0,1003.7,2.0
2025-11-17 06:00:00,PE,6.1,-5.5,43.0,0.0,14.0,1003.8,2.0
2025-11-17 07:00:00,PE,6.1,-5.5,43.0,0.0,8.0,1004.2,2.0
2025-11-17 08:00:00,PE,6.1,-3.8,49.0,0.0,9.0,1004.5,2.0
2025-11-17 09:00:00,PE,6.1,-3.8,49.0,0.0,11.0,1005.0,2.0
2025-11-17 10:00:00,PE,5.6,-2.7,55.0,0.0,15.0,1005.5,2.0
2025-11-17 11:00:00,PE,4.7,-4.6,51.0,0.0,25.9,1008.4,2.0
2025-11-17 12:00:00,PE,3.8,-4.2,56.0,0.0,27.8,1008.8,2.0
2025-11-17 13:00:00,PE,5.9,-4.0,49.0,0.0,27.8,1009.4,2.0
2025-11-17 14:00:00,PE,7.6,-4.2,43.0,0.0,31.5,1010.2,2.0
2025-11-17 15:00:00,PE,8.5,-4.7,39.0,0.0,33.3,1010.1,2.0
2025-11-17 16:00:00,PE,8.6,-5.3,37.0,0.0,35.2,1010.2,3.0
2025-11-17 17:00:00,PE,8.8,-5.8,35.0,0.0,40.8,1010.5,3.0
2025-11-17 18:00:00,PE,8.5,-5.7,36.0,0.0,33.3,1011.0,3.0
2025-11-17 19:00:00,PE,8.4,-5.8,36.0,0.0,31.5,1011.5,3.0
2025-11-17 20:00:00,PE,8.2,-6.0,36.0,0.0,31.5,1012.5,3.0
2025-11-17 21:00:00,PE,7.4,-5.6,39.0,0.0,27.8,1013.5,3.0
2025-11-17 22:00:00,PE,7.0,-5.7,40.0,0.0,24.1,1014.6,3.0
2025-11-17 23:00:00,PE,6.8,-5.5,41.0,0.0,22.2,1015.6,2.0
2025-11-18 00:00:00,PE,6.5,-5.2,43.0,0.0,20.4,1015.7,2.0
2025-11-18 01:00:00,PE,6.2,-5.1,44.0,0.0,18.5,1016.5,2.0
2025-11-18 02:00:00,PE,5.8,-5.2,45.0,0.0,18.5,1017.2,2.0
2025-11-18 03:00:00,PE,5.4,-5.3,46.0,0.0,16.7,1017.6,2.0
2025-11-18 04:00:00,PE,4.7,-5.4,48.0,0.0,16.7,1018.0,2.0
2025-11-18 05:00:00,PE,3.9,-5.6,50.0,0.0,16.7,1018.5,2.0
2025-11-18 06:00:00,PE,3.0,-5.2,55.0,0.0,16.7,1018.9,2.0
2025-11-18 07:00:00,PE,3.1,-5.3,54.0,0.0,14.8,1019.3,2.0
2025-11-18 08:00:00,PE,2.9,-5.5,54.0,0.0,13.0,1019.9,2.0
2025-11-18 09:00:00,PE,3.0,-5.4,54.0,0.0,13.0,1020.6,2.0
2025-11-18 10:00:00,PE,2.7,-5.2,56.0,0.0,11.1,1021.4,2.0
2025-11-18 11:00:00,PE,2.6,-5.1,57.0,0.0,13.0,1022.2,2.0
2025-11-18 12:00:00,PE,2.3,-4.7,60.0,0.0,11.1,1022.3,2.0
2025-11-18 13:00:00,PE,4.0,-4.2,55.0,0.0,13.0,1022.9,2.0
2025-11-18 14:00:00,PE,5.7,-3.9,50.0,0.0,14.8,1023.5,3.0
2025-11-18 15:00:00,PE,6.9,-3.9,46.0,0.0,14.8,1023.1,3.0
2025-11-18 16:00:00,PE,7.3,-4.1,44.0,0.0,16.7,1022.5,3.0
2025-11-18 17:00:00,PE,8.0,-4.4,41.0,0.0,16.7,1022.1,3.0
2025-11-18 18:00:00,PE,7.6,-4.2,43.0,0.0,13.0,1022.3,4.0
2025-11-18 19:00:00,PE,7.3,-3.6,46.0,0.0,13.0,1021.6,4.0
2025-11-18 20:00:00,PE,7.2,-3.4,47.0,0.0,13.0,1021.3,4.0
2025-11-18 21:00:00,PE,6.4,-3.0,51.0,0.0,13.0,1021.5,4.0
2025-11-18 22:00:00,PE,6.6,-2.3,53.0,0.0,11.1,1021.5,4.0
2025-11-18 23:00:00,PE,7.2,-2.0,52.0,0.0,9.3,1021.5,4.0
2025-11-19 00:00:00,PE,6.9,-1.8,54.0,0.0,7.4,1021.9,4.0
2025-11-19 01:00:00,PE,6.4,-0.8,60.0,0.0,9.3,1021.8,4.0
2025-11-19 02:00:00,PE,6.2,-0.5,62.0,0.0,9.3,1022.1,4.0
2025-11-19 03:00:00,PE,6.1,0.2,66.0,0.0,9.3,1021.8,7.0
2025-11-19 04:00:00,PE,6.1,1.0,70.0,0.0,7.4,1021.3,7.0
2025-11-19 05:00:00,PE,6.4,1.7,72.0,0.0,7.4,1020.7,7.0
2025-11-19 06:00:00,PE,5.6,1.9,77.0,0.4,7.4,1021.3,7.0
2025-11-19 07:00:00,PE,5.2,2.4,82.0,0.5,11.1,1020.7,7.0
2025-11-19 08:00:00,PE,5.2,2.7,84.0,1.4,11.1,1020.6,7.0
2025-11-19 09:00:00,PE,5.4,2.9,84.0,1.2,13.0,1020.7,7.0
2025-11-19 10:00:00,PE,5.5,3.0,84.0,0.6,11.1,1020.6,7.0
2025-11-19 11:00:00,PE,5.9,3.6,85.0,0.1,11.1,1020.7,7.0
2025-11-19 12:00:00,PE,5.4,3.7,89.0,0.0,13.0,1021.1,7.0
2025-11-19 13:00:00,PE,6.0,3.7,85.0,0.0,13.0,1021.6,7.0
2025-11-19 14:00:00,PE,6.7,4.0,83.0,0.0,13.0,1022.4,4.0
2025-11-19 15:00:00,PE,7.3,4.1,80.0,0.0,13.0,1021.9,4.0
2025-11-19 16:00:00,PE,8.1,3.9,75.0,0.0,14.8,1021.6,4.0
2025-11-19 17:00:00,PE,9.1,4.1,71.0,0.0,14.8,1021.2,4.0
2025-11-19 18:00:00,PE,8.9,3.9,71.0,0.0,13.0,1021.2,4.0
2025-11-19 19:00:00,PE,8.7,3.7,71.0,0.0,14.8,1021.8,4.0
2025-11-19 20:00:00,PE,8.7,3.9,72.0,0.0,14.8,1022.2,4.0
2025-11-19 21:00:00,PE,8.2,4.0,75.0,0.0,14.8,1022.5,4.0
2025-11-19 22:00:00,PE,7.6,3.8,77.0,0.0,14.8,1023.0,4.0
2025-11-19 23:00:00,PE,7.1,4.1,81.0,0.0,14.8,1023.3,4.0
2025-11-20 00:00:00,PE,7.1,3.9,80.0,0.0,14.8,1023.3,4.0
2025-11-20 01:00:00,PE,7.1,3.3,77.0,0.0,14.8,1023.6,4.0
2025-11-20 02:00:00,PE,7.0,3.2,77.0,0.0,14.8,1024.0,4.0
2025-11-20 03:00:00,PE,6.7,3.0,77.0,0.0,13.0,1023.9,4.0
2025-11-20 04:00:00,PE,6.7,3.0,77.0,0.0,13.0,1023.6,4.0
2025-11-20 05:00:00,PE,7.2,3.4,77.0,0.0,13.0,1022.6,4.0
2025-11-20 06:00:00,PE,6.7,3.5,80.0,0.0,11.1,1022.9,4.0
2025-11-20 07:00:00,PE,6.3,2.7,78.0,0.0,13.0,1023.4,4.0
2025-11-20 08:00:00,PE,6.1,2.4,77.0,0.0,13.0,1023.5,4.0
2025-11-20 09:00:00,PE,6.1,2.4,77.0,0.0,13.0,1023.6,4.0
2025-11-20 10:00:00,PE,6.1,2.2,76.0,0.0,11.1,1023.6,4.0
2025-11-20 11:00:00,PE,6.7,3.0,77.0,0.0,11.1,1023.3,4.0
2025-11-20 12:00:00,PE,6.2,3.0,80.0,0.0,13.0,1023.7,4.0
2025-11-20 13:00:00,PE,6.6,2.5,75.0,,13.0,1024.3,4.0
2025-11-20 14:00:00,PE,7.3,2.8,73.0,,13.0,1024.7,4.0
2025-11-20 15:00:00,PE,7.9,3.2,72.0,,13.0,1024.1,4.0
2025-11-20 16:00:00,PE,8.8,3.4,69.0,,11.1,1023.2,4.0
2025-11-20 17:00:00,PE,10.2,4.8,69.0,,9.3,1021.8,4.0
2025-11-20 18:00:00,PE,9.5,4.9,73.0,,9.3,1022.0,4.0
2025-11-20 19:00:00,PE,9.4,4.2,70.0,,9.3,1022.4,4.0
2025-11-20 20:00:00,PE,9.4,4.2,70.0,,9.3,1022.2,4.0
2025-11-20 21:00:00,PE,8.8,4.2,73.0,,9.3,1022.1,4.0
2025-11-20 22:00:00,PE,8.8,4.4,74.0,,9.3,1022.1,4.0
2025-11-20 23:00:00,PE,9.5,5.1,74.0,,7.4,1021.4,4.0
2025-11-21 00:00:00,PE,9.0,5.2,77.0,,7.4,1021.7,4.0
2025-11-21 01:00:00,PE,8.4,4.8,78.0,,9.3,1022.0,4.0
2025-11-21 02:00:00,PE,8.2,4.8,79.0,,7.4,1021.9,4.0
2025-11-21 03:00:00,PE,8.1,4.9,80.0,,7.4,1021.6,4.0
2025-11-21 04:00:00,PE,8.1,5.0,81.0,,7.4,1021.0,4.0
2025-11-21 05:00:00,PE,8.2,5.5,83.0,,3.7,1019.9,4.0
2025-11-21 06:00:00,PE,8.0,5.1,82.0,,3.7,1019.6,4.0
2025-11-21 07:00:00,PE,7.6,4.7,82.0,,7.4,1020.0,4.0
2025-11-21 08:00:00,PE,7.4,4.9,84.0,,7.4,1019.8,4.0
2025-11-21 09:00:00,PE,7.4,5.0,85.0,,7.4,1019.9,4.0
2025-11-21 10:00:00,PE,7.7,5.3,85.0,,7.4,1019.7,4.0
2025-11-21 11:00:00,PE,8.2,6.2,87.0,,5.5,1018.2,4.0
2025-11-21 12:00:00,PE,8.6,5.7,82.0,,5.5,1017.9,4.0
2025-11-21 13:00:00,PE,9.3,5.7,78.0,,9.3,1019.1,4.0
2025-11-21 14:00:00,PE,10.3,6.1,75.0,,11.1,1019.2,4.0
2025-11-21 15:00:00,PE,11.3,6.2,71.0,,11.1,1018.5,4.0
2025-11-21 16:00:00,PE,12.7,6.5,66.0,,14.8,1017.2,4.0
2025-11-21 17:00:00,PE,13.9,7.0,63.0,,14.8,1014.7,4.0
2025-11-21 18:00:00,PE,13.9,7.7,66.0,,13.0,1014.6,4.0
2025-11-21 19:00:00,PE,13.7,6.3,61.0,,14.8,1015.7,3.0
2025-11-21 20:00:00,PE,13.8,6.4,61.0,,14.8,1015.4,3.0
2025-11-21 21:00:00,PE,13.1,6.7,65.0,,13.0,1015.4,3.0
2025-11-21 22:00:00,PE,13.0,6.6,65.0,,13.0,1015.5,3.0
2025-11-21 23:00:00,PE,12.6,6.8,68.0,,11.1,1014.2,3.0
2025-11-22 00:00:00,PE,12.7,6.9,68.0,,11.1,1014.2,4.0
2025-11-22 01:00:00,PE,12.1,6.2,67.0,,11.1,1016.1,3.0
2025-11-22 02:00:00,PE,11.7,6.0,68.0,,11.1,1016.3,3.0
2025-11-22 03:00:00,PE,11.2,6.1,71.0,,11.1,1016.3,3.0
2025-11-22 04:00:00,PE,10.6,6.0,73.0,,11.1,1016.2,3.0
2025-11-22 05:00:00,PE,10.2,6.2,76.0,,11.1,1014.4,7.0
2025-11-22 06:00:00,PE,10.1,6.8,80.0,,11.1,1014.0,7.0
2025-11-22 07:00:00,PE,9.8,6.0,77.0,,11.1,1016.0,7.0
2025-11-22 08:00:00,PE,9.6,5.8,77.0,,11.1,1016.0,7.0
2025-11-22 09:00:00,PE,9.3,5.7,78.0,,11.1,1016.2,7.0
2025-11-22 10:00:00,PE,8.8,5.2,78.0,,11.1,1016.3,7.0
2025-11-22 11:00:00,PE,8.6,3.0,68.0,,13.0,1015.1,7.0
2025-11-22 12:00:00,PE,8.9,5.6,80.0,,13.0,1015.6,7.0
2025-11-22 13:00:00,PE,9.7,5.5,75.0,,13.0,1017.4,3.0
2025-11-22 14:00:00,PE,10.8,6.0,72.0,,13.0,1017.5,3.0
2025-11-22 15:00:00,PE,11.6,5.9,68.0,,13.0,1017.1,3.0
2025-11-22 16:00:00,PE,12.4,5.3,62.0,,14.8,1016.1,3.0
2025-11-22 17:00:00,PE,11.4,2.4,54.0,,14.8,1014.3,3.0
2025-11-22 18:00:00,PE,13.4,4.0,53.0,,14.8,1014.8,3.0
2025-11-22 19:00:00,PE,13.5,4.9,56.0,,14.8,1015.3,3.0
2025-11-22 20:00:00,PE,13.5,4.9,56.0,,13.0,1015.1,3.0
2025-11-22 21:00:00,PE,12.7,5.1,60.0,,13.0,1015.1,3.0
2025-11-22 22:00:00,PE,12.1,4.8,61.0,,13.0,1015.1,3.0
2025-11-22 23:00:00,PE,9.6,1.5,57.0,,13.0,1015.0,3.0
2025-11-23 00:00:00,PE,11.9,3.4,56.0,,11.1,1014.5,3.0
2025-11-23 01:00:00,PE,11.0,5.3,68.0,,11.1,1015.0,3.0
2025-11-23 02:00:00,PE,10.5,5.5,71.0,,11.1,1015.2,3.0
2025-11-23 03:00:00,PE,10.2,5.6,73.0,,11.1,1015.2,3.0
2025-11-23 04:00:00,PE,9.5,4.7,72.0,,9.3,1015.0,3.0
2025-11-23 05:00:00,PE,7.3,1.6,67.0,,7.4,1014.4,3.0
2025-11-23 06:00:00,PE,7.4,2.9,73.0,,5.5,1016.6,3.0
2025-11-23 07:00:00,PE,8.9,4.3,73.0,,9.3,1015.7,3.0
2025-11-23 08:00:00,PE,8.6,4.4,75.0,,9.3,1015.5,3.0
2025-11-23 09:00:00,PE,8.6,4.4,75.0,,9.3,1015.3,3.0
2025-11-23 10:00:00,PE,8.7,4.7,76.0,,11.1,1015.1,3.0
2025-11-23 11:00:00,PE,8.0,2.2,67.0,,9.3,1014.5,3.0
2025-11-23 12:00:00,PE,6.3,1.4,71.0,,7.4,1016.6,3.0
2025-11-23 13:00:00,PE,9.0,4.4,73.0,,11.1,1016.4,3.0
2025-11-23 14:00:00,PE,9.8,4.8,71.0,,13.0,1016.6,3.0
2025-11-23 15:00:00,PE,10.7,5.0,68.0,,14.8,1016.4,3.0
2025-11-23 16:00:00,PE,12.3,5.0,61.0,,16.7,1015.2,3.0
2025-11-23 17:00:00,PE,12.4,2.0,49.0,,14.8,1013.8,3.0
2025-11-23 18:00:00,PE,13.0,1.3,45.0,,14.8,1015.1,3.0
2025-11-23 19:00:00,PE,13.8,4.1,52.0,,14.8,1014.8,3.0
2025-11-23 20:00:00,PE,13.9,3.9,51.0,,14.8,1014.7,3.0
2025-11-23 21:00:00,PE,13.2,4.6,56.0,,14.8,1015.1,3.0
2025-11-23 22:00:00,PE,12.5,4.5,58.0,,14.8,1015.2,3.0
2025-11-23 23:00:00,PE,11.6,2.6,54.0,,11.1,1015.8,3.0
2025-11-24 00:00:00,PE,10.8,3.6,61.0,,9.3,1016.2,3.0
2025-11-24 01:00:00,PE,11.2,4.0,61.0,,13.0,1016.2,3.0
2025-11-24 02:00:00,PE,10.7,3.7,62.0,,13.0,1016.5,3.0
2025-11-24 03:00:00,PE,10.2,3.5,63.0,,11.1,1016.6,3.0
2025-11-24 04:00:00,PE,9.5,3.9,68.0,,11.1,1016.4,3.0
2025-11-24 05:00:00,PE,8.0,4.0,76.0,,7.4,1016.0,3.0
2025-11-24 06:00:00,PE,7.6,3.5,75.0,,5.5,1015.8,3.0
2025-11-24 07:00:00,PE,8.4,3.8,73.0,,11.1,1016.7,3.0
2025-11-24 08:00:00,PE,8.0,3.8,75.0,,11.1,1016.7,3.0
2025-11-24 09:00:00,PE,7.9,3.6,74.0,,11.1,1017.1,3.0
2025-11-24 10:00:00,PE,7.5,3.5,76.0,,11.1,1017.0,3.0
2025-11-24 11:00:00,PE,7.1,3.0,75.0,,9.3,1016.1,3.0
2025-11-24 12:00:00,PE,6.4,2.7,77.0,,9.3,1017.1,3.0
2025-11-24 13:00:00,PE,8.5,3.1,69.0,,13.0,1018.3,3.0
2025-11-24 14:00:00,PE,9.5,3.2,65.0,,14.8,1018.7,3.0
2025-11-24 15:00:00,PE,10.7,3.3,60.0,,14.8,1018.5,3.0
2025-11-24 16:00:00,PE,12.4,3.1,53.0,,16.7,1017.5,3.0
2025-11-24 17:00:00,PE,15.6,1.7,39.0,,16.7,1016.0,3.0
2025-11-24 18:00:00,PE,13.6,3.1,49.0,,16.7,1016.8,3.0
2025-11-24 19:00:00,PE,14.0,3.2,48.0,,16.7,1017.6,3.0
2025-11-24 20:00:00,PE,14.0,2.9,47.0,,16.7,1017.6,3.0
2025-11-24 21:00:00,PE,13.1,3.5,52.0,,16.7,1017.6,3.0
2025-11-24 22:00:00,PE,12.5,3.2,53.0,,14.8,1017.2,3.0
2025-11-24 23:00:00,PE,13.6,3.7,51.0,,14.8,1016.4,3.0
2025-11-25 00:00:00,PE,11.9,3.4,56.0,,13.0,1016.8,3.0
2025-11-25 01:00:00,PE,11.1,2.9,57.0,,13.0,1017.9,3.0
2025-11-25 02:00:00,PE,10.6,2.9,59.0,,13.0,1018.2,3.0
2025-11-25 03:00:00,PE,10.2,2.8,60.0,,13.0,1018.3,3.0
2025-11-25 04:00:00,PE,9.3,3.1,65.0,,13.0,1017.6,3.0
2025-11-25 05:00:00,PE,9.9,5.1,72.0,,13.0,1017.6,3.0
2025-11-25 06:00:00,PE,8.7,4.5,75.0,,9.3,1017.4,4.0
2025-11-25 07:00:00,PE,8.3,2.7,68.0,,13.0,1017.3,3.0
2025-11-25 08:00:00,PE,8.1,2.3,67.0,,11.1,1017.3,3.0
2025-11-25 09:00:00,PE,7.8,2.1,67.0,,11.1,1017.5,3.0
2025-11-25 10:00:00,PE,7.1,2.0,70.0,,13.0,1017.7,3.0
2025-11-25 11:00:00,PE,7.9,4.8,81.0,,11.1,1018.0,3.0
2025-11-25 12:00:00,PE,7.8,3.5,74.0,,13.0,1018.7,3.0
2025-11-25 13:00:00,PE,7.6,1.2,64.0,,14.8,1019.3,3.0
2025-11-25 14:00:00,PE,8.5,1.2,60.0,,16.7,1019.7,3.0
2025-11-25 15:00:00,PE,9.6,1.3,56.0,,16.7,1019.4,3.0
2025-11-25 16:00:00,PE,10.8,1.3,52.0,,18.5,1018.6,3.0
2025-11-25 17:00:00,PE,13.4,4.0,53.0,,18.5,1016.7,3.0
2025-11-25 18:00:00,PE,13.4,3.5,51.0,,18.5,1018.8,3.0
2025-11-25 19:00:00,PE,12.0,1.0,47.0,,18.5,1018.5,3.0
2025-11-25 20:00:00,PE,12.0,1.0,47.0,,16.7,1018.4,3.0
2025-11-25 21:00:00,PE,11.2,1.7,52.0,,16.7,1018.7,3.0
2025-11-25 22:00:00,PE,10.6,1.4,53.0,,14.8,1018.5,3.0
2025-11-25 23:00:00,PE,11.7,2.7,54.0,,13.0,1018.1,3.0
2025-11-26 00:00:00,PE,10.8,3.8,62.0,,13.0,1020.2,3.0
2025-11-26 01:00:00,PE,9.4,1.3,57.0,,13.0,1019.8,3.0
2025-11-26 02:00:00,PE,8.8,1.2,59.0,,11.1,1020.0,3.0
2025-11-26 03:00:00,PE,8.4,1.1,60.0,,11.1,1019.9,3.0
2025-11-26 04:00:00,PE,7.4,1.3,65.0,,11.1,1019.0,3.0
2025-11-26 05:00:00,PE,6.9,2.8,75.0,,11.1,1017.8,3.0
2025-11-26 06:00:00,PE,7.9,2.4,68.0,,13.0,1020.3,3.0
2025-11-26 07:00:00,PE,6.7,1.2,68.0,,11.1,1019.3,3.0
2025-11-26 08:00:00,PE,6.4,1.1,69.0,,11.1,1019.3,3.0
2025-11-26 09:00:00,PE,6.2,1.1,70.0,,11.1,1019.5,3.0
2025-11-26 10:00:00,PE,5.9,1.0,71.0,,11.1,1019.3,3.0
2025-11-26 11:00:00,PE,6.1,3.3,82.0,,9.3,1019.0,3.0
2025-11-26 12:00:00,PE,6.8,1.7,70.0,,13.0,1022.2,3.0
2025-11-26 13:00:00,PE,6.7,0.6,65.0,,14.8,1021.6,3.0
2025-11-26 14:00:00,PE,7.7,0.9,62.0,,14.8,1021.9,3.0
2025-11-26 15:00:00,PE,8.6,0.8,58.0,,16.7,1021.6,3.0
2025-11-26 16:00:00,PE,10.0,1.1,54.0,,16.7,1020.0,3.0
2025-11-26 17:00:00,PE,12.4,3.1,53.0,,18.5,1018.2,3.0
2025-11-26 18:00:00,PE,11.8,2.3,52.0,,16.7,1022.3,3.0
2025-11-26 19:00:00,PE,11.1,0.8,49.0,,16.7,1020.2,3.0
2025-11-26 20:00:00,PE,11.1,0.8,49.0,,14.8,1019.9,3.0
2025-11-26 21:00:00,PE,10.4,1.2,53.0,,14.8,1019.9,3.0
2025-11-26 22:00:00,PE,10.2,1.3,54.0,,14.8,1019.4,3.0
2025-11-26 23:00:00,PE,10.3,2.2,57.0,,14.8,1019.4,3.0
2025-11-27 00:00:00,PE,10.1,2.2,58.0,,11.1,1021.0,3.0
2025-11-27 01:00:00,PE,8.8,1.7,61.0,,13.0,1020.2,3.0
2025-11-27 02:00:00,PE,8.3,1.7,63.0,,13.0,1020.3,3.0
2025-11-27 03:00:00,PE,7.9,1.5,64.0,,11.1,1020.3,3.0
2025-11-27 04:00:00,PE,6.8,1.7,70.0,,11.1,1019.5,
2025-11-27 05:00:00,PE,7.0,2.9,75.0,,11.1,1019.0,
2025-11-27 06:00:00,PE,6.8,1.9,71.0,,13.0,1020.9,
2025-11-27 07:00:00,PE,5.9,1.2,72.0,,13.0,1019.6,
2025-11-27 08:00:00,PE,5.6,1.1,73.0,,13.0,1019.6,
2025-11-27 09:00:00,PE,5.5,1.0,73.0,,13.0,1019.8,
2025-11-27 10:00:00,PE,6.8,1.7,70.0,,11.1,1021.0,
2025-11-27 11:00:00,PE,7.2,2.7,73.0,,11.1,1020.5,
2025-11-27 12:00:00,PE,6.3,0.8,68.0,,13.0,1020.9,
2025-11-27 13:00:00,PE,6.9,1.0,66.0,,13.0,1021.5,
2025-11-27 14:00:00,PE,7.8,1.0,62.0,,13.0,1021.7,
2025-11-27 15:00:00,PE,8.8,1.0,58.0,,13.0,1021.5,
2025-11-01 00:00:00,PEPCO,11.2,2.0,53.0,0.0,22.7,1008.9,2.0
2025-11-01 01:00:00,PEPCO,10.8,2.6,57.0,0.0,22.0,1009.5,2.0
2025-11-01 02:00:00,PEPCO,10.5,2.6,58.0,0.0,21.2,1010.3,1.0
2025-11-01 03:00:00,PEPCO,10.1,2.2,58.0,0.0,20.2,1011.1,1.0
2025-11-01 04:00:00,PEPCO,9.8,2.2,59.0,0.0,18.0,1011.8,1.0
2025-11-01 05:00:00,PEPCO,9.4,2.0,60.0,0.0,16.2,1011.9,1.0
2025-11-01 06:00:00,PEPCO,8.9,1.8,61.0,0.0,14.4,1012.2,1.0
2025-11-01 07:00:00,PEPCO,8.9,3.5,69.0,0.0,11.5,1013.3,1.0
2025-11-01 08:00:00,PEPCO,8.3,3.2,70.0,0.0,11.9,1013.7,1.0
2025-11-01 09:00:00,PEPCO,7.9,2.8,70.0,0.0,11.9,1014.3,1.0
2025-11-01 10:00:00,PEPCO,7.5,2.4,70.0,0.0,11.9,1014.8,1.0
2025-11-01 11:00:00,PEPCO,7.1,2.4,72.0,0.0,11.9,1015.5,2.0
2025-11-01 12:00:00,PEPCO,7.0,2.3,72.0,0.0,12.2,1016.2,2.0
2025-11-01 13:00:00,PEPCO,8.6,3.6,71.0,0.0,11.5,1017.4,3.0
2025-11-01 14:00:00,PEPCO,10.4,4.3,66.0,0.0,13.0,1018.2,3.0
2025-11-01 15:00:00,PEPCO,12.1,4.3,59.0,0.0,16.6,1018.2,2.0
2025-11-01 16:00:00,PEPCO,13.1,4.0,54.0,0.0,16.6,1018.0,3.0
2025-11-01 17:00:00,PEPCO,14.0,4.0,51.0,0.0,16.6,1017.6,3.0
2025-11-01 18:00:00,PEPCO,14.9,3.4,46.0,0.0,20.9,1017.2,2.0
2025-11-01 19:00:00,PEPCO,14.8,3.0,45.0,0.0,20.9,1017.2,3.0
2025-11-01 20:00:00,PEPCO,14.8,3.0,45.0,0.0,17.3,1017.6,3.0
2025-11-01 21:00:00,PEPCO,14.3,4.3,51.0,0.0,9.0,1017.7,3.0
2025-11-01 22:00:00,PEPCO,12.2,5.4,63.0,0.0,5.0,1017.8,2.0
2025-11-01 23:00:00,PEPCO,11.3,4.7,64.0,0.0,4.7,1018.3,3.0
2025-11-02 00:00:00,PEPCO,10.2,4.8,69.0,0.0,5.8,1019.0,3.0
2025-11-02 01:00:00,PEPCO,9.5,4.7,72.0,0.0,5.0,1019.6,3.0
2025-11-02 02:00:00,PEPCO,8.9,4.7,75.0,0.0,4.7,1020.2,3.0
2025-11-02 03:00:00,PEPCO,8.3,4.5,77.0,0.0,4.0,1020.9,3.0
2025-11-02 04:00:00,PEPCO,7.9,4.3,78.0,0.0,3.2,1021.3,3.0
2025-11-02 05:00:00,PEPCO,8.2,4.2,76.0,0.0,6.1,1021.7,3.0
2025-11-02 06:00:00,PEPCO,8.2,4.2,76.0,0.0,5.4,1021.9,3.0
2025-11-02 07:00:00,PEPCO,8.2,4.4,77.0,0.0,5.0,1022.3,3.0
2025-11-02 08:00:00,PEPCO,8.0,4.4,78.0,0.0,5.0,1022.4,3.0
2025-11-02 09:00:00,PEPCO,7.4,4.0,79.0,0.0,3.2,1022.9,3.0
2025-11-02 10:00:00,PEPCO,7.0,3.6,79.0,0.0,2.2,1023.8,3.0
2025-11-02 11:00:00,PEPCO,6.6,3.7,82.0,0.0,4.7,1024.3,3.0
2025-11-02 12:00:00,PEPCO,6.5,3.7,82.0,0.0,4.7,1025.0,3.0
2025-11-02 13:00:00,PEPCO,9.0,5.4,78.0,0.0,6.1,1025.6,3.0
2025-11-02 14:00:00,PEPCO,11.4,7.3,76.0,0.0,5.0,1026.0,3.0
2025-11-02 15:00:00,PEPCO,13.6,7.4,66.0,0.0,4.7,1026.1,2.0
2025-11-02 16:00:00,PEPCO,15.3,6.8,57.0,0.0,5.4,1025.9,2.0
2025-11-02 17:00:00,PEPCO,16.2,5.5,49.0,0.0,6.5,1025.5,2.0
2025-11-02 18:00:00,PEPCO,16.7,5.0,46.0,0.0,7.2,1024.8,1.0
2025-11-02 19:00:00,PEPCO,16.8,4.8,45.0,0.0,7.6,1024.4,2.0
2025-11-02 20:00:00,PEPCO,16.5,4.5,45.0,0.0,7.9,1024.4,2.0
2025-11-02 21:00:00,PEPCO,15.5,5.7,52.0,0.0,6.8,1024.4,3.0
2025-11-02 22:00:00,PEPCO,13.2,5.6,60.0,0.0,7.9,1024.3,2.0
2025-11-02 23:00:00,PEPCO,11.6,5.5,66.0,0.0,7.2,1024.5,3.0
2025-11-03 00:00:00,PEPCO,10.7,5.7,71.0,0.0,6.8,1024.8,2.0
2025-11-03 01:00:00,PEPCO,10.4,5.6,72.0,0.0,8.6,1024.9,3.0
2025-11-03 02:00:00,PEPCO,10.2,5.8,74.0,0.0,8.6,1025.0,3.0
2025-11-03 03:00:00,PEPCO,9.8,6.3,79.0,0.0,7.6,1024.3,3.0
2025-11-03 04:00:00,PEPCO,9.8,7.1,83.0,0.0,7.6,1023.8,3.0
2025-11-03 05:00:00,PEPCO,9.3,6.9,85.0,0.0,6.1,1023.4,3.0
2025-11-03 06:00:00,PEPCO,9.4,7.3,87.0,0.0,4.7,1023.0,3.0
2025-11-03 07:00:00,PEPCO,9.7,7.8,88.0,0.0,4.7,1022.9,3.0
2025-11-03 08:00:00,PEPCO,9.8,8.2,90.0,0.2,4.3,1022.4,7.0
2025-11-03 09:00:00,PEPCO,9.7,8.5,92.0,0.6,4.3,1022.3,8.0
2025-11-03 10:00:00,PEPCO,9.7,9.1,96.0,1.1,5.4,1022.4,9.0
2025-11-03 11:00:00,PEPCO,9.7,9.2,97.0,1.1,7.2,1021.9,9.0
2025-11-03 12:00:00,PEPCO,9.8,9.5,98.0,0.6,8.6,1021.6,8.0
2025-11-03 13:00:00,PEPCO,10.3,9.8,97.0,0.2,5.8,1021.6,7.0
2025-11-03 14:00:00,PEPCO,11.5,10.4,93.0,0.2,4.3,1021.1,7.0
2025-11-03 15:00:00,PEPCO,13.0,10.0,82.0,0.0,4.0,1020.6,3.0
2025-11-03 16:00:00,PEPCO,13.9,9.1,73.0,0.0,3.6,1019.6,3.0
2025-11-03 17:00:00,PEPCO,14.6,9.2,70.0,0.0,5.4,1018.2,3.0
2025-11-03 18:00:00,PEPCO,15.8,9.2,65.0,0.0,8.6,1016.5,3.0
2025-11-03 19:00:00,PEPCO,16.6,7.8,56.0,0.0,9.7,1015.3,2.0
2025-11-03 20:00:00,PEPCO,16.7,6.8,52.0,0.0,10.8,1014.6,1.0
2025-11-03 21:00:00,PEPCO,15.9,7.6,58.0,0.0,9.0,1014.7,1.0
2025-11-03 22:00:00,PEPCO,13.9,8.1,68.0,0.0,14.4,1014.5,1.0
2025-11-03 23:00:00,PEPCO,13.5,5.1,57.0,0.0,21.2,1015.3,1.0
2025-11-04 00:00:00,PEPCO,13.2,3.0,50.0,0.0,19.8,1015.8,1.0
2025-11-04 01:00:00,PEPCO,12.4,2.8,52.0,0.0,19.4,1017.0,1.0
2025-11-04 02:00:00,PEPCO,11.6,2.6,54.0,0.0,20.2,1017.3,1.0
2025-11-04 03:00:00,PEPCO,11.1,2.7,56.0,0.0,20.9,1017.8,1.0
2025-11-04 04:00:00,PEPCO,10.8,2.9,58.0,0.0,20.9,1018.0,1.0
2025-11-04 05:00:00,PEPCO,10.5,3.1,60.0,0.0,19.8,1018.5,1.0
2025-11-04 06:00:00,PEPCO,10.1,3.1,62.0,0.0,19.1,1019.1,1.0
2025-11-04 07:00:00,PEPCO,9.8,2.9,62.0,0.0,17.6,1019.8,1.0
2025-11-04 08:00:00,PEPCO,9.2,2.1,61.0,0.0,15.8,1020.1,1.0
2025-11-04 09:00:00,PEPCO,8.5,1.4,61.0,0.0,14.4,1020.6,1.0
2025-11-04 10:00:00,PEPCO,7.8,1.0,62.0,0.0,13.7,1021.6,1.0
2025-11-04 11:00:00,PEPCO,7.3,0.9,64.0,0.0,13.7,1022.7,1.0
2025-11-04 12:00:00,PEPCO,7.0,0.7,64.0,0.0,13.7,1023.5,1.0
2025-11-04 13:00:00,PEPCO,8.5,1.4,61.0,0.0,14.0,1024.5,1.0
2025-11-04 14:00:00,PEPCO,10.4,2.2,57.0,0.0,13.7,1025.0,2.0
2025-11-04 15:00:00,PEPCO,12.0,1.9,50.0,0.0,16.6,1025.1,3.0
2025-11-04 16:00:00,PEPCO,13.1,1.4,45.0,0.0,16.9,1024.9,3.0
2025-11-04 17:00:00,PEPCO,13.9,1.2,42.0,0.0,17.3,1024.1,3.0
2025-11-04 18:00:00,PEPCO,14.3,0.9,40.0,0.0,18.0,1022.9,3.0
2025-11-04 19:00:00,PEPCO,14.8,0.2,37.0,0.0,19.1,1022.3,3.0
2025-11-04 20:00:00,PEPCO,14.9,-0.0,36.0,0.0,19.1,1022.1,3.0
2025-11-04 21:00:00,PEPCO,14.3,0.9,40.0,0.0,14.8,1022.3,3.0
2025-11-04 22:00:00,PEPCO,12.4,0.8,45.0,0.0,11.9,1022.8,1.0
2025-11-04 23:00:00,PEPCO,11.5,2.0,52.0,0.0,11.5,1023.8,1.0
2025-11-05 00:00:00,PEPCO,10.8,1.6,53.0,0.0,11.5,1024.2,1.0
2025-11-05 01:00:00,PEPCO,10.1,1.5,55.0,0.0,10.4,1024.4,2.0
2025-11-05 02:00:00,PEPCO,9.4,1.3,57.0,0.0,10.1,1024.8,2.0
2025-11-05 03:00:00,PEPCO,8.9,1.3,59.0,0.0,10.1,1025.0,1.0
2025-11-05 04:00:00,PEPCO,8.4,1.1,60.0,0.0,10.1,1024.7,1.0
2025-11-05 05:00:00,PEPCO,7.8,1.0,62.0,0.0,9.4,1024.0,1.0
2025-11-05 06:00:00,PEPCO,7.3,0.9,64.0,0.0,9.0,1023.6,1.0
2025-11-05 07:00:00,PEPCO,6.9,0.8,65.0,0.0,7.6,1023.2,1.0
2025-11-05 08:00:00,PEPCO,6.3,0.8,68.0,0.0,6.8,1022.6,1.0
2025-11-05 09:00:00,PEPCO,5.8,1.0,71.0,0.0,6.5,1021.9,1.0
2025-11-05 10:00:00,PEPCO,6.0,1.5,73.0,0.0,9.4,1021.7,1.0
2025-11-05 11:00:00,PEPCO,6.0,2.1,76.0,0.0,10.4,1021.2,1.0
2025-11-05 12:00:00,PEPCO,6.1,2.6,78.0,0.0,10.4,1020.7,1.0
2025-11-05 13:00:00,PEPCO,7.7,3.7,76.0,0.0,12.6,1020.0,1.0
2025-11-05 14:00:00,PEPCO,9.5,4.9,73.0,0.0,13.3,1019.2,1.0
2025-11-05 15:00:00,PEPCO,12.0,5.8,66.0,0.0,16.2,1017.4,1.0
2025-11-05 16:00:00,PEPCO,14.4,6.5,59.0,0.0,18.7,1015.6,3.0
2025-11-05 17:00:00,PEPCO,16.1,7.1,55.0,0.0,18.7,1013.7,3.0
2025-11-05 18:00:00,PEPCO,17.5,7.2,51.0,0.0,19.1,1011.4,3.0
2025-11-05 19:00:00,PEPCO,18.1,7.8,51.0,0.0,20.2,1009.3,3.0
2025-11-05 20:00:00,PEPCO,18.3,8.3,52.0,0.0,22.3,1007.8,3.0
2025-11-05 21:00:00,PEPCO,18.1,7.8,51.0,0.0,22.3,1007.9,3.0
2025-11-05 22:00:00,PEPCO,17.2,7.8,54.0,0.0,21.2,1007.6,1.0
2025-11-05 23:00:00,PEPCO,16.8,8.0,56.0,0.0,20.9,1007.7,3.0
2025-11-06 00:00:00,PEPCO,16.0,8.2,60.0,0.0,20.5,1007.9,1.0
2025-11-06 01:00:00,PEPCO,15.5,8.5,63.0,0.0,18.7,1008.2,1.0
2025-11-06 02:00:00,PEPCO,15.4,7.9,61.0,0.0,19.8,1008.5,1.0
2025-11-06 03:00:00,PEPCO,15.6,7.6,59.0,0.0,25.9,1009.5,2.0
2025-11-06 04:00:00,PEPCO,15.2,9.8,70.0,0.0,30.6,1011.3,2.0
2025-11-06 05:00:00,PEPCO,13.2,6.1,62.0,0.0,25.6,1012.7,2.0
2025-11-06 06:00:00,PEPCO,11.6,4.8,63.0,0.0,22.0,1014.4,1.0
2025-11-06 07:00:00,PEPCO,10.3,4.0,65.0,0.0,20.5,1015.8,1.0
2025-11-06 08:00:00,PEPCO,9.3,3.1,65.0,0.0,19.4,1016.5,1.0
2025-11-06 09:00:00,PEPCO,8.7,2.5,65.0,0.0,19.4,1017.6,1.0
2025-11-06 10:00:00,PEPCO,8.1,2.1,66.0,0.0,17.6,1018.8,1.0
2025-11-06 11:00:00,PEPCO,7.5,1.6,66.0,0.0,16.9,1019.6,1.0
2025-11-06 12:00:00,PEPCO,7.0,0.4,63.0,0.0,16.6,1020.5,1.0
2025-11-06 13:00:00,PEPCO,7.9,0.6,60.0,0.0,15.5,1021.2,1.0
2025-11-06 14:00:00,PEPCO,9.1,0.3,54.0,0.0,18.7,1021.9,1.0
2025-11-06 15:00:00,PEPCO,10.2,0.2,50.0,0.0,19.1,1022.1,1.0
2025-11-06 16:00:00,PEPCO,11.1,-0.1,46.0,0.0,17.3,1021.8,1.0
2025-11-06 17:00:00,PEPCO,11.9,-0.6,42.0,0.0,18.0,1021.4,1.0
2025-11-06 18:00:00,PEPCO,12.6,-1.0,39.0,0.0,17.6,1020.5,1.0
2025-11-06 19:00:00,PEPCO,13.7,-2.3,33.0,0.0,17.3,1020.8,1.0
2025-11-06 20:00:00,PEPCO,13.5,-2.9,32.0,0.0,16.9,1020.5,1.0
2025-11-06 21:00:00,PEPCO,12.8,-1.9,36.0,0.0,13.3,1020.7,1.0
2025-11-06 22:00:00,PEPCO,10.4,0.4,50.0,0.0,7.2,1020.9,1.0
2025-11-06 23:00:00,PEPCO,9.2,1.4,58.0,0.0,6.5,1021.3,1.0
2025-11-07 00:00:00,PEPCO,8.6,1.0,59.0,0.0,6.8,1021.7,1.0
2025-11-07 01:00:00,PEPCO,7.9,0.8,61.0,0.0,6.1,1021.9,1.0
2025-11-07 02:00:00,PEPCO,7.2,0.8,64.0,0.0,6.5,1022.1,1.0
2025-11-07 03:00:00,PEPCO,6.5,0.8,67.0,0.0,6.5,1022.2,2.0
2025-11-07 04:00:00,PEPCO,5.9,0.7,69.0,0.0,6.1,1022.0,1.0
2025-11-07 05:00:00,PEPCO,5.4,0.4,70.0,0.0,4.3,1021.5,2.0
2025-11-07 06:00:00,PEPCO,5.0,0.4,72.0,0.0,5.4,1021.0,3.0
2025-11-07 07:00:00,PEPCO,5.2,0.6,72.0,0.0,7.2,1020.8,3.0
2025-11-07 08:00:00,PEPCO,4.9,0.5,73.0,0.0,7.9,1020.2,3.0
2025-11-07 09:00:00,PEPCO,4.6,0.6,75.0,0.0,7.6,1019.5,3.0
2025-11-07 10:00:00,PEPCO,4.9,1.2,77.0,0.0,9.4,1019.2,2.0
2025-11-07 11:00:00,PEPCO,5.4,1.3,75.0,0.0,11.5,1018.7,2.0
2025-11-07 12:00:00,PEPCO,5.4,0.6,71.0,0.0,13.3,1018.1,3.0
2025-11-07 13:00:00,PEPCO,6.8,0.7,65.0,0.0,15.1,1018.1,2.0
2025-11-07 14:00:00,PEPCO,8.7,1.1,59.0,0.0,14.8,1017.4,3.0
2025-11-07 15:00:00,PEPCO,11.0,1.3,51.0,0.0,16.2,1016.6,3.0
2025-11-07 16:00:00,PEPCO,13.0,1.0,44.0,0.0,19.1,1015.4,3.0
2025-11-07 17:00:00,PEPCO,13.5,-0.2,39.0,0.0,19.8,1013.9,3.0
2025-11-07 18:00:00,PEPCO,14.8,-0.1,36.0,0.0,21.2,1011.8,3.0
2025-11-07 19:00:00,PEPCO,15.2,1.7,40.0,0.0,22.7,1010.1,3.0
2025-11-07 20:00:00,PEPCO,15.5,2.6,42.0,0.0,22.0,1008.7,3.0
2025-11-07 21:00:00,PEPCO,15.3,3.7,46.0,0.0,22.3,1007.6,3.0
2025-11-07 22:00:00,PEPCO,14.7,5.5,54.0,0.0,22.3,1006.7,3.0
2025-11-07 23:00:00,PEPCO,14.7,7.3,61.0,0.0,21.2,1006.6,3.0
2025-11-08 00:00:00,PEPCO,14.7,8.9,68.0,0.0,20.5,1007.0,3.0
2025-11-08 01:00:00,PEPCO,14.7,9.7,72.0,0.0,20.9,1006.4,3.0
2025-11-08 02:00:00,PEPCO,14.8,10.6,76.0,0.0,20.2,1006.3,3.0
2025-11-08 03:00:00,PEPCO,14.9,11.1,78.0,0.0,20.5,1006.1,3.0
2025-11-08 04:00:00,PEPCO,14.8,11.6,81.0,0.3,22.3,1005.5,8.0
2025-11-08 05:00:00,PEPCO,13.5,12.4,93.0,1.8,21.2,1005.3,9.0
2025-11-08 06:00:00,PEPCO,13.3,12.5,95.0,1.8,16.9,1005.5,9.0
2025-11-08 07:00:00,PEPCO,13.1,12.5,96.0,2.0,16.2,1005.2,9.0
2025-11-08 08:00:00,PEPCO,13.0,12.4,96.0,1.8,15.8,1005.0,9.0
2025-11-08 09:00:00,PEPCO,12.5,12.0,97.0,0.6,11.9,1004.9,8.0
2025-11-08 10:00:00,PEPCO,12.1,11.8,98.0,0.0,11.2,1005.4,3.0
2025-11-08 11:00:00,PEPCO,11.3,11.0,98.0,0.0,9.7,1006.0,2.0
2025-11-08 12:00:00,PEPCO,10.7,10.2,97.0,0.0,10.8,1006.8,1.0
2025-11-08 13:00:00,PEPCO,12.2,10.9,92.0,0.0,14.0,1008.1,1.0
2025-11-08 14:00:00,PEPCO,14.3,12.3,88.0,0.0,11.5,1008.8,1.0
2025-11-08 15:00:00,PEPCO,15.8,11.6,76.0,0.0,12.6,1009.8,1.0
2025-11-08 16:00:00,PEPCO,17.0,10.1,64.0,0.0,10.1,1009.5,1.0
2025-11-08 17:00:00,PEPCO,18.0,9.3,57.0,0.0,7.9,1009.6,1.0
2025-11-08 18:00:00,PEPCO,18.6,8.5,52.0,0.0,6.1,1008.8,1.0
2025-11-08 19:00:00,PEPCO,18.9,7.9,49.0,0.0,7.2,1008.9,1.0
2025-11-08 20:00:00,PEPCO,18.8,7.6,48.0,0.0,5.8,1008.9,1.0
2025-11-08 21:00:00,PEPCO,17.9,10.5,62.0,0.0,2.2,1009.3,3.0
2025-11-08 22:00:00,PEPCO,15.7,9.6,67.0,0.0,5.0,1009.6,3.0
2025-11-08 23:00:00,PEPCO,15.0,9.1,68.0,0.0,9.7,1010.4,3.0
2025-11-09 00:00:00,PEPCO,13.7,8.7,72.0,0.0,10.8,1011.1,2.0
2025-11-09 01:00:00,PEPCO,13.0,8.9,76.0,0.0,11.5,1011.0,3.0
2025-11-09 02:00:00,PEPCO,12.8,8.7,76.0,0.0,12.2,1010.9,3.0
2025-11-09 03:00:00,PEPCO,12.4,8.3,76.0,0.0,11.9,1011.2,2.0
2025-11-09 04:00:00,PEPCO,12.0,8.3,78.0,0.0,11.5,1011.0,1.0
2025-11-09 05:00:00,PEPCO,11.7,8.4,80.0,0.0,11.5,1010.7,1.0
2025-11-09 06:00:00,PEPCO,11.2,8.2,82.0,0.0,10.8,1010.6,1.0
2025-11-09 07:00:00,PEPCO,10.5,8.3,86.0,0.0,8.6,1010.5,2.0
2025-11-09 08:00:00,PEPCO,9.9,8.0,88.0,0.0,7.2,1010.2,1.0
2025-11-09 09:00:00,PEPCO,9.6,7.7,88.0,0.0,6.5,1009.7,1.0
2025-11-09 10:00:00,PEPCO,9.5,7.4,87.0,0.0,6.1,1009.6,3.0
2025-11-09 11:00:00,PEPCO,9.4,7.3,87.0,0.0,5.8,1009.4,2.0
2025-11-09 12:00:00,PEPCO,9.5,7.6,88.0,0.0,6.1,1009.2,3.0
2025-11-09 13:00:00,PEPCO,11.8,10.4,91.0,0.0,8.3,1009.2,3.0
2025-11-09 14:00:00,PEPCO,13.8,11.7,87.0,0.0,7.6,1008.8,2.0
2025-11-09 15:00:00,PEPCO,15.7,12.8,83.0,0.0,9.4,1007.8,3.0
2025-11-09 16:00:00,PEPCO,17.5,13.2,76.0,0.1,11.9,1007.2,17.0
2025-11-09 17:00:00,PEPCO,18.1,13.6,75.0,0.1,12.6,1006.5,17.0
2025-11-09 18:00:00,PEPCO,20.0,13.7,67.0,0.0,16.2,1005.1,2.0
2025-11-09 19:00:00,PEPCO,20.1,13.5,66.0,0.0,14.8,1004.5,3.0
2025-11-09 20:00:00,PEPCO,20.5,13.7,65.0,0.0,15.5,1004.1,2.0
2025-11-09 21:00:00,PEPCO,19.8,13.7,68.0,0.0,14.4,1004.0,2.0
2025-11-09 22:00:00,PEPCO,16.6,13.5,82.0,0.3,11.5,1004.9,17.0
2025-11-09 23:00:00,PEPCO,15.1,13.3,89.0,0.0,11.5,1005.1,2.0
2025-11-10 00:00:00,PEPCO,14.1,12.5,90.0,0.0,11.2,1005.5,1.0
2025-11-10 01:00:00,PEPCO,13.4,11.8,90.0,0.3,11.5,1005.8,17.0
2025-11-10 02:00:00,PEPCO,13.7,11.0,84.0,0.0,18.4,1006.4,3.0
2025-11-10 03:00:00,PEPCO,12.7,8.4,75.0,0.0,16.6,1007.2,3.0
2025-11-10 04:00:00,PEPCO,12.1,7.8,75.0,0.2,16.2,1007.5,7.0
2025-11-10 05:00:00,PEPCO,11.4,6.5,72.0,0.0,17.6,1007.3,3.0
2025-11-10 06:00:00,PEPCO,10.5,5.7,72.0,0.0,15.5,1007.2,3.0
2025-11-10 07:00:00,PEPCO,10.2,4.8,69.0,0.0,15.8,1006.8,3.0
2025-11-10 08:00:00,PEPCO,9.9,4.5,69.0,0.0,15.1,1006.8,3.0
2025-11-10 09:00:00,PEPCO,9.6,4.0,68.0,0.0,14.4,1006.8,3.0
2025-11-10 10:00:00,PEPCO,8.7,3.5,70.0,0.0,15.8,1007.1,3.0
2025-11-10 11:00:00,PEPCO,6.3,0.6,67.0,0.0,17.3,1008.5,3.0
2025-11-10 12:00:00,PEPCO,6.1,0.2,66.0,0.0,18.0,1008.8,3.0
2025-11-10 13:00:00,PEPCO,6.1,-0.2,64.0,0.0,18.4,1009.3,3.0
2025-11-10 14:00:00,PEPCO,6.5,-0.0,63.0,0.0,19.8,1009.4,3.0
2025-11-10 15:00:00,PEPCO,7.3,-0.4,58.0,0.0,21.6,1009.2,3.0
2025-11-10 16:00:00,PEPCO,8.2,-0.8,53.0,0.0,22.7,1008.9,3.0
2025-11-10 17:00:00,PEPCO,8.9,-1.0,50.0,0.0,23.0,1008.4,2.0
2025-11-10 18:00:00,PEPCO,9.0,-1.7,47.0,0.0,22.3,1007.5,1.0
2025-11-10 19:00:00,PEPCO,8.7,-2.6,45.0,0.0,22.0,1007.5,2.0
2025-11-10 20:00:00,PEPCO,8.0,-3.2,45.0,0.0,21.2,1008.1,3.0
2025-11-10 21:00:00,PEPCO,7.0,-3.8,46.0,0.0,20.9,1008.7,3.0
2025-11-10 22:00:00,PEPCO,5.8,-3.8,50.0,0.0,18.0,1009.3,3.0
2025-11-10 23:00:00,PEPCO,4.7,-4.3,52.0,0.0,17.6,1009.8,3.0
2025-11-11 00:00:00,PEPCO,3.9,-5.1,52.0,0.0,16.2,1010.4,3.0
2025-11-11 01:00:00,PEPCO,3.1,-6.0,51.0,0.0,16.2,1010.9,1.0
2025-11-11 02:00:00,PEPCO,2.3,-6.5,52.0,0.0,15.8,1011.8,1.0
2025-11-11 03:00:00,PEPCO,1.6,-6.7,54.0,0.0,15.5,1012.2,1.0
2025-11-11 04:00:00,PEPCO,1.0,-6.8,56.0,0.0,15.1,1012.1,1.0
2025-11-11 05:00:00,PEPCO,0.6,-6.7,58.0,0.0,15.1,1011.9,1.0
2025-11-11 06:00:00,PEPCO,0.5,-6.6,59.0,0.0,15.8,1011.8,3.0
2025-11-11 07:00:00,PEPCO,0.8,-6.5,58.0,0.0,19.1,1011.9,3.0
2025-11-11 08:00:00,PEPCO,-0.6,-7.0,62.0,0.0,21.2,1012.4,3.0
2025-11-11 09:00:00,PEPCO,-1.2,-7.5,62.0,0.0,20.2,1012.8,1.0
2025-11-11 10:00:00,PEPCO,-1.7,-8.9,58.0,0.0,20.9,1013.1,1.0
2025-11-11 11:00:00,PEPCO,-2.0,-9.8,55.0,0.0,21.2,1013.7,1.0
2025-11-11 12:00:00,PEPCO,-2.0,-9.6,56.0,0.0,22.7,1014.3,1.0
2025-11-11 13:00:00,PEPCO,-0.9,-8.3,57.0,0.0,20.9,1015.3,3.0
2025-11-11 14:00:00,PEPCO,0.3,-8.4,52.0,0.0,27.4,1015.8,3.0
2025-11-11 15:00:00,PEPCO,1.7,-9.5,43.0,0.0,28.8,1016.0,3.0
2025-11-11 16:00:00,PEPCO,2.8,-7.9,45.0,0.0,27.7,1015.9,1.0
2025-11-11 17:00:00,PEPCO,4.0,-7.7,42.0,0.0,30.6,1015.1,1.0
2025-11-11 18:00:00,PEPCO,5.6,-7.9,37.0,0.0,37.1,1014.7,2.0
2025-11-11 19:00:00,PEPCO,5.9,-7.3,38.0,0.0,33.5,1014.5,3.0
2025-11-11 20:00:00,PEPCO,5.6,-6.6,41.0,0.0,32.0,1015.1,3.0
2025-11-11 21:00:00,PEPCO,5.0,-6.2,44.0,0.0,27.0,1016.2,3.0
2025-11-11 22:00:00,PEPCO,3.9,-5.8,49.0,0.0,19.1,1016.9,2.0
2025-11-11 23:00:00,PEPCO,3.2,-5.7,52.0,0.0,13.7,1017.1,1.0
2025-11-12 00:00:00,PEPCO,2.6,-5.5,55.0,0.0,14.0,1017.4,1.0
2025-11-12 01:00:00,PEPCO,2.2,-5.7,56.0,0.0,14.0,1017.7,1.0
2025-11-12 02:00:00,PEPCO,1.7,-5.4,59.0,0.0,12.2,1017.5,3.0
2025-11-12 03:00:00,PEPCO,1.5,-5.0,62.0,0.0,10.8,1017.2,3.0
2025-11-12 04:00:00,PEPCO,1.5,-5.2,61.0,0.0,11.5,1016.5,3.0
2025-11-12 05:00:00,PEPCO,2.3,-5.3,57.0,0.0,11.9,1016.1,3.0
2025-11-12 06:00:00,PEPCO,3.4,-5.3,53.0,0.0,13.0,1015.5,3.0
2025-11-12 07:00:00,PEPCO,3.9,-5.3,51.0,0.0,13.0,1014.6,3.0
2025-11-12 08:00:00,PEPCO,4.2,-5.3,50.0,0.0,14.0,1013.7,3.0
2025-11-12 09:00:00,PEPCO,4.3,-5.2,50.0,0.0,16.2,1013.0,3.0
2025-11-12 10:00:00,PEPCO,3.8,-5.7,50.0,0.0,16.9,1012.8,2.0
2025-11-12 11:00:00,PEPCO,3.6,-5.6,51.0,0.0,17.6,1012.4,1.0
2025-11-12 12:00:00,PEPCO,3.4,-5.5,52.0,0.0,17.6,1012.2,1.0
2025-11-12 13:00:00,PEPCO,4.4,-4.3,53.0,0.0,16.9,1012.2,1.0
2025-11-12 14:00:00,PEPCO,6.0,-3.1,52.0,0.0,15.8,1012.2,2.0
2025-11-12 15:00:00,PEPCO,7.8,-2.0,50.0,0.0,16.9,1011.8,2.0
2025-11-12 16:00:00,PEPCO,9.5,-1.3,47.0,0.0,16.9,1010.8,3.0
2025-11-12 17:00:00,PEPCO,10.9,-0.6,45.0,0.0,18.0,1009.4,2.0
2025-11-12 18:00:00,PEPCO,12.1,0.2,44.0,0.0,19.4,1008.3,2.0
2025-11-12 19:00:00,PEPCO,13.0,1.0,44.0,0.0,25.6,1007.9,2.0
2025-11-12 20:00:00,PEPCO,12.9,2.2,48.0,0.0,19.1,1007.6,3.0
2025-11-12 21:00:00,PEPCO,12.8,2.1,48.0,0.0,19.8,1008.1,2.0
2025-11-12 22:00:00,PEPCO,11.1,1.9,53.0,0.0,17.6,1009.0,1.0
2025-11-12 23:00:00,PEPCO,11.1,1.6,52.0,0.0,15.1,1010.1,3.0
2025-11-13 00:00:00,PEPCO,10.4,1.7,55.0,0.0,13.7,1010.6,3.0
2025-11-13 01:00:00,PEPCO,9.9,1.5,56.0,0.0,16.9,1011.2,3.0
2025-11-13 02:00:00,PEPCO,9.4,1.1,56.0,0.0,20.5,1012.0,2.0
2025-11-13 03:00:00,PEPCO,8.8,1.0,58.0,0.0,21.2,1012.9,3.0
2025-11-13 04:00:00,PEPCO,9.2,0.9,56.0,0.0,19.1,1013.3,3.0
2025-11-13 05:00:00,PEPCO,8.4,0.6,58.0,0.0,18.0,1013.8,1.0
2025-11-13 06:00:00,PEPCO,7.3,0.5,62.0,0.0,16.2,1014.1,1.0
2025-11-13 07:00:00,PEPCO,6.8,0.3,63.0,0.0,17.6,1014.6,1.0
2025-11-13 08:00:00,PEPCO,6.4,-0.6,61.0,0.0,17.6,1015.1,1.0
2025-11-13 09:00:00,PEPCO,5.9,-1.0,61.0,0.0,15.1,1015.4,1.0
2025-11-13 10:00:00,PEPCO,5.4,-1.1,63.0,0.0,14.8,1015.9,1.0
2025-11-13 11:00:00,PEPCO,4.9,-1.1,65.0,0.0,13.7,1016.1,1.0
2025-11-13 12:00:00,PEPCO,4.5,-1.1,67.0,0.0,13.0,1016.5,1.0
2025-11-13 13:00:00,PEPCO,5.9,-0.6,63.0,0.0,14.4,1017.1,1.0
2025-11-13 14:00:00,PEPCO,8.0,0.2,58.0,0.0,14.4,1017.3,1.0
2025-11-13 15:00:00,PEPCO,9.6,-0.6,49.0,0.0,22.3,1017.0,1.0
2025-11-13 16:00:00,PEPCO,10.1,-1.0,46.0,0.0,22.7,1016.4,1.0
2025-11-13 17:00:00,PEPCO,10.9,-1.2,43.0,0.0,23.4,1016.0,1.0
2025-11-13 18:00:00,PEPCO,11.3,-1.1,42.0,0.0,21.2,1015.6,1.0
2025-11-13 19:00:00,PEPCO,11.7,-1.5,40.0,0.0,20.5,1015.4,1.0
2025-11-13 20:00:00,PEPCO,11.7,-1.8,39.0,0.0,20.2,1015.6,1.0
2025-11-13 21:00:00,PEPCO,11.1,-1.7,41.0,0.0,16.6,1016.2,1.0
2025-11-13 22:00:00,PEPCO,9.4,-1.6,46.0,0.0,12.6,1016.6,1.0
2025-11-13 23:00:00,PEPCO,8.2,-1.3,51.0,0.0,13.3,1017.3,1.0
2025-11-14 00:00:00,PEPCO,7.6,-1.4,53.0,0.0,13.7,1018.0,1.0
2025-11-14 01:00:00,PEPCO,6.9,-1.0,57.0,0.0,11.9,1018.2,1.0
2025-11-14 02:00:00,PEPCO,6.9,-1.8,54.0,0.0,11.5,1019.3,1.0
2025-11-14 03:00:00,PEPCO,6.3,-1.6,57.0,0.0,10.4,1019.8,1.0
2025-11-14 04:00:00,PEPCO,5.7,-1.5,60.0,0.0,10.1,1020.0,1.0
2025-11-14 05:00:00,PEPCO,5.0,-1.2,64.0,0.0,9.7,1020.4,1.0
2025-11-14 06:00:00,PEPCO,4.5,-1.3,66.0,0.0,9.7,1020.4,3.0
2025-11-14 07:00:00,PEPCO,4.2,-1.4,67.0,0.0,9.7,1020.7,3.0
2025-11-14 08:00:00,PEPCO,4.0,-1.2,69.0,0.0,10.4,1021.0,1.0
2025-11-14 09:00:00,PEPCO,3.8,-1.2,70.0,0.0,10.4,1021.2,1.0
2025-11-14 10:00:00,PEPCO,3.6,-1.4,70.0,0.0,10.8,1021.7,1.0
2025-11-14 11:00:00,PEPCO,3.5,-1.3,71.0,0.0,11.2,1022.1,1.0
2025-11-14 12:00:00,PEPCO,3.3,-1.1,73.0,0.0,11.9,1022.3,1.0
2025-11-14 13:00:00,PEPCO,4.7,-0.5,69.0,0.0,12.6,1023.0,2.0
2025-11-14 14:00:00,PEPCO,7.0,0.4,63.0,0.0,11.2,1022.9,1.0
2025-11-14 15:00:00,PEPCO,9.1,0.8,56.0,0.0,13.7,1022.5,1.0
2025-11-14 16:00:00,PEPCO,10.5,0.2,49.0,0.0,14.8,1022.0,1.0
2025-11-14 17:00:00,PEPCO,11.5,-0.6,43.0,0.0,13.7,1020.7,2.0
2025-11-14 18:00:00,PEPCO,12.3,-1.3,39.0,0.0,13.0,1019.4,1.0
2025-11-14 19:00:00,PEPCO,12.9,-1.8,36.0,0.0,13.7,1018.4,2.0
2025-11-14 20:00:00,PEPCO,12.6,-2.1,36.0,0.0,13.3,1018.0,3.0
2025-11-14 21:00:00,PEPCO,11.8,-0.7,42.0,0.0,9.0,1017.6,3.0
2025-11-14 22:00:00,PEPCO,10.6,1.7,54.0,0.0,6.1,1017.0,3.0
2025-11-14 23:00:00,PEPCO,9.2,1.4,58.0,0.0,6.5,1016.7,3.0
2025-11-15 00:00:00,PEPCO,8.9,1.8,61.0,0.0,5.4,1016.4,3.0
2025-11-15 01:00:00,PEPCO,8.8,1.0,58.0,0.0,7.9,1016.0,3.0
2025-11-15 02:00:00,PEPCO,8.6,1.7,62.0,0.0,6.5,1015.5,3.0
2025-11-15 03:00:00,PEPCO,8.5,1.6,62.0,0.0,6.8,1015.0,3.0
2025-11-15 04:00:00,PEPCO,8.6,2.4,65.0,0.0,5.0,1014.3,3.0
2025-11-15 05:00:00,PEPCO,8.8,2.6,65.0,0.0,4.3,1013.4,3.0
2025-11-15 06:00:00,PEPCO,8.9,2.7,65.0,0.0,5.0,1012.7,3.0
2025-11-15 07:00:00,PEPCO,7.8,1.4,64.0,0.0,7.9,1012.6,3.0
2025-11-15 08:00:00,PEPCO,7.3,0.9,64.0,0.0,9.0,1012.4,3.0
2025-11-15 09:00:00,PEPCO,7.1,0.3,62.0,0.0,9.4,1012.4,3.0
2025-11-15 10:00:00,PEPCO,6.8,0.0,62.0,0.0,7.9,1012.5,3.0
2025-11-15 11:00:00,PEPCO,5.9,0.7,69.0,0.0,6.1,1012.3,3.0
2025-11-15 12:00:00,PEPCO,5.6,1.1,73.0,0.0,4.3,1012.2,3.0
2025-11-15 13:00:00,PEPCO,6.8,1.5,69.0,0.0,4.7,1011.9,3.0
2025-11-15 14:00:00,PEPCO,9.0,1.9,61.0,0.0,1.8,1011.4,3.0
2025-11-15 15:00:00,PEPCO,10.3,2.4,58.0,0.0,2.2,1010.7,3.0
2025-11-15 16:00:00,PEPCO,10.8,2.9,58.0,0.0,3.6,1009.9,3.0
2025-11-15 17:00:00,PEPCO,12.0,3.7,57.0,0.0,4.7,1008.4,3.0
2025-11-15 18:00:00,PEPCO,13.6,4.7,55.0,0.0,6.8,1007.0,3.0
2025-11-15 19:00:00,PEPCO,14.1,5.7,57.0,0.0,9.0,1005.9,3.0
2025-11-15 20:00:00,PEPCO,14.8,6.9,59.0,0.0,8.3,1004.5,3.0
2025-11-15 21:00:00,PEPCO,14.3,7.8,65.0,0.0,9.7,1003.5,3.0
2025-11-15 22:00:00,PEPCO,14.2,7.3,63.0,0.0,11.9,1001.2,3.0
2025-11-15 23:00:00,PEPCO,14.9,8.8,67.0,0.0,14.4,999.8,3.0
2025-11-16 00:00:00,PEPCO,16.3,9.5,64.0,0.0,18.4,999.3,3.0
2025-11-16 01:00:00,PEPCO,16.0,10.5,70.0,0.2,16.6,998.2,7.0
2025-11-16 02:00:00,PEPCO,16.5,9.4,63.0,0.0,20.5,997.4,3.0
2025-11-16 03:00:00,PEPCO,16.7,9.4,62.0,0.0,19.4,996.4,3.0
2025-11-16 04:00:00,PEPCO,16.9,10.0,64.0,0.0,19.4,995.1,3.0
2025-11-16 05:00:00,PEPCO,17.3,10.7,65.0,0.0,20.2,994.5,3.0
2025-11-16 06:00:00,PEPCO,17.4,11.0,66.0,0.0,23.0,993.6,3.0
2025-11-16 07:00:00,PEPCO,17.2,11.7,70.0,0.0,21.2,993.6,3.0
2025-11-16 08:00:00,PEPCO,17.1,12.2,73.0,0.0,22.7,993.3,3.0
2025-11-16 09:00:00,PEPCO,16.5,11.8,74.0,0.0,20.9,993.8,3.0
2025-11-16 10:00:00,PEPCO,15.6,11.0,74.0,0.0,21.2,994.3,1.0
2025-11-16 11:00:00,PEPCO,14.6,9.6,72.0,0.0,22.7,995.3,2.0
2025-11-16 12:00:00,PEPCO,13.2,8.3,72.0,0.0,22.7,996.4,3.0
2025-11-16 13:00:00,PEPCO,12.1,4.8,61.0,0.0,25.2,997.5,1.0
2025-11-16 14:00:00,PEPCO,11.6,1.0,48.0,0.0,27.4,998.2,1.0
2025-11-16 15:00:00,PEPCO,12.2,0.6,45.0,0.0,32.8,998.6,1.0
2025-11-16 16:00:00,PEPCO,12.7,-1.6,37.0,0.0,32.4,998.8,3.0
2025-11-16 17:00:00,PEPCO,13.2,-3.1,32.0,0.0,29.9,998.3,1.0
2025-11-16 18:00:00,PEPCO,12.9,-4.7,29.0,0.0,29.9,998.2,1.0
2025-11-16 19:00:00,PEPCO,12.0,-5.0,30.0,0.0,29.9,998.7,1.0
2025-11-16 20:00:00,PEPCO,12.0,-5.9,28.0,0.0,36.0,999.5,1.0
2025-11-16 21:00:00,PEPCO,10.5,-5.1,33.0,0.0,30.2,1000.9,3.0
2025-11-16 22:00:00,PEPCO,9.3,-5.0,36.0,0.0,25.9,1002.1,2.0
2025-11-16 23:00:00,PEPCO,8.5,-5.0,38.0,0.0,24.1,1003.5,2.0
2025-11-17 00:00:00,PEPCO,7.6,-4.2,43.0,0.0,25.9,1004.8,1.0
2025-11-17 01:00:00,PEPCO,6.7,-4.1,46.0,0.0,23.0,1005.7,1.0
2025-11-17 02:00:00,PEPCO,6.3,-5.1,44.0,0.0,19.8,1006.5,1.0
2025-11-17 03:00:00,PEPCO,6.0,-5.9,42.0,0.0,18.0,1007.0,1.0
2025-11-17 04:00:00,PEPCO,5.5,-6.4,42.0,0.0,17.3,1007.5,1.0
2025-11-17 05:00:00,PEPCO,5.2,-6.4,43.0,0.0,18.0,1007.8,1.0
2025-11-17 06:00:00,PEPCO,5.0,-5.9,45.0,0.0,18.0,1008.0,2.0
2025-11-17 07:00:00,PEPCO,4.9,-5.5,47.0,0.0,16.9,1008.3,1.0
2025-11-17 08:00:00,PEPCO,4.8,-5.3,48.0,0.0,18.7,1008.6,2.0
2025-11-17 09:00:00,PEPCO,4.7,-5.6,47.0,0.0,20.9,1009.2,2.0
2025-11-17 10:00:00,PEPCO,4.5,-5.3,49.0,0.0,20.5,1010.0,2.0
2025-11-17 11:00:00,PEPCO,4.3,-5.5,49.0,0.0,19.8,1010.7,1.0
2025-11-17 12:00:00,PEPCO,4.2,-5.3,50.0,0.0,20.2,1011.6,1.0
2025-11-17 13:00:00,PEPCO,4.8,-5.0,49.0,0.0,21.2,1012.6,1.0
2025-11-17 14:00:00,PEPCO,5.7,-5.6,44.0,0.0,23.0,1013.1,1.0
2025-11-17 15:00:00,PEPCO,6.6,-6.0,40.0,0.0,27.0,1013.2,1.0
2025-11-17 16:00:00,PEPCO,7.6,-6.9,35.0,0.0,26.6,1013.2,3.0
2025-11-17 17:00:00,PEPCO,8.9,-7.7,30.0,0.0,25.9,1012.5,3.0
2025-11-17 18:00:00,PEPCO,9.4,-8.2,28.0,0.0,24.5,1012.9,2.0
2025-11-17 19:00:00,PEPCO,9.2,-7.5,30.0,0.0,22.3,1013.1,2.0
2025-11-17 20:00:00,PEPCO,9.0,-7.6,30.0,0.0,20.9,1013.6,1.0
2025-11-17 21:00:00,PEPCO,8.6,-7.6,31.0,0.0,17.6,1014.3,1.0
2025-11-17 22:00:00,PEPCO,7.4,-7.1,35.0,0.0,13.0,1015.5,1.0
2025-11-17 23:00:00,PEPCO,6.4,-6.5,39.0,0.0,11.5,1016.3,1.0
2025-11-18 00:00:00,PEPCO,5.6,-6.3,42.0,0.0,10.8,1017.1,1.0
2025-11-18 01:00:00,PEPCO,5.1,-6.1,44.0,0.0,11.2,1017.8,1.0
2025-11-18 02:00:00,PEPCO,4.7,-6.2,45.0,0.0,12.2,1018.8,1.0
2025-11-18 03:00:00,PEPCO,4.1,-5.9,48.0,0.0,11.5,1019.7,1.0
2025-11-18 04:00:00,PEPCO,3.5,-5.7,51.0,0.0,10.4,1020.3,1.0
2025-11-18 05:00:00,PEPCO,3.2,-5.7,52.0,0.0,11.5,1020.7,1.0
2025-11-18 06:00:00,PEPCO,2.7,-5.7,54.0,0.0,10.8,1021.1,1.0
2025-11-18 07:00:00,PEPCO,2.2,-5.2,58.0,0.0,9.7,1021.4,1.0
2025-11-18 08:00:00,PEPCO,1.8,-5.1,60.0,0.0,10.1,1021.7,1.0
2025-11-18 09:00:00,PEPCO,1.5,-5.0,62.0,0.0,10.1,1022.0,1.0
2025-11-18 10:00:00,PEPCO,1.2,-4.8,64.0,0.0,9.7,1022.4,1.0
2025-11-18 11:00:00,PEPCO,1.0,-4.6,66.0,0.0,9.7,1023.1,1.0
2025-11-18 12:00:00,PEPCO,0.7,-4.5,68.0,0.0,9.0,1023.6,2.0
2025-11-18 13:00:00,PEPCO,2.1,-4.2,63.0,0.0,8.6,1024.3,1.0
2025-11-18 14:00:00,PEPCO,4.2,-4.0,55.0,0.0,4.3,1024.8,3.0
2025-11-18 15:00:00,PEPCO,5.8,-4.1,49.0,0.0,4.7,1025.0,3.0
2025-11-18 16:00:00,PEPCO,6.7,-4.4,45.0,0.0,6.8,1025.2,3.0
2025-11-18 17:00:00,PEPCO,7.8,-5.0,40.0,0.0,7.2,1024.5,3.0
2025-11-18 18:00:00,PEPCO,7.6,-5.1,40.0,0.0,5.8,1022.8,3.0
2025-11-18 19:00:00,PEPCO,8.5,-5.0,38.0,0.0,5.4,1022.3,3.0
2025-11-18 20:00:00,PEPCO,8.5,-5.4,37.0,0.0,4.0,1021.9,3.0
2025-11-18 21:00:00,PEPCO,8.3,-4.5,40.0,0.0,5.4,1022.0,3.0
2025-11-18 22:00:00,PEPCO,7.8,-3.1,46.0,0.0,6.1,1022.0,3.0
2025-11-18 23:00:00,PEPCO,7.5,-2.5,49.0,0.1,7.9,1022.5,7.0
2025-11-19 00:00:00,PEPCO,6.4,-0.8,60.0,1.2,8.3,1022.4,9.0
2025-11-19 01:00:00,PEPCO,5.5,2.5,81.0,1.2,10.1,1022.3,9.0
2025-11-19 02:00:00,PEPCO,5.0,3.7,91.0,1.5,10.4,1021.9,9.0
2025-11-19 03:00:00,PEPCO,5.5,3.8,89.0,0.0,12.6,1021.7,3.0
2025-11-19 04:00:00,PEPCO,5.3,3.8,90.0,0.3,11.2,1021.7,8.0
2025-11-19 05:00:00,PEPCO,5.0,4.4,96.0,1.1,11.5,1020.9,9.0
2025-11-19 06:00:00,PEPCO,5.5,4.5,93.0,0.0,10.8,1020.4,3.0
2025-11-19 07:00:00,PEPCO,5.7,5.3,97.0,0.2,9.7,1020.2,7.0
2025-11-19 08:00:00,PEPCO,6.3,5.6,95.0,0.1,10.1,1019.7,7.0
2025-11-19 09:00:00,PEPCO,6.5,5.9,96.0,0.0,8.3,1019.3,3.0
2025-11-19 10:00:00,PEPCO,6.6,6.0,96.0,0.0,6.1,1019.7,3.0
2025-11-19 11:00:00,PEPCO,6.8,6.1,95.0,0.0,6.5,1020.2,3.0
2025-11-19 12:00:00,PEPCO,6.9,6.3,96.0,0.0,5.4,1020.5,3.0
2025-11-19 13:00:00,PEPCO,7.3,6.6,95.0,0.0,6.8,1021.1,3.0
2025-11-19 14:00:00,PEPCO,8.2,6.8,91.0,0.0,6.5,1021.4,3.0
2025-11-19 15:00:00,PEPCO,9.6,6.7,82.0,0.0,7.2,1021.8,3.0
2025-11-19 16:00:00,PEPCO,10.5,6.3,75.0,0.0,10.4,1021.9,3.0
2025-11-19 17:00:00,PEPCO,11.0,5.9,71.0,0.0,10.8,1021.6,3.0
2025-11-19 18:00:00,PEPCO,11.4,5.7,68.0,0.0,9.4,1021.1,3.0
2025-11-19 19:00:00,PEPCO,11.3,5.6,68.0,0.0,9.0,1020.9,3.0
2025-11-19 20:00:00,PEPCO,11.0,5.7,70.0,0.0,9.4,1021.1,3.0
2025-11-19 21:00:00,PEPCO,10.4,5.6,72.0,0.0,9.7,1021.6,3.0
2025-11-19 22:00:00,PEPCO,9.2,5.6,78.0,0.0,9.0,1022.0,3.0
2025-11-19 23:00:00,PEPCO,8.5,5.4,81.0,0.0,10.4,1022.5,3.0
2025-11-20 00:00:00,PEPCO,8.4,5.2,80.0,0.0,10.8,1022.8,3.0
2025-11-20 01:00:00,PEPCO,8.1,4.9,80.0,0.0,10.4,1023.0,3.0
2025-11-20 02:00:00,PEPCO,7.7,4.8,82.0,0.0,9.4,1023.4,3.0
2025-11-20 03:00:00,PEPCO,7.3,4.8,84.0,0.0,9.7,1023.4,3.0
2025-11-20 04:00:00,PEPCO,6.5,4.5,87.0,0.0,9.0,1023.2,3.0
2025-11-20 05:00:00,PEPCO,6.0,4.5,90.0,0.0,8.3,1022.9,3.0
2025-11-20 06:00:00,PEPCO,5.5,4.1,91.0,0.0,8.6,1022.9,2.0
2025-11-20 07:00:00,PEPCO,7.1,3.9,80.0,,9.3,1023.0,4.0
2025-11-20 08:00:00,PEPCO,6.8,3.8,81.0,,9.3,1023.0,4.0
2025-11-20 09:00:00,PEPCO,7.0,4.0,81.0,,9.3,1023.1,4.0
2025-11-20 10:00:00,PEPCO,7.1,3.9,80.0,,9.3,1023.3,4.0
2025-11-20 11:00:00,PEPCO,7.2,4.0,80.0,,9.3,1023.5,4.0
2025-11-20 12:00:00,PEPCO,5.9,4.4,90.0,,6.1,1023.2,4.0
2025-11-20 13:00:00,PEPCO,8.8,4.6,75.0,,9.3,1023.9,4.0
2025-11-20 14:00:00,PEPCO,9.4,5.0,74.0,,9.3,1024.1,4.0
2025-11-20 15:00:00,PEPCO,9.9,5.5,74.0,,9.3,1023.3,4.0
2025-11-20 16:00:00,PEPCO,10.7,5.7,71.0,,9.3,1022.6,4.0
2025-11-20 17:00:00,PEPCO,11.4,5.7,68.0,,7.4,1021.9,4.0
2025-11-20 18:00:00,PEPCO,10.3,6.1,75.0,,2.9,1021.7,4.0
2025-11-20 19:00:00,PEPCO,11.6,5.9,68.0,,7.4,1021.2,4.0
2025-11-20 20:00:00,PEPCO,11.6,5.9,68.0,,7.4,1020.9,4.0
2025-11-20 21:00:00,PEPCO,11.0,5.9,71.0,,7.4,1020.9,4.0
2025-11-20 22:00:00,PEPCO,10.4,6.2,75.0,,7.4,1021.0,4.0
2025-11-20 23:00:00,PEPCO,9.8,6.3,79.0,,7.4,1021.0,4.0
2025-11-21 00:00:00,PEPCO,8.6,6.9,89.0,,2.9,1021.4,4.0
2025-11-21 01:00:00,PEPCO,9.3,6.4,82.0,,5.5,1021.0,4.0
2025-11-21 02:00:00,PEPCO,8.9,6.5,85.0,,3.7,1020.7,4.0
2025-11-21 03:00:00,PEPCO,8.7,6.5,86.0,,3.7,1020.6,4.0
2025-11-21 04:00:00,PEPCO,8.5,6.5,87.0,,3.7,1020.2,4.0
2025-11-21 05:00:00,PEPCO,8.3,6.4,88.0,,3.7,1019.7,4.0
2025-11-21 06:00:00,PEPCO,6.6,5.4,92.0,,1.1,1019.8,4.0
2025-11-21 07:00:00,PEPCO,8.0,6.5,90.0,,3.7,1019.2,4.0
2025-11-21 08:00:00,PEPCO,7.9,6.5,91.0,,3.7,1019.1,4.0
2025-11-21 09:00:00,PEPCO,7.8,6.6,92.0,,5.5,1019.0,4.0
2025-11-21 10:00:00,PEPCO,8.0,6.6,91.0,,5.5,1018.8,4.0
2025-11-21 11:00:00,PEPCO,8.2,6.7,90.0,,5.5,1018.6,4.0
2025-11-21 12:00:00,PEPCO,6.2,5.8,97.0,,6.5,1017.9,4.0
2025-11-21 13:00:00,PEPCO,10.3,7.4,82.0,,7.4,1018.4,4.0
2025-11-21 14:00:00,PEPCO,11.2,7.9,80.0,,9.3,1018.0,4.0
2025-11-21 15:00:00,PEPCO,12.2,8.1,76.0,,9.3,1017.3,4.0
2025-11-21 16:00:00,PEPCO,13.7,8.3,70.0,,11.1,1016.3,4.0
2025-11-21 17:00:00,PEPCO,15.1,8.8,66.0,,11.1,1015.3,4.0
2025-11-21 18:00:00,PEPCO,12.1,9.5,84.0,,10.8,1013.8,4.0
2025-11-21 19:00:00,PEPCO,15.7,8.9,64.0,,11.1,1014.4,4.0
2025-11-21 20:00:00,PEPCO,15.8,8.8,63.0,,11.1,1013.8,4.0
2025-11-21 21:00:00,PEPCO,15.0,8.9,67.0,,9.3,1013.7,4.0
2025-11-21 22:00:00,PEPCO,14.2,9.0,71.0,,9.3,1013.7,4.0
2025-11-21 23:00:00,PEPCO,13.4,9.1,75.0,,7.4,1013.7,7.0
2025-11-22 00:00:00,PEPCO,11.5,10.2,92.0,,4.0,1012.9,7.0
2025-11-22 01:00:00,PEPCO,12.5,9.3,81.0,,7.4,1014.1,7.0
2025-11-22 02:00:00,PEPCO,12.0,9.2,83.0,,7.4,1014.2,8.0
2025-11-22 03:00:00,PEPCO,11.9,9.3,84.0,,7.4,1014.1,8.0
2025-11-22 04:00:00,PEPCO,11.5,8.9,84.0,,7.4,1013.8,8.0
2025-11-22 05:00:00,PEPCO,11.1,8.5,84.0,,9.3,1013.5,8.0
2025-11-22 06:00:00,PEPCO,10.8,10.5,98.0,,8.6,1011.5,8.0
2025-11-22 07:00:00,PEPCO,10.6,8.0,84.0,,11.1,1013.1,8.0
2025-11-22 08:00:00,PEPCO,10.5,7.7,83.0,,11.1,1013.0,8.0
2025-11-22 09:00:00,PEPCO,10.4,8.0,85.0,,13.0,1013.1,8.0
2025-11-22 10:00:00,PEPCO,10.3,7.9,85.0,,13.0,1013.5,8.0
2025-11-22 11:00:00,PEPCO,10.1,7.9,86.0,,13.0,1014.0,8.0
2025-11-22 12:00:00,PEPCO,8.6,7.8,95.0,,15.5,1013.3,7.0
2025-11-22 13:00:00,PEPCO,10.9,7.8,81.0,,14.8,1014.7,7.0
2025-11-22 14:00:00,PEPCO,11.2,7.9,80.0,,16.7,1015.0,7.0
2025-11-22 15:00:00,PEPCO,12.4,7.5,72.0,,16.7,1014.9,4.0
2025-11-22 16:00:00,PEPCO,12.7,7.2,69.0,,14.8,1014.4,4.0
2025-11-22 17:00:00,PEPCO,13.1,6.7,65.0,,14.8,1013.9,4.0
2025-11-22 18:00:00,PEPCO,7.5,2.2,69.0,,11.2,1014.8,4.0
2025-11-22 19:00:00,PEPCO,12.9,6.0,63.0,,13.0,1013.8,3.0
2025-11-22 20:00:00,PEPCO,12.6,5.7,63.0,,13.0,1013.8,3.0
2025-11-22 21:00:00,PEPCO,12.5,5.2,61.0,,13.0,1014.3,3.0
2025-11-22 22:00:00,PEPCO,12.1,5.0,62.0,,13.0,1014.6,3.0
2025-11-22 23:00:00,PEPCO,11.6,4.8,63.0,,11.1,1014.8,3.0
2025-11-23 00:00:00,PEPCO,5.6,1.0,72.0,,8.6,1017.4,3.0
2025-11-23 01:00:00,PEPCO,10.9,5.0,67.0,,9.3,1015.4,3.0
2025-11-23 02:00:00,PEPCO,10.6,4.9,68.0,,9.3,1015.8,3.0
2025-11-23 03:00:00,PEPCO,10.1,5.1,71.0,,9.3,1015.8,3.0
2025-11-23 04:00:00,PEPCO,9.5,5.3,75.0,,9.3,1015.5,3.0
2025-11-23 05:00:00,PEPCO,8.9,5.5,79.0,,9.3,1015.3,4.0
2025-11-23 06:00:00,PEPCO,2.5,-0.6,80.0,,7.2,1018.8,4.0
2025-11-23 07:00:00,PEPCO,8.5,5.6,82.0,,7.4,1014.8,4.0
2025-11-23 08:00:00,PEPCO,8.4,5.5,82.0,,7.4,1014.7,4.0
2025-11-23 09:00:00,PEPCO,8.2,5.3,82.0,,7.4,1015.0,3.0
2025-11-23 10:00:00,PEPCO,8.1,5.4,83.0,,7.4,1015.3,3.0
2025-11-23 11:00:00,PEPCO,8.0,5.5,84.0,,7.4,1015.6,3.0
2025-11-23 12:00:00,PEPCO,0.1,-1.8,87.0,,3.2,1020.0,3.0
2025-11-23 13:00:00,PEPCO,10.3,5.5,72.0,,9.3,1016.3,3.0
2025-11-23 14:00:00,PEPCO,11.7,5.6,66.0,,11.1,1016.6,3.0
2025-11-23 15:00:00,PEPCO,12.5,5.4,62.0,,11.1,1016.2,3.0
2025-11-23 16:00:00,PEPCO,13.4,5.1,57.0,,11.1,1015.6,3.0
2025-11-23 17:00:00,PEPCO,14.2,4.8,53.0,,13.0,1015.0,3.0
2025-11-23 18:00:00,PEPCO,10.6,1.9,55.0,,5.4,1018.9,3.0
2025-11-23 19:00:00,PEPCO,15.1,4.2,48.0,,14.8,1015.1,3.0
2025-11-23 20:00:00,PEPCO,15.4,4.1,47.0,,14.8,1015.0,3.0
2025-11-23 21:00:00,PEPCO,14.4,4.4,51.0,,13.0,1015.3,3.0
2025-11-23 22:00:00,PEPCO,13.6,4.5,54.0,,11.1,1015.4,3.0
2025-11-23 23:00:00,PEPCO,12.7,4.6,58.0,,9.3,1015.5,3.0
2025-11-24 00:00:00,PEPCO,7.0,2.5,73.0,,4.7,1019.3,3.0
2025-11-24 01:00:00,PEPCO,11.6,5.0,64.0,,9.3,1016.0,2.0
2025-11-24 02:00:00,PEPCO,11.1,4.8,65.0,,7.4,1016.1,3.0
2025-11-24 03:00:00,PEPCO,10.8,3.8,62.0,,9.3,1016.2,3.0
2025-11-24 04:00:00,PEPCO,10.5,4.0,64.0,,7.4,1016.1,3.0
2025-11-24 05:00:00,PEPCO,10.1,4.0,66.0,,7.4,1016.0,3.0
2025-11-24 06:00:00,PEPCO,4.4,1.6,82.0,,6.5,1019.6,3.0
2025-11-24 07:00:00,PEPCO,9.0,4.2,72.0,,7.4,1016.4,3.0
2025-11-24 08:00:00,PEPCO,8.4,4.2,75.0,,7.4,1016.7,3.0
2025-11-24 09:00:00,PEPCO,8.5,4.5,76.0,,7.4,1016.6,3.0
2025-11-24 10:00:00,PEPCO,8.4,4.4,76.0,,7.4,1017.2,3.0
2025-11-24 11:00:00,PEPCO,8.3,4.1,75.0,,7.4,1017.7,3.0
2025-11-24 12:00:00,PEPCO,2.8,1.2,89.0,,5.8,1020.9,3.0
2025-11-24 13:00:00,PEPCO,10.4,4.7,68.0,,11.1,1018.5,3.0
2025-11-24 14:00:00,PEPCO,11.6,5.2,65.0,,11.1,1018.8,3.0
2025-11-24 15:00:00,PEPCO,12.7,5.4,61.0,,13.0,1018.1,3.0
2025-11-24 16:00:00,PEPCO,14.3,5.1,54.0,,14.8,1017.7,3.0
2025-11-24 17:00:00,PEPCO,15.9,5.2,49.0,,16.7,1017.2,3.0
2025-11-24 18:00:00,PEPCO,13.7,7.5,66.0,,5.8,1019.3,3.0
2025-11-24 19:00:00,PEPCO,16.7,5.3,47.0,,14.8,1016.9,3.0
2025-11-24 20:00:00,PEPCO,17.0,5.3,46.0,,14.8,1017.0,3.0
2025-11-24 21:00:00,PEPCO,16.3,5.0,47.0,,13.0,1017.0,3.0
2025-11-24 22:00:00,PEPCO,15.3,5.2,51.0,,13.0,1017.4,3.0
2025-11-24 23:00:00,PEPCO,14.2,5.3,55.0,,13.0,1017.8,3.0
2025-11-25 00:00:00,PEPCO,10.2,6.5,78.0,,7.9,1019.1,3.0
2025-11-25 01:00:00,PEPCO,13.2,5.6,60.0,,11.1,1018.1,3.0
2025-11-25 02:00:00,PEPCO,12.6,5.7,63.0,,11.1,1018.3,3.0
2025-11-25 03:00:00,PEPCO,12.2,5.6,64.0,,9.3,1018.3,3.0
2025-11-25 04:00:00,PEPCO,11.7,5.8,67.0,,11.1,1018.3,3.0
2025-11-25 05:00:00,PEPCO,11.2,5.7,69.0,,11.1,1018.3,3.0
2025-11-25 06:00:00,PEPCO,7.7,5.0,83.0,,7.9,1018.6,3.0
2025-11-25 07:00:00,PEPCO,10.8,5.8,71.0,,9.3,1018.2,3.0
2025-11-25 08:00:00,PEPCO,10.5,5.9,73.0,,9.3,1018.2,3.0
2025-11-25 09:00:00,PEPCO,10.1,5.7,74.0,,9.3,1018.5,3.0
2025-11-25 10:00:00,PEPCO,10.0,5.6,74.0,,9.3,1018.8,3.0
2025-11-25 11:00:00,PEPCO,10.0,5.6,74.0,,7.4,1019.1,3.0
2025-11-25 12:00:00,PEPCO,8.6,2.2,64.0,,11.2,1019.8,3.0
2025-11-25 13:00:00,PEPCO,11.3,5.8,69.0,,11.1,1020.3,3.0
2025-11-25 14:00:00,PEPCO,12.0,6.1,67.0,,13.0,1020.8,7.0
2025-11-25 15:00:00,PEPCO,13.1,6.2,63.0,,14.8,1020.1,7.0
2025-11-25 16:00:00,PEPCO,14.0,6.1,59.0,,14.8,1019.5,7.0
2025-11-25 17:00:00,PEPCO,15.0,5.8,54.0,,16.7,1018.9,3.0
2025-11-25 18:00:00,PEPCO,12.5,8.6,77.0,,9.0,1020.2,3.0
2025-11-25 19:00:00,PEPCO,14.9,5.7,54.0,,14.8,1019.0,3.0
2025-11-25 20:00:00,PEPCO,14.8,5.6,54.0,,14.8,1019.1,3.0
2025-11-25 21:00:00,PEPCO,14.2,5.5,56.0,,14.8,1019.4,3.0
2025-11-25 22:00:00,PEPCO,13.5,5.4,58.0,,13.0,1019.7,3.0
2025-11-25 23:00:00,PEPCO,12.7,5.4,61.0,,11.1,1020.0,3.0
2025-11-26 00:00:00,PEPCO,9.9,7.7,86.0,,6.8,1021.2,3.0
2025-11-26 01:00:00,PEPCO,11.8,5.4,65.0,,9.3,1020.2,3.0
2025-11-26 02:00:00,PEPCO,11.3,5.2,66.0,,9.3,1020.2,3.0
2025-11-26 03:00:00,PEPCO,10.8,4.7,66.0,,9.3,1020.0,3.0
2025-11-26 04:00:00,PEPCO,10.2,4.3,67.0,,9.3,1019.9,3.0
2025-11-26 05:00:00,PEPCO,9.7,3.7,66.0,,9.3,1019.8,3.0
2025-11-26 06:00:00,PEPCO,6.2,2.5,77.0,,7.9,1022.5,3.0
2025-11-26 07:00:00,PEPCO,9.0,3.8,70.0,,9.3,1019.7,3.0
2025-11-26 08:00:00,PEPCO,8.7,3.9,72.0,,9.3,1019.8,3.0
2025-11-26 09:00:00,PEPCO,8.2,3.3,71.0,,9.3,1020.0,3.0
2025-11-26 10:00:00,PEPCO,8.2,3.3,71.0,,9.3,1020.1,3.0
2025-11-26 11:00:00,PEPCO,8.2,3.1,70.0,,9.3,1020.2,3.0
2025-11-26 12:00:00,PEPCO,4.8,0.9,76.0,,9.0,1025.2,3.0
2025-11-26 13:00:00,PEPCO,9.7,3.2,64.0,,11.1,1021.4,3.0
2025-11-26 14:00:00,PEPCO,10.6,3.4,61.0,,11.1,1021.8,3.0
2025-11-26 15:00:00,PEPCO,11.6,3.6,58.0,,11.1,1021.4,3.0
2025-11-26 16:00:00,PEPCO,12.7,3.6,54.0,,11.1,1020.6,3.0
2025-11-26 17:00:00,PEPCO,13.7,3.5,50.0,,13.0,1019.8,3.0
2025-11-26 18:00:00,PEPCO,8.9,0.6,56.0,,7.9,1025.0,3.0
2025-11-26 19:00:00,PEPCO,14.2,3.3,48.0,,13.0,1019.3,3.0
2025-11-26 20:00:00,PEPCO,14.1,3.3,48.0,,13.0,1019.2,3.0
2025-11-26 21:00:00,PEPCO,13.4,3.2,50.0,,13.0,1019.2,3.0
2025-11-26 22:00:00,PEPCO,12.7,3.6,54.0,,11.1,1019.6,3.0
2025-11-26 23:00:00,PEPCO,12.0,3.7,57.0,,11.1,1019.9,3.0
2025-11-27 00:00:00,PEPCO,6.6,1.9,72.0,,5.8,1025.1,3.0
2025-11-27 01:00:00,PEPCO,10.6,3.4,61.0,,11.1,1020.1,3.0
2025-11-27 02:00:00,PEPCO,10.0,3.5,64.0,,11.1,1020.2,3.0
2025-11-27 03:00:00,PEPCO,9.6,3.3,65.0,,11.1,1020.2,3.0
2025-11-27 04:00:00,PEPCO,9.0,3.4,68.0,,11.1,1020.2,
2025-11-27 05:00:00,PEPCO,8.4,3.4,71.0,,11.1,1020.1,
2025-11-27 06:00:00,PEPCO,8.1,3.6,73.0,,11.1,1019.9,
2025-11-27 07:00:00,PEPCO,7.7,3.4,74.0,,11.1,1019.8,
2025-11-27 08:00:00,PEPCO,7.3,3.2,75.0,,9.3,1019.7,
2025-11-27 09:00:00,PEPCO,7.2,3.1,75.0,,9.3,1019.9,
2025-11-27 10:00:00,PEPCO,7.1,2.8,74.0,,11.1,1020.2,
2025-11-27 11:00:00,PEPCO,6.9,2.6,74.0,,11.1,1020.5,
2025-11-27 12:00:00,PEPCO,7.6,2.7,71.0,,11.1,1020.7,
2025-11-27 13:00:00,PEPCO,8.5,2.9,68.0,,13.0,1020.8,
2025-11-27 14:00:00,PEPCO,9.5,3.2,65.0,,13.0,1021.0,
2025-11-27 15:00:00,PEPCO,10.3,3.6,63.0,,13.0,1020.9,
2025-11-01 00:00:00,PLCO,12.0,0.4,45.0,0.0,20.0,1006.0,1.0
2025-11-01 01:00:00,PLCO,12.0,0.4,45.0,0.0,22.0,1008.0,1.0
2025-11-01 02:00:00,PLCO,12.0,0.4,45.0,0.0,26.0,1009.0,1.0
2025-11-01 03:00:00,PLCO,12.0,0.4,45.0,0.0,17.0,1009.0,2.0
2025-11-01 04:00:00,PLCO,12.0,1.0,47.0,0.0,17.0,1010.0,2.0
2025-11-01 05:00:00,PLCO,11.0,0.4,48.0,0.0,20.0,1010.0,2.0
2025-11-01 06:00:00,PLCO,10.0,1.1,54.0,0.0,17.0,1010.0,2.0
2025-11-01 07:00:00,PLCO,9.0,1.2,58.0,0.0,13.0,1011.0,1.0
2025-11-01 08:00:00,PLCO,8.0,1.4,63.0,0.0,15.0,1012.0,1.0
2025-11-01 09:00:00,PLCO,8.0,1.4,63.0,0.0,13.0,1012.0,1.0
2025-11-01 10:00:00,PLCO,8.0,0.9,61.0,0.0,11.0,1013.0,2.0
2025-11-01 11:00:00,PLCO,8.0,1.4,63.0,0.0,13.0,1014.0,3.0
2025-11-01 12:00:00,PLCO,9.0,1.4,59.0,0.0,9.0,1015.0,3.0
2025-11-01 13:00:00,PLCO,12.0,2.4,52.0,0.0,19.0,1015.0,3.0
2025-11-01 14:00:00,PLCO,13.0,1.3,45.0,0.0,26.0,1016.0,2.0
2025-11-01 15:00:00,PLCO,14.0,0.3,39.0,0.0,26.0,1016.0,2.0
2025-11-01 16:00:00,PLCO,14.0,-0.5,37.0,0.0,28.0,1016.0,3.0
2025-11-01 17:00:00,PLCO,16.0,0.5,35.0,0.0,20.0,1016.0,3.0
2025-11-01 18:00:00,PLCO,15.0,0.0,36.0,0.0,20.0,1016.0,3.0
2025-11-01 19:00:00,PLCO,16.0,0.5,35.0,0.0,22.0,1016.0,3.0
2025-11-01 20:00:00,PLCO,15.0,0.0,36.0,0.0,19.0,1017.0,3.0
2025-11-01 21:00:00,PLCO,14.0,0.3,39.0,0.0,13.0,1017.0,3.0
2025-11-01 22:00:00,PLCO,11.0,2.0,54.0,0.0,7.0,1018.0,3.0
2025-11-01 23:00:00,PLCO,8.0,1.4,63.0,0.0,9.0,1019.0,3.0
2025-11-02 00:00:00,PLCO,7.0,2.7,74.0,0.0,6.0,1019.0,3.0
2025-11-02 01:00:00,PLCO,7.0,2.1,71.0,0.0,6.0,1020.0,3.0
2025-11-02 02:00:00,PLCO,7.0,3.6,79.0,0.0,0.0,1021.0,3.0
2025-11-02 03:00:00,PLCO,6.0,3.2,82.0,0.0,0.0,1021.0,3.0
2025-11-02 04:00:00,PLCO,6.0,2.1,76.0,0.0,0.0,1022.0,3.0
2025-11-02 05:00:00,PLCO,4.0,1.9,86.0,0.0,0.0,1022.0,3.0
2025-11-02 06:00:00,PLCO,4.0,2.4,89.0,0.0,0.0,1022.0,3.0
2025-11-02 07:00:00,PLCO,4.0,2.4,89.0,0.0,0.0,1023.0,3.0
2025-11-02 08:00:00,PLCO,2.0,0.8,92.0,0.0,7.0,1023.0,3.0
2025-11-02 09:00:00,PLCO,3.0,1.4,89.0,0.0,6.0,1024.0,1.0
2025-11-02 10:00:00,PLCO,3.0,1.4,89.0,0.0,0.0,1024.0,3.0
2025-11-02 11:00:00,PLCO,3.0,2.0,93.0,0.0,0.0,1025.0,3.0
2025-11-02 12:00:00,PLCO,5.0,3.3,89.0,0.0,0.0,1026.0,1.0
2025-11-02 13:00:00,PLCO,8.0,4.0,76.0,0.0,0.0,1026.0,2.0
2025-11-02 14:00:00,PLCO,11.0,4.9,66.0,0.0,0.0,1026.0,3.0
2025-11-02 15:00:00,PLCO,13.0,2.5,49.0,0.0,0.0,1026.0,3.0
2025-11-02 16:00:00,PLCO,15.0,2.8,44.0,0.0,0.0,1025.0,2.0
2025-11-02 17:00:00,PLCO,16.0,3.1,42.0,0.0,9.0,1024.0,1.0
2025-11-02 18:00:00,PLCO,17.0,2.9,39.0,0.0,6.0,1024.0,1.0
2025-11-02 19:00:00,PLCO,17.0,1.4,35.0,0.0,7.0,1024.0,1.0
2025-11-02 20:00:00,PLCO,17.0,2.6,38.0,0.0,9.0,1024.0,1.0
2025-11-02 21:00:00,PLCO,15.0,1.9,41.0,0.0,6.0,1024.0,2.0
2025-11-02 22:00:00,PLCO,11.0,3.8,61.0,0.0,0.0,1024.0,1.0
2025-11-02 23:00:00,PLCO,9.0,3.6,69.0,0.0,0.0,1024.0,1.0
2025-11-03 00:00:00,PLCO,10.0,3.9,66.0,0.0,0.0,1024.0,3.0
2025-11-03 01:00:00,PLCO,9.0,5.2,77.0,0.0,6.0,1024.0,3.0
2025-11-03 02:00:00,PLCO,7.0,3.8,80.0,0.0,0.0,1024.0,3.0
2025-11-03 03:00:00,PLCO,6.0,3.8,86.0,0.0,0.0,1024.0,3.0
2025-11-03 04:00:00,PLCO,5.0,3.3,89.0,0.0,0.0,1024.0,3.0
2025-11-03 05:00:00,PLCO,5.0,3.3,89.0,0.0,0.0,1024.0,3.0
2025-11-03 06:00:00,PLCO,5.0,2.9,86.0,0.0,0.0,1024.0,3.0
2025-11-03 07:00:00,PLCO,4.0,3.0,93.0,0.0,0.0,1023.0,3.0
2025-11-03 08:00:00,PLCO,4.0,3.0,93.0,0.0,6.0,1022.0,3.0
2025-11-03 09:00:00,PLCO,6.0,4.3,89.0,0.0,0.0,1022.0,3.0
2025-11-03 10:00:00,PLCO,6.0,4.3,89.0,0.0,0.0,1022.0,3.0
2025-11-03 11:00:00,PLCO,7.0,5.3,89.0,0.0,7.0,1022.0,3.0
2025-11-03 12:00:00,PLCO,7.0,5.3,89.0,0.0,0.0,1022.0,3.0
2025-11-03 13:00:00,PLCO,9.0,5.2,77.0,0.0,0.0,1021.0,3.0
2025-11-03 14:00:00,PLCO,11.0,5.9,71.0,0.0,0.0,1020.0,2.0
2025-11-03 15:00:00,PLCO,16.0,8.2,60.0,0.0,15.0,1018.0,1.0
2025-11-03 16:00:00,PLCO,17.0,7.1,52.0,0.0,6.0,1018.0,1.0
2025-11-03 17:00:00,PLCO,17.0,5.0,45.0,0.0,15.0,1016.0,1.0
2025-11-03 18:00:00,PLCO,17.0,2.6,38.0,0.0,15.0,1014.0,2.0
2025-11-03 19:00:00,PLCO,17.0,2.6,38.0,0.0,15.0,1013.0,3.0
2025-11-03 20:00:00,PLCO,17.0,3.3,40.0,0.0,13.0,1013.0,3.0
2025-11-03 21:00:00,PLCO,16.0,2.8,41.0,0.0,17.0,1013.0,3.0
2025-11-03 22:00:00,PLCO,16.0,0.5,35.0,0.0,20.0,1015.0,3.0
2025-11-03 23:00:00,PLCO,14.0,-0.5,37.0,0.0,26.0,1016.0,2.0
2025-11-04 00:00:00,PLCO,13.0,-1.0,38.0,0.0,20.0,1016.0,1.0
2025-11-04 01:00:00,PLCO,12.0,-0.2,43.0,0.0,17.0,1016.0,2.0
2025-11-04 02:00:00,PLCO,12.0,1.0,47.0,0.0,19.0,1016.0,1.0
2025-11-04 03:00:00,PLCO,12.0,0.4,45.0,0.0,24.0,1016.0,1.0
2025-11-04 04:00:00,PLCO,12.0,-0.2,43.0,0.0,20.0,1016.0,1.0
2025-11-04 05:00:00,PLCO,12.0,-0.8,41.0,0.0,17.0,1017.0,1.0
2025-11-04 06:00:00,PLCO,12.0,-0.8,41.0,0.0,15.0,1018.0,1.0
2025-11-04 07:00:00,PLCO,11.0,-1.7,41.0,0.0,17.0,1018.0,1.0
2025-11-04 08:00:00,PLCO,11.0,-1.7,41.0,0.0,17.0,1019.0,1.0
2025-11-04 09:00:00,PLCO,9.0,-2.6,44.0,0.0,11.0,1019.0,1.0
2025-11-04 10:00:00,PLCO,9.0,-2.0,46.0,0.0,11.0,1020.0,1.0
2025-11-04 11:00:00,PLCO,9.0,-0.9,50.0,0.0,11.0,1021.0,1.0
2025-11-04 12:00:00,PLCO,11.0,-0.8,44.0,0.0,20.0,1022.0,1.0
2025-11-04 13:00:00,PLCO,12.0,-0.8,41.0,0.0,17.0,1023.0,1.0
2025-11-04 14:00:00,PLCO,13.0,-2.1,35.0,0.0,26.0,1023.0,1.0
2025-11-04 15:00:00,PLCO,14.0,-3.8,29.0,0.0,20.0,1023.0,1.0
2025-11-04 16:00:00,PLCO,15.0,-5.4,24.0,0.0,19.0,1022.0,2.0
2025-11-04 17:00:00,PLCO,16.0,-5.1,23.0,0.0,24.0,1021.0,2.0
2025-11-04 18:00:00,PLCO,17.0,-6.1,20.0,0.0,30.0,1020.0,1.0
2025-11-04 19:00:00,PLCO,17.0,-6.1,20.0,0.0,26.0,1020.0,1.0
2025-11-04 20:00:00,PLCO,16.0,-6.3,21.0,0.0,19.0,1020.0,1.0
2025-11-04 21:00:00,PLCO,14.0,-6.3,24.0,0.0,17.0,1021.0,1.0
2025-11-04 22:00:00,PLCO,13.0,-6.1,26.0,0.0,15.0,1022.0,1.0
2025-11-04 23:00:00,PLCO,12.0,-5.5,29.0,0.0,13.0,1022.0,1.0
2025-11-05 00:00:00,PLCO,10.0,-5.1,34.0,0.0,11.0,1023.0,1.0
2025-11-05 01:00:00,PLCO,10.0,-4.4,36.0,0.0,11.0,1023.0,1.0
2025-11-05 02:00:00,PLCO,9.0,-4.2,39.0,0.0,11.0,1023.0,1.0
2025-11-05 03:00:00,PLCO,8.0,-5.1,39.0,0.0,7.0,1023.0,1.0
2025-11-05 04:00:00,PLCO,7.0,-5.0,42.0,0.0,9.0,1023.0,2.0
2025-11-05 05:00:00,PLCO,7.0,-4.1,45.0,0.0,0.0,1022.0,1.0
2025-11-05 06:00:00,PLCO,4.0,-2.2,64.0,0.0,6.0,1022.0,1.0
2025-11-05 07:00:00,PLCO,3.0,-2.5,67.0,0.0,0.0,1022.0,1.0
2025-11-05 08:00:00,PLCO,3.0,-1.9,70.0,0.0,0.0,1021.0,1.0
2025-11-05 09:00:00,PLCO,4.0,-1.0,70.0,0.0,0.0,1021.0,3.0
2025-11-05 10:00:00,PLCO,4.0,-0.4,73.0,0.0,0.0,1020.0,2.0
2025-11-05 11:00:00,PLCO,3.0,-0.8,76.0,0.0,0.0,1020.0,1.0
2025-11-05 12:00:00,PLCO,6.0,2.1,76.0,0.0,0.0,1019.0,1.0
2025-11-05 13:00:00,PLCO,9.0,-0.6,51.0,0.0,0.0,1018.0,1.0
2025-11-05 14:00:00,PLCO,14.0,-5.7,25.0,0.0,24.0,1015.0,1.0
2025-11-05 15:00:00,PLCO,17.0,-4.9,22.0,0.0,19.0,1014.0,1.0
2025-11-05 16:00:00,PLCO,19.0,-2.6,23.0,0.0,19.0,1011.0,3.0
2025-11-05 17:00:00,PLCO,19.0,-1.5,25.0,0.0,28.0,1009.0,2.0
2025-11-05 18:00:00,PLCO,19.0,-0.9,26.0,0.0,20.0,1008.0,2.0
2025-11-05 19:00:00,PLCO,19.0,-0.4,27.0,0.0,19.0,1006.0,2.0
2025-11-05 20:00:00,PLCO,19.0,0.6,29.0,0.0,19.0,1006.0,2.0
2025-11-05 21:00:00,PLCO,19.0,2.4,33.0,0.0,7.0,1005.0,3.0
2025-11-05 22:00:00,PLCO,18.0,3.1,37.0,0.0,9.0,1005.0,3.0
2025-11-05 23:00:00,PLCO,21.0,6.5,39.0,0.0,19.0,1005.0,2.0
2025-11-06 00:00:00,PLCO,21.0,7.2,41.0,0.0,26.0,1004.0,3.0
2025-11-06 01:00:00,PLCO,13.0,9.6,80.0,0.0,26.0,1007.0,3.0
2025-11-06 02:00:00,PLCO,14.0,4.6,53.0,0.0,41.0,1009.0,17.0
2025-11-06 03:00:00,PLCO,12.0,1.6,49.0,0.0,30.0,1011.0,3.0
2025-11-06 04:00:00,PLCO,12.0,1.9,50.0,0.0,30.0,1012.0,2.0
2025-11-06 05:00:00,PLCO,11.0,1.0,50.0,0.0,28.0,1013.0,2.0
2025-11-06 06:00:00,PLCO,9.0,-0.9,50.0,0.0,28.0,1014.0,1.0
2025-11-06 07:00:00,PLCO,9.0,-0.9,50.0,0.0,22.0,1015.0,1.0
2025-11-06 08:00:00,PLCO,9.0,-1.7,47.0,0.0,30.0,1016.0,1.0
2025-11-06 09:00:00,PLCO,8.0,-2.9,46.0,0.0,24.0,1017.0,1.0
2025-11-06 10:00:00,PLCO,8.0,-3.5,44.0,0.0,30.0,1018.0,1.0
2025-11-06 11:00:00,PLCO,7.0,-3.0,49.0,0.0,17.0,1019.0,1.0
2025-11-06 12:00:00,PLCO,8.0,-2.1,49.0,0.0,17.0,1020.0,1.0
2025-11-06 13:00:00,PLCO,9.0,-1.4,48.0,0.0,24.0,1021.0,1.0
2025-11-06 14:00:00,PLCO,11.0,-1.7,41.0,0.0,22.0,1021.0,1.0
2025-11-06 15:00:00,PLCO,11.0,-2.8,38.0,0.0,26.0,1021.0,1.0
2025-11-06 16:00:00,PLCO,11.0,-3.9,35.0,0.0,26.0,1021.0,1.0
2025-11-06 17:00:00,PLCO,12.0,-4.2,32.0,0.0,22.0,1020.0,3.0
2025-11-06 18:00:00,PLCO,13.0,-3.7,31.0,0.0,22.0,1020.0,2.0
2025-11-06 19:00:00,PLCO,13.0,-5.6,27.0,0.0,20.0,1020.0,2.0
2025-11-06 20:00:00,PLCO,12.0,-4.6,31.0,0.0,15.0,1020.0,1.0
2025-11-06 21:00:00,PLCO,11.0,-5.1,32.0,0.0,22.0,1020.0,2.0
2025-11-06 22:00:00,PLCO,10.0,-4.0,37.0,0.0,7.0,1021.0,2.0
2025-11-06 23:00:00,PLCO,6.0,-1.9,57.0,0.0,6.0,1021.0,2.0
2025-11-07 00:00:00,PLCO,6.0,-2.4,55.0,0.0,6.0,1021.0,3.0
2025-11-07 01:00:00,PLCO,4.0,-2.2,64.0,0.0,0.0,1022.0,3.0
2025-11-07 02:00:00,PLCO,4.0,-2.2,64.0,0.0,0.0,1021.0,1.0
2025-11-07 03:00:00,PLCO,2.0,-2.3,73.0,0.0,6.0,1021.0,3.0
2025-11-07 04:00:00,PLCO,2.0,-2.0,75.0,0.0,0.0,1021.0,3.0
2025-11-07 05:00:00,PLCO,1.0,-1.7,82.0,0.0,0.0,1021.0,3.0
2025-11-07 06:00:00,PLCO,0.0,-2.2,85.0,0.0,0.0,1020.0,3.0
2025-11-07 07:00:00,PLCO,0.0,-2.9,81.0,0.0,6.0,1020.0,3.0
2025-11-07 08:00:00,PLCO,-1.0,-2.6,89.0,0.0,0.0,1019.0,2.0
2025-11-07 09:00:00,PLCO,-1.0,-2.6,89.0,0.0,0.0,1019.0,3.0
2025-11-07 10:00:00,PLCO,2.0,-0.7,82.0,0.0,6.0,1018.0,3.0
2025-11-07 11:00:00,PLCO,1.0,-0.8,88.0,0.0,6.0,1017.0,3.0
2025-11-07 12:00:00,PLCO,2.0,-0.3,85.0,0.0,11.0,1017.0,3.0
2025-11-07 13:00:00,PLCO,5.0,0.6,73.0,0.0,9.0,1016.0,3.0
2025-11-07 14:00:00,PLCO,9.0,-0.3,52.0,0.0,6.0,1015.0,3.0
2025-11-07 15:00:00,PLCO,14.0,-0.5,37.0,0.0,20.0,1013.0,3.0
2025-11-07 16:00:00,PLCO,14.0,0.3,39.0,0.0,20.0,1012.0,3.0
2025-11-07 17:00:00,PLCO,16.0,2.0,39.0,0.0,13.0,1010.0,3.0
2025-11-07 18:00:00,PLCO,16.0,2.0,39.0,0.0,24.0,1008.0,3.0
2025-11-07 19:00:00,PLCO,16.0,2.8,41.0,0.0,22.0,1007.0,3.0
2025-11-07 20:00:00,PLCO,15.0,2.8,44.0,0.0,19.0,1006.0,3.0
2025-11-07 21:00:00,PLCO,15.0,3.5,46.0,0.0,9.0,1006.0,3.0
2025-11-07 22:00:00,PLCO,15.0,3.8,47.0,0.0,9.0,1005.0,3.0
2025-11-07 23:00:00,PLCO,16.0,4.7,47.0,0.0,0.0,1005.0,3.0
2025-11-08 00:00:00,PLCO,13.0,4.7,57.0,0.1,7.0,1005.0,7.0
2025-11-08 01:00:00,PLCO,14.0,8.4,69.0,0.0,7.0,1005.0,7.0
2025-11-08 02:00:00,PLCO,14.0,10.8,81.0,0.0,11.0,1004.0,7.0
2025-11-08 03:00:00,PLCO,14.0,10.8,81.0,0.0,19.0,1004.0,9.0
2025-11-08 04:00:00,PLCO,14.0,11.2,83.0,0.0,15.0,1004.0,8.0
2025-11-08 05:00:00,PLCO,13.0,11.4,90.0,1.2,9.0,1004.0,9.0
2025-11-08 06:00:00,PLCO,13.0,11.2,89.0,0.9,7.0,1004.0,8.0
2025-11-08 07:00:00,PLCO,13.0,11.2,89.0,0.0,6.0,1004.0,3.0
2025-11-08 08:00:00,PLCO,11.0,10.5,97.0,0.0,0.0,1004.0,3.0
2025-11-08 09:00:00,PLCO,10.0,10.0,100.0,0.0,6.0,1005.0,5.0
2025-11-08 10:00:00,PLCO,11.0,10.5,97.0,0.0,6.0,1006.0,3.0
2025-11-08 11:00:00,PLCO,10.0,9.4,96.0,0.0,11.0,1007.0,5.0
2025-11-08 12:00:00,PLCO,12.0,10.4,90.0,0.0,9.0,1009.0,1.0
2025-11-08 13:00:00,PLCO,14.0,10.2,78.0,0.0,9.0,1009.0,1.0
2025-11-08 14:00:00,PLCO,16.0,8.2,60.0,0.0,7.0,1009.0,1.0
2025-11-08 15:00:00,PLCO,17.0,7.1,52.0,0.0,13.0,1010.0,1.0
2025-11-08 16:00:00,PLCO,18.0,7.4,50.0,0.0,7.0,1009.0,1.0
2025-11-08 17:00:00,PLCO,18.0,6.5,47.0,0.0,7.0,1008.0,1.0
2025-11-08 18:00:00,PLCO,19.0,6.5,44.0,0.0,0.0,1009.0,1.0
2025-11-08 19:00:00,PLCO,18.0,5.9,45.0,0.0,0.0,1009.0,2.0
2025-11-08 20:00:00,PLCO,17.0,7.1,52.0,0.0,6.0,1009.0,3.0
2025-11-08 21:00:00,PLCO,17.0,7.1,52.0,0.0,6.0,1009.0,3.0
2025-11-08 22:00:00,PLCO,14.0,7.3,64.0,0.0,0.0,1010.0,3.0
2025-11-08 23:00:00,PLCO,13.0,7.0,67.0,0.0,0.0,1010.0,3.0
2025-11-09 00:00:00,PLCO,11.0,8.2,83.0,0.0,0.0,1010.0,3.0
2025-11-09 01:00:00,PLCO,9.0,6.3,83.0,0.0,0.0,1010.0,3.0
2025-11-09 02:00:00,PLCO,9.0,6.3,83.0,0.0,0.0,1011.0,2.0
2025-11-09 03:00:00,PLCO,11.0,7.7,80.0,0.0,0.0,1011.0,2.0
2025-11-09 04:00:00,PLCO,9.0,6.8,86.0,0.0,0.0,1011.0,3.0
2025-11-09 05:00:00,PLCO,9.0,6.3,83.0,0.0,6.0,1011.0,2.0
2025-11-09 06:00:00,PLCO,9.0,6.8,86.0,0.1,6.0,1011.0,17.0
2025-11-09 07:00:00,PLCO,8.0,6.9,93.0,0.0,0.0,1010.0,3.0
2025-11-09 08:00:00,PLCO,7.0,6.4,96.0,0.0,0.0,1010.0,3.0
2025-11-09 09:00:00,PLCO,8.0,6.9,93.0,0.0,0.0,1010.0,3.0
2025-11-09 10:00:00,PLCO,8.0,6.5,90.0,0.0,0.0,1010.0,3.0
2025-11-09 11:00:00,PLCO,8.0,6.9,93.0,0.0,0.0,1010.0,3.0
2025-11-09 12:00:00,PLCO,9.0,6.8,86.0,0.0,0.0,1010.0,3.0
2025-11-09 13:00:00,PLCO,10.0,7.8,86.0,0.0,0.0,1009.0,3.0
2025-11-09 14:00:00,PLCO,13.0,9.6,80.0,0.0,9.0,1008.0,3.0
2025-11-09 15:00:00,PLCO,13.0,9.6,80.0,0.0,22.0,1007.0,3.0
2025-11-09 16:00:00,PLCO,12.0,9.7,86.0,0.3,13.0,1006.0,8.0
2025-11-09 17:00:00,PLCO,12.0,10.4,90.0,0.4,15.0,1006.0,8.0
2025-11-09 18:00:00,PLCO,13.0,10.4,84.0,0.0,9.0,1005.0,3.0
2025-11-09 19:00:00,PLCO,13.0,11.4,90.0,0.0,6.0,1005.0,3.0
2025-11-09 20:00:00,PLCO,13.0,11.4,90.0,1.0,7.0,1005.0,5.0
2025-11-09 21:00:00,PLCO,13.0,12.1,94.0,0.2,0.0,1006.0,5.0
2025-11-09 22:00:00,PLCO,12.0,11.5,97.0,0.0,0.0,1006.0,5.0
2025-11-09 23:00:00,PLCO,10.0,10.0,100.0,0.0,0.0,1006.0,5.0
2025-11-10 00:00:00,PLCO,8.0,8.0,100.0,0.0,0.0,1006.0,5.0
2025-11-10 01:00:00,PLCO,9.4,9.4,100.0,0.0,3.0,1006.0,5.0
2025-11-10 02:00:00,PLCO,11.0,10.5,97.0,0.0,0.0,1007.0,5.0
2025-11-10 03:00:00,PLCO,11.0,9.9,93.0,0.0,11.0,1008.0,3.0
2025-11-10 04:00:00,PLCO,11.0,8.7,86.0,0.0,6.0,1008.0,3.0
2025-11-10 05:00:00,PLCO,10.0,5.6,74.0,0.4,11.0,1008.0,8.0
2025-11-10 06:00:00,PLCO,10.0,3.3,63.0,0.0,15.0,1007.0,3.0
2025-11-10 07:00:00,PLCO,9.0,1.9,61.0,0.0,19.0,1007.0,3.0
2025-11-10 08:00:00,PLCO,7.0,0.4,63.0,0.0,11.0,1007.0,3.0
2025-11-10 09:00:00,PLCO,6.0,0.5,68.0,0.0,15.0,1008.0,1.0
2025-11-10 10:00:00,PLCO,5.0,-0.0,70.0,0.0,11.0,1008.0,1.0
2025-11-10 11:00:00,PLCO,5.0,-1.0,65.0,0.0,17.0,1009.0,2.0
2025-11-10 12:00:00,PLCO,6.0,-0.7,62.0,0.0,17.0,1009.0,1.0
2025-11-10 13:00:00,PLCO,7.0,-0.7,58.0,0.0,28.0,1009.0,2.0
2025-11-10 14:00:00,PLCO,6.0,-1.2,60.0,0.0,28.0,1009.0,3.0
2025-11-10 15:00:00,PLCO,7.0,-1.4,55.0,0.0,28.0,1009.0,3.0
2025-11-10 16:00:00,PLCO,6.0,-1.9,57.0,0.0,28.0,1009.0,3.0
2025-11-10 17:00:00,PLCO,6.0,-2.9,53.0,0.0,22.0,1007.0,3.0
2025-11-10 18:00:00,PLCO,6.0,-3.9,49.0,0.0,32.0,1007.0,3.0
2025-11-10 19:00:00,PLCO,5.0,-5.7,46.0,0.0,30.0,1008.0,3.0
2025-11-10 20:00:00,PLCO,4.0,-6.6,46.0,0.0,20.0,1009.0,3.0
2025-11-10 21:00:00,PLCO,4.0,-6.6,46.0,0.0,33.0,1009.0,3.0
2025-11-10 22:00:00,PLCO,3.0,-8.1,44.0,0.0,22.0,1010.0,3.0
2025-11-10 23:00:00,PLCO,3.0,-9.3,40.0,0.0,19.0,1010.0,3.0
2025-11-11 00:00:00,PLCO,2.0,-8.7,45.0,0.0,17.0,1010.0,3.0
2025-11-11 01:00:00,PLCO,2.0,-9.6,42.0,0.0,22.0,1011.0,1.0
2025-11-11 02:00:00,PLCO,1.0,-9.6,45.0,0.0,9.0,1011.0,1.0
2025-11-11 03:00:00,PLCO,0.0,-8.9,51.0,0.0,19.0,1010.0,1.0
2025-11-11 04:00:00,PLCO,1.0,-8.0,51.0,0.0,13.0,1010.0,1.0
2025-11-11 05:00:00,PLCO,1.0,-8.2,50.0,0.0,13.0,1010.0,1.0
2025-11-11 06:00:00,PLCO,1.0,-7.7,52.0,0.0,19.0,1010.0,1.0
2025-11-11 07:00:00,PLCO,0.0,-7.7,56.0,0.0,20.0,1010.0,2.0
2025-11-11 08:00:00,PLCO,0.0,-8.2,54.0,0.0,22.0,1009.0,3.0
2025-11-11 09:00:00,PLCO,0.0,-7.7,56.0,0.0,24.0,1010.0,3.0
2025-11-11 10:00:00,PLCO,-1.0,-9.1,54.0,0.0,20.0,1010.0,3.0
2025-11-11 11:00:00,PLCO,-1.0,-9.1,54.0,0.0,22.0,1011.0,3.0
2025-11-11 12:00:00,PLCO,0.0,-8.2,54.0,0.0,24.0,1011.0,3.0
2025-11-11 13:00:00,PLCO,1.0,-9.0,47.0,0.0,33.0,1011.0,3.0
2025-11-11 14:00:00,PLCO,2.0,-9.6,42.0,0.0,33.0,1012.0,3.0
2025-11-11 15:00:00,PLCO,3.0,-9.3,40.0,0.0,35.0,1012.0,3.0
2025-11-11 16:00:00,PLCO,3.0,-8.7,42.0,0.0,32.0,1012.0,3.0
2025-11-11 17:00:00,PLCO,5.0,-7.2,41.0,0.0,39.0,1011.0,3.0
2025-11-11 18:00:00,PLCO,4.0,-7.1,44.0,0.0,30.0,1012.0,3.0
2025-11-11 19:00:00,PLCO,5.0,-7.2,41.0,0.0,35.0,1012.0,3.0
2025-11-11 20:00:00,PLCO,4.0,-7.1,44.0,0.0,30.0,1013.0,3.0
2025-11-11 21:00:00,PLCO,4.0,-6.0,48.0,0.0,17.0,1014.0,3.0
2025-11-11 22:00:00,PLCO,4.0,-6.0,48.0,0.0,15.0,1014.0,3.0
2025-11-11 23:00:00,PLCO,3.0,-6.9,48.0,0.0,15.0,1015.0,2.0
2025-11-12 00:00:00,PLCO,3.0,-6.9,48.0,0.0,19.0,1015.0,2.0
2025-11-12 01:00:00,PLCO,2.0,-7.6,49.0,0.0,11.0,1015.0,2.0
2025-11-12 02:00:00,PLCO,2.0,-7.3,50.0,0.0,6.0,1014.0,3.0
2025-11-12 03:00:00,PLCO,2.0,-7.3,50.0,0.0,7.0,1014.0,3.0
2025-11-12 04:00:00,PLCO,3.0,-6.9,48.0,0.0,7.0,1014.0,3.0
2025-11-12 05:00:00,PLCO,3.0,-6.4,50.0,0.0,7.0,1014.0,3.0
2025-11-12 06:00:00,PLCO,3.0,-7.5,46.0,0.0,9.0,1013.0,3.0
2025-11-12 07:00:00,PLCO,3.0,-6.9,48.0,0.0,6.0,1012.0,3.0
2025-11-12 08:00:00,PLCO,3.0,-7.5,46.0,0.0,6.0,1012.0,3.0
2025-11-12 09:00:00,PLCO,3.0,-8.1,44.0,0.0,11.0,1011.0,3.0
2025-11-12 10:00:00,PLCO,4.0,-7.7,42.0,0.0,9.0,1010.0,3.0
2025-11-12 11:00:00,PLCO,4.0,-7.1,44.0,0.0,7.0,1010.0,3.0
2025-11-12 12:00:00,PLCO,4.0,-6.6,46.0,0.0,6.0,1010.0,3.0
2025-11-12 13:00:00,PLCO,4.0,-6.0,48.0,0.0,6.0,1010.0,3.0
2025-11-12 14:00:00,PLCO,5.0,-5.9,45.0,0.0,0.0,1010.0,3.0
2025-11-12 15:00:00,PLCO,8.0,-4.1,42.0,0.0,15.0,1009.0,3.0
2025-11-12 16:00:00,PLCO,11.0,-2.4,39.0,0.0,24.0,1008.0,3.0
2025-11-12 17:00:00,PLCO,12.0,-1.5,39.0,0.0,15.0,1007.0,3.0
2025-11-12 18:00:00,PLCO,11.0,-0.8,44.0,0.0,24.0,1007.0,3.0
2025-11-12 19:00:00,PLCO,12.0,0.4,45.0,0.0,19.0,1007.0,3.0
2025-11-12 20:00:00,PLCO,12.0,0.4,45.0,0.0,13.0,1008.0,3.0
2025-11-12 21:00:00,PLCO,12.0,0.4,45.0,0.0,11.0,1008.0,3.0
2025-11-12 22:00:00,PLCO,11.0,0.4,48.0,0.0,15.0,1009.0,3.0
2025-11-12 23:00:00,PLCO,11.0,1.0,50.0,0.0,13.0,1010.0,3.0
2025-11-13 00:00:00,PLCO,9.0,0.2,54.0,0.0,11.0,1010.0,3.0
2025-11-13 01:00:00,PLCO,11.0,-0.2,46.0,0.0,24.0,1010.0,3.0
2025-11-13 02:00:00,PLCO,11.0,-1.4,42.0,0.0,24.0,1011.0,2.0
2025-11-13 03:00:00,PLCO,10.0,-2.6,41.0,0.0,22.0,1012.0,1.0
2025-11-13 04:00:00,PLCO,9.0,-3.2,42.0,0.0,17.0,1012.0,1.0
2025-11-13 05:00:00,PLCO,9.0,-2.6,44.0,0.0,15.0,1012.0,2.0
2025-11-13 06:00:00,PLCO,7.0,-3.0,49.0,0.0,13.0,1012.0,3.0
2025-11-13 07:00:00,PLCO,8.0,-2.6,47.0,0.0,11.0,1013.0,3.0
2025-11-13 08:00:00,PLCO,7.0,-2.4,51.0,0.0,7.0,1013.0,3.0
2025-11-13 09:00:00,PLCO,6.0,-2.4,55.0,0.0,11.0,1014.0,1.0
2025-11-13 10:00:00,PLCO,6.0,-2.4,55.0,0.0,11.0,1014.0,3.0
2025-11-13 11:00:00,PLCO,5.0,-2.8,57.0,0.0,13.0,1014.0,3.0
2025-11-13 12:00:00,PLCO,7.0,-2.4,51.0,0.0,7.0,1015.0,2.0
2025-11-13 13:00:00,PLCO,8.0,-2.3,48.0,0.0,20.0,1015.0,3.0
2025-11-13 14:00:00,PLCO,9.0,-3.9,40.0,0.0,26.0,1015.0,3.0
2025-11-13 15:00:00,PLCO,11.0,-3.9,35.0,0.0,26.0,1016.0,2.0
2025-11-13 16:00:00,PLCO,11.0,-4.3,34.0,0.0,33.0,1015.0,17.0
2025-11-13 17:00:00,PLCO,11.0,-5.1,32.0,0.0,26.0,1016.0,3.0
2025-11-13 18:00:00,PLCO,11.0,-5.1,32.0,0.0,20.0,1016.0,2.0
2025-11-13 19:00:00,PLCO,12.0,-4.6,31.0,0.0,24.0,1016.0,3.0
2025-11-13 20:00:00,PLCO,11.0,-5.5,31.0,0.0,24.0,1016.0,3.0
2025-11-13 21:00:00,PLCO,10.0,-5.5,33.0,0.0,28.0,1017.0,3.0
2025-11-13 22:00:00,PLCO,8.0,-5.8,37.0,0.0,9.0,1017.0,2.0
2025-11-13 23:00:00,PLCO,6.0,-4.5,47.0,0.0,9.0,1017.0,1.0
2025-11-14 00:00:00,PLCO,7.0,-4.7,43.0,0.0,7.0,1018.0,1.0
2025-11-14 01:00:00,PLCO,6.0,-3.9,49.0,0.0,9.0,1018.0,1.0
2025-11-14 02:00:00,PLCO,7.0,-3.5,47.0,0.0,11.0,1019.0,1.0
2025-11-14 03:00:00,PLCO,7.0,-4.1,45.0,0.0,17.0,1019.0,1.0
2025-11-14 04:00:00,PLCO,7.0,-3.0,49.0,0.0,13.0,1019.0,1.0
2025-11-14 05:00:00,PLCO,5.0,-3.3,55.0,0.0,7.0,1019.0,2.0
2025-11-14 06:00:00,PLCO,5.0,-2.8,57.0,0.0,15.0,1020.0,2.0
2025-11-14 07:00:00,PLCO,4.0,-3.7,57.0,0.0,11.0,1020.0,3.0
2025-11-14 08:00:00,PLCO,3.0,-3.6,62.0,0.0,13.0,1020.0,1.0
2025-11-14 09:00:00,PLCO,3.0,-3.8,61.0,0.0,11.0,1020.0,1.0
2025-11-14 10:00:00,PLCO,3.0,-3.8,61.0,0.0,6.0,1021.0,1.0
2025-11-14 11:00:00,PLCO,2.0,-3.7,66.0,0.0,6.0,1021.0,1.0
2025-11-14 12:00:00,PLCO,4.0,-2.6,62.0,0.0,13.0,1022.0,1.0
2025-11-14 13:00:00,PLCO,7.0,-1.9,53.0,0.0,17.0,1022.0,1.0
2025-11-14 14:00:00,PLCO,9.0,-2.0,46.0,0.0,22.0,1021.0,2.0
2025-11-14 15:00:00,PLCO,10.0,-1.7,44.0,0.0,15.0,1021.0,3.0
2025-11-14 16:00:00,PLCO,11.0,-2.4,39.0,0.0,20.0,1020.0,3.0
2025-11-14 17:00:00,PLCO,12.0,-3.0,35.0,0.0,17.0,1019.0,3.0
2025-11-14 18:00:00,PLCO,11.0,-3.5,36.0,0.0,19.0,1018.0,3.0
2025-11-14 19:00:00,PLCO,10.0,-3.3,39.0,0.0,15.0,1018.0,3.0
2025-11-14 20:00:00,PLCO,10.0,-2.6,41.0,0.0,7.0,1017.0,3.0
2025-11-14 21:00:00,PLCO,9.0,-2.6,44.0,0.0,7.0,1017.0,3.0
2025-11-14 22:00:00,PLCO,8.0,-2.1,49.0,0.0,0.0,1017.0,3.0
2025-11-14 23:00:00,PLCO,8.0,-1.0,53.0,0.0,0.0,1016.0,3.0
2025-11-15 00:00:00,PLCO,8.0,-0.5,55.0,0.0,0.0,1016.0,3.0
2025-11-15 01:00:00,PLCO,8.0,-1.5,51.0,0.0,6.0,1015.0,3.0
2025-11-15 02:00:00,PLCO,8.0,-1.0,53.0,0.0,0.0,1015.0,3.0
2025-11-15 03:00:00,PLCO,8.0,-1.0,53.0,0.0,0.0,1014.0,3.0
2025-11-15 04:00:00,PLCO,7.0,-0.7,58.0,0.0,0.0,1014.0,3.0
2025-11-15 05:00:00,PLCO,8.0,-0.5,55.0,0.0,6.0,1013.0,2.0
2025-11-15 06:00:00,PLCO,4.0,-0.4,73.0,0.0,0.0,1013.0,2.0
2025-11-15 07:00:00,PLCO,3.0,-0.5,78.0,0.0,0.0,1013.0,3.0
2025-11-15 08:00:00,PLCO,4.0,-0.4,73.0,0.0,0.0,1013.0,3.0
2025-11-15 09:00:00,PLCO,4.0,0.7,79.0,0.0,0.0,1013.0,3.0
2025-11-15 10:00:00,PLCO,4.0,0.7,79.0,0.0,0.0,1012.0,3.0
2025-11-15 11:00:00,PLCO,3.0,0.7,85.0,0.0,0.0,1013.0,3.0
2025-11-15 12:00:00,PLCO,4.0,1.4,83.0,0.0,0.0,1012.0,3.0
2025-11-15 13:00:00,PLCO,6.0,2.1,76.0,0.0,0.0,1011.0,3.0
2025-11-15 14:00:00,PLCO,7.0,0.9,65.0,0.0,0.0,1011.0,3.0
2025-11-15 15:00:00,PLCO,8.0,-0.2,56.0,0.0,0.0,1010.0,3.0
2025-11-15 16:00:00,PLCO,9.0,-0.3,52.0,0.0,9.0,1008.0,3.0
2025-11-15 17:00:00,PLCO,10.0,1.1,54.0,0.0,11.0,1006.0,3.0
2025-11-15 18:00:00,PLCO,10.0,1.1,54.0,0.0,13.0,1005.0,3.0
2025-11-15 19:00:00,PLCO,11.0,1.5,52.0,0.0,13.0,1003.0,3.0
2025-11-15 20:00:00,PLCO,11.0,2.0,54.0,0.0,11.0,1002.0,3.0
2025-11-15 21:00:00,PLCO,10.0,2.1,58.0,0.0,0.0,1000.0,3.0
2025-11-15 22:00:00,PLCO,10.0,2.8,61.0,0.0,0.0,1000.0,3.0
2025-11-15 23:00:00,PLCO,9.4,4.0,69.0,0.1,5.0,998.0,7.0
2025-11-16 00:00:00,PLCO,10.0,3.3,63.0,0.0,3.0,997.0,3.0
2025-11-16 01:00:00,PLCO,8.3,4.3,76.0,0.0,0.0,996.0,3.0
2025-11-16 02:00:00,PLCO,7.8,4.4,79.0,0.0,3.0,994.0,3.0
2025-11-16 03:00:00,PLCO,9.4,6.1,80.0,0.0,5.0,993.0,3.0
2025-11-16 04:00:00,PLCO,9.4,6.1,80.0,0.0,4.0,993.0,17.0
2025-11-16 05:00:00,PLCO,8.3,6.1,86.0,0.0,0.0,991.0,3.0
2025-11-16 06:00:00,PLCO,8.3,6.8,90.0,0.0,0.0,991.0,2.0
2025-11-16 07:00:00,PLCO,9.4,7.2,86.0,0.0,0.0,990.0,3.0
2025-11-16 08:00:00,PLCO,11.7,8.4,80.0,0.0,8.0,990.0,2.0
2025-11-16 09:00:00,PLCO,16.1,5.7,50.0,0.0,20.0,991.0,3.0
2025-11-16 10:00:00,PLCO,13.9,4.5,53.0,0.0,13.0,992.0,3.0
2025-11-16 11:00:00,PLCO,12.2,2.1,50.0,0.0,17.0,994.0,3.0
2025-11-16 12:00:00,PLCO,12.2,1.2,47.0,0.0,16.0,994.0,2.0
2025-11-16 13:00:00,PLCO,11.7,-1.8,39.0,0.0,22.0,995.0,2.0
2025-11-16 14:00:00,PLCO,12.2,-4.0,32.0,0.0,16.0,996.0,1.0
2025-11-16 15:00:00,PLCO,11.1,-3.8,35.0,0.0,21.0,997.0,1.0
2025-11-16 16:00:00,PLCO,11.1,-6.3,29.0,0.0,25.0,996.0,1.0
2025-11-16 17:00:00,PLCO,10.6,-7.2,28.0,0.0,27.0,996.0,3.0
2025-11-16 18:00:00,PLCO,9.4,-6.9,31.0,0.0,19.0,997.0,2.0
2025-11-16 19:00:00,PLCO,9.4,-6.1,33.0,0.0,21.0,,3.0
2025-11-16 20:00:00,PLCO,8.9,-7.3,31.0,0.0,20.0,,2.0
2025-11-16 21:00:00,PLCO,7.8,-5.6,38.0,0.0,15.0,,3.0
2025-11-16 22:00:00,PLCO,6.1,-4.4,47.0,0.0,10.0,,2.0
2025-11-16 23:00:00,PLCO,6.1,-5.5,43.0,0.0,13.0,,1.0
2025-11-17 00:00:00,PLCO,6.1,-5.5,43.0,0.0,12.0,,1.0
2025-11-17 01:00:00,PLCO,5.0,-5.7,46.0,0.0,11.0,,2.0
2025-11-17 02:00:00,PLCO,5.6,-5.7,44.0,0.0,19.0,,3.0
2025-11-17 03:00:00,PLCO,6.1,-4.9,45.0,0.0,11.0,,3.0
2025-11-17 04:00:00,PLCO,5.0,-3.3,55.0,0.0,9.0,,3.0
2025-11-17 05:00:00,PLCO,5.0,-2.8,57.0,0.0,9.0,,2.0
2025-11-17 06:00:00,PLCO,5.6,-5.7,44.0,0.0,11.0,,1.0
2025-11-17 07:00:00,PLCO,5.0,-5.7,46.0,0.0,13.0,,2.0
2025-11-17 08:00:00,PLCO,5.0,-5.9,45.0,0.0,13.0,,1.0
2025-11-17 09:00:00,PLCO,4.4,-6.2,46.0,0.0,17.0,,1.0
2025-11-17 10:00:00,PLCO,4.4,-6.2,46.0,0.0,14.0,,1.0
2025-11-17 11:00:00,PLCO,1.9,-4.2,64.0,0.0,21.6,1009.1,1.0
2025-11-17 12:00:00,PLCO,1.8,-4.3,64.0,0.0,21.6,1010.2,1.0
2025-11-17 13:00:00,PLCO,2.6,-3.9,62.0,0.0,24.8,1011.1,1.0
2025-11-17 14:00:00,PLCO,4.1,-4.4,54.0,0.0,33.5,1011.5,2.0
2025-11-17 15:00:00,PLCO,5.1,-4.5,50.0,0.0,32.8,1011.7,3.0
2025-11-17 16:00:00,PLCO,5.6,-5.1,46.0,0.0,32.0,1012.2,3.0
2025-11-17 17:00:00,PLCO,6.2,-6.1,41.0,0.0,31.0,1012.0,3.0
2025-11-17 18:00:00,PLCO,6.2,-6.4,40.0,0.0,28.4,1012.0,3.0
2025-11-17 19:00:00,PLCO,6.4,-6.9,38.0,0.0,29.2,1012.2,3.0
2025-11-17 20:00:00,PLCO,6.5,-6.8,38.0,0.0,26.6,1012.9,3.0
2025-11-17 21:00:00,PLCO,6.3,-7.0,38.0,0.0,25.6,1013.7,3.0
2025-11-17 22:00:00,PLCO,5.7,-6.8,40.0,0.0,18.7,1014.7,3.0
2025-11-17 23:00:00,PLCO,4.5,-6.4,45.0,0.0,16.9,1015.6,2.0
2025-11-18 00:00:00,PLCO,3.8,-6.2,48.0,0.0,18.4,1016.6,1.0
2025-11-18 01:00:00,PLCO,3.1,-6.0,51.0,0.0,20.2,1017.4,1.0
2025-11-18 02:00:00,PLCO,2.5,-5.9,54.0,0.0,18.0,1018.0,1.0
2025-11-18 03:00:00,PLCO,2.4,-5.7,55.0,0.0,16.9,1018.5,1.0
2025-11-18 04:00:00,PLCO,2.1,-5.8,56.0,0.0,18.0,1018.9,1.0
2025-11-18 05:00:00,PLCO,2.0,-5.6,57.0,0.0,16.6,1019.3,1.0
2025-11-18 06:00:00,PLCO,1.9,-5.5,58.0,0.0,15.5,1019.6,2.0
2025-11-18 07:00:00,PLCO,1.5,-5.6,59.0,0.0,14.0,1020.1,2.0
2025-11-18 08:00:00,PLCO,0.8,-5.4,63.0,0.0,13.0,1020.5,1.0
2025-11-18 09:00:00,PLCO,0.2,-5.4,66.0,0.0,11.5,1021.0,1.0
2025-11-18 10:00:00,PLCO,-0.2,-5.4,68.0,0.0,10.8,1021.6,1.0
2025-11-18 11:00:00,PLCO,-0.4,-5.2,70.0,0.0,10.1,1022.3,1.0
2025-11-18 12:00:00,PLCO,-0.9,-4.9,74.0,0.0,9.0,1022.8,1.0
2025-11-18 13:00:00,PLCO,0.4,-4.1,72.0,0.0,10.1,1023.7,3.0
2025-11-18 14:00:00,PLCO,2.5,-3.8,63.0,0.0,7.6,1024.0,3.0
2025-11-18 15:00:00,PLCO,3.8,-3.9,57.0,0.0,9.7,1024.2,3.0
2025-11-18 16:00:00,PLCO,4.5,-4.2,53.0,0.0,9.4,1024.0,3.0
2025-11-18 17:00:00,PLCO,4.8,-4.2,52.0,0.0,10.4,1023.8,3.0
2025-11-18 18:00:00,PLCO,5.1,-3.9,52.0,0.0,8.6,1022.9,3.0
2025-11-18 19:00:00,PLCO,5.1,-3.4,54.0,0.0,6.5,1022.2,3.0
2025-11-18 20:00:00,PLCO,5.2,-2.9,56.0,0.0,6.1,1021.5,3.0
2025-11-18 21:00:00,PLCO,5.2,-2.2,59.0,0.0,6.1,1021.6,3.0
2025-11-18 22:00:00,PLCO,4.5,-0.9,68.0,0.0,4.7,1021.9,3.0
2025-11-18 23:00:00,PLCO,4.6,-1.2,66.0,0.0,7.2,1021.8,3.0
2025-11-19 00:00:00,PLCO,4.5,-1.1,67.0,0.0,7.2,1021.7,3.0
2025-11-19 01:00:00,PLCO,4.4,-1.2,67.0,0.0,7.6,1021.7,3.0
2025-11-19 02:00:00,PLCO,4.4,-1.0,68.0,0.0,7.9,1021.6,3.0
2025-11-19 03:00:00,PLCO,4.5,-0.5,70.0,0.0,11.2,1021.4,3.0
2025-11-19 04:00:00,PLCO,4.2,0.9,79.0,0.4,11.9,1021.5,8.0
2025-11-19 05:00:00,PLCO,3.6,2.9,95.0,0.8,11.9,1020.8,8.0
2025-11-19 06:00:00,PLCO,3.6,3.2,97.0,2.3,11.5,1020.4,9.0
2025-11-19 07:00:00,PLCO,3.8,3.5,98.0,0.8,9.0,1020.3,8.0
2025-11-19 08:00:00,PLCO,3.8,3.5,98.0,2.0,8.3,1020.1,9.0
2025-11-19 09:00:00,PLCO,3.8,3.5,98.0,0.0,8.3,1020.1,3.0
2025-11-19 10:00:00,PLCO,4.0,3.7,98.0,0.0,7.9,1020.4,3.0
2025-11-19 11:00:00,PLCO,4.1,3.8,98.0,0.1,9.4,1020.7,7.0
2025-11-19 12:00:00,PLCO,4.0,3.9,99.0,0.0,9.4,1021.4,3.0
2025-11-19 13:00:00,PLCO,4.2,3.9,98.0,0.0,10.4,1021.8,3.0
2025-11-19 14:00:00,PLCO,4.6,3.9,95.0,0.0,11.9,1022.4,3.0
2025-11-19 15:00:00,PLCO,5.3,4.0,91.0,0.0,10.8,1022.8,3.0
2025-11-19 16:00:00,PLCO,5.8,4.0,88.0,0.0,7.6,1023.0,3.0
2025-11-19 17:00:00,PLCO,6.3,4.1,86.0,0.0,5.8,1022.6,3.0
2025-11-19 18:00:00,PLCO,6.7,4.2,84.0,0.0,5.8,1022.1,3.0
2025-11-19 19:00:00,PLCO,7.1,4.1,81.0,0.0,6.1,1021.9,3.0
2025-11-19 20:00:00,PLCO,7.3,3.9,79.0,0.0,6.8,1022.1,3.0
2025-11-19 21:00:00,PLCO,7.3,3.7,78.0,0.0,8.3,1022.9,3.0
2025-11-19 22:00:00,PLCO,6.7,3.8,82.0,0.0,7.2,1023.4,3.0
2025-11-19 23:00:00,PLCO,6.3,3.8,84.0,0.0,6.8,1023.5,3.0
2025-11-20 00:00:00,PLCO,6.4,3.7,83.0,0.0,8.3,1023.6,3.0
2025-11-20 01:00:00,PLCO,5.5,3.7,88.0,0.0,2.9,1023.7,3.0
2025-11-20 02:00:00,PLCO,5.2,3.5,89.0,0.0,3.6,1024.1,3.0
2025-11-20 03:00:00,PLCO,5.2,3.7,90.0,0.0,2.9,1024.2,3.0
2025-11-20 04:00:00,PLCO,5.0,3.7,91.0,0.0,2.2,1023.9,3.0
2025-11-20 05:00:00,PLCO,4.8,3.6,92.0,0.0,2.2,1023.5,3.0
2025-11-20 06:00:00,PLCO,4.3,3.1,92.0,0.0,1.8,1023.3,3.0
2025-11-20 07:00:00,PLCO,,,,,,,
2025-11-20 08:00:00,PLCO,,,,,,,
2025-11-20 09:00:00,PLCO,,,,,,,
2025-11-20 10:00:00,PLCO,,,,,,,
2025-11-20 11:00:00,PLCO,,,,,,,
2025-11-20 12:00:00,PLCO,4.7,4.0,95.0,,2.5,1023.7,
2025-11-20 13:00:00,PLCO,,,,,,,
2025-11-20 14:00:00,PLCO,,,,,,,
2025-11-20 15:00:00,PLCO,,,,,,,
2025-11-20 16:00:00,PLCO,,,,,,,
2025-11-20 17:00:00,PLCO,,,,,,,
2025-11-20 18:00:00,PLCO,8.9,4.3,73.0,,4.3,1022.0,
2025-11-20 19:00:00,PLCO,,,,,,,
2025-11-20 20:00:00,PLCO,,,,,,,
2025-11-20 21:00:00,PLCO,,,,,,,
2025-11-20 22:00:00,PLCO,,,,,,,
2025-11-20 23:00:00,PLCO,,,,,,,
2025-11-21 00:00:00,PLCO,7.6,5.4,86.0,,4.0,1021.2,
2025-11-21 01:00:00,PLCO,,,,,,,
2025-11-21 02:00:00,PLCO,,,,,,,
2025-11-21 03:00:00,PLCO,,,,,,,
2025-11-21 04:00:00,PLCO,,,,,,,
2025-11-21 05:00:00,PLCO,,,,,,,
2025-11-21 06:00:00,PLCO,6.7,5.3,91.0,,7.2,1019.4,
2025-11-21 07:00:00,PLCO,,,,,,,
2025-11-21 08:00:00,PLCO,,,,,,,
2025-11-21 09:00:00,PLCO,,,,,,,
2025-11-21 10:00:00,PLCO,,,,,,,
2025-11-21 11:00:00,PLCO,,,,,,,
2025-11-21 12:00:00,PLCO,6.7,6.1,96.0,,7.6,1017.0,
2025-11-21 13:00:00,PLCO,,,,,,,
2025-11-21 14:00:00,PLCO,,,,,,,
2025-11-21 15:00:00,PLCO,,,,,,,
2025-11-21 16:00:00,PLCO,,,,,,,
2025-11-21 17:00:00,PLCO,,,,,,,
2025-11-21 18:00:00,PLCO,10.2,8.1,87.0,,4.7,1013.7,
2025-11-21 19:00:00,PLCO,,,,,,,
2025-11-21 20:00:00,PLCO,,,,,,,
2025-11-21 21:00:00,PLCO,,,,,,,
2025-11-21 22:00:00,PLCO,,,,,,,
2025-11-21 23:00:00,PLCO,,,,,,,
2025-11-22 00:00:00,PLCO,9.6,8.8,95.0,,2.9,1012.7,
2025-11-22 01:00:00,PLCO,,,,,,,
2025-11-22 02:00:00,PLCO,,,,,,,
2025-11-22 03:00:00,PLCO,,,,,,,
2025-11-22 04:00:00,PLCO,,,,,,,
2025-11-22 05:00:00,PLCO,,,,,,,
2025-11-22 06:00:00,PLCO,6.9,6.0,94.0,,11.2,1013.5,
2025-11-22 07:00:00,PLCO,,,,,,,
2025-11-22 08:00:00,PLCO,,,,,,,
2025-11-22 09:00:00,PLCO,,,,,,,
2025-11-22 10:00:00,PLCO,,,,,,,
2025-11-22 11:00:00,PLCO,,,,,,,
2025-11-22 12:00:00,PLCO,5.0,3.3,89.0,,9.7,1015.4,
2025-11-22 13:00:00,PLCO,,,,,,,
2025-11-22 14:00:00,PLCO,,,,,,,
2025-11-22 15:00:00,PLCO,,,,,,,
2025-11-22 16:00:00,PLCO,,,,,,,
2025-11-22 17:00:00,PLCO,,,,,,,
2025-11-22 18:00:00,PLCO,8.6,-1.0,51.0,,8.3,1015.6,
2025-11-22 19:00:00,PLCO,,,,,,,
2025-11-22 20:00:00,PLCO,,,,,,,
2025-11-22 21:00:00,PLCO,,,,,,,
2025-11-22 22:00:00,PLCO,,,,,,,
2025-11-22 23:00:00,PLCO,,,,,,,
2025-11-23 00:00:00,PLCO,3.6,-0.6,74.0,,5.8,1017.8,
2025-11-23 01:00:00,PLCO,,,,,,,
2025-11-23 02:00:00,PLCO,,,,,,,
2025-11-23 03:00:00,PLCO,,,,,,,
2025-11-23 04:00:00,PLCO,,,,,,,
2025-11-23 05:00:00,PLCO,,,,,,,
2025-11-23 06:00:00,PLCO,0.1,-2.0,86.0,,2.5,1018.9,
2025-11-23 07:00:00,PLCO,,,,,,,
2025-11-23 08:00:00,PLCO,,,,,,,
2025-11-23 09:00:00,PLCO,,,,,,,
2025-11-23 10:00:00,PLCO,,,,,,,
2025-11-23 11:00:00,PLCO,,,,,,,
2025-11-23 12:00:00,PLCO,-1.8,-3.4,89.0,,1.4,1019.7,
2025-11-23 13:00:00,PLCO,,,,,,,
2025-11-23 14:00:00,PLCO,,,,,,,
2025-11-23 15:00:00,PLCO,,,,,,,
2025-11-23 16:00:00,PLCO,,,,,,,
2025-11-23 17:00:00,PLCO,,,,,,,
2025-11-23 18:00:00,PLCO,11.1,0.8,49.0,,6.1,1018.0,
2025-11-23 19:00:00,PLCO,,,,,,,
2025-11-23 20:00:00,PLCO,,,,,,,
2025-11-23 21:00:00,PLCO,,,,,,,
2025-11-23 22:00:00,PLCO,,,,,,,
2025-11-23 23:00:00,PLCO,,,,,,,
2025-11-24 00:00:00,PLCO,5.0,1.5,78.0,,6.5,1018.5,
2025-11-24 01:00:00,PLCO,,,,,,,
2025-11-24 02:00:00,PLCO,,,,,,,
2025-11-24 03:00:00,PLCO,,,,,,,
2025-11-24 04:00:00,PLCO,,,,,,,
2025-11-24 05:00:00,PLCO,,,,,,,
2025-11-24 06:00:00,PLCO,1.0,-0.9,87.0,,4.0,1019.1,
2025-11-24 07:00:00,PLCO,,,,,,,
2025-11-24 08:00:00,PLCO,,,,,,,
2025-11-24 09:00:00,PLCO,,,,,,,
2025-11-24 10:00:00,PLCO,,,,,,,
2025-11-24 11:00:00,PLCO,,,,,,,
2025-11-24 12:00:00,PLCO,-0.6,-1.9,91.0,,2.5,1020.5,
2025-11-24 13:00:00,PLCO,,,,,,,
2025-11-24 14:00:00,PLCO,,,,,,,
2025-11-24 15:00:00,PLCO,,,,,,,
2025-11-24 16:00:00,PLCO,,,,,,,
2025-11-24 17:00:00,PLCO,,,,,,,
2025-11-24 18:00:00,PLCO,14.1,3.3,48.0,,5.4,1018.2,
2025-11-24 19:00:00,PLCO,,,,,,,
2025-11-24 20:00:00,PLCO,,,,,,,
2025-11-24 21:00:00,PLCO,,,,,,,
2025-11-24 22:00:00,PLCO,,,,,,,
2025-11-24 23:00:00,PLCO,,,,,,,
2025-11-25 00:00:00,PLCO,8.9,2.7,65.0,,12.2,1018.0,
2025-11-25 01:00:00,PLCO,,,,,,,
2025-11-25 02:00:00,PLCO,,,,,,,
2025-11-25 03:00:00,PLCO,,,,,,,
2025-11-25 04:00:00,PLCO,,,,,,,
2025-11-25 05:00:00,PLCO,,,,,,,
2025-11-25 06:00:00,PLCO,7.8,1.2,63.0,,9.4,1017.6,
2025-11-25 07:00:00,PLCO,,,,,,,
2025-11-25 08:00:00,PLCO,,,,,,,
2025-11-25 09:00:00,PLCO,,,,,,,
2025-11-25 10:00:00,PLCO,,,,,,,
2025-11-25 11:00:00,PLCO,,,,,,,
2025-11-25 12:00:00,PLCO,8.1,3.0,70.0,,6.5,1019.4,
2025-11-25 13:00:00,PLCO,,,,,,,
2025-11-25 14:00:00,PLCO,,,,,,,
2025-11-25 15:00:00,PLCO,,,,,,,
2025-11-25 16:00:00,PLCO,,,,,,,
2025-11-25 17:00:00,PLCO,,,,,,,
2025-11-25 18:00:00,PLCO,12.5,5.6,63.0,,12.6,1019.5,
2025-11-25 19:00:00,PLCO,,,,,,,
2025-11-25 20:00:00,PLCO,,,,,,,
2025-11-25 21:00:00,PLCO,,,,,,,
2025-11-25 22:00:00,PLCO,,,,,,,
2025-11-25 23:00:00,PLCO,,,,,,,
2025-11-26 00:00:00,PLCO,6.4,2.8,78.0,,7.2,1021.5,
2025-11-26 01:00:00,PLCO,,,,,,,
2025-11-26 02:00:00,PLCO,,,,,,,
2025-11-26 03:00:00,PLCO,,,,,,,
2025-11-26 04:00:00,PLCO,,,,,,,
2025-11-26 05:00:00,PLCO,,,,,,,
2025-11-26 06:00:00,PLCO,2.2,0.1,86.0,,5.4,1023.4,
2025-11-26 07:00:00,PLCO,,,,,,,
2025-11-26 08:00:00,PLCO,,,,,,,
2025-11-26 09:00:00,PLCO,,,,,,,
2025-11-26 10:00:00,PLCO,,,,,,,
2025-11-26 11:00:00,PLCO,,,,,,,
2025-11-26 12:00:00,PLCO,0.5,-1.1,89.0,,7.6,1025.9,
2025-11-26 13:00:00,PLCO,,,,,,,
2025-11-26 14:00:00,PLCO,,,,,,,
2025-11-26 15:00:00,PLCO,,,,,,,
2025-11-26 16:00:00,PLCO,,,,,,,
2025-11-26 17:00:00,PLCO,,,,,,,
2025-11-26 18:00:00,PLCO,7.3,-1.1,55.0,,9.4,1025.8,
2025-11-26 19:00:00,PLCO,,,,,,,
2025-11-26 20:00:00,PLCO,,,,,,,
2025-11-26 21:00:00,PLCO,,,,,,,
2025-11-26 22:00:00,PLCO,,,,,,,
2025-11-26 23:00:00,PLCO,,,,,,,
2025-11-27 00:00:00,PLCO,4.7,-1.3,65.0,,8.3,1026.0,
2025-11-01 00:00:00,PN,8.0,0.9,61.0,0.0,28.0,1009.0,3.0
2025-11-01 01:00:00,PN,8.0,2.0,66.0,0.0,22.0,1010.0,3.0
2025-11-01 02:00:00,PN,8.0,3.1,71.0,0.0,22.0,1011.0,3.0
2025-11-01 03:00:00,PN,7.0,3.1,76.0,0.2,19.0,1011.0,17.0
2025-11-01 04:00:00,PN,8.0,3.1,71.0,0.2,15.0,1012.0,17.0
2025-11-01 05:00:00,PN,7.0,3.1,76.0,0.1,15.0,1012.0,17.0
2025-11-01 06:00:00,PN,7.0,3.1,76.0,0.0,15.0,1013.0,3.0
2025-11-01 07:00:00,PN,8.0,3.1,71.0,0.0,13.0,1013.0,3.0
2025-11-01 08:00:00,PN,8.0,3.1,71.0,0.0,13.0,1013.0,3.0
2025-11-01 09:00:00,PN,7.0,3.1,76.0,0.0,17.0,1014.0,3.0
2025-11-01 10:00:00,PN,6.0,3.0,81.0,0.0,13.0,1014.0,3.0
2025-11-01 11:00:00,PN,4.0,2.0,87.0,0.0,9.0,1015.0,3.0
2025-11-01 12:00:00,PN,3.0,2.0,93.0,0.0,9.0,1016.0,3.0
2025-11-01 13:00:00,PN,6.0,3.0,81.0,0.0,11.0,1017.0,2.0
2025-11-01 14:00:00,PN,7.0,3.1,76.0,0.0,6.0,1017.0,3.0
2025-11-01 15:00:00,PN,9.0,3.0,66.0,0.0,13.0,1017.0,3.0
2025-11-01 16:00:00,PN,9.0,3.0,66.0,0.0,11.0,1018.0,2.0
2025-11-01 17:00:00,PN,11.0,3.1,58.0,0.0,11.0,1017.0,3.0
2025-11-01 18:00:00,PN,11.0,3.1,58.0,0.0,15.0,1017.0,3.0
2025-11-01 19:00:00,PN,12.0,3.0,54.0,0.0,17.0,1017.0,3.0
2025-11-01 20:00:00,PN,11.0,3.1,58.0,0.0,19.0,1017.0,3.0
2025-11-01 21:00:00,PN,10.0,3.1,62.0,0.0,15.0,1018.0,3.0
2025-11-01 22:00:00,PN,9.0,3.0,66.0,0.0,7.0,1018.0,3.0
2025-11-01 23:00:00,PN,7.0,2.1,71.0,0.0,0.0,1019.0,3.0
2025-11-02 00:00:00,PN,4.0,2.0,87.0,0.0,0.0,1019.0,3.0
2025-11-02 01:00:00,PN,3.0,1.1,87.0,0.0,0.0,1020.0,3.0
2025-11-02 02:00:00,PN,2.0,2.0,100.0,0.0,6.0,1021.0,3.0
2025-11-02 03:00:00,PN,3.0,3.0,100.0,0.0,7.0,1021.0,3.0
2025-11-02 04:00:00,PN,3.0,3.0,100.0,0.0,3.0,1021.0,3.0
2025-11-02 05:00:00,PN,1.0,1.0,100.0,0.0,6.0,1021.0,3.0
2025-11-02 06:00:00,PN,2.0,2.0,100.0,0.0,0.0,1022.0,3.0
2025-11-02 07:00:00,PN,2.0,2.0,100.0,0.0,7.0,1022.0,3.0
2025-11-02 08:00:00,PN,1.0,1.0,100.0,0.0,7.0,1022.0,3.0
2025-11-02 09:00:00,PN,1.0,-0.0,93.0,0.0,6.0,1022.0,3.0
2025-11-02 10:00:00,PN,0.0,0.0,100.0,0.0,7.0,1023.0,3.0
2025-11-02 11:00:00,PN,0.0,-1.0,93.0,0.0,0.0,1023.0,2.0
2025-11-02 12:00:00,PN,0.0,0.0,100.0,0.0,7.0,1024.0,3.0
2025-11-02 13:00:00,PN,4.0,2.0,87.0,0.0,0.0,1025.0,2.0
2025-11-02 14:00:00,PN,9.0,4.0,71.0,0.0,0.0,1025.0,1.0
2025-11-02 15:00:00,PN,11.0,4.0,62.0,0.0,0.0,1025.0,1.0
2025-11-02 16:00:00,PN,13.0,3.9,54.0,0.0,0.0,1025.0,2.0
2025-11-02 17:00:00,PN,14.0,3.2,48.0,0.0,7.0,1024.0,3.0
2025-11-02 18:00:00,PN,14.0,3.2,48.0,0.0,6.0,1024.0,3.0
2025-11-02 19:00:00,PN,13.0,3.1,51.0,0.0,11.0,1023.0,3.0
2025-11-02 20:00:00,PN,14.0,4.0,51.0,0.0,9.0,1023.0,3.0
2025-11-02 21:00:00,PN,14.0,4.0,51.0,0.0,7.0,1023.0,3.0
2025-11-02 22:00:00,PN,11.0,4.0,62.0,0.0,0.0,1023.0,3.0
2025-11-02 23:00:00,PN,9.0,4.0,71.0,0.0,7.0,1023.0,1.0
2025-11-03 00:00:00,PN,7.0,5.0,87.0,0.0,0.0,1023.0,3.0
2025-11-03 01:00:00,PN,7.0,4.0,81.0,0.0,0.0,1023.0,2.0
2025-11-03 02:00:00,PN,6.0,4.0,87.0,0.0,0.0,1023.0,1.0
2025-11-03 03:00:00,PN,4.0,3.0,93.0,0.0,6.0,1023.0,1.0
2025-11-03 04:00:00,PN,4.0,3.0,93.0,0.0,0.0,1022.0,2.0
2025-11-03 05:00:00,PN,2.0,2.0,100.0,0.0,0.0,1022.0,1.0
2025-11-03 06:00:00,PN,7.0,2.1,71.0,0.0,0.0,1022.0,1.0
2025-11-03 07:00:00,PN,4.0,2.0,87.0,0.0,6.0,1021.0,2.0
2025-11-03 08:00:00,PN,3.0,1.1,87.0,0.0,6.0,1021.0,1.0
2025-11-03 09:00:00,PN,4.0,2.0,87.0,0.0,9.0,1021.0,1.0
2025-11-03 10:00:00,PN,5.0,2.0,81.0,0.0,0.0,1020.0,1.0
2025-11-03 11:00:00,PN,3.0,1.1,87.0,0.0,0.0,1021.0,1.0
2025-11-03 12:00:00,PN,2.0,1.0,93.0,0.0,0.0,1021.0,1.0
2025-11-03 13:00:00,PN,6.0,4.0,87.0,0.0,6.0,1021.0,1.0
2025-11-03 14:00:00,PN,8.0,4.0,76.0,0.0,15.0,1020.0,1.0
2025-11-03 15:00:00,PN,9.0,4.0,71.0,0.0,17.0,1020.0,1.0
2025-11-03 16:00:00,PN,11.0,5.1,67.0,0.0,17.0,1019.0,1.0
2025-11-03 17:00:00,PN,11.0,5.1,67.0,0.0,19.0,1017.0,3.0
2025-11-03 18:00:00,PN,13.0,3.9,54.0,0.0,41.0,1016.0,3.0
2025-11-03 19:00:00,PN,11.0,1.0,50.0,0.0,30.0,1016.0,1.0
2025-11-03 20:00:00,PN,11.0,-1.1,43.0,0.0,22.0,1016.0,2.0
2025-11-03 21:00:00,PN,11.0,0.1,47.0,0.0,26.0,1016.0,3.0
2025-11-03 22:00:00,PN,10.0,1.1,54.0,0.0,19.0,1016.0,3.0
2025-11-03 23:00:00,PN,9.0,0.9,57.0,0.0,15.0,1017.0,3.0
2025-11-04 00:00:00,PN,8.0,2.0,66.0,0.0,15.0,1018.0,2.0
2025-11-04 01:00:00,PN,8.0,3.1,71.0,0.0,15.0,1018.0,2.0
2025-11-04 02:00:00,PN,8.0,3.1,71.0,0.0,19.0,1019.0,2.0
2025-11-04 03:00:00,PN,8.0,2.0,66.0,0.0,22.0,1019.0,1.0
2025-11-04 04:00:00,PN,8.0,0.9,61.0,0.0,22.0,1020.0,1.0
2025-11-04 05:00:00,PN,7.0,-0.0,61.0,0.0,20.0,1020.0,1.0
2025-11-04 06:00:00,PN,7.0,-0.0,61.0,0.0,17.0,1021.0,1.0
2025-11-04 07:00:00,PN,6.0,-0.1,65.0,0.0,11.0,1021.0,1.0
2025-11-04 08:00:00,PN,5.0,-1.0,65.0,0.0,15.0,1021.0,1.0
2025-11-04 09:00:00,PN,5.0,-1.0,65.0,0.0,13.0,1021.0,1.0
2025-11-04 10:00:00,PN,5.0,-1.0,65.0,0.0,19.0,1023.0,1.0
2025-11-04 11:00:00,PN,4.0,-1.0,70.0,0.0,11.0,1023.0,1.0
2025-11-04 12:00:00,PN,2.0,-0.9,81.0,0.0,9.0,1024.0,1.0
2025-11-04 13:00:00,PN,5.0,-0.0,70.0,0.0,11.0,1025.0,1.0
2025-11-04 14:00:00,PN,7.0,1.1,66.0,0.0,13.0,1025.0,1.0
2025-11-04 15:00:00,PN,10.0,1.1,54.0,0.0,15.0,1025.0,1.0
2025-11-04 16:00:00,PN,12.0,0.1,44.0,0.0,17.0,1025.0,3.0
2025-11-04 17:00:00,PN,13.0,-4.2,30.0,0.0,26.0,1024.0,2.0
2025-11-04 18:00:00,PN,14.0,-5.2,26.0,0.0,28.0,1023.0,3.0
2025-11-04 19:00:00,PN,14.0,-5.2,26.0,0.0,22.0,1023.0,1.0
2025-11-04 20:00:00,PN,14.0,-5.7,25.0,0.0,30.0,1022.0,1.0
2025-11-04 21:00:00,PN,11.5,-3.4,35.0,0.0,19.4,1022.6,3.0
2025-11-04 22:00:00,PN,11.0,-6.8,28.0,0.0,15.0,1023.0,3.0
2025-11-04 23:00:00,PN,9.0,-6.0,34.0,0.0,13.0,1023.0,1.0
2025-11-05 00:00:00,PN,7.0,-5.0,42.0,0.0,11.0,1024.0,2.0
2025-11-05 01:00:00,PN,6.0,-5.9,42.0,0.0,9.0,1023.0,1.0
2025-11-05 02:00:00,PN,5.0,-3.0,56.0,0.0,0.0,1023.0,1.0
2025-11-05 03:00:00,PN,2.0,-3.9,65.0,0.0,0.0,1023.0,1.0
2025-11-05 04:00:00,PN,2.0,-3.9,65.0,0.0,0.0,1022.0,1.0
2025-11-05 05:00:00,PN,1.0,-2.9,75.0,0.0,0.0,1022.0,1.0
2025-11-05 06:00:00,PN,0.0,-3.0,80.0,0.0,0.0,1021.0,1.0
2025-11-05 07:00:00,PN,0.0,-3.0,80.0,0.0,0.0,1021.0,2.0
2025-11-05 08:00:00,PN,0.0,-2.1,86.0,0.0,0.0,1020.0,1.0
2025-11-05 09:00:00,PN,0.0,-3.0,80.0,0.0,0.0,1019.0,1.0
2025-11-05 10:00:00,PN,0.0,-3.0,80.0,0.0,0.0,1018.0,1.0
2025-11-05 11:00:00,PN,1.0,-2.9,75.0,0.0,0.0,1017.0,1.0
2025-11-05 12:00:00,PN,3.0,-2.9,65.0,0.0,0.0,1016.0,1.0
2025-11-05 13:00:00,PN,9.0,-0.9,50.0,0.0,17.0,1015.0,1.0
2025-11-05 14:00:00,PN,11.0,1.0,50.0,0.0,22.0,1014.0,1.0
2025-11-05 15:00:00,PN,16.0,5.0,48.0,0.0,22.0,1012.0,1.0
2025-11-05 16:00:00,PN,16.0,5.0,48.0,0.0,32.0,1011.0,1.0
2025-11-05 17:00:00,PN,17.0,5.0,45.0,0.0,22.0,1010.0,3.0
2025-11-05 18:00:00,PN,18.0,5.9,45.0,0.0,30.0,1008.0,3.0
2025-11-05 19:00:00,PN,17.0,5.9,48.0,0.0,37.0,1008.0,3.0
2025-11-05 20:00:00,PN,17.0,7.1,52.0,0.0,37.0,1008.0,3.0
2025-11-05 21:00:00,PN,17.0,7.1,52.0,0.0,33.0,1008.0,3.0
2025-11-05 22:00:00,PN,15.0,8.9,67.0,0.0,32.0,1008.0,5.0
2025-11-05 23:00:00,PN,13.0,10.0,82.0,0.1,20.0,1009.0,5.0
2025-11-06 00:00:00,PN,12.0,10.1,88.0,0.0,28.0,1010.0,9.0
2025-11-06 01:00:00,PN,10.0,7.1,82.0,1.4,24.0,1013.0,9.0
2025-11-06 02:00:00,PN,8.0,4.9,81.0,0.1,24.0,1014.0,7.0
2025-11-06 03:00:00,PN,8.0,4.0,76.0,0.3,22.0,1015.0,17.0
2025-11-06 04:00:00,PN,7.0,3.1,76.0,0.2,37.0,1017.0,17.0
2025-11-06 05:00:00,PN,6.0,2.1,76.0,0.0,20.0,1018.0,2.0
2025-11-06 06:00:00,PN,5.0,-0.0,70.0,0.0,19.0,1018.0,2.0
2025-11-06 07:00:00,PN,5.0,-0.0,70.0,0.0,17.0,1019.0,2.0
2025-11-06 08:00:00,PN,4.0,-0.0,75.0,0.0,15.0,1019.0,1.0
2025-11-06 09:00:00,PN,3.0,-1.0,75.0,0.0,13.0,1020.0,1.0
2025-11-06 10:00:00,PN,3.0,-1.0,75.0,0.0,15.0,1021.0,1.0
2025-11-06 11:00:00,PN,3.0,-1.0,75.0,0.0,11.0,1021.0,1.0
2025-11-06 12:00:00,PN,2.0,-0.9,81.0,0.0,7.0,1022.0,1.0
2025-11-06 13:00:00,PN,5.0,-0.0,70.0,0.0,11.0,1022.0,1.0
2025-11-06 14:00:00,PN,7.0,-0.0,61.0,0.0,17.0,1023.0,1.0
2025-11-06 15:00:00,PN,8.0,0.0,57.0,0.0,19.0,1023.0,1.0
2025-11-06 16:00:00,PN,9.0,-0.9,50.0,0.0,22.0,1023.0,1.0
2025-11-06 17:00:00,PN,10.0,-1.1,46.0,0.0,24.0,1022.0,2.0
2025-11-06 18:00:00,PN,10.0,-3.0,40.0,0.0,24.0,1022.0,1.0
2025-11-06 19:00:00,PN,10.0,-4.0,37.0,0.0,24.0,1021.0,2.0
2025-11-06 20:00:00,PN,10.0,-3.0,40.0,0.0,19.0,1021.0,2.0
2025-11-06 21:00:00,PN,9.0,-3.9,40.0,0.0,17.0,1021.0,3.0
2025-11-06 22:00:00,PN,7.0,-3.8,46.0,0.0,9.0,1021.0,2.0
2025-11-06 23:00:00,PN,6.0,-3.9,49.0,0.0,0.0,1021.0,3.0
2025-11-07 00:00:00,PN,2.0,-2.9,70.0,0.0,0.0,1021.0,3.0
2025-11-07 01:00:00,PN,0.0,-3.0,80.0,0.0,0.0,1021.0,3.0
2025-11-07 02:00:00,PN,0.0,-3.0,80.0,0.0,0.0,1021.0,3.0
2025-11-07 03:00:00,PN,-1.0,-3.0,86.0,0.0,7.0,1020.0,3.0
2025-11-07 04:00:00,PN,-1.0,-2.0,93.0,0.0,0.0,1019.0,3.0
2025-11-07 05:00:00,PN,0.0,-3.0,80.0,0.0,0.0,1019.0,3.0
2025-11-07 06:00:00,PN,-2.0,-3.0,93.0,0.0,6.0,1018.0,3.0
2025-11-07 07:00:00,PN,0.0,-3.0,80.0,0.0,6.0,1017.0,3.0
2025-11-07 08:00:00,PN,2.0,-2.9,70.0,0.0,13.0,1016.0,3.0
2025-11-07 09:00:00,PN,4.0,-3.1,60.0,0.0,19.0,1014.0,3.0
2025-11-07 10:00:00,PN,5.0,-4.0,52.0,0.0,24.0,1013.0,3.0
2025-11-07 11:00:00,PN,6.0,-3.9,49.0,0.0,20.0,1012.0,3.0
2025-11-07 12:00:00,PN,6.0,-5.0,45.0,0.0,19.0,1011.0,3.0
2025-11-07 13:00:00,PN,7.0,-3.8,46.0,0.0,13.0,1011.0,3.0
2025-11-07 14:00:00,PN,11.0,-2.1,40.0,0.0,11.0,1009.0,3.0
2025-11-07 15:00:00,PN,13.0,1.0,44.0,0.0,7.0,1008.0,3.0
2025-11-07 16:00:00,PN,16.0,5.0,48.0,0.0,28.0,1006.0,3.0
2025-11-07 17:00:00,PN,17.0,7.1,52.0,0.0,26.0,1005.0,3.0
2025-11-07 18:00:00,PN,17.0,7.9,55.0,0.0,28.0,1003.0,3.0
2025-11-07 19:00:00,PN,16.0,9.0,63.0,0.0,19.0,1004.0,5.0
2025-11-07 20:00:00,PN,13.0,11.1,88.0,0.0,17.0,1002.0,5.0
2025-11-07 21:00:00,PN,13.0,11.1,88.0,0.1,13.0,1003.0,5.0
2025-11-07 22:00:00,PN,12.0,12.0,100.0,0.0,9.0,1003.0,5.0
2025-11-07 23:00:00,PN,13.0,12.1,94.0,0.3,13.0,1003.0,5.0
2025-11-08 00:00:00,PN,13.0,12.1,94.0,0.0,19.0,1003.0,5.0
2025-11-08 01:00:00,PN,13.0,13.0,100.0,0.0,17.0,1003.0,5.0
2025-11-08 02:00:00,PN,13.0,12.1,94.0,0.3,20.0,1003.0,8.0
2025-11-08 03:00:00,PN,12.0,12.0,100.0,0.4,15.0,1004.0,8.0
2025-11-08 04:00:00,PN,12.0,11.1,94.0,0.0,9.0,1004.0,3.0
2025-11-08 05:00:00,PN,12.0,12.0,100.0,0.3,17.0,1004.0,8.0
2025-11-08 06:00:00,PN,12.0,11.1,94.0,0.4,15.0,1005.0,8.0
2025-11-08 07:00:00,PN,11.0,10.1,94.0,0.2,7.0,1005.0,7.0
2025-11-08 08:00:00,PN,11.0,9.1,88.0,0.0,15.0,1006.0,3.0
2025-11-08 09:00:00,PN,9.0,8.1,94.0,0.0,6.0,1007.0,3.0
2025-11-08 10:00:00,PN,8.0,8.0,100.0,0.0,7.0,1008.0,5.0
2025-11-08 11:00:00,PN,8.0,6.9,93.0,0.0,9.0,1008.0,5.0
2025-11-08 12:00:00,PN,8.0,8.0,100.0,0.0,0.0,1009.0,5.0
2025-11-08 13:00:00,PN,9.0,9.0,100.0,0.0,7.0,1010.0,5.0
2025-11-08 14:00:00,PN,10.0,9.1,94.0,0.0,7.0,1010.0,5.0
2025-11-08 15:00:00,PN,12.0,9.0,82.0,0.0,13.0,1010.0,3.0
2025-11-08 16:00:00,PN,13.0,9.1,77.0,0.0,15.0,1009.0,3.0
2025-11-08 17:00:00,PN,14.0,9.0,72.0,0.1,19.0,1009.0,17.0
2025-11-08 18:00:00,PN,14.0,8.0,67.0,0.0,19.0,1009.0,3.0
2025-11-08 19:00:00,PN,14.0,9.0,72.0,0.2,13.0,1009.0,17.0
2025-11-08 20:00:00,PN,14.0,8.0,67.0,0.0,11.0,1009.0,3.0
2025-11-08 21:00:00,PN,14.0,8.0,67.0,0.0,9.0,1009.0,3.0
2025-11-08 22:00:00,PN,12.0,10.1,88.0,0.1,9.0,1010.0,3.0
2025-11-08 23:00:00,PN,10.0,9.1,94.0,0.0,0.0,1010.0,5.0
2025-11-09 00:00:00,PN,9.0,9.0,100.0,0.0,0.0,1010.0,5.0
2025-11-09 01:00:00,PN,9.0,9.0,100.0,0.0,6.0,1010.0,5.0
2025-11-09 02:00:00,PN,7.0,7.0,100.0,0.0,0.0,1011.0,5.0
2025-11-09 03:00:00,PN,6.0,6.0,100.0,0.1,0.0,1011.0,5.0
2025-11-09 04:00:00,PN,4.0,4.0,100.0,0.0,6.0,1011.0,5.0
2025-11-09 05:00:00,PN,3.0,3.0,100.0,0.1,7.0,1010.0,5.0
2025-11-09 06:00:00,PN,3.0,3.0,100.0,0.0,7.0,1010.0,5.0
2025-11-09 07:00:00,PN,2.0,2.0,100.0,0.0,11.0,1009.0,5.0
2025-11-09 08:00:00,PN,3.0,3.0,100.0,0.0,7.0,1009.0,5.0
2025-11-09 09:00:00,PN,3.0,3.0,100.0,0.0,7.0,1009.0,5.0
2025-11-09 10:00:00,PN,3.0,3.0,100.0,0.0,6.0,1008.0,5.0
2025-11-09 11:00:00,PN,2.0,2.0,100.0,0.0,5.0,1008.0,5.0
2025-11-09 12:00:00,PN,3.0,3.0,100.0,0.0,0.0,1007.0,5.0
2025-11-09 13:00:00,PN,3.0,3.0,100.0,0.0,9.0,1007.0,5.0
2025-11-09 14:00:00,PN,5.0,5.0,100.0,0.0,0.0,1006.0,3.0
2025-11-09 15:00:00,PN,10.0,7.9,87.0,0.0,9.0,1004.0,3.0
2025-11-09 16:00:00,PN,10.0,7.9,87.0,0.0,20.0,1006.0,5.0
2025-11-09 17:00:00,PN,9.0,8.1,94.0,1.8,11.0,1005.0,9.0
2025-11-09 18:00:00,PN,10.0,9.1,94.0,0.8,7.0,1005.0,8.0
2025-11-09 19:00:00,PN,11.0,9.1,88.0,0.0,11.0,1005.0,3.0
2025-11-09 20:00:00,PN,11.0,9.1,88.0,0.2,13.0,1006.0,5.0
2025-11-09 21:00:00,PN,8.0,8.0,100.0,0.4,15.0,1007.0,5.0
2025-11-09 22:00:00,PN,8.0,6.9,93.0,0.0,13.0,1007.0,3.0
2025-11-09 23:00:00,PN,8.0,6.9,93.0,0.0,6.0,1008.0,3.0
2025-11-10 00:00:00,PN,7.0,7.0,100.0,0.0,0.0,1008.0,5.0
2025-11-10 01:00:00,PN,6.0,5.0,93.0,0.4,19.0,1009.0,8.0
2025-11-10 02:00:00,PN,6.0,5.0,93.0,0.4,13.0,1008.0,8.0
2025-11-10 03:00:00,PN,6.0,5.0,93.0,0.0,19.0,1009.0,5.0
2025-11-10 04:00:00,PN,5.0,4.0,93.0,0.6,19.0,1009.0,8.0
2025-11-10 05:00:00,PN,3.0,3.0,100.0,0.0,24.0,1009.0,3.0
2025-11-10 06:00:00,PN,2.0,1.0,93.0,0.0,20.0,1010.0,5.0
2025-11-10 07:00:00,PN,1.0,1.0,100.0,0.2,17.0,1010.0,7.0
2025-11-10 08:00:00,PN,1.0,-0.0,93.0,0.0,17.0,1010.0,5.0
2025-11-10 09:00:00,PN,0.0,0.0,100.0,0.0,15.0,1010.0,3.0
2025-11-10 10:00:00,PN,0.0,-2.1,86.0,0.0,17.0,1011.0,3.0
2025-11-10 11:00:00,PN,0.0,-2.1,86.0,0.0,11.0,1011.0,3.0
2025-11-10 12:00:00,PN,0.0,-2.1,86.0,0.0,7.0,1011.0,5.0
2025-11-10 13:00:00,PN,-1.0,-1.0,100.0,0.0,6.0,1012.0,5.0
2025-11-10 14:00:00,PN,0.0,-1.0,93.0,0.0,15.0,1012.0,5.0
2025-11-10 15:00:00,PN,0.0,-2.1,86.0,0.0,20.0,1012.0,3.0
2025-11-10 16:00:00,PN,0.0,-2.1,86.0,0.0,19.0,1012.0,3.0
2025-11-10 17:00:00,PN,1.0,-2.9,75.0,0.0,20.0,1011.0,3.0
2025-11-10 18:00:00,PN,0.0,-3.9,75.0,0.0,24.0,1010.0,3.0
2025-11-10 19:00:00,PN,1.0,-5.9,60.0,0.0,20.0,1010.0,3.0
2025-11-10 20:00:00,PN,1.0,-5.0,64.0,0.0,24.0,1011.0,3.0
2025-11-10 21:00:00,PN,0.0,-7.0,59.0,0.0,15.0,1011.0,3.0
2025-11-10 22:00:00,PN,-2.0,-6.9,69.0,0.0,26.0,1012.0,3.0
2025-11-10 23:00:00,PN,-2.0,-6.0,74.0,0.0,26.0,1012.0,3.0
2025-11-11 00:00:00,PN,-2.0,-6.0,74.0,0.0,24.0,1012.0,3.0
2025-11-11 01:00:00,PN,-2.0,-5.0,80.0,0.0,30.0,1012.0,3.0
2025-11-11 02:00:00,PN,-2.0,-6.0,74.0,0.0,19.0,1012.0,3.0
2025-11-11 03:00:00,PN,-3.0,-6.0,80.0,0.0,20.0,1012.0,3.0
2025-11-11 04:00:00,PN,-3.0,-6.0,80.0,0.1,30.0,1012.0,14.0
2025-11-11 05:00:00,PN,-3.0,-7.0,74.0,0.0,19.0,1012.0,3.0
2025-11-11 06:00:00,PN,-3.0,-7.0,74.0,0.0,22.0,1011.0,3.0
2025-11-11 07:00:00,PN,-3.0,-7.0,74.0,0.0,20.0,1011.0,5.0
2025-11-11 08:00:00,PN,-4.0,-6.0,86.0,0.0,26.0,1012.0,5.0
2025-11-11 09:00:00,PN,-4.0,-6.9,80.0,0.0,26.0,1012.0,3.0
2025-11-11 10:00:00,PN,-4.0,-7.9,74.0,0.0,28.0,1012.0,3.0
2025-11-11 11:00:00,PN,-5.0,-7.9,80.0,0.0,20.0,1012.0,3.0
2025-11-11 12:00:00,PN,-4.0,-7.9,74.0,0.0,28.0,1013.0,3.0
2025-11-11 13:00:00,PN,-4.0,-7.9,74.0,0.0,28.0,1013.0,5.0
2025-11-11 14:00:00,PN,-3.0,-7.0,74.0,0.0,33.0,1014.0,3.0
2025-11-11 15:00:00,PN,-2.0,-6.0,74.0,0.0,22.0,1014.0,3.0
2025-11-11 16:00:00,PN,-1.0,-5.0,74.0,0.0,28.0,1014.0,5.0
2025-11-11 17:00:00,PN,-1.0,-4.0,80.0,0.0,17.0,1014.0,3.0
2025-11-11 18:00:00,PN,0.0,-3.9,75.0,0.0,9.0,1013.0,5.0
2025-11-11 19:00:00,PN,1.0,-4.0,69.0,0.0,26.0,1013.0,3.0
2025-11-11 20:00:00,PN,2.0,-4.9,60.0,0.0,22.0,1013.0,3.0
2025-11-11 21:00:00,PN,1.0,-5.9,60.0,0.0,32.0,1014.0,3.0
2025-11-11 22:00:00,PN,0.0,-6.0,64.0,0.0,11.0,1014.0,3.0
2025-11-11 23:00:00,PN,0.0,-7.0,59.0,0.0,19.0,1013.0,3.0
2025-11-12 00:00:00,PN,0.0,-7.0,59.0,0.0,15.0,1013.0,3.0
2025-11-12 01:00:00,PN,0.0,-6.0,64.0,0.0,15.0,1013.0,3.0
2025-11-12 02:00:00,PN,0.0,-6.0,64.0,0.0,19.0,1013.0,3.0
2025-11-12 03:00:00,PN,0.0,-6.0,64.0,0.0,22.0,1012.0,3.0
2025-11-12 04:00:00,PN,0.0,-6.0,64.0,0.0,15.0,1012.0,3.0
2025-11-12 05:00:00,PN,0.0,-6.0,64.0,0.0,11.0,1011.0,3.0
2025-11-12 06:00:00,PN,0.0,-6.0,64.0,0.0,15.0,1010.0,3.0
2025-11-12 07:00:00,PN,1.0,-5.9,60.0,0.0,17.0,1009.0,3.0
2025-11-12 08:00:00,PN,2.0,-6.1,55.0,0.0,22.0,1009.0,3.0
2025-11-12 09:00:00,PN,2.0,-6.1,55.0,0.0,24.0,1009.0,3.0
2025-11-12 10:00:00,PN,3.0,-5.9,52.0,0.0,26.0,1009.0,3.0
2025-11-12 11:00:00,PN,3.0,-4.9,56.0,0.0,17.0,1009.0,3.0
2025-11-12 12:00:00,PN,3.0,-4.0,60.0,0.0,20.0,1009.0,3.0
2025-11-12 13:00:00,PN,3.0,-4.0,60.0,0.0,24.0,1009.0,3.0
2025-11-12 14:00:00,PN,4.0,-3.1,60.0,0.0,30.0,1010.0,3.0
2025-11-12 15:00:00,PN,4.0,-2.0,65.0,0.0,28.0,1009.0,3.0
2025-11-12 16:00:00,PN,4.0,-1.0,70.0,0.2,24.0,1009.0,12.0
2025-11-12 17:00:00,PN,4.0,-1.0,70.0,0.2,13.0,1008.0,7.0
2025-11-12 18:00:00,PN,7.0,-0.0,61.0,0.8,26.0,1008.0,8.0
2025-11-12 19:00:00,PN,7.0,1.1,66.0,0.0,22.0,1008.0,5.0
2025-11-12 20:00:00,PN,6.0,2.1,76.0,0.0,15.0,1008.0,3.0
2025-11-12 21:00:00,PN,6.0,2.1,76.0,0.2,15.0,1009.0,7.0
2025-11-12 22:00:00,PN,6.0,2.1,76.0,1.1,13.0,1009.0,9.0
2025-11-12 23:00:00,PN,8.0,0.9,61.0,0.2,24.0,1010.0,7.0
2025-11-13 00:00:00,PN,7.0,-0.9,57.0,0.0,30.0,1012.0,3.0
2025-11-13 01:00:00,PN,7.0,-0.9,57.0,0.0,20.0,1013.0,3.0
2025-11-13 02:00:00,PN,7.0,-0.0,61.0,0.2,28.0,1013.0,7.0
2025-11-13 03:00:00,PN,6.0,-0.1,65.0,0.3,26.0,1013.0,8.0
2025-11-13 04:00:00,PN,6.0,-0.1,65.0,0.1,17.0,1013.0,7.0
2025-11-13 05:00:00,PN,5.0,-0.0,70.0,0.0,17.0,1014.0,3.0
2025-11-13 06:00:00,PN,5.0,-1.0,65.0,0.0,15.0,1014.0,2.0
2025-11-13 07:00:00,PN,3.0,-1.0,75.0,0.0,17.0,1014.0,3.0
2025-11-13 08:00:00,PN,3.0,-1.0,75.0,0.0,13.0,1014.0,3.0
2025-11-13 09:00:00,PN,2.0,-0.9,81.0,0.0,15.0,1014.0,1.0
2025-11-13 10:00:00,PN,1.0,-0.9,87.0,0.0,13.0,1015.0,1.0
2025-11-13 11:00:00,PN,1.0,-0.9,87.0,0.0,13.0,1015.0,1.0
2025-11-13 12:00:00,PN,2.0,-0.9,81.0,0.0,17.0,1016.0,1.0
2025-11-13 13:00:00,PN,3.0,-1.0,75.0,0.0,13.0,1017.0,1.0
2025-11-13 14:00:00,PN,5.0,-1.0,65.0,0.0,20.0,1017.0,2.0
2025-11-13 15:00:00,PN,6.0,-0.9,61.0,0.0,24.0,1018.0,3.0
2025-11-13 16:00:00,PN,8.0,-1.0,53.0,0.0,19.0,1018.0,3.0
2025-11-13 17:00:00,PN,9.0,-2.0,46.0,0.0,26.0,1018.0,3.0
2025-11-13 18:00:00,PN,9.0,-2.9,43.0,0.0,30.0,1017.0,3.0
2025-11-13 19:00:00,PN,10.0,-4.0,37.0,0.0,26.0,1017.0,2.0
2025-11-13 20:00:00,PN,9.0,-3.9,40.0,0.0,35.0,1018.0,3.0
2025-11-13 21:00:00,PN,8.0,-3.8,43.0,0.0,22.0,1018.0,1.0
2025-11-13 22:00:00,PN,6.0,-5.0,45.0,0.0,13.0,1018.0,2.0
2025-11-13 23:00:00,PN,6.0,-3.9,49.0,0.0,19.0,1019.0,1.0
2025-11-14 00:00:00,PN,6.0,-3.9,49.0,0.0,19.0,1019.0,1.0
2025-11-14 01:00:00,PN,4.0,-4.0,56.0,0.0,11.0,1020.0,1.0
2025-11-14 02:00:00,PN,3.0,-4.0,60.0,0.0,7.0,1020.0,1.0
2025-11-14 03:00:00,PN,0.0,-3.9,75.0,0.0,0.0,1020.0,3.0
2025-11-14 04:00:00,PN,-1.0,-4.0,80.0,0.0,6.0,1020.0,2.0
2025-11-14 05:00:00,PN,1.0,-4.0,69.0,0.0,0.0,1020.0,2.0
2025-11-14 06:00:00,PN,-3.0,-5.0,86.0,0.0,0.0,1020.0,1.0
2025-11-14 07:00:00,PN,-4.0,-5.0,93.0,0.0,0.0,1020.0,1.0
2025-11-14 08:00:00,PN,-3.0,-4.0,93.0,0.0,0.0,1021.0,1.0
2025-11-14 09:00:00,PN,-4.0,-5.0,93.0,0.0,0.0,1021.0,1.0
2025-11-14 10:00:00,PN,-4.0,-5.0,93.0,0.0,0.0,1021.0,1.0
2025-11-14 11:00:00,PN,-5.0,-5.0,100.0,0.0,0.0,1021.0,1.0
2025-11-14 12:00:00,PN,-4.0,-5.0,93.0,0.0,0.0,1022.0,1.0
2025-11-14 13:00:00,PN,0.0,-2.1,86.0,0.0,0.0,1022.0,1.0
2025-11-14 14:00:00,PN,2.0,-0.9,81.0,0.0,7.0,1022.0,2.0
2025-11-14 15:00:00,PN,3.0,-1.0,75.0,0.0,17.0,1022.0,3.0
2025-11-14 16:00:00,PN,4.0,-1.0,70.0,0.0,13.0,1021.0,3.0
2025-11-14 17:00:00,PN,6.0,0.9,70.0,0.0,7.0,1020.0,3.0
2025-11-14 18:00:00,PN,7.0,-0.0,61.0,0.0,15.0,1019.0,3.0
2025-11-14 19:00:00,PN,7.0,-0.0,61.0,0.0,11.0,1018.0,3.0
2025-11-14 20:00:00,PN,8.0,0.0,57.0,0.0,6.0,1017.0,3.0
2025-11-14 21:00:00,PN,7.0,-0.0,61.0,0.0,0.0,1016.0,3.0
2025-11-14 22:00:00,PN,7.0,-0.0,61.0,0.0,0.0,1016.0,3.0
2025-11-14 23:00:00,PN,6.0,0.9,70.0,0.0,0.0,1015.0,3.0
2025-11-15 00:00:00,PN,6.0,0.9,70.0,0.0,6.0,1015.0,3.0
2025-11-15 01:00:00,PN,6.0,0.9,70.0,0.0,7.0,1015.0,3.0
2025-11-15 02:00:00,PN,6.0,0.9,70.0,0.0,6.0,1015.0,3.0
2025-11-15 03:00:00,PN,5.0,0.9,75.0,0.0,0.0,1014.0,3.0
2025-11-15 04:00:00,PN,4.0,1.0,81.0,0.0,0.0,1014.0,3.0
2025-11-15 05:00:00,PN,2.0,1.0,93.0,0.0,0.0,1013.0,3.0
2025-11-15 06:00:00,PN,4.0,-0.0,75.0,0.0,0.0,1013.0,3.0
2025-11-15 07:00:00,PN,4.0,2.0,87.0,0.0,0.0,1013.0,3.0
2025-11-15 08:00:00,PN,4.0,1.0,81.0,0.0,6.0,1012.0,3.0
2025-11-15 09:00:00,PN,6.0,-0.1,65.0,0.0,7.0,1012.0,3.0
2025-11-15 10:00:00,PN,5.0,-0.0,70.0,0.0,7.0,1011.0,3.0
2025-11-15 11:00:00,PN,5.0,0.9,75.0,0.0,0.0,1011.0,3.0
2025-11-15 12:00:00,PN,8.0,0.9,61.0,0.0,7.0,1010.0,3.0
2025-11-15 13:00:00,PN,10.0,2.1,58.0,0.0,7.0,1009.0,3.0
2025-11-15 14:00:00,PN,11.0,4.0,62.0,0.0,7.0,1009.0,3.0
2025-11-15 15:00:00,PN,11.0,6.9,76.0,0.0,13.0,1008.0,3.0
2025-11-15 16:00:00,PN,14.0,9.0,72.0,0.0,19.0,1006.0,3.0
2025-11-15 17:00:00,PN,15.0,10.0,72.0,0.0,22.0,1004.0,5.0
2025-11-15 18:00:00,PN,15.0,11.0,77.0,0.1,28.0,1003.0,7.0
2025-11-15 19:00:00,PN,16.0,11.0,72.0,0.3,19.0,1002.0,8.0
2025-11-15 20:00:00,PN,16.0,11.0,72.0,0.7,15.0,1000.0,8.0
2025-11-15 21:00:00,PN,16.0,11.0,72.0,0.6,19.0,998.0,8.0
2025-11-15 22:00:00,PN,16.0,12.0,77.0,0.0,24.0,998.0,3.0
2025-11-15 23:00:00,PN,17.0,11.9,72.0,0.0,12.0,,3.0
2025-11-16 00:00:00,PN,17.0,11.9,72.0,0.2,14.0,,7.0
2025-11-16 01:00:00,PN,17.0,11.9,72.0,1.1,12.0,,9.0
2025-11-16 02:00:00,PN,15.0,14.0,94.0,0.0,10.0,,9.0
2025-11-16 03:00:00,PN,16.0,12.9,82.0,0.3,12.0,,8.0
2025-11-16 04:00:00,PN,16.0,12.0,77.0,1.5,14.0,,9.0
2025-11-16 05:00:00,PN,15.0,11.0,77.0,0.3,15.0,,8.0
2025-11-16 06:00:00,PN,14.0,10.0,77.0,0.5,11.0,,8.0
2025-11-16 07:00:00,PN,13.0,7.0,67.0,0.0,14.0,,8.0
2025-11-16 08:00:00,PN,12.0,4.9,62.0,0.1,20.0,,7.0
2025-11-16 09:00:00,PN,9.0,5.0,76.0,0.0,13.0,,3.0
2025-11-16 10:00:00,PN,7.0,-0.0,61.0,0.0,13.0,,3.0
2025-11-16 11:00:00,PN,6.0,-0.9,61.0,0.0,11.0,,3.0
2025-11-16 12:00:00,PN,6.0,-0.9,61.0,0.0,17.0,,3.0
2025-11-16 13:00:00,PN,6.0,-0.9,61.0,0.0,13.0,,2.0
2025-11-16 14:00:00,PN,6.0,-3.1,52.0,0.0,14.0,,3.0
2025-11-16 15:00:00,PN,5.0,-3.0,56.0,0.0,13.0,,2.0
2025-11-16 16:00:00,PN,7.0,-3.0,49.0,0.0,20.0,,3.0
2025-11-16 17:00:00,PN,5.0,-1.9,61.0,0.1,18.0,,5.0
2025-11-16 18:00:00,PN,3.0,-1.0,75.0,0.2,15.0,,5.0
2025-11-16 19:00:00,PN,5.0,-1.0,65.0,0.2,20.0,,17.0
2025-11-16 20:00:00,PN,4.0,-3.1,60.0,0.1,18.0,,7.0
2025-11-16 21:00:00,PN,2.0,-0.9,81.0,0.0,16.0,,5.0
2025-11-16 22:00:00,PN,3.0,-1.9,70.0,0.0,14.0,,3.0
2025-11-16 23:00:00,PN,2.0,-2.0,75.0,0.0,8.0,,3.0
2025-11-17 00:00:00,PN,2.0,-3.1,69.0,0.2,11.0,,12.0
2025-11-17 01:00:00,PN,3.0,-2.9,65.0,0.0,16.0,,3.0
2025-11-17 02:00:00,PN,3.0,-2.9,65.0,0.0,13.0,,3.0
2025-11-17 03:00:00,PN,3.0,-2.9,65.0,0.0,10.0,,3.0
2025-11-17 04:00:00,PN,3.0,-2.9,65.0,0.0,13.0,,3.0
2025-11-17 05:00:00,PN,3.0,-4.0,60.0,0.0,12.0,,3.0
2025-11-17 06:00:00,PN,3.0,-4.9,56.0,0.0,14.0,,3.0
2025-11-17 07:00:00,PN,2.0,-4.9,60.0,0.0,13.0,,3.0
2025-11-17 08:00:00,PN,2.0,-4.9,60.0,0.0,12.0,,3.0
2025-11-17 09:00:00,PN,2.0,-4.9,60.0,0.1,9.0,,14.0
2025-11-17 10:00:00,PN,2.0,-4.9,60.0,0.0,15.0,,3.0
2025-11-17 11:00:00,PN,1.0,-5.0,64.0,0.0,12.0,,3.0
2025-11-17 12:00:00,PN,1.0,-5.0,64.0,0.0,9.0,,3.0
2025-11-17 13:00:00,PN,2.0,-4.9,60.0,0.0,9.0,,3.0
2025-11-17 14:00:00,PN,3.0,-4.0,60.0,0.0,13.0,,3.0
2025-11-17 15:00:00,PN,3.0,-4.0,60.0,0.0,15.0,,3.0
2025-11-17 16:00:00,PN,3.0,-4.9,56.0,0.0,16.0,,3.0
2025-11-17 17:00:00,PN,3.0,-4.9,56.0,0.0,15.0,,3.0
2025-11-17 18:00:00,PN,3.0,-4.9,56.0,0.0,13.0,,3.0
2025-11-17 19:00:00,PN,3.2,-6.0,51.0,0.0,27.7,1015.2,3.0
2025-11-17 20:00:00,PN,3.3,-6.1,50.0,0.0,26.6,1015.5,3.0
2025-11-17 21:00:00,PN,3.0,-6.1,51.0,0.0,24.5,1016.3,3.0
2025-11-17 22:00:00,PN,2.2,-5.9,55.0,0.0,19.8,1017.5,3.0
2025-11-17 23:00:00,PN,1.9,-5.7,57.0,0.0,19.1,1018.4,3.0
2025-11-18 00:00:00,PN,1.4,-5.7,59.0,0.0,18.4,1019.0,3.0
2025-11-18 01:00:00,PN,1.3,-5.6,60.0,0.0,16.9,1019.5,3.0
2025-11-18 02:00:00,PN,1.3,-5.2,62.0,0.0,15.5,1020.2,3.0
2025-11-18 03:00:00,PN,1.0,-4.8,65.0,0.0,14.0,1020.8,3.0
2025-11-18 04:00:00,PN,0.2,-4.6,70.0,0.0,12.6,1021.2,3.0
2025-11-18 05:00:00,PN,-1.2,-4.7,77.0,0.0,9.7,1021.4,2.0
2025-11-18 06:00:00,PN,-1.8,-4.8,80.0,0.0,9.7,1021.5,1.0
2025-11-18 07:00:00,PN,-2.3,-4.9,82.0,0.0,9.7,1021.8,1.0
2025-11-18 08:00:00,PN,-2.7,-5.0,84.0,0.0,9.0,1022.0,1.0
2025-11-18 09:00:00,PN,-3.0,-5.0,86.0,0.0,7.6,1021.9,1.0
2025-11-18 10:00:00,PN,-3.2,-5.1,87.0,0.0,7.2,1022.5,1.0
2025-11-18 11:00:00,PN,-2.8,-4.8,86.0,0.0,7.6,1023.0,3.0
2025-11-18 12:00:00,PN,-2.5,-5.0,83.0,0.0,7.9,1023.5,3.0
2025-11-18 13:00:00,PN,-1.0,-4.5,77.0,0.0,9.0,1024.1,3.0
2025-11-18 14:00:00,PN,0.4,-4.8,68.0,0.0,6.8,1024.5,3.0
2025-11-18 15:00:00,PN,1.9,-5.3,59.0,0.0,9.0,1024.4,3.0
2025-11-18 16:00:00,PN,1.9,-5.0,60.0,0.0,7.2,1024.0,3.0
2025-11-18 17:00:00,PN,3.1,-4.8,56.0,0.0,6.5,1022.9,3.0
2025-11-18 18:00:00,PN,3.5,-4.4,56.0,0.0,7.6,1022.2,3.0
2025-11-18 19:00:00,PN,3.4,-3.6,60.0,0.0,6.8,1021.4,3.0
2025-11-18 20:00:00,PN,3.7,-3.1,61.0,0.0,7.6,1020.8,3.0
2025-11-18 21:00:00,PN,3.7,-2.7,63.0,0.0,7.9,1020.7,3.0
2025-11-18 22:00:00,PN,3.0,-1.0,75.0,0.5,8.6,1020.7,12.0
2025-11-18 23:00:00,PN,2.5,-0.1,83.0,0.0,11.5,1020.1,3.0
2025-11-19 00:00:00,PN,2.7,0.1,83.0,0.0,13.0,1019.4,3.0
2025-11-19 01:00:00,PN,2.9,-0.0,81.0,0.0,14.4,1019.3,3.0
2025-11-19 02:00:00,PN,2.4,1.4,93.0,0.5,13.3,1019.4,8.0
2025-11-19 03:00:00,PN,2.3,1.7,96.0,0.9,14.0,1018.9,8.0
2025-11-19 04:00:00,PN,2.5,1.9,96.0,0.3,8.6,1019.4,8.0
2025-11-19 05:00:00,PN,2.6,2.2,97.0,0.7,11.9,1018.5,8.0
2025-11-19 06:00:00,PN,2.9,2.0,94.0,0.0,11.9,1018.2,3.0
2025-11-19 07:00:00,PN,3.0,1.8,92.0,0.0,11.2,1018.4,3.0
2025-11-19 08:00:00,PN,3.2,1.9,91.0,0.0,11.2,1018.6,3.0
2025-11-19 09:00:00,PN,3.3,1.8,90.0,0.0,7.6,1019.1,3.0
2025-11-19 10:00:00,PN,3.3,1.8,90.0,0.0,5.8,1019.5,3.0
2025-11-19 11:00:00,PN,1.4,0.7,95.0,0.0,6.5,1020.3,2.0
2025-11-19 12:00:00,PN,1.1,0.5,96.0,0.0,9.4,1021.1,2.0
2025-11-19 13:00:00,PN,1.9,1.3,96.0,0.0,9.4,1021.8,2.0
2025-11-19 14:00:00,PN,4.2,2.6,89.0,0.0,8.3,1022.3,2.0
2025-11-19 15:00:00,PN,6.5,2.9,78.0,0.0,6.5,1022.5,1.0
2025-11-19 16:00:00,PN,8.5,3.1,69.0,0.0,4.3,1022.3,1.0
2025-11-19 17:00:00,PN,9.6,3.3,65.0,0.0,2.9,1021.6,3.0
2025-11-19 18:00:00,PN,10.3,3.6,63.0,0.0,5.0,1020.9,3.0
2025-11-19 19:00:00,PN,10.2,3.7,64.0,0.0,5.8,1020.9,3.0
2025-11-19 20:00:00,PN,9.9,3.6,65.0,0.0,6.8,1021.3,3.0
2025-11-19 21:00:00,PN,9.5,3.5,66.0,0.0,6.1,1021.7,3.0
2025-11-19 22:00:00,PN,8.0,3.5,73.0,0.0,6.1,1021.7,3.0
2025-11-19 23:00:00,PN,6.4,3.6,82.0,0.0,5.4,1021.8,3.0
2025-11-20 00:00:00,PN,5.3,3.5,88.0,0.0,5.0,1022.3,3.0
2025-11-20 01:00:00,PN,5.2,3.5,89.0,0.0,5.8,1022.5,3.0
2025-11-20 02:00:00,PN,5.8,3.5,85.0,0.0,7.6,1022.4,3.0
2025-11-20 03:00:00,PN,4.9,3.4,90.0,0.0,9.0,1022.3,3.0
2025-11-20 04:00:00,PN,4.3,3.1,92.0,0.0,8.3,1022.2,3.0
2025-11-20 05:00:00,PN,5.5,3.5,87.0,0.0,10.1,1021.7,3.0
2025-11-20 06:00:00,PN,5.9,3.4,84.0,0.0,10.8,1021.6,3.0
2025-11-20 07:00:00,PN,,,,,,,
2025-11-20 08:00:00,PN,,,,,,,
2025-11-20 09:00:00,PN,,,,,,,
2025-11-20 10:00:00,PN,,,,,,,
2025-11-20 11:00:00,PN,,,,,,,
2025-11-20 12:00:00,PN,5.2,3.9,91.0,,6.5,1021.8,
2025-11-20 13:00:00,PN,,,,,,,
2025-11-20 14:00:00,PN,,,,,,,
2025-11-20 15:00:00,PN,,,,,,,
2025-11-20 16:00:00,PN,,,,,,,
2025-11-20 17:00:00,PN,,,,,,,
2025-11-20 18:00:00,PN,8.1,4.7,79.0,,8.6,1020.9,
2025-11-20 19:00:00,PN,,,,,,,
2025-11-20 20:00:00,PN,,,,,,,
2025-11-20 21:00:00,PN,,,,,,,
2025-11-20 22:00:00,PN,,,,,,,
2025-11-20 23:00:00,PN,,,,,,,
2025-11-21 00:00:00,PN,6.2,4.0,86.0,,4.7,1020.1,
2025-11-21 01:00:00,PN,,,,,,,
2025-11-21 02:00:00,PN,,,,,,,
2025-11-21 03:00:00,PN,,,,,,,
2025-11-21 04:00:00,PN,,,,,,,
2025-11-21 05:00:00,PN,,,,,,,
2025-11-21 06:00:00,PN,5.2,4.0,92.0,,7.6,1018.1,
2025-11-21 07:00:00,PN,,,,,,,
2025-11-21 08:00:00,PN,,,,,,,
2025-11-21 09:00:00,PN,,,,,,,
2025-11-21 10:00:00,PN,,,,,,,
2025-11-21 11:00:00,PN,,,,,,,
2025-11-21 12:00:00,PN,6.7,6.1,96.0,,8.3,1015.9,
2025-11-21 13:00:00,PN,,,,,,,
2025-11-21 14:00:00,PN,,,,,,,
2025-11-21 15:00:00,PN,,,,,,,
2025-11-21 16:00:00,PN,,,,,,,
2025-11-21 17:00:00,PN,,,,,,,
2025-11-21 18:00:00,PN,8.9,8.6,98.0,,7.9,1013.8,
2025-11-21 19:00:00,PN,,,,,,,
2025-11-21 20:00:00,PN,,,,,,,
2025-11-21 21:00:00,PN,,,,,,,
2025-11-21 22:00:00,PN,,,,,,,
2025-11-21 23:00:00,PN,,,,,,,
2025-11-22 00:00:00,PN,8.6,8.2,97.0,,4.0,1013.6,
2025-11-22 01:00:00,PN,,,,,,,
2025-11-22 02:00:00,PN,,,,,,,
2025-11-22 03:00:00,PN,,,,,,,
2025-11-22 04:00:00,PN,,,,,,,
2025-11-22 05:00:00,PN,,,,,,,
2025-11-22 06:00:00,PN,4.6,4.2,97.0,,8.6,1014.2,
2025-11-22 07:00:00,PN,,,,,,,
2025-11-22 08:00:00,PN,,,,,,,
2025-11-22 09:00:00,PN,,,,,,,
2025-11-22 10:00:00,PN,,,,,,,
2025-11-22 11:00:00,PN,,,,,,,
2025-11-22 12:00:00,PN,2.3,0.8,90.0,,10.8,1016.2,
2025-11-22 13:00:00,PN,,,,,,,
2025-11-22 14:00:00,PN,,,,,,,
2025-11-22 15:00:00,PN,,,,,,,
2025-11-22 16:00:00,PN,,,,,,,
2025-11-22 17:00:00,PN,,,,,,,
2025-11-22 18:00:00,PN,8.7,-3.5,42.0,,7.2,1015.5,
2025-11-22 19:00:00,PN,,,,,,,
2025-11-22 20:00:00,PN,,,,,,,
2025-11-22 21:00:00,PN,,,,,,,
2025-11-22 22:00:00,PN,,,,,,,
2025-11-22 23:00:00,PN,,,,,,,
2025-11-23 00:00:00,PN,1.9,-1.9,76.0,,5.4,1017.7,
2025-11-23 01:00:00,PN,,,,,,,
2025-11-23 02:00:00,PN,,,,,,,
2025-11-23 03:00:00,PN,,,,,,,
2025-11-23 04:00:00,PN,,,,,,,
2025-11-23 05:00:00,PN,,,,,,,
2025-11-23 06:00:00,PN,-0.6,-3.3,82.0,,6.1,1018.1,
2025-11-23 07:00:00,PN,,,,,,,
2025-11-23 08:00:00,PN,,,,,,,
2025-11-23 09:00:00,PN,,,,,,,
2025-11-23 10:00:00,PN,,,,,,,
2025-11-23 11:00:00,PN,,,,,,,
2025-11-23 12:00:00,PN,-1.4,-3.3,87.0,,6.8,1020.1,
2025-11-23 13:00:00,PN,,,,,,,
2025-11-23 14:00:00,PN,,,,,,,
2025-11-23 15:00:00,PN,,,,,,,
2025-11-23 16:00:00,PN,,,,,,,
2025-11-23 17:00:00,PN,,,,,,,
2025-11-23 18:00:00,PN,9.3,-1.4,47.0,,11.5,1018.7,
2025-11-23 19:00:00,PN,,,,,,,
2025-11-23 20:00:00,PN,,,,,,,
2025-11-23 21:00:00,PN,,,,,,,
2025-11-23 22:00:00,PN,,,,,,,
2025-11-23 23:00:00,PN,,,,,,,
2025-11-24 00:00:00,PN,4.4,-0.6,70.0,,8.6,1018.6,
2025-11-24 01:00:00,PN,,,,,,,
2025-11-24 02:00:00,PN,,,,,,,
2025-11-24 03:00:00,PN,,,,,,,
2025-11-24 04:00:00,PN,,,,,,,
2025-11-24 05:00:00,PN,,,,,,,
2025-11-24 06:00:00,PN,2.5,-1.8,73.0,,10.4,1019.4,
2025-11-24 07:00:00,PN,,,,,,,
2025-11-24 08:00:00,PN,,,,,,,
2025-11-24 09:00:00,PN,,,,,,,
2025-11-24 10:00:00,PN,,,,,,,
2025-11-24 11:00:00,PN,,,,,,,
2025-11-24 12:00:00,PN,1.9,-2.2,74.0,,13.0,1020.2,
2025-11-24 13:00:00,PN,,,,,,,
2025-11-24 14:00:00,PN,,,,,,,
2025-11-24 15:00:00,PN,,,,,,,
2025-11-24 16:00:00,PN,,,,,,,
2025-11-24 17:00:00,PN,,,,,,,
2025-11-24 18:00:00,PN,12.5,-0.1,42.0,,17.3,1018.0,
2025-11-24 19:00:00,PN,,,,,,,
2025-11-24 20:00:00,PN,,,,,,,
2025-11-24 21:00:00,PN,,,,,,,
2025-11-24 22:00:00,PN,,,,,,,
2025-11-24 23:00:00,PN,,,,,,,
2025-11-25 00:00:00,PN,8.4,0.1,56.0,,15.1,1017.7,
2025-11-25 01:00:00,PN,,,,,,,
2025-11-25 02:00:00,PN,,,,,,,
2025-11-25 03:00:00,PN,,,,,,,
2025-11-25 04:00:00,PN,,,,,,,
2025-11-25 05:00:00,PN,,,,,,,
2025-11-25 06:00:00,PN,7.7,2.0,67.0,,12.6,1018.6,
2025-11-25 07:00:00,PN,,,,,,,
2025-11-25 08:00:00,PN,,,,,,,
2025-11-25 09:00:00,PN,,,,,,,
2025-11-25 10:00:00,PN,,,,,,,
2025-11-25 11:00:00,PN,,,,,,,
2025-11-25 12:00:00,PN,6.1,6.0,99.0,,10.4,1020.9,
2025-11-25 13:00:00,PN,,,,,,,
2025-11-25 14:00:00,PN,,,,,,,
2025-11-25 15:00:00,PN,,,,,,,
2025-11-25 16:00:00,PN,,,,,,,
2025-11-25 17:00:00,PN,,,,,,,
2025-11-25 18:00:00,PN,9.3,3.5,67.0,,10.1,1021.6,
2025-11-25 19:00:00,PN,,,,,,,
2025-11-25 20:00:00,PN,,,,,,,
2025-11-25 21:00:00,PN,,,,,,,
2025-11-25 22:00:00,PN,,,,,,,
2025-11-25 23:00:00,PN,,,,,,,
2025-11-26 00:00:00,PN,3.3,1.7,89.0,,5.8,1023.3,
2025-11-26 01:00:00,PN,,,,,,,
2025-11-26 02:00:00,PN,,,,,,,
2025-11-26 03:00:00,PN,,,,,,,
2025-11-26 04:00:00,PN,,,,,,,
2025-11-26 05:00:00,PN,,,,,,,
2025-11-26 06:00:00,PN,-0.3,-1.3,93.0,,6.8,1024.8,
2025-11-26 07:00:00,PN,,,,,,,
2025-11-26 08:00:00,PN,,,,,,,
2025-11-26 09:00:00,PN,,,,,,,
2025-11-26 10:00:00,PN,,,,,,,
2025-11-26 11:00:00,PN,,,,,,,
2025-11-26 12:00:00,PN,-0.6,-0.9,98.0,,7.9,1027.1,
2025-11-26 13:00:00,PN,,,,,,,
2025-11-26 14:00:00,PN,,,,,,,
2025-11-26 15:00:00,PN,,,,,,,
2025-11-26 16:00:00,PN,,,,,,,
2025-11-26 17:00:00,PN,,,,,,,
2025-11-26 18:00:00,PN,8.0,-3.2,45.0,,8.6,1024.4,
2025-11-26 19:00:00,PN,,,,,,,
2025-11-26 20:00:00,PN,,,,,,,
2025-11-26 21:00:00,PN,,,,,,,
2025-11-26 22:00:00,PN,,,,,,,
2025-11-26 23:00:00,PN,,,,,,,
2025-11-27 00:00:00,PN,4.3,-2.8,60.0,,13.3,1024.8,
2025-11-01 00:00:00,PS,12.0,-1.2,40.0,0.0,15.0,1001.0,2.0
2025-11-01 01:00:00,PS,12.0,-2.2,37.0,0.0,20.0,1002.0,2.0
2025-11-01 02:00:00,PS,12.0,-2.2,37.0,0.0,15.0,1003.0,2.0
2025-11-01 03:00:00,PS,12.0,-1.5,39.0,0.0,17.0,1004.0,2.0
2025-11-01 04:00:00,PS,12.0,-1.9,38.0,0.0,11.0,1005.0,1.0
2025-11-01 05:00:00,PS,11.0,-2.8,38.0,0.0,24.0,1006.0,1.0
2025-11-01 06:00:00,PS,11.0,-2.8,38.0,0.0,17.0,1008.0,1.0
2025-11-01 07:00:00,PS,11.0,-2.8,38.0,0.0,15.0,1008.0,1.0
2025-11-01 08:00:00,PS,10.0,-2.6,41.0,0.0,17.0,1009.0,1.0
2025-11-01 09:00:00,PS,10.0,-2.6,41.0,0.0,22.0,1010.0,1.0
2025-11-01 10:00:00,PS,9.0,-2.6,44.0,0.0,15.0,1011.0,1.0
2025-11-01 11:00:00,PS,9.0,-0.9,50.0,0.0,15.5,1012.0,1.0
2025-11-01 12:00:00,PS,10.0,-0.5,48.0,0.0,17.0,1013.0,2.0
2025-11-01 13:00:00,PS,11.0,-0.8,44.0,0.0,9.0,1013.0,2.0
2025-11-01 14:00:00,PS,11.0,-1.7,41.0,0.0,17.0,1014.0,1.0
2025-11-01 15:00:00,PS,13.0,-1.0,38.0,0.0,11.0,1014.0,2.0
2025-11-01 16:00:00,PS,13.0,-1.4,37.0,0.0,22.0,1014.0,3.0
2025-11-01 17:00:00,PS,14.0,-1.6,34.0,0.0,15.0,1014.0,3.0
2025-11-01 18:00:00,PS,14.0,-1.6,34.0,0.0,17.0,1014.0,3.0
2025-11-01 19:00:00,PS,14.0,-1.6,34.0,0.0,13.0,1015.0,3.0
2025-11-01 20:00:00,PS,14.0,-2.0,33.0,0.0,15.0,1016.0,3.0
2025-11-01 21:00:00,PS,13.0,-2.1,35.0,0.0,11.0,1017.0,2.0
2025-11-01 22:00:00,PS,12.0,-1.9,38.0,0.0,9.0,1017.0,2.0
2025-11-01 23:00:00,PS,12.0,-1.5,39.0,0.0,0.0,1018.0,3.0
2025-11-02 00:00:00,PS,11.0,-0.2,46.0,0.0,0.0,1019.0,3.0
2025-11-02 01:00:00,PS,11.0,-0.2,46.0,0.0,6.0,1020.0,3.0
2025-11-02 02:00:00,PS,11.0,0.4,48.0,0.0,6.0,1021.0,3.0
2025-11-02 03:00:00,PS,10.0,0.1,50.0,0.0,9.0,1021.0,3.0
2025-11-02 04:00:00,PS,9.0,0.7,56.0,0.0,6.0,1022.0,3.0
2025-11-02 05:00:00,PS,9.0,0.7,56.0,0.0,0.0,1022.0,3.0
2025-11-02 06:00:00,PS,8.0,0.2,58.0,0.0,0.0,1023.0,3.0
2025-11-02 07:00:00,PS,8.0,0.7,60.0,0.0,0.0,1023.0,3.0
2025-11-02 08:00:00,PS,8.0,1.4,63.0,0.0,0.0,1024.0,2.0
2025-11-02 09:00:00,PS,8.0,0.7,60.0,0.0,0.0,1025.0,1.0
2025-11-02 10:00:00,PS,7.0,0.9,65.0,0.0,7.0,1025.0,1.0
2025-11-02 11:00:00,PS,6.0,1.5,73.0,0.0,0.0,1025.0,1.0
2025-11-02 12:00:00,PS,8.0,1.4,63.0,0.0,0.0,1027.0,1.0
2025-11-02 13:00:00,PS,9.0,0.7,56.0,0.0,0.0,1027.0,3.0
2025-11-02 14:00:00,PS,10.0,1.6,56.0,0.0,6.0,1027.0,3.0
2025-11-02 15:00:00,PS,12.0,1.9,50.0,0.0,11.0,1027.0,2.0
2025-11-02 16:00:00,PS,13.0,1.3,45.0,0.0,6.0,1026.0,1.0
2025-11-02 17:00:00,PS,14.0,1.3,42.0,0.0,0.0,1025.0,1.0
2025-11-02 18:00:00,PS,15.0,1.2,39.0,0.0,7.0,1025.0,1.0
2025-11-02 19:00:00,PS,15.0,1.9,41.0,0.0,9.0,1025.0,1.0
2025-11-02 20:00:00,PS,14.0,2.9,47.0,0.0,6.0,1025.0,2.0
2025-11-02 21:00:00,PS,13.0,3.6,53.0,0.0,6.0,1025.0,1.0
2025-11-02 22:00:00,PS,13.0,5.2,59.0,0.0,6.0,1025.0,1.0
2025-11-02 23:00:00,PS,13.0,5.9,62.0,0.0,9.4,1025.0,2.0
2025-11-03 00:00:00,PS,13.0,5.2,59.0,0.0,6.0,1026.0,3.0
2025-11-03 01:00:00,PS,13.0,5.2,59.0,0.0,0.0,1025.0,3.0
2025-11-03 02:00:00,PS,13.0,3.4,52.0,0.0,0.0,1026.0,3.0
2025-11-03 03:00:00,PS,12.0,2.7,53.0,0.0,7.0,1026.0,3.0
2025-11-03 04:00:00,PS,12.0,3.7,57.0,0.0,6.0,1025.0,3.0
2025-11-03 05:00:00,PS,12.0,4.2,59.0,0.0,0.0,1025.0,3.0
2025-11-03 06:00:00,PS,11.0,4.9,66.0,0.0,6.0,1025.0,1.0
2025-11-03 07:00:00,PS,12.0,5.4,64.0,0.0,0.0,1025.0,1.0
2025-11-03 08:00:00,PS,11.0,4.9,66.0,0.0,0.0,1024.0,3.0
2025-11-03 09:00:00,PS,12.0,5.4,64.0,0.0,0.0,1023.0,3.0
2025-11-03 10:00:00,PS,12.0,5.4,64.0,0.0,0.0,1023.0,3.0
2025-11-03 11:00:00,PS,12.0,5.4,64.0,0.0,0.0,1023.0,3.0
2025-11-03 12:00:00,PS,12.0,6.5,69.0,0.0,0.0,1023.0,3.0
2025-11-03 13:00:00,PS,13.0,6.3,64.0,0.0,0.0,1022.0,3.0
2025-11-03 14:00:00,PS,14.0,5.6,57.0,0.1,7.0,1021.0,7.0
2025-11-03 15:00:00,PS,14.0,6.1,59.0,0.1,11.0,1021.0,7.0
2025-11-03 16:00:00,PS,14.0,5.4,56.0,0.0,0.0,1018.0,3.0
2025-11-03 17:00:00,PS,14.0,4.6,53.0,0.0,0.0,1017.0,3.0
2025-11-03 18:00:00,PS,14.0,5.6,57.0,0.0,7.0,1016.0,3.0
2025-11-03 19:00:00,PS,14.0,6.1,59.0,0.0,6.0,1015.0,3.0
2025-11-03 20:00:00,PS,13.0,6.3,64.0,0.0,0.0,1014.0,3.0
2025-11-03 21:00:00,PS,13.0,6.8,66.0,0.0,7.0,1013.0,3.0
2025-11-03 22:00:00,PS,13.0,6.3,64.0,0.0,9.0,1013.0,3.0
2025-11-03 23:00:00,PS,13.0,6.3,64.0,0.0,9.0,1012.0,3.0
2025-11-04 00:00:00,PS,11.0,7.7,80.0,0.0,6.0,1012.0,3.0
2025-11-04 01:00:00,PS,11.0,8.2,83.0,0.0,6.0,1012.0,3.0
2025-11-04 02:00:00,PS,12.0,0.4,45.0,0.0,16.9,1013.0,2.0
2025-11-04 03:00:00,PS,12.0,-1.9,38.0,0.0,19.0,1012.0,1.0
2025-11-04 04:00:00,PS,12.0,-0.2,43.0,0.0,13.0,1013.0,1.0
2025-11-04 05:00:00,PS,11.0,1.0,50.0,0.0,22.0,1014.0,1.0
2025-11-04 06:00:00,PS,9.0,0.7,56.0,0.0,15.0,1014.0,1.0
2025-11-04 07:00:00,PS,9.0,0.7,56.0,0.0,11.0,1015.0,1.0
2025-11-04 08:00:00,PS,9.0,0.7,56.0,0.0,9.0,1016.0,1.0
2025-11-04 09:00:00,PS,9.0,0.7,56.0,0.0,15.0,1016.0,1.0
2025-11-04 10:00:00,PS,9.0,0.2,54.0,0.0,11.0,1017.0,1.0
2025-11-04 11:00:00,PS,9.0,0.2,54.0,0.0,17.0,1018.0,1.0
2025-11-04 12:00:00,PS,10.0,-0.5,48.0,0.0,17.0,1019.0,1.0
2025-11-04 13:00:00,PS,11.0,0.4,48.0,0.0,13.0,1019.0,1.0
2025-11-04 14:00:00,PS,12.0,-0.8,41.0,0.0,24.0,1019.0,1.0
2025-11-04 15:00:00,PS,13.0,-2.5,34.0,0.0,20.0,1019.0,1.0
2025-11-04 16:00:00,PS,13.0,-4.2,30.0,0.0,24.0,1019.0,1.0
2025-11-04 17:00:00,PS,14.0,-4.7,27.0,0.0,22.3,1018.0,1.0
2025-11-04 18:00:00,PS,14.0,-5.7,25.0,0.0,19.0,1018.0,2.0
2025-11-04 19:00:00,PS,15.0,-6.5,22.0,0.0,22.0,1018.0,2.0
2025-11-04 20:00:00,PS,15.0,-6.5,22.0,0.0,20.0,1019.0,1.0
2025-11-04 21:00:00,PS,14.0,-5.7,25.0,0.0,9.0,1019.0,1.0
2025-11-04 22:00:00,PS,13.0,-5.1,28.0,0.0,7.0,1020.0,1.0
2025-11-04 23:00:00,PS,13.0,-4.6,29.0,0.0,6.0,1020.0,1.0
2025-11-05 00:00:00,PS,13.0,-5.1,28.0,0.0,9.0,1021.0,1.0
2025-11-05 01:00:00,PS,13.0,-4.6,29.0,0.0,6.0,1021.0,1.0
2025-11-05 02:00:00,PS,12.0,-4.6,31.0,0.0,6.0,1022.0,1.0
2025-11-05 03:00:00,PS,12.0,-4.6,31.0,0.0,0.0,1022.0,1.0
2025-11-05 04:00:00,PS,11.0,-4.7,33.0,0.0,6.0,1022.0,1.0
2025-11-05 05:00:00,PS,10.0,-4.4,36.0,0.0,6.0,1022.0,1.0
2025-11-05 06:00:00,PS,10.0,-4.4,36.0,0.0,0.0,1022.0,1.0
2025-11-05 07:00:00,PS,10.0,-4.4,36.0,0.0,0.0,1022.0,1.0
2025-11-05 08:00:00,PS,9.0,-4.6,38.0,0.0,0.0,1021.0,2.0
2025-11-05 09:00:00,PS,9.0,-3.5,41.0,0.0,7.0,1022.0,3.0
2025-11-05 10:00:00,PS,10.0,-4.0,37.0,0.0,9.0,1021.0,1.0
2025-11-05 11:00:00,PS,11.0,-2.8,38.0,0.0,9.0,1021.0,1.0
2025-11-05 12:00:00,PS,11.0,-3.9,35.0,0.0,7.0,1020.0,1.0
2025-11-05 13:00:00,PS,13.0,-3.7,31.0,0.0,6.0,1019.0,3.0
2025-11-05 14:00:00,PS,13.0,-4.6,29.0,0.0,7.0,1018.0,3.0
2025-11-05 15:00:00,PS,14.0,-4.2,28.0,0.0,0.0,1016.0,3.0
2025-11-05 16:00:00,PS,16.0,-2.0,29.0,0.0,9.0,1014.0,3.0
2025-11-05 17:00:00,PS,17.0,-4.9,22.0,0.0,0.0,1011.0,3.0
2025-11-05 18:00:00,PS,18.0,0.2,30.0,0.0,0.0,1009.0,3.0
2025-11-05 19:00:00,PS,18.0,-0.8,28.0,0.0,17.6,1008.0,3.0
2025-11-05 20:00:00,PS,19.0,0.6,29.0,0.0,11.0,1006.0,3.0
2025-11-05 21:00:00,PS,17.0,2.6,38.0,0.0,18.0,1005.0,3.0
2025-11-05 22:00:00,PS,18.0,3.1,37.0,0.0,9.0,1004.0,3.0
2025-11-05 23:00:00,PS,17.0,3.3,40.0,0.0,9.0,1004.0,3.0
2025-11-06 00:00:00,PS,16.0,4.4,46.0,0.0,9.0,1002.0,3.0
2025-11-06 01:00:00,PS,16.0,5.0,48.0,0.0,20.5,1002.0,3.0
2025-11-06 02:00:00,PS,17.0,5.3,46.0,0.0,11.0,1002.0,3.0
2025-11-06 03:00:00,PS,15.0,2.8,44.0,0.0,26.0,1004.0,3.0
2025-11-06 04:00:00,PS,14.0,1.3,42.0,0.0,32.0,1005.0,17.0
2025-11-06 05:00:00,PS,13.0,2.5,49.0,0.0,25.2,1008.0,3.0
2025-11-06 06:00:00,PS,11.0,-0.8,44.0,0.0,26.0,1009.0,1.0
2025-11-06 07:00:00,PS,10.0,-1.1,46.0,0.0,17.0,1010.0,2.0
2025-11-06 08:00:00,PS,10.0,-1.1,46.0,0.0,20.9,1011.0,3.0
2025-11-06 09:00:00,PS,9.0,-0.9,50.0,0.0,11.0,1013.0,3.0
2025-11-06 10:00:00,PS,9.0,0.2,54.0,0.0,15.0,1014.0,3.0
2025-11-06 11:00:00,PS,9.0,-0.6,51.0,0.0,9.0,1015.0,3.0
2025-11-06 12:00:00,PS,9.0,-0.9,50.0,0.0,16.9,1017.0,3.0
2025-11-06 13:00:00,PS,9.0,-2.0,46.0,0.0,20.0,1017.0,2.0
2025-11-06 14:00:00,PS,10.0,-2.3,42.0,0.0,22.0,1018.0,1.0
2025-11-06 15:00:00,PS,11.0,-2.4,39.0,0.0,24.0,1018.0,2.0
2025-11-06 16:00:00,PS,11.0,-2.8,38.0,0.0,23.0,1018.0,3.0
2025-11-06 17:00:00,PS,12.0,-4.6,31.0,0.0,17.0,1018.0,2.0
2025-11-06 18:00:00,PS,11.0,-5.5,31.0,0.0,9.0,1018.0,2.0
2025-11-06 19:00:00,PS,11.0,-5.5,31.0,0.0,17.0,1019.0,2.0
2025-11-06 20:00:00,PS,11.0,-5.1,32.0,0.0,11.0,1020.0,3.0
2025-11-06 21:00:00,PS,9.0,-4.6,38.0,0.0,11.0,1021.0,3.0
2025-11-06 22:00:00,PS,9.0,-4.9,37.0,0.0,9.0,1021.0,2.0
2025-11-06 23:00:00,PS,8.0,-4.8,40.0,0.0,6.0,1022.0,2.0
2025-11-07 00:00:00,PS,8.0,-3.8,43.0,0.0,0.0,1022.0,3.0
2025-11-07 01:00:00,PS,7.0,-3.5,47.0,0.0,7.0,1022.0,3.0
2025-11-07 02:00:00,PS,7.0,-4.1,45.0,0.0,6.0,1022.0,3.0
2025-11-07 03:00:00,PS,7.0,-4.1,45.0,0.0,0.0,1022.0,3.0
2025-11-07 04:00:00,PS,6.0,-3.9,49.0,0.0,0.0,1022.0,2.0
2025-11-07 05:00:00,PS,6.0,-2.9,53.0,0.0,0.0,1022.0,1.0
2025-11-07 06:00:00,PS,6.0,-2.9,53.0,0.0,0.0,1022.0,2.0
2025-11-07 07:00:00,PS,5.0,-3.3,55.0,0.0,6.0,1021.0,3.0
2025-11-07 08:00:00,PS,7.0,-2.4,51.0,0.0,0.0,1021.0,3.0
2025-11-07 09:00:00,PS,6.0,-1.4,59.0,0.0,0.0,1021.0,3.0
2025-11-07 10:00:00,PS,6.0,-1.9,57.0,0.0,0.0,1020.0,3.0
2025-11-07 11:00:00,PS,6.0,0.3,67.0,0.0,2.9,1020.0,3.0
2025-11-07 12:00:00,PS,9.0,-0.9,50.0,0.0,7.0,1020.0,3.0
2025-11-07 13:00:00,PS,11.0,1.0,50.0,0.0,0.0,1019.0,3.0
2025-11-07 14:00:00,PS,12.0,-1.5,39.0,0.0,5.0,1018.0,3.0
2025-11-07 15:00:00,PS,13.0,-1.4,37.0,0.0,7.0,1017.0,3.0
2025-11-07 16:00:00,PS,13.0,-2.1,35.0,0.0,15.8,1016.0,3.0
2025-11-07 17:00:00,PS,14.0,-3.3,30.0,0.0,6.0,1014.0,3.0
2025-11-07 18:00:00,PS,16.0,-1.1,31.0,0.0,18.7,1012.0,3.0
2025-11-07 19:00:00,PS,16.0,0.5,35.0,0.0,19.8,1011.0,3.0
2025-11-07 20:00:00,PS,14.0,1.9,44.0,0.0,11.0,1010.0,3.0
2025-11-07 21:00:00,PS,14.0,1.9,44.0,0.0,22.7,1009.0,3.0
2025-11-07 22:00:00,PS,14.0,4.6,53.0,0.0,6.0,1009.0,3.0
2025-11-07 23:00:00,PS,13.0,3.6,53.0,0.0,0.0,1008.0,3.0
2025-11-08 00:00:00,PS,14.0,3.5,49.0,0.0,9.0,1008.0,3.0
2025-11-08 01:00:00,PS,14.0,2.9,47.0,0.0,7.0,1008.0,3.0
2025-11-08 02:00:00,PS,14.0,2.9,47.0,0.0,11.0,1007.0,3.0
2025-11-08 03:00:00,PS,14.0,3.5,49.0,0.0,9.0,1006.0,3.0
2025-11-08 04:00:00,PS,14.0,5.6,57.0,1.3,7.0,1005.0,9.0
2025-11-08 05:00:00,PS,12.0,9.7,86.0,0.0,9.0,1005.0,9.0
2025-11-08 06:00:00,PS,12.0,9.7,86.0,0.0,6.0,1005.0,9.0
2025-11-08 07:00:00,PS,12.0,9.7,86.0,0.0,9.0,1005.0,9.0
2025-11-08 08:00:00,PS,12.0,10.4,90.0,0.0,7.0,1005.0,8.0
2025-11-08 09:00:00,PS,12.0,10.4,90.0,0.0,0.0,1005.0,8.0
2025-11-08 10:00:00,PS,13.0,11.2,89.0,0.0,9.0,1005.0,7.0
2025-11-08 11:00:00,PS,13.0,11.2,89.0,0.0,3.0,1005.0,8.0
2025-11-08 12:00:00,PS,12.0,10.4,90.0,0.0,6.0,1007.0,5.0
2025-11-08 13:00:00,PS,13.0,10.9,87.0,0.0,6.0,1008.0,5.0
2025-11-08 14:00:00,PS,14.0,9.6,75.0,0.0,7.0,1008.0,3.0
2025-11-08 15:00:00,PS,16.0,8.2,60.0,0.0,7.0,1009.0,1.0
2025-11-08 16:00:00,PS,17.0,6.5,50.0,0.0,7.0,1008.0,1.0
2025-11-08 17:00:00,PS,18.0,6.2,46.0,0.0,11.0,1009.0,1.0
2025-11-08 18:00:00,PS,18.0,4.9,42.0,0.0,7.0,1008.0,1.0
2025-11-08 19:00:00,PS,18.0,4.2,40.0,0.0,11.0,1009.0,1.0
2025-11-08 20:00:00,PS,18.0,3.5,38.0,0.0,9.0,1010.0,1.0
2025-11-08 21:00:00,PS,17.0,3.6,41.0,0.0,9.0,1010.0,1.0
2025-11-08 22:00:00,PS,16.0,3.7,44.0,0.0,6.0,1011.0,2.0
2025-11-08 23:00:00,PS,14.0,2.6,46.0,0.0,0.0,1012.0,2.0
2025-11-09 00:00:00,PS,14.0,2.6,46.0,0.0,6.0,1012.0,3.0
2025-11-09 01:00:00,PS,14.0,2.6,46.0,0.0,6.0,1013.0,3.0
2025-11-09 02:00:00,PS,14.0,2.9,47.0,0.0,6.0,1013.0,3.0
2025-11-09 03:00:00,PS,14.0,4.0,51.0,0.0,7.0,1013.0,3.0
2025-11-09 04:00:00,PS,14.0,4.6,53.0,0.0,9.0,1013.0,3.0
2025-11-09 05:00:00,PS,13.0,5.9,62.0,0.0,6.0,1013.0,2.0
2025-11-09 06:00:00,PS,14.0,10.0,77.0,0.0,9.4,1013.0,2.0
2025-11-09 07:00:00,PS,13.0,9.6,80.0,0.0,0.0,1013.0,2.0
2025-11-09 08:00:00,PS,12.0,9.2,83.0,0.0,7.0,1012.0,3.0
2025-11-09 09:00:00,PS,13.0,10.4,84.0,0.0,6.0,1013.0,2.0
2025-11-09 10:00:00,PS,14.0,11.9,87.0,0.0,3.0,1013.0,5.0
2025-11-09 11:00:00,PS,14.0,12.4,90.0,0.0,10.4,1013.0,5.0
2025-11-09 12:00:00,PS,14.0,11.3,84.0,0.0,6.0,1013.0,3.0
2025-11-09 13:00:00,PS,16.0,12.2,78.0,0.0,9.0,1013.0,3.0
2025-11-09 14:00:00,PS,17.0,10.4,65.0,0.0,6.0,1012.0,3.0
2025-11-09 15:00:00,PS,17.0,10.4,65.0,0.0,6.0,1012.0,3.0
2025-11-09 16:00:00,PS,16.0,11.6,75.0,0.0,11.0,1011.0,3.0
2025-11-09 17:00:00,PS,16.0,11.6,75.0,0.0,7.0,1011.0,3.0
2025-11-09 18:00:00,PS,17.0,12.5,75.0,0.0,9.0,1008.0,3.0
2025-11-09 19:00:00,PS,16.0,13.1,83.0,0.0,8.0,1008.0,8.0
2025-11-09 20:00:00,PS,16.0,13.7,86.0,0.0,6.0,1007.0,3.0
2025-11-09 21:00:00,PS,15.0,13.9,93.0,0.0,6.0,1006.0,8.0
2025-11-09 22:00:00,PS,15.0,13.9,93.0,0.0,0.0,1006.0,5.0
2025-11-09 23:00:00,PS,15.0,13.9,93.0,0.0,7.0,1008.0,5.0
2025-11-10 00:00:00,PS,15.0,13.4,90.0,0.0,0.0,1007.0,5.0
2025-11-10 01:00:00,PS,14.0,12.9,93.0,0.0,9.0,1007.0,5.0
2025-11-10 02:00:00,PS,14.0,13.0,94.0,0.0,3.0,1007.0,5.0
2025-11-10 03:00:00,PS,14.0,12.9,93.0,0.0,0.0,1007.0,5.0
2025-11-10 04:00:00,PS,14.0,12.9,93.0,0.0,0.0,1006.0,5.0
2025-11-10 05:00:00,PS,14.0,12.9,93.0,0.0,0.0,1007.0,8.0
2025-11-10 06:00:00,PS,14.0,12.9,93.0,0.1,7.0,1007.0,8.0
2025-11-10 07:00:00,PS,14.0,11.9,87.0,0.0,13.0,1006.0,8.0
2025-11-10 08:00:00,PS,13.0,10.9,87.0,2.2,0.0,1006.0,9.0
2025-11-10 09:00:00,PS,13.0,9.1,77.0,0.0,9.0,1006.0,9.0
2025-11-10 10:00:00,PS,12.0,9.2,83.0,0.2,9.0,1005.0,7.0
2025-11-10 11:00:00,PS,12.0,8.7,80.0,0.0,7.0,1006.0,3.0
2025-11-10 12:00:00,PS,12.0,9.2,83.0,0.0,6.0,1006.0,3.0
2025-11-10 13:00:00,PS,12.0,8.7,80.0,0.0,7.0,1006.0,3.0
2025-11-10 14:00:00,PS,13.0,9.1,77.0,0.0,0.0,1005.0,3.0
2025-11-10 15:00:00,PS,13.0,8.5,74.0,0.0,6.0,1004.0,3.0
2025-11-10 16:00:00,PS,12.0,8.1,77.0,0.0,7.0,1003.0,3.0
2025-11-10 17:00:00,PS,12.0,8.7,80.0,0.0,7.0,1003.0,8.0
2025-11-10 18:00:00,PS,10.0,7.8,86.0,0.0,9.0,1002.0,8.0
2025-11-10 19:00:00,PS,9.0,6.8,86.0,0.0,11.0,1002.0,9.0
2025-11-10 20:00:00,PS,8.0,5.3,83.0,0.0,11.0,1003.0,3.0
2025-11-10 21:00:00,PS,7.0,1.5,68.0,0.0,15.0,1004.0,3.0
2025-11-10 22:00:00,PS,6.0,0.3,67.0,0.0,11.0,1004.0,3.0
2025-11-10 23:00:00,PS,4.0,-2.0,65.0,0.0,11.0,1005.0,3.0
2025-11-11 00:00:00,PS,4.0,-2.6,62.0,0.0,13.0,1006.0,1.0
2025-11-11 01:00:00,PS,3.0,-4.2,59.0,0.0,10.0,1006.0,1.0
2025-11-11 02:00:00,PS,3.0,-4.7,57.0,0.0,13.0,1007.0,1.0
2025-11-11 03:00:00,PS,3.0,-5.9,52.0,0.0,15.5,1007.0,1.0
2025-11-11 04:00:00,PS,2.0,-7.6,49.0,0.0,19.0,1007.0,1.0
2025-11-11 05:00:00,PS,1.0,-7.3,54.0,0.0,14.8,1007.0,1.0
2025-11-11 06:00:00,PS,1.0,-7.7,52.0,0.0,15.0,1007.0,2.0
2025-11-11 07:00:00,PS,1.0,-8.2,50.0,0.0,13.0,1007.0,2.0
2025-11-11 08:00:00,PS,1.0,-7.7,52.0,0.0,9.0,1006.0,1.0
2025-11-11 09:00:00,PS,1.0,-7.7,52.0,0.0,7.0,1006.0,1.0
2025-11-11 10:00:00,PS,1.0,-6.8,56.0,0.0,13.0,1006.0,2.0
2025-11-11 11:00:00,PS,1.0,-6.3,58.0,0.0,11.0,1006.0,3.0
2025-11-11 12:00:00,PS,1.0,-5.7,61.0,0.0,17.0,1007.0,3.0
2025-11-11 13:00:00,PS,2.0,-8.4,46.0,0.0,20.5,1007.0,3.0
2025-11-11 14:00:00,PS,3.0,-7.5,46.0,0.0,13.0,1007.0,3.0
2025-11-11 15:00:00,PS,3.0,-6.4,50.0,0.0,22.0,1007.0,3.0
2025-11-11 16:00:00,PS,3.0,-5.9,52.0,0.0,25.9,1007.0,21.0
2025-11-11 17:00:00,PS,4.0,-7.1,44.0,0.0,9.0,1006.0,3.0
2025-11-11 18:00:00,PS,4.0,-7.7,42.0,0.0,17.0,1006.0,3.0
2025-11-11 19:00:00,PS,4.0,-7.1,44.0,0.0,28.0,1007.0,3.0
2025-11-11 20:00:00,PS,4.0,-6.6,46.0,0.0,15.0,1008.0,3.0
2025-11-11 21:00:00,PS,4.0,-6.0,48.0,0.0,26.0,1009.0,3.0
2025-11-11 22:00:00,PS,4.0,-5.2,51.0,0.0,20.0,1010.0,3.0
2025-11-11 23:00:00,PS,5.0,-3.8,53.0,0.0,13.0,1011.0,3.0
2025-11-12 00:00:00,PS,4.0,-3.7,57.0,0.0,15.0,1012.0,3.0
2025-11-12 01:00:00,PS,5.0,-3.8,53.0,0.0,13.0,1012.0,3.0
2025-11-12 02:00:00,PS,5.0,-5.1,48.0,0.0,13.0,1013.0,2.0
2025-11-12 03:00:00,PS,4.0,-5.2,51.0,0.0,15.5,1013.0,1.0
2025-11-12 04:00:00,PS,4.0,-5.2,51.0,0.0,17.0,1013.0,3.0
2025-11-12 05:00:00,PS,4.0,-6.0,48.0,0.0,15.8,1013.0,2.0
2025-11-12 06:00:00,PS,3.0,-6.9,48.0,0.0,11.0,1013.0,3.0
2025-11-12 07:00:00,PS,3.0,-6.4,50.0,0.0,15.1,1013.0,3.0
2025-11-12 08:00:00,PS,3.0,-6.4,50.0,0.0,15.0,1013.0,3.0
2025-11-12 09:00:00,PS,4.0,-6.6,46.0,0.0,7.0,1012.0,3.0
2025-11-12 10:00:00,PS,4.0,-6.6,46.0,0.0,7.0,1012.0,3.0
2025-11-12 11:00:00,PS,4.0,-7.1,44.0,0.0,7.0,1011.0,3.0
2025-11-12 12:00:00,PS,5.0,-5.7,46.0,0.0,6.0,1011.0,2.0
2025-11-12 13:00:00,PS,5.0,-5.9,45.0,0.0,15.0,1011.0,3.0
2025-11-12 14:00:00,PS,6.0,-4.7,46.0,0.0,11.0,1010.0,3.0
2025-11-12 15:00:00,PS,6.0,-5.0,45.0,0.0,11.0,1010.0,3.0
2025-11-12 16:00:00,PS,7.0,-4.7,43.0,0.0,12.2,1009.0,3.0
2025-11-12 17:00:00,PS,8.0,-4.1,42.0,0.0,0.0,1008.0,3.0
2025-11-12 18:00:00,PS,8.0,-5.1,39.0,0.0,20.5,1007.0,1.0
2025-11-12 19:00:00,PS,9.0,-3.9,40.0,0.0,7.0,1007.0,3.0
2025-11-12 20:00:00,PS,9.0,-3.9,40.0,0.0,7.0,1008.0,3.0
2025-11-12 21:00:00,PS,9.0,-3.2,42.0,0.0,14.4,1008.0,3.0
2025-11-12 22:00:00,PS,9.0,-3.2,42.0,0.0,7.0,1008.0,3.0
2025-11-12 23:00:00,PS,9.0,-2.6,44.0,0.0,6.0,1009.0,3.0
2025-11-13 00:00:00,PS,9.0,-1.4,48.0,0.0,7.0,1009.0,3.0
2025-11-13 01:00:00,PS,9.0,0.2,54.0,0.0,11.0,1009.0,3.0
2025-11-13 02:00:00,PS,9.0,0.2,54.0,0.0,9.0,1010.0,3.0
2025-11-13 03:00:00,PS,9.0,0.7,56.0,0.0,11.0,1010.0,2.0
2025-11-13 04:00:00,PS,8.0,0.9,61.0,0.0,6.0,1010.0,2.0
2025-11-13 05:00:00,PS,8.0,0.2,58.0,0.0,14.4,1010.0,3.0
2025-11-13 06:00:00,PS,8.0,0.2,58.0,0.0,13.7,1011.0,2.0
2025-11-13 07:00:00,PS,8.0,0.2,58.0,0.0,13.0,1011.0,1.0
2025-11-13 08:00:00,PS,8.0,0.2,58.0,0.0,7.0,1011.0,1.0
2025-11-13 09:00:00,PS,9.0,-0.6,51.0,0.0,13.3,1011.0,1.0
2025-11-13 10:00:00,PS,9.0,0.2,54.0,0.0,9.0,1012.0,1.0
2025-11-13 11:00:00,PS,9.0,-0.6,51.0,0.0,13.0,1012.0,1.0
2025-11-13 12:00:00,PS,9.0,-0.9,50.0,0.0,7.0,1012.0,1.0
2025-11-13 13:00:00,PS,9.0,-1.4,48.0,0.0,14.4,1012.0,1.0
2025-11-13 14:00:00,PS,9.0,-2.0,46.0,0.0,9.0,1012.0,2.0
2025-11-13 15:00:00,PS,9.0,-2.0,46.0,0.0,15.0,1012.0,1.0
2025-11-13 16:00:00,PS,9.0,-0.9,50.0,0.0,7.0,1012.0,2.0
2025-11-13 17:00:00,PS,8.0,0.2,58.0,0.0,15.0,1012.0,3.0
2025-11-13 18:00:00,PS,9.0,-1.4,48.0,0.0,13.0,1012.0,2.0
2025-11-13 19:00:00,PS,11.0,-2.4,39.0,0.0,20.5,1013.0,3.0
2025-11-13 20:00:00,PS,10.0,-3.3,39.0,0.1,19.0,1014.0,17.0
2025-11-13 21:00:00,PS,9.0,-3.5,41.0,0.0,9.0,1015.0,1.0
2025-11-13 22:00:00,PS,9.0,-3.9,40.0,0.0,11.0,1015.0,2.0
2025-11-13 23:00:00,PS,8.0,-4.1,42.0,0.0,15.0,1016.0,1.0
2025-11-14 00:00:00,PS,8.0,-3.5,44.0,0.0,11.0,1016.0,1.0
2025-11-14 01:00:00,PS,8.0,-2.6,47.0,0.0,9.0,1017.0,1.0
2025-11-14 02:00:00,PS,8.0,-2.6,47.0,0.0,7.0,1017.0,2.0
2025-11-14 03:00:00,PS,8.0,-2.6,47.0,0.0,13.0,1017.0,1.0
2025-11-14 04:00:00,PS,7.0,-1.4,55.0,0.0,13.0,1017.0,2.0
2025-11-14 05:00:00,PS,6.0,-1.9,57.0,0.0,13.0,1017.0,2.0
2025-11-14 06:00:00,PS,6.0,-0.7,62.0,0.0,14.8,1017.0,1.0
2025-11-14 07:00:00,PS,5.0,-1.7,62.0,0.0,7.0,1018.0,2.0
2025-11-14 08:00:00,PS,5.0,-1.7,62.0,0.0,9.0,1018.0,1.0
2025-11-14 09:00:00,PS,5.0,-1.7,62.0,0.0,9.0,1019.0,1.0
2025-11-14 10:00:00,PS,5.0,-2.1,60.0,0.0,11.9,1019.0,1.0
2025-11-14 11:00:00,PS,5.0,-1.7,62.0,0.0,6.0,1020.0,1.0
2025-11-14 12:00:00,PS,5.0,-1.7,62.0,0.0,6.0,1020.0,1.0
2025-11-14 13:00:00,PS,6.0,-1.2,60.0,0.0,7.0,1020.0,1.0
2025-11-14 14:00:00,PS,8.0,-1.0,53.0,0.0,12.2,1019.0,1.0
2025-11-14 15:00:00,PS,9.0,-2.0,46.0,0.0,15.0,1019.0,1.0
2025-11-14 16:00:00,PS,10.0,-2.6,41.0,0.0,9.0,1018.0,1.0
2025-11-14 17:00:00,PS,10.0,-3.3,39.0,0.0,9.0,1017.0,3.0
2025-11-14 18:00:00,PS,11.0,-2.4,39.0,0.0,9.0,1016.0,3.0
2025-11-14 19:00:00,PS,11.0,-3.5,36.0,0.0,15.5,1016.0,3.0
2025-11-14 20:00:00,PS,10.0,-4.4,36.0,0.0,7.0,1016.0,3.0
2025-11-14 21:00:00,PS,10.0,-4.0,37.0,0.0,7.0,1016.0,3.0
2025-11-14 22:00:00,PS,10.0,-4.0,37.0,0.0,7.0,1015.0,3.0
2025-11-14 23:00:00,PS,9.0,-3.5,41.0,0.0,9.0,1015.0,3.0
2025-11-15 00:00:00,PS,9.0,-4.2,39.0,0.0,7.0,1014.0,1.0
2025-11-15 01:00:00,PS,9.0,-3.9,40.0,0.0,7.0,1014.0,1.0
2025-11-15 02:00:00,PS,9.0,-3.9,40.0,0.0,9.0,1014.0,2.0
2025-11-15 03:00:00,PS,8.0,-4.1,42.0,0.0,7.0,1014.0,1.0
2025-11-15 04:00:00,PS,8.0,-4.1,42.0,0.0,17.0,1014.0,1.0
2025-11-15 05:00:00,PS,7.0,-4.1,45.0,0.0,11.0,1014.0,1.0
2025-11-15 06:00:00,PS,6.0,-3.4,51.0,0.0,6.0,1014.0,1.0
2025-11-15 07:00:00,PS,6.0,-2.9,53.0,0.0,0.0,1014.0,1.0
2025-11-15 08:00:00,PS,5.0,-2.8,57.0,0.0,6.0,1013.0,1.0
2025-11-15 09:00:00,PS,5.0,-2.1,60.0,0.0,0.0,1013.0,1.0
2025-11-15 10:00:00,PS,4.0,-2.6,62.0,0.0,6.0,1013.0,1.0
2025-11-15 11:00:00,PS,4.0,-2.6,62.0,0.0,0.0,1013.0,1.0
2025-11-15 12:00:00,PS,5.0,-2.1,60.0,0.0,6.0,1013.0,1.0
2025-11-15 13:00:00,PS,5.0,-2.1,60.0,0.0,6.0,1013.0,3.0
2025-11-15 14:00:00,PS,6.0,-3.4,51.0,0.0,0.0,1012.0,3.0
2025-11-15 15:00:00,PS,7.0,-3.0,49.0,0.0,7.0,1011.0,3.0
2025-11-15 16:00:00,PS,8.0,-3.8,43.0,0.0,9.0,1010.0,3.0
2025-11-15 17:00:00,PS,8.0,-4.1,42.0,0.0,0.0,1008.0,3.0
2025-11-15 18:00:00,PS,10.0,-4.0,37.0,0.0,0.0,1007.0,3.0
2025-11-15 19:00:00,PS,10.0,-2.6,41.0,0.0,6.0,1005.0,3.0
2025-11-15 20:00:00,PS,10.0,-2.6,41.0,0.0,0.0,1004.0,3.0
2025-11-15 21:00:00,PS,9.0,-2.0,46.0,0.0,9.0,1003.0,3.0
2025-11-15 22:00:00,PS,9.0,0.7,56.0,0.0,10.8,1002.0,3.0
2025-11-15 23:00:00,PS,10.0,0.6,52.0,0.0,17.0,1001.0,3.0
2025-11-16 00:00:00,PS,10.0,1.6,56.0,0.0,4.0,998.0,3.0
2025-11-16 01:00:00,PS,8.3,5.6,83.0,0.1,13.0,998.0,8.0
2025-11-16 02:00:00,PS,9.4,6.1,80.0,0.0,0.0,,9.0
2025-11-16 03:00:00,PS,10.0,6.2,77.0,0.0,0.0,,9.0
2025-11-16 04:00:00,PS,9.4,5.6,77.0,0.0,4.0,,3.0
2025-11-16 05:00:00,PS,8.9,5.6,80.0,0.0,3.0,,8.0
2025-11-16 06:00:00,PS,9.4,6.1,80.0,0.0,5.0,,8.0
2025-11-16 07:00:00,PS,9.4,6.7,83.0,0.0,18.4,,3.0
2025-11-16 08:00:00,PS,9.4,6.7,83.0,0.0,17.3,,3.0
2025-11-16 09:00:00,PS,11.1,7.2,77.0,0.0,5.0,,3.0
2025-11-16 10:00:00,PS,11.7,7.8,77.0,0.0,6.0,,3.0
2025-11-16 11:00:00,PS,12.2,7.7,74.0,0.0,18.0,,3.0
2025-11-16 12:00:00,PS,12.2,6.0,66.0,0.0,11.0,,3.0
2025-11-16 13:00:00,PS,12.2,2.1,50.0,0.0,10.0,,3.0
2025-11-16 14:00:00,PS,12.8,1.2,45.0,0.0,11.0,,1.0
2025-11-16 15:00:00,PS,12.2,-1.0,40.0,0.0,11.0,,1.0
2025-11-16 16:00:00,PS,12.2,-2.8,35.0,0.0,12.0,,3.0
2025-11-16 17:00:00,PS,11.7,-4.4,32.0,0.0,14.0,,1.0
2025-11-16 18:00:00,PS,11.1,-5.4,31.0,0.0,10.0,,1.0
2025-11-16 19:00:00,PS,10.0,-4.4,36.0,0.0,26.3,,1.0
2025-11-16 20:00:00,PS,8.9,-5.0,37.0,0.0,11.0,,1.0
2025-11-16 21:00:00,PS,8.3,-4.8,39.0,0.0,12.0,,1.0
2025-11-16 22:00:00,PS,6.7,-7.7,35.0,0.0,12.0,,1.0
2025-11-16 23:00:00,PS,6.1,-9.0,33.0,0.0,21.2,,2.0
2025-11-17 00:00:00,PS,5.6,-8.3,36.0,0.0,8.0,,3.0
2025-11-17 01:00:00,PS,6.1,-7.8,36.0,0.0,15.5,,2.0
2025-11-17 02:00:00,PS,6.1,-7.1,38.0,0.0,9.0,,1.0
2025-11-17 03:00:00,PS,6.1,-6.8,39.0,0.0,7.0,,1.0
2025-11-17 04:00:00,PS,5.0,-6.5,43.0,0.0,8.0,,3.0
2025-11-17 05:00:00,PS,4.4,-6.8,44.0,0.0,9.0,,1.0
2025-11-17 06:00:00,PS,3.9,-6.7,46.0,0.0,7.0,,3.0
2025-11-17 07:00:00,PS,3.3,-9.0,40.0,0.0,11.0,,3.0
2025-11-17 08:00:00,PS,2.8,-9.5,40.0,0.0,12.0,,3.0
2025-11-17 09:00:00,PS,2.8,-8.8,42.0,0.0,6.0,,3.0
2025-11-17 10:00:00,PS,2.8,-8.8,42.0,0.0,10.0,,3.0
2025-11-17 11:00:00,PS,2.8,-8.2,44.0,0.0,10.0,1005.4,3.0
2025-11-17 12:00:00,PS,2.8,-8.2,44.0,0.0,9.0,1005.6,3.0
2025-11-17 13:00:00,PS,3.9,-7.8,42.0,0.0,8.0,1006.6,3.0
2025-11-17 14:00:00,PS,5.6,-7.9,37.0,0.0,13.0,1007.6,2.0
2025-11-17 15:00:00,PS,5.0,-8.1,38.0,0.0,12.0,1007.4,3.0
2025-11-17 16:00:00,PS,5.6,-7.9,37.0,0.0,14.0,1007.6,3.0
2025-11-17 17:00:00,PS,6.1,-8.2,35.0,0.0,14.0,1007.8,3.0
2025-11-17 18:00:00,PS,6.1,-8.2,35.0,0.0,12.0,1008.0,3.0
2025-11-17 19:00:00,PS,6.0,-5.6,43.0,0.0,26.3,1008.5,3.0
2025-11-17 20:00:00,PS,5.7,-5.6,44.0,0.0,23.8,1009.1,3.0
2025-11-17 21:00:00,PS,5.3,-5.4,46.0,0.0,17.6,1010.0,2.0
2025-11-17 22:00:00,PS,4.6,-5.2,49.0,0.0,14.0,1011.2,2.0
2025-11-17 23:00:00,PS,4.1,-4.9,52.0,0.0,13.0,1012.2,1.0
2025-11-18 00:00:00,PS,3.4,-4.5,56.0,0.0,12.2,1013.1,1.0
2025-11-18 01:00:00,PS,3.0,-4.7,57.0,0.0,13.3,1014.0,1.0
2025-11-18 02:00:00,PS,2.9,-5.0,56.0,0.0,14.4,1014.8,1.0
2025-11-18 03:00:00,PS,3.0,-5.2,55.0,0.0,14.4,1015.2,1.0
2025-11-18 04:00:00,PS,2.7,-5.2,56.0,0.0,14.0,1015.9,1.0
2025-11-18 05:00:00,PS,2.4,-5.2,57.0,0.0,13.7,1016.2,1.0
2025-11-18 06:00:00,PS,2.1,-5.1,59.0,0.0,13.3,1016.5,1.0
2025-11-18 07:00:00,PS,1.7,-5.0,61.0,0.0,13.3,1017.0,1.0
2025-11-18 08:00:00,PS,1.5,-4.8,63.0,0.0,14.0,1017.7,1.0
2025-11-18 09:00:00,PS,1.2,-4.8,64.0,0.0,14.4,1018.1,1.0
2025-11-18 10:00:00,PS,1.0,-4.6,66.0,0.0,14.0,1018.9,1.0
2025-11-18 11:00:00,PS,0.7,-4.7,67.0,0.0,13.7,1019.7,1.0
2025-11-18 12:00:00,PS,0.5,-4.5,69.0,0.0,13.3,1020.5,1.0
2025-11-18 13:00:00,PS,1.2,-3.7,70.0,0.0,13.0,1021.1,1.0
2025-11-18 14:00:00,PS,2.6,-3.3,65.0,0.0,13.3,1021.7,1.0
2025-11-18 15:00:00,PS,4.3,-3.0,59.0,0.0,14.4,1021.4,1.0
2025-11-18 16:00:00,PS,6.0,-4.7,46.0,0.0,17.3,1020.8,3.0
2025-11-18 17:00:00,PS,6.6,-4.8,44.0,0.0,16.2,1020.4,3.0
2025-11-18 18:00:00,PS,7.1,-4.9,42.0,0.0,15.1,1020.3,3.0
2025-11-18 19:00:00,PS,7.1,-4.9,42.0,0.0,13.0,1020.1,3.0
2025-11-18 20:00:00,PS,7.1,-4.3,44.0,0.0,11.9,1020.1,3.0
2025-11-18 21:00:00,PS,6.4,-2.7,52.0,0.0,7.9,1020.4,3.0
2025-11-18 22:00:00,PS,4.3,-1.7,65.0,0.0,6.1,1020.6,3.0
2025-11-18 23:00:00,PS,3.9,-1.9,66.0,0.0,5.4,1020.9,3.0
2025-11-19 00:00:00,PS,3.9,-0.9,71.0,0.0,5.8,1021.3,3.0
2025-11-19 01:00:00,PS,3.3,-0.9,74.0,0.0,5.0,1021.2,3.0
2025-11-19 02:00:00,PS,4.2,-0.6,71.0,0.0,6.5,1021.5,3.0
2025-11-19 03:00:00,PS,4.2,-0.6,71.0,0.0,7.6,1022.0,3.0
2025-11-19 04:00:00,PS,4.1,-0.3,73.0,0.0,5.0,1022.1,3.0
2025-11-19 05:00:00,PS,3.9,0.6,79.0,0.0,2.9,1021.8,3.0
2025-11-19 06:00:00,PS,3.8,0.7,80.0,0.0,2.5,1021.8,3.0
2025-11-19 07:00:00,PS,3.8,0.7,80.0,0.0,4.0,1022.1,3.0
2025-11-19 08:00:00,PS,3.7,1.1,83.0,0.0,4.3,1022.1,3.0
2025-11-19 09:00:00,PS,3.7,1.3,84.0,0.1,6.5,1021.9,7.0
2025-11-19 10:00:00,PS,3.1,0.7,84.0,0.5,5.4,1022.2,8.0
2025-11-19 11:00:00,PS,2.3,1.0,91.0,0.2,5.8,1022.5,7.0
2025-11-19 12:00:00,PS,2.1,1.4,95.0,0.0,6.5,1023.0,3.0
2025-11-19 13:00:00,PS,2.3,1.4,94.0,0.0,2.9,1023.3,3.0
2025-11-19 14:00:00,PS,3.1,1.8,91.0,0.0,2.9,1023.8,3.0
2025-11-19 15:00:00,PS,4.1,2.3,88.0,0.0,3.6,1023.9,3.0
2025-11-19 16:00:00,PS,5.0,2.5,84.0,0.0,3.6,1023.5,3.0
2025-11-19 17:00:00,PS,5.9,2.4,78.0,0.0,2.9,1022.5,3.0
2025-11-19 18:00:00,PS,7.0,2.5,73.0,0.0,1.8,1021.8,3.0
2025-11-19 19:00:00,PS,7.5,2.4,70.0,0.0,2.5,1021.4,3.0
2025-11-19 20:00:00,PS,7.5,2.4,70.0,0.0,4.3,1021.8,2.0
2025-11-19 21:00:00,PS,7.2,2.5,72.0,0.0,5.0,1022.3,3.0
2025-11-19 22:00:00,PS,6.4,3.2,80.0,0.0,5.4,1022.8,3.0
2025-11-19 23:00:00,PS,6.7,3.7,81.0,0.0,4.0,1023.0,3.0
2025-11-20 00:00:00,PS,6.5,3.5,81.0,0.0,3.2,1023.2,3.0
2025-11-20 01:00:00,PS,5.7,3.2,84.0,0.0,4.0,1023.1,3.0
2025-11-20 02:00:00,PS,4.7,2.6,86.0,0.0,4.3,1022.9,3.0
2025-11-20 03:00:00,PS,4.4,2.1,85.0,0.0,2.2,1023.3,3.0
2025-11-20 04:00:00,PS,3.6,2.1,90.0,0.0,5.0,1023.3,3.0
2025-11-20 05:00:00,PS,3.3,1.8,90.0,0.0,6.1,1023.1,3.0
2025-11-20 06:00:00,PS,2.6,1.0,89.0,0.0,6.1,1023.0,3.0
2025-11-20 07:00:00,PS,2.2,0.4,88.0,0.0,6.5,1022.9,3.0
2025-11-20 08:00:00,PS,1.8,0.2,89.0,0.0,6.5,1022.8,3.0
2025-11-20 09:00:00,PS,1.7,0.1,89.0,0.0,6.5,1022.9,3.0
2025-11-20 10:00:00,PS,2.0,0.5,90.0,0.0,7.9,1023.2,3.0
2025-11-20 11:00:00,PS,2.2,0.6,89.0,0.0,7.6,1023.4,3.0
2025-11-20 12:00:00,PS,2.3,0.4,87.0,0.0,6.1,1023.6,3.0
2025-11-20 13:00:00,PS,5.4,1.0,73.0,,13.0,1024.6,4.0
2025-11-20 14:00:00,PS,6.4,1.5,71.0,,13.0,1025.1,4.0
2025-11-20 15:00:00,PS,6.9,1.8,70.0,,13.0,1024.4,4.0
2025-11-20 16:00:00,PS,8.0,1.6,64.0,,11.1,1023.4,4.0
2025-11-20 17:00:00,PS,9.1,1.5,59.0,,9.3,1022.5,4.0
2025-11-20 18:00:00,PS,7.1,3.0,75.0,,5.8,1022.8,4.0
2025-11-20 19:00:00,PS,8.8,2.1,63.0,,9.3,1022.3,4.0
2025-11-20 20:00:00,PS,8.9,2.0,62.0,,9.3,1022.1,4.0
2025-11-20 21:00:00,PS,8.5,2.1,64.0,,9.3,1022.1,4.0
2025-11-20 22:00:00,PS,8.5,2.5,66.0,,7.4,1021.9,4.0
2025-11-20 23:00:00,PS,8.5,3.1,69.0,,7.4,1021.8,4.0
2025-11-21 00:00:00,PS,6.7,4.5,86.0,,4.7,1022.1,4.0
2025-11-21 01:00:00,PS,7.8,3.3,73.0,,7.4,1021.6,4.0
2025-11-21 02:00:00,PS,7.6,3.3,74.0,,5.5,1021.4,4.0
2025-11-21 03:00:00,PS,7.3,3.2,75.0,,5.5,1021.1,4.0
2025-11-21 04:00:00,PS,7.5,3.5,76.0,,5.5,1020.3,4.0
2025-11-21 05:00:00,PS,7.6,4.0,78.0,,7.4,1019.5,4.0
2025-11-21 06:00:00,PS,6.5,5.5,93.0,,1.1,1020.0,4.0
2025-11-21 07:00:00,PS,7.4,4.0,79.0,,5.5,1019.5,4.0
2025-11-21 08:00:00,PS,7.2,4.2,81.0,,5.5,1019.4,4.0
2025-11-21 09:00:00,PS,7.1,4.1,81.0,,5.5,1019.3,4.0
2025-11-21 10:00:00,PS,7.4,4.4,81.0,,5.5,1018.5,4.0
2025-11-21 11:00:00,PS,7.8,4.4,79.0,,5.5,1017.8,4.0
2025-11-21 12:00:00,PS,6.2,5.6,96.0,,3.6,1017.4,4.0
2025-11-21 13:00:00,PS,8.5,4.7,77.0,,5.5,1017.5,4.0
2025-11-21 14:00:00,PS,9.3,5.1,75.0,,9.3,1017.5,4.0
2025-11-21 15:00:00,PS,10.2,5.4,72.0,,11.1,1016.9,4.0
2025-11-21 16:00:00,PS,11.7,5.8,67.0,,14.8,1015.4,4.0
2025-11-21 17:00:00,PS,13.2,6.3,63.0,,16.7,1013.9,4.0
2025-11-21 18:00:00,PS,11.0,8.4,84.0,,10.8,1013.1,4.0
2025-11-21 19:00:00,PS,12.7,6.1,64.0,,14.8,1013.3,4.0
2025-11-21 20:00:00,PS,12.9,6.0,63.0,,13.0,1013.5,3.0
2025-11-21 21:00:00,PS,12.1,6.2,67.0,,13.0,1013.6,3.0
2025-11-21 22:00:00,PS,12.0,5.6,65.0,,14.8,1013.5,4.0
2025-11-21 23:00:00,PS,11.9,5.1,63.0,,14.8,1013.3,4.0
2025-11-22 00:00:00,PS,9.9,8.7,92.0,,7.9,1012.3,4.0
2025-11-22 01:00:00,PS,11.0,5.1,67.0,,11.1,1013.5,4.0
2025-11-22 02:00:00,PS,10.6,4.5,66.0,,11.1,1013.8,4.0
2025-11-22 03:00:00,PS,10.2,4.6,68.0,,11.1,1013.8,4.0
2025-11-22 04:00:00,PS,9.9,4.3,68.0,,13.0,1014.0,4.0
2025-11-22 05:00:00,PS,9.6,4.2,69.0,,13.0,1014.1,4.0
2025-11-22 06:00:00,PS,7.6,4.5,81.0,,11.2,1013.2,4.0
2025-11-22 07:00:00,PS,9.0,4.4,73.0,,11.1,1014.0,4.0
2025-11-22 08:00:00,PS,8.5,3.9,73.0,,13.0,1013.9,4.0
2025-11-22 09:00:00,PS,8.2,3.7,73.0,,13.0,1014.0,4.0
2025-11-22 10:00:00,PS,8.0,2.7,69.0,,14.8,1014.2,3.0
2025-11-22 11:00:00,PS,7.8,1.4,64.0,,16.7,1014.5,3.0
2025-11-22 12:00:00,PS,4.2,0.5,77.0,,9.4,1014.8,3.0
2025-11-22 13:00:00,PS,8.0,3.7,74.0,,13.0,1015.3,3.0
2025-11-22 14:00:00,PS,9.1,3.5,68.0,,14.8,1015.9,3.0
2025-11-22 15:00:00,PS,10.1,3.6,64.0,,14.8,1016.1,3.0
2025-11-22 16:00:00,PS,10.9,2.2,55.0,,14.8,1015.1,3.0
2025-11-22 17:00:00,PS,11.8,1.1,48.0,,16.7,1014.0,3.0
2025-11-22 18:00:00,PS,7.8,-2.8,47.0,,7.9,1014.8,3.0
2025-11-22 19:00:00,PS,12.0,1.9,50.0,,14.8,1014.6,3.0
2025-11-22 20:00:00,PS,11.9,0.6,46.0,,13.0,1014.4,3.0
2025-11-22 21:00:00,PS,11.1,0.5,48.0,,13.0,1014.7,3.0
2025-11-22 22:00:00,PS,10.0,0.3,51.0,,13.0,1014.7,3.0
2025-11-22 23:00:00,PS,9.0,-0.1,53.0,,14.8,1014.7,3.0
2025-11-23 00:00:00,PS,4.3,-1.7,65.0,,7.9,1017.3,3.0
2025-11-23 01:00:00,PS,9.2,0.9,56.0,,11.1,1015.2,3.0
2025-11-23 02:00:00,PS,8.3,0.8,59.0,,11.1,1015.3,3.0
2025-11-23 03:00:00,PS,7.8,0.8,61.0,,9.3,1015.3,3.0
2025-11-23 04:00:00,PS,6.9,0.8,65.0,,11.1,1014.5,3.0
2025-11-23 05:00:00,PS,6.0,0.7,69.0,,11.1,1013.7,3.0
2025-11-23 06:00:00,PS,0.4,-2.6,80.0,,3.6,1018.7,3.0
2025-11-23 07:00:00,PS,6.7,1.6,70.0,,11.1,1014.7,3.0
2025-11-23 08:00:00,PS,6.0,1.5,73.0,,11.1,1014.7,3.0
2025-11-23 09:00:00,PS,6.2,1.1,70.0,,9.3,1014.6,3.0
2025-11-23 10:00:00,PS,6.3,1.4,71.0,,9.3,1014.1,3.0
2025-11-23 11:00:00,PS,6.4,1.7,72.0,,9.3,1013.5,3.0
2025-11-23 12:00:00,PS,-1.1,-2.8,88.0,,2.2,1019.3,3.0
2025-11-23 13:00:00,PS,6.5,1.4,70.0,,9.3,1015.1,3.0
2025-11-23 14:00:00,PS,7.6,1.0,63.0,,11.1,1015.4,3.0
2025-11-23 15:00:00,PS,8.5,1.4,61.0,,9.3,1015.1,3.0
2025-11-23 16:00:00,PS,10.5,1.1,52.0,,11.1,1014.1,3.0
2025-11-23 17:00:00,PS,12.5,0.9,45.0,,13.0,1013.1,3.0
2025-11-23 18:00:00,PS,8.3,-1.5,50.0,,7.2,1017.5,3.0
2025-11-23 19:00:00,PS,12.0,0.7,46.0,,11.1,1014.0,3.0
2025-11-23 20:00:00,PS,11.8,0.3,45.0,,9.3,1013.9,3.0
2025-11-23 21:00:00,PS,11.1,1.6,52.0,,9.3,1014.3,3.0
2025-11-23 22:00:00,PS,10.6,1.7,54.0,,11.1,1014.4,3.0
2025-11-23 23:00:00,PS,10.1,2.0,57.0,,11.1,1014.5,3.0
2025-11-24 00:00:00,PS,5.6,1.3,74.0,,6.1,1018.3,3.0
2025-11-24 01:00:00,PS,9.7,2.5,61.0,,11.1,1015.5,3.0
2025-11-24 02:00:00,PS,8.8,1.5,60.0,,11.1,1015.7,3.0
2025-11-24 03:00:00,PS,8.5,1.2,60.0,,9.3,1015.8,3.0
2025-11-24 04:00:00,PS,8.0,2.2,67.0,,9.3,1015.5,3.0
2025-11-24 05:00:00,PS,7.6,3.3,74.0,,9.3,1015.2,3.0
2025-11-24 06:00:00,PS,2.3,0.2,86.0,,3.2,1019.0,3.0
2025-11-24 07:00:00,PS,7.4,2.7,72.0,,5.5,1015.9,3.0
2025-11-24 08:00:00,PS,7.0,2.3,72.0,,5.5,1016.1,3.0
2025-11-24 09:00:00,PS,6.7,2.2,73.0,,5.5,1016.7,3.0
2025-11-24 10:00:00,PS,6.9,2.8,75.0,,7.4,1016.4,3.0
2025-11-24 11:00:00,PS,7.1,3.3,77.0,,9.3,1016.2,3.0
2025-11-24 12:00:00,PS,0.3,0.2,99.0,,2.2,1020.1,3.0
2025-11-24 13:00:00,PS,7.9,3.2,72.0,,7.4,1017.6,3.0
2025-11-24 14:00:00,PS,9.1,3.7,69.0,,7.4,1018.5,3.0
2025-11-24 15:00:00,PS,10.4,3.9,64.0,,7.4,1017.9,3.0
2025-11-24 16:00:00,PS,12.3,3.3,54.0,,11.1,1016.7,3.0
2025-11-24 17:00:00,PS,14.1,2.7,46.0,,14.8,1015.4,3.0
2025-11-24 18:00:00,PS,11.9,4.4,60.0,,7.2,1018.2,3.0
2025-11-24 19:00:00,PS,13.2,2.1,47.0,,13.0,1016.4,3.0
2025-11-24 20:00:00,PS,13.6,2.8,48.0,,11.1,1016.3,3.0
2025-11-24 21:00:00,PS,12.8,5.0,59.0,,9.3,1016.4,3.0
2025-11-24 22:00:00,PS,12.6,4.6,58.0,,11.1,1016.1,3.0
2025-11-24 23:00:00,PS,12.3,4.0,57.0,,13.0,1015.8,3.0
2025-11-25 00:00:00,PS,9.5,5.5,76.0,,11.9,1017.3,3.0
2025-11-25 01:00:00,PS,11.3,4.7,64.0,,11.1,1017.7,3.0
2025-11-25 02:00:00,PS,11.0,4.9,66.0,,7.4,1018.1,3.0
2025-11-25 03:00:00,PS,10.4,4.3,66.0,,9.3,1018.5,3.0
2025-11-25 04:00:00,PS,10.1,4.5,68.0,,11.1,1017.6,3.0
2025-11-25 05:00:00,PS,9.7,4.5,70.0,,13.0,1016.8,3.0
2025-11-25 06:00:00,PS,7.8,4.0,77.0,,13.3,1016.1,3.0
2025-11-25 07:00:00,PS,8.4,3.4,71.0,,11.1,1017.0,3.0
2025-11-25 08:00:00,PS,8.7,4.1,73.0,,9.3,1017.5,3.0
2025-11-25 09:00:00,PS,8.5,3.9,73.0,,7.4,1017.7,3.0
2025-11-25 10:00:00,PS,8.1,3.7,74.0,,11.1,1017.7,3.0
2025-11-25 11:00:00,PS,7.8,3.5,74.0,,14.8,1017.7,3.0
2025-11-25 12:00:00,PS,6.9,2.2,72.0,,7.9,1017.2,3.0
2025-11-25 13:00:00,PS,8.4,3.2,70.0,,9.3,1019.5,3.0
2025-11-25 14:00:00,PS,9.5,3.9,68.0,,9.3,1020.2,3.0
2025-11-25 15:00:00,PS,10.6,4.1,64.0,,9.3,1019.8,3.0
2025-11-25 16:00:00,PS,11.7,3.2,56.0,,16.7,1018.8,3.0
2025-11-25 17:00:00,PS,12.7,2.0,48.0,,22.2,1017.7,3.0
2025-11-25 18:00:00,PS,13.1,5.5,60.0,,10.1,1017.0,3.0
2025-11-25 19:00:00,PS,12.3,1.6,48.0,,16.7,1018.5,3.0
2025-11-25 20:00:00,PS,12.6,2.2,49.0,,13.0,1018.8,3.0
2025-11-25 21:00:00,PS,11.7,4.4,61.0,,11.1,1019.0,3.0
2025-11-25 22:00:00,PS,11.1,2.9,57.0,,13.0,1018.6,3.0
2025-11-25 23:00:00,PS,10.5,1.1,52.0,,14.8,1018.2,3.0
2025-11-26 00:00:00,PS,8.2,1.4,62.0,,11.9,1020.2,3.0
2025-11-26 01:00:00,PS,10.1,2.7,60.0,,11.1,1018.8,3.0
2025-11-26 02:00:00,PS,9.6,2.2,60.0,,7.4,1019.2,3.0
2025-11-26 03:00:00,PS,8.8,1.2,59.0,,7.4,1019.2,4.0
2025-11-26 04:00:00,PS,8.3,2.3,66.0,,9.3,1018.6,3.0
2025-11-26 05:00:00,PS,7.8,3.5,74.0,,11.1,1018.0,3.0
2025-11-26 06:00:00,PS,2.8,-0.3,80.0,,4.7,1021.8,3.0
2025-11-26 07:00:00,PS,7.3,0.9,64.0,,9.3,1019.5,3.0
2025-11-26 08:00:00,PS,7.1,0.8,64.0,,5.5,1019.8,3.0
2025-11-26 09:00:00,PS,6.8,0.7,65.0,,7.4,1020.0,3.0
2025-11-26 10:00:00,PS,6.5,1.2,69.0,,7.4,1019.7,3.0
2025-11-26 11:00:00,PS,6.2,1.7,73.0,,9.3,1019.5,3.0
2025-11-26 12:00:00,PS,2.2,-1.1,79.0,,7.6,1023.7,3.0
2025-11-26 13:00:00,PS,6.7,0.8,66.0,,9.3,1021.8,3.0
2025-11-26 14:00:00,PS,7.9,1.1,62.0,,7.4,1021.8,3.0
2025-11-26 15:00:00,PS,8.9,1.1,58.0,,7.4,1021.4,3.0
2025-11-26 16:00:00,PS,10.5,0.8,51.0,,13.0,1020.3,3.0
2025-11-26 17:00:00,PS,12.2,0.9,46.0,,18.5,1019.1,3.0
2025-11-26 18:00:00,PS,8.2,-3.6,43.0,,11.5,1024.0,3.0
2025-11-26 19:00:00,PS,10.0,0.1,50.0,,14.8,1020.3,3.0
2025-11-26 20:00:00,PS,10.3,-0.2,48.0,,11.1,1020.0,3.0
2025-11-26 21:00:00,PS,9.6,1.5,57.0,,9.3,1019.8,3.0
2025-11-26 22:00:00,PS,9.7,1.8,58.0,,13.0,1019.6,3.0
2025-11-26 23:00:00,PS,9.8,2.4,60.0,,16.7,1019.4,3.0
2025-11-27 00:00:00,PS,4.5,-1.9,63.0,,6.1,1026.0,3.0
2025-11-27 01:00:00,PS,8.3,1.2,61.0,,13.0,1020.7,3.0
2025-11-27 02:00:00,PS,7.6,1.2,64.0,,9.3,1020.8,3.0
2025-11-27 03:00:00,PS,7.2,1.1,65.0,,9.3,1020.9,3.0
2025-11-27 04:00:00,PS,6.8,0.9,66.0,,11.1,1020.4,
2025-11-27 05:00:00,PS,6.4,0.5,66.0,,13.0,1019.9,
2025-11-27 06:00:00,PS,5.6,0.4,69.0,,13.0,1020.3,
2025-11-27 07:00:00,PS,5.2,0.2,70.0,,11.1,1020.4,
2025-11-27 08:00:00,PS,4.9,-0.1,70.0,,11.1,1020.5,
2025-11-27 09:00:00,PS,4.9,-0.1,70.0,,11.1,1020.9,
2025-11-27 10:00:00,PS,5.6,0.2,68.0,,13.0,1021.0,
2025-11-27 11:00:00,PS,6.3,0.4,66.0,,13.0,1021.2,
2025-11-27 12:00:00,PS,5.3,0.1,69.0,,11.1,1021.6,
2025-11-27 13:00:00,PS,6.0,0.1,66.0,,13.0,1021.7,
2025-11-27 14:00:00,PS,6.6,0.3,64.0,,13.0,1021.8,
2025-11-27 15:00:00,PS,7.9,0.4,59.0,,13.0,1021.9,
2025-11-01 00:00:00,RECO,12.0,-0.8,41.0,0.0,19.0,1001.0,2.0
2025-11-01 01:00:00,RECO,12.0,-1.2,40.0,0.0,20.0,1002.0,3.0
2025-11-01 02:00:00,RECO,12.0,-1.2,40.0,0.0,22.0,1003.0,1.0
2025-11-01 03:00:00,RECO,12.0,-0.8,41.0,0.0,22.0,1004.0,2.0
2025-11-01 04:00:00,RECO,11.0,-1.1,43.0,0.0,24.0,1005.0,1.0
2025-11-01 05:00:00,RECO,11.0,-2.4,39.0,0.0,35.0,1006.0,1.0
2025-11-01 06:00:00,RECO,11.0,-2.4,39.0,0.0,26.0,1007.0,1.0
2025-11-01 07:00:00,RECO,11.0,-1.7,41.0,0.0,26.0,1008.0,1.0
2025-11-01 08:00:00,RECO,10.0,-1.7,44.0,0.0,19.0,1009.0,1.0
2025-11-01 09:00:00,RECO,9.0,-2.0,46.0,0.0,20.0,1010.0,1.0
2025-11-01 10:00:00,RECO,9.0,-1.7,47.0,0.0,13.0,1011.0,1.0
2025-11-01 11:00:00,RECO,9.0,-0.9,50.0,0.0,11.0,1012.0,1.0
2025-11-01 12:00:00,RECO,10.0,-0.5,48.0,0.0,9.0,1013.0,1.0
2025-11-01 13:00:00,RECO,11.0,-0.8,44.0,0.0,22.0,1013.0,3.0
2025-11-01 14:00:00,RECO,12.0,-0.2,43.0,0.0,22.0,1013.0,2.0
2025-11-01 15:00:00,RECO,13.0,0.4,42.0,0.0,22.0,1014.0,2.0
2025-11-01 16:00:00,RECO,14.0,-0.5,37.0,0.0,30.0,1013.0,3.0
2025-11-01 17:00:00,RECO,14.0,-0.5,37.0,0.0,20.0,1014.0,3.0
2025-11-01 18:00:00,RECO,13.0,-1.0,38.0,0.0,22.0,1014.0,2.0
2025-11-01 19:00:00,RECO,14.0,-0.8,36.0,0.0,26.0,1015.0,3.0
2025-11-01 20:00:00,RECO,14.0,-0.8,36.0,0.0,17.0,1015.0,3.0
2025-11-01 21:00:00,RECO,13.0,-0.3,40.0,0.0,15.0,1016.0,3.0
2025-11-01 22:00:00,RECO,10.0,0.1,50.0,0.0,0.0,1017.0,2.0
2025-11-01 23:00:00,RECO,8.0,0.2,58.0,0.0,0.0,1018.0,3.0
2025-11-02 00:00:00,RECO,7.0,1.5,68.0,0.0,0.0,1019.0,3.0
2025-11-02 01:00:00,RECO,6.0,2.1,76.0,0.0,0.0,1020.0,3.0
2025-11-02 02:00:00,RECO,4.0,0.7,79.0,0.0,0.0,1021.0,3.0
2025-11-02 03:00:00,RECO,5.0,1.1,76.0,0.0,0.0,1021.0,3.0
2025-11-02 04:00:00,RECO,4.0,1.2,82.0,0.0,0.0,1021.0,3.0
2025-11-02 05:00:00,RECO,3.0,1.4,89.0,0.0,0.0,1022.0,3.0
2025-11-02 06:00:00,RECO,3.0,1.4,89.0,0.0,0.0,1022.0,3.0
2025-11-02 07:00:00,RECO,2.0,0.4,89.0,0.0,0.0,1023.0,2.0
2025-11-02 08:00:00,RECO,2.0,0.4,89.0,0.0,0.0,1023.0,1.0
2025-11-02 09:00:00,RECO,2.0,0.4,89.0,0.0,0.0,1024.0,2.0
2025-11-02 10:00:00,RECO,1.0,-0.8,88.0,0.0,0.0,1025.0,1.0
2025-11-02 11:00:00,RECO,1.0,-0.2,92.0,0.0,0.0,1025.0,1.0
2025-11-02 12:00:00,RECO,3.0,2.0,93.0,0.0,0.0,1027.0,3.0
2025-11-02 13:00:00,RECO,7.0,3.1,76.0,0.0,6.0,1027.0,3.0
2025-11-02 14:00:00,RECO,10.0,2.8,61.0,0.0,0.0,1027.0,3.0
2025-11-02 15:00:00,RECO,12.0,2.7,53.0,0.0,7.0,1026.0,2.0
2025-11-02 16:00:00,RECO,14.0,2.6,46.0,0.0,6.0,1026.0,1.0
2025-11-02 17:00:00,RECO,16.0,0.9,36.0,0.0,0.0,1024.0,1.0
2025-11-02 18:00:00,RECO,17.0,1.4,35.0,0.0,0.0,1024.0,2.0
2025-11-02 19:00:00,RECO,17.0,1.4,35.0,0.0,9.0,1024.0,3.0
2025-11-02 20:00:00,RECO,16.0,2.0,39.0,0.0,7.0,1024.0,3.0
2025-11-02 21:00:00,RECO,15.0,2.2,42.0,0.0,6.0,1024.0,2.0
2025-11-02 22:00:00,RECO,13.0,2.5,49.0,0.0,0.0,1025.0,1.0
2025-11-02 23:00:00,RECO,11.0,3.8,61.0,0.0,0.0,1025.0,1.0
2025-11-03 00:00:00,RECO,9.0,4.0,71.0,0.0,0.0,1025.0,3.0
2025-11-03 01:00:00,RECO,8.0,3.7,74.0,0.0,0.0,1025.0,3.0
2025-11-03 02:00:00,RECO,7.0,3.8,80.0,0.0,0.0,1025.0,3.0
2025-11-03 03:00:00,RECO,7.0,3.6,79.0,0.0,0.0,1025.0,3.0
2025-11-03 04:00:00,RECO,6.0,3.7,85.0,0.0,0.0,1025.0,3.0
2025-11-03 05:00:00,RECO,5.0,2.9,86.0,0.0,0.0,1025.0,3.0
2025-11-03 06:00:00,RECO,4.0,3.0,93.0,0.0,0.0,1025.0,3.0
2025-11-03 07:00:00,RECO,4.0,3.0,93.0,0.0,0.0,1024.0,2.0
2025-11-03 08:00:00,RECO,4.0,3.0,93.0,0.0,0.0,1024.0,3.0
2025-11-03 09:00:00,RECO,4.0,3.0,93.0,0.0,0.0,1023.0,3.0
2025-11-03 10:00:00,RECO,5.0,3.3,89.0,0.0,0.0,1023.0,3.0
2025-11-03 11:00:00,RECO,6.0,3.7,85.0,0.0,0.0,1022.0,3.0
2025-11-03 12:00:00,RECO,6.0,4.3,89.0,0.0,0.0,1022.0,3.0
2025-11-03 13:00:00,RECO,8.0,4.0,76.0,0.0,0.0,1022.0,3.0
2025-11-03 14:00:00,RECO,12.0,5.8,66.0,0.0,8.3,1021.0,3.0
2025-11-03 15:00:00,RECO,13.0,5.9,62.0,0.0,0.0,1018.0,3.0
2025-11-03 16:00:00,RECO,14.0,5.4,56.0,0.0,7.0,1018.0,3.0
2025-11-03 17:00:00,RECO,14.0,4.6,53.0,0.0,7.0,1017.0,3.0
2025-11-03 18:00:00,RECO,14.0,5.1,55.0,0.0,0.0,1015.0,3.0
2025-11-03 19:00:00,RECO,14.0,5.4,56.0,0.0,11.0,1014.0,3.0
2025-11-03 20:00:00,RECO,14.0,5.6,57.0,0.0,11.0,1013.0,3.0
2025-11-03 21:00:00,RECO,13.0,6.3,64.0,0.0,6.0,1013.0,2.0
2025-11-03 22:00:00,RECO,13.0,6.8,66.0,0.0,6.0,1012.0,3.0
2025-11-03 23:00:00,RECO,12.0,6.5,69.0,0.0,6.0,1012.0,3.0
2025-11-04 00:00:00,RECO,11.0,7.7,80.0,0.0,6.0,1012.0,3.0
2025-11-04 01:00:00,RECO,12.0,3.2,55.0,0.0,19.0,1012.0,3.0
2025-11-04 02:00:00,RECO,12.0,-0.8,41.0,0.0,22.0,1013.0,1.0
2025-11-04 03:00:00,RECO,12.0,-0.2,43.0,0.0,17.0,1012.0,1.0
2025-11-04 04:00:00,RECO,11.0,-0.2,46.0,0.0,17.0,1013.0,1.0
2025-11-04 05:00:00,RECO,9.0,1.9,61.0,0.0,17.0,1014.0,1.0
2025-11-04 06:00:00,RECO,8.0,1.8,65.0,0.0,11.0,1015.0,1.0
2025-11-04 07:00:00,RECO,9.0,1.9,61.0,0.0,15.0,1015.0,1.0
2025-11-04 08:00:00,RECO,8.0,1.4,63.0,0.0,9.0,1015.0,1.0
2025-11-04 09:00:00,RECO,8.0,1.4,63.0,0.0,9.0,1016.0,1.0
2025-11-04 10:00:00,RECO,8.0,0.2,58.0,0.0,6.0,1017.0,1.0
2025-11-04 11:00:00,RECO,9.0,0.7,56.0,0.0,19.0,1018.0,1.0
2025-11-04 12:00:00,RECO,10.0,0.6,52.0,0.0,17.0,1018.0,1.0
2025-11-04 13:00:00,RECO,11.0,-0.2,46.0,0.0,20.0,1019.0,1.0
2025-11-04 14:00:00,RECO,12.0,-0.8,41.0,0.0,20.0,1019.0,1.0
2025-11-04 15:00:00,RECO,14.0,-1.6,34.0,0.0,28.0,1019.0,1.0
2025-11-04 16:00:00,RECO,14.0,-2.9,31.0,0.0,22.0,1018.0,1.0
2025-11-04 17:00:00,RECO,15.0,-3.8,27.0,0.0,22.0,1018.0,1.0
2025-11-04 18:00:00,RECO,16.0,-4.0,25.0,0.0,30.0,1018.0,1.0
2025-11-04 19:00:00,RECO,16.0,-5.1,23.0,0.0,28.0,1018.0,1.0
2025-11-04 20:00:00,RECO,16.0,-4.6,24.0,0.0,17.0,1018.0,1.0
2025-11-04 21:00:00,RECO,14.0,-4.7,27.0,0.0,7.0,1019.0,1.0
2025-11-04 22:00:00,RECO,10.0,-2.3,42.0,0.0,0.0,1019.0,1.0
2025-11-04 23:00:00,RECO,8.0,-1.3,52.0,0.0,0.0,1020.0,1.0
2025-11-05 00:00:00,RECO,7.0,-1.2,56.0,0.0,0.0,1021.0,1.0
2025-11-05 01:00:00,RECO,6.0,-0.7,62.0,0.0,0.0,1021.0,1.0
2025-11-05 02:00:00,RECO,4.0,-1.4,68.0,0.0,0.0,1021.0,1.0
2025-11-05 03:00:00,RECO,3.0,-1.4,73.0,0.0,0.0,1022.0,1.0
2025-11-05 04:00:00,RECO,3.0,-0.8,76.0,0.0,0.0,1021.0,1.0
2025-11-05 05:00:00,RECO,3.0,-1.5,72.0,0.0,0.0,1022.0,1.0
2025-11-05 06:00:00,RECO,2.0,-1.3,79.0,0.0,0.0,1021.0,1.0
2025-11-05 07:00:00,RECO,2.0,-1.3,79.0,0.0,0.0,1021.0,1.0
2025-11-05 08:00:00,RECO,2.0,-1.4,78.0,0.0,0.0,1021.0,3.0
2025-11-05 09:00:00,RECO,3.0,-0.3,79.0,0.0,0.0,1021.0,2.0
2025-11-05 10:00:00,RECO,4.0,0.7,79.0,0.0,0.0,1021.0,2.0
2025-11-05 11:00:00,RECO,4.0,0.7,79.0,0.0,0.0,1020.0,2.0
2025-11-05 12:00:00,RECO,6.0,0.9,70.0,0.0,0.0,1020.0,3.0
2025-11-05 13:00:00,RECO,9.0,-0.9,50.0,0.0,0.0,1019.0,3.0
2025-11-05 14:00:00,RECO,12.0,-2.6,36.0,0.0,9.0,1017.0,3.0
2025-11-05 15:00:00,RECO,15.0,-3.4,28.0,0.0,7.0,1015.0,3.0
2025-11-05 16:00:00,RECO,16.0,-3.5,26.0,0.0,17.0,1013.0,3.0
2025-11-05 17:00:00,RECO,18.0,-5.3,20.0,0.0,15.0,1010.0,3.0
2025-11-05 18:00:00,RECO,19.0,-2.0,24.0,0.0,13.0,1008.0,3.0
2025-11-05 19:00:00,RECO,19.0,-0.9,26.0,0.0,15.0,1006.0,3.0
2025-11-05 20:00:00,RECO,19.0,1.0,30.0,0.0,13.0,1005.0,3.0
2025-11-05 21:00:00,RECO,18.0,2.3,35.0,0.0,6.0,1004.0,3.0
2025-11-05 22:00:00,RECO,17.0,2.6,38.0,0.0,17.0,1003.0,3.0
2025-11-05 23:00:00,RECO,17.0,3.6,41.0,0.0,7.0,1003.0,3.0
2025-11-06 00:00:00,RECO,16.0,3.7,44.0,0.0,9.0,1002.0,3.0
2025-11-06 01:00:00,RECO,16.0,4.7,47.0,0.0,9.0,1001.0,3.0
2025-11-06 02:00:00,RECO,16.0,7.5,57.0,0.0,11.0,1002.0,3.0
2025-11-06 03:00:00,RECO,14.0,4.6,53.0,0.0,26.0,1004.0,8.0
2025-11-06 04:00:00,RECO,13.0,3.1,51.0,0.2,17.0,1005.0,7.0
2025-11-06 05:00:00,RECO,12.0,2.4,52.0,0.0,19.0,1008.0,3.0
2025-11-06 06:00:00,RECO,11.0,0.4,48.0,0.0,26.0,1009.0,2.0
2025-11-06 07:00:00,RECO,10.0,0.1,50.0,0.0,24.0,1011.0,3.0
2025-11-06 08:00:00,RECO,9.0,0.2,54.0,0.0,26.0,1011.0,3.0
2025-11-06 09:00:00,RECO,9.0,0.7,56.0,0.0,32.0,1012.0,3.0
2025-11-06 10:00:00,RECO,8.0,0.2,58.0,0.0,20.0,1014.0,2.0
2025-11-06 11:00:00,RECO,8.0,-0.7,54.0,0.0,20.0,1015.0,2.0
2025-11-06 12:00:00,RECO,9.0,-0.9,50.0,0.0,19.0,1016.0,2.0
2025-11-06 13:00:00,RECO,9.0,-2.0,46.0,0.0,26.0,1017.0,1.0
2025-11-06 14:00:00,RECO,10.0,-2.3,42.0,0.0,22.0,1018.0,2.0
2025-11-06 15:00:00,RECO,10.0,-2.3,42.0,0.0,20.0,1018.0,3.0
2025-11-06 16:00:00,RECO,11.0,-3.5,36.0,0.0,20.0,1018.0,2.0
2025-11-06 17:00:00,RECO,11.0,-4.3,34.0,0.0,24.0,1018.0,2.0
2025-11-06 18:00:00,RECO,12.0,-3.8,33.0,0.0,26.0,1018.0,3.0
2025-11-06 19:00:00,RECO,12.0,-4.2,32.0,0.0,30.0,1019.0,3.0
2025-11-06 20:00:00,RECO,11.0,-4.3,34.0,0.0,22.0,1019.0,3.0
2025-11-06 21:00:00,RECO,9.0,-3.2,42.0,0.0,11.0,1020.0,3.0
2025-11-06 22:00:00,RECO,8.0,-4.8,40.0,0.0,7.0,1020.0,2.0
2025-11-06 23:00:00,RECO,7.0,-4.1,45.0,0.0,0.0,1021.0,3.0
2025-11-07 00:00:00,RECO,6.0,-2.9,53.0,0.0,0.0,1022.0,3.0
2025-11-07 01:00:00,RECO,6.0,-1.9,57.0,0.0,6.0,1022.0,3.0
2025-11-07 02:00:00,RECO,4.0,-2.2,64.0,0.0,0.0,1022.0,3.0
2025-11-07 03:00:00,RECO,3.0,-2.5,67.0,0.0,0.0,1022.0,3.0
2025-11-07 04:00:00,RECO,2.0,-1.4,78.0,0.0,0.0,1022.0,2.0
2025-11-07 05:00:00,RECO,2.0,-2.0,75.0,0.0,0.0,1021.0,2.0
2025-11-07 06:00:00,RECO,1.0,-1.7,82.0,0.0,0.0,1021.0,3.0
2025-11-07 07:00:00,RECO,1.0,-1.7,82.0,0.0,0.0,1021.0,3.0
2025-11-07 08:00:00,RECO,1.0,-1.7,82.0,0.0,0.0,1021.0,3.0
2025-11-07 09:00:00,RECO,0.0,-2.2,85.0,0.0,0.0,1021.0,3.0
2025-11-07 10:00:00,RECO,-1.0,-3.2,85.0,0.0,0.0,1020.0,3.0
2025-11-07 11:00:00,RECO,-1.0,-2.7,88.0,0.0,0.0,1020.0,2.0
2025-11-07 12:00:00,RECO,1.0,-1.2,85.0,0.0,0.0,1019.0,1.0
2025-11-07 13:00:00,RECO,4.0,-0.4,73.0,0.0,0.0,1019.0,3.0
2025-11-07 14:00:00,RECO,7.0,0.2,62.0,0.0,0.0,1018.0,3.0
2025-11-07 15:00:00,RECO,11.0,2.0,54.0,0.0,6.0,1017.0,3.0
2025-11-07 16:00:00,RECO,13.0,0.1,41.0,0.0,15.0,1015.0,3.0
2025-11-07 17:00:00,RECO,14.0,-0.8,36.0,0.0,17.0,1013.0,3.0
2025-11-07 18:00:00,RECO,16.0,0.9,36.0,0.0,22.0,1011.0,3.0
2025-11-07 19:00:00,RECO,16.0,0.5,35.0,0.0,20.0,1010.0,3.0
2025-11-07 20:00:00,RECO,16.0,0.9,36.0,0.0,17.0,1009.0,3.0
2025-11-07 21:00:00,RECO,14.0,1.9,44.0,0.0,13.0,1008.0,3.0
2025-11-07 22:00:00,RECO,14.0,1.3,42.0,0.0,9.0,1008.0,3.0
2025-11-07 23:00:00,RECO,14.0,0.6,40.0,0.0,7.0,1007.0,3.0
2025-11-08 00:00:00,RECO,14.0,2.3,45.0,0.0,7.0,1007.0,3.0
2025-11-08 01:00:00,RECO,13.0,3.1,51.0,0.0,6.0,1007.0,3.0
2025-11-08 02:00:00,RECO,13.0,3.1,51.0,0.6,6.0,1006.0,8.0
2025-11-08 03:00:00,RECO,13.0,3.6,53.0,1.3,9.0,1005.0,9.0
2025-11-08 04:00:00,RECO,13.0,5.9,62.0,0.0,9.0,1005.0,8.0
2025-11-08 05:00:00,RECO,11.0,8.2,83.0,0.0,0.0,1005.0,8.0
2025-11-08 06:00:00,RECO,11.0,8.7,86.0,0.0,0.0,1004.0,8.0
2025-11-08 07:00:00,RECO,11.0,9.3,89.0,0.0,7.0,1004.0,8.0
2025-11-08 08:00:00,RECO,11.0,10.4,96.0,0.0,7.0,1004.0,8.0
2025-11-08 09:00:00,RECO,11.0,10.5,97.0,0.0,0.0,1004.0,8.0
2025-11-08 10:00:00,RECO,12.0,10.9,93.0,0.0,6.0,1005.0,8.0
2025-11-08 11:00:00,RECO,12.0,11.4,96.0,0.0,0.0,1005.0,3.0
2025-11-08 12:00:00,RECO,12.0,10.9,93.0,0.0,6.0,1006.0,5.0
2025-11-08 13:00:00,RECO,13.0,11.9,93.0,0.0,6.0,1007.0,3.0
2025-11-08 14:00:00,RECO,16.0,9.4,65.0,0.0,17.0,1008.0,3.0
2025-11-08 15:00:00,RECO,17.0,8.2,56.0,0.0,11.0,1008.0,1.0
2025-11-08 16:00:00,RECO,18.0,6.8,48.0,0.0,11.0,1008.0,1.0
2025-11-08 17:00:00,RECO,18.0,5.9,45.0,0.0,22.0,1008.0,1.0
2025-11-08 18:00:00,RECO,18.0,5.2,43.0,0.0,11.0,1008.0,1.0
2025-11-08 19:00:00,RECO,18.0,5.2,43.0,0.0,7.0,1008.0,1.0
2025-11-08 20:00:00,RECO,18.0,5.2,43.0,0.0,17.0,1009.0,1.0
2025-11-08 21:00:00,RECO,16.0,4.4,46.0,0.0,6.0,1010.0,2.0
2025-11-08 22:00:00,RECO,12.0,4.2,59.0,0.0,0.0,1011.0,2.0
2025-11-08 23:00:00,RECO,11.0,4.9,66.0,0.0,0.0,1011.0,2.0
2025-11-09 00:00:00,RECO,9.0,4.6,74.0,0.0,0.0,1012.0,3.0
2025-11-09 01:00:00,RECO,9.0,5.2,77.0,0.0,0.0,1012.0,3.0
2025-11-09 02:00:00,RECO,9.0,5.2,77.0,0.0,0.0,1012.0,3.0
2025-11-09 03:00:00,RECO,8.0,4.8,80.0,0.0,0.0,1012.0,3.0
2025-11-09 04:00:00,RECO,7.0,4.1,82.0,0.0,0.0,1013.0,3.0
2025-11-09 05:00:00,RECO,7.0,4.7,85.0,0.0,0.0,1013.0,2.0
2025-11-09 06:00:00,RECO,6.0,4.3,89.0,0.0,0.0,1013.0,3.0
2025-11-09 07:00:00,RECO,6.0,4.3,89.0,0.0,0.0,1012.0,3.0
2025-11-09 08:00:00,RECO,7.0,5.3,89.0,0.0,0.0,1012.0,3.0
2025-11-09 09:00:00,RECO,7.0,4.8,86.0,0.0,0.0,1012.0,3.0
2025-11-09 10:00:00,RECO,7.0,4.8,86.0,0.0,0.0,1012.0,3.0
2025-11-09 11:00:00,RECO,7.0,4.8,86.0,0.0,0.0,1012.0,3.0
2025-11-09 12:00:00,RECO,9.0,6.3,83.0,0.0,7.0,1012.0,5.0
2025-11-09 13:00:00,RECO,12.0,8.1,77.0,0.0,6.0,1012.0,5.0
2025-11-09 14:00:00,RECO,13.0,8.7,75.0,0.0,6.0,1011.0,3.0
2025-11-09 15:00:00,RECO,16.0,11.6,75.0,0.0,7.0,1010.0,3.0
2025-11-09 16:00:00,RECO,16.0,11.0,72.0,0.0,22.0,1010.0,3.0
2025-11-09 17:00:00,RECO,16.0,13.1,83.0,0.0,17.0,1008.0,3.0
2025-11-09 18:00:00,RECO,16.0,13.3,84.0,0.0,17.0,1007.0,3.0
2025-11-09 19:00:00,RECO,16.0,13.3,84.0,0.0,17.0,1007.0,3.0
2025-11-09 20:00:00,RECO,16.0,13.3,84.0,0.0,11.0,1006.0,3.0
2025-11-09 21:00:00,RECO,15.0,13.9,93.0,0.0,6.0,1006.0,9.0
2025-11-09 22:00:00,RECO,15.0,14.4,96.0,0.0,9.0,1006.0,18.0
2025-11-09 23:00:00,RECO,15.0,14.4,96.0,0.0,0.0,1006.0,5.0
2025-11-10 00:00:00,RECO,14.0,13.5,97.0,0.0,6.0,1006.0,5.0
2025-11-10 01:00:00,RECO,15.0,15.0,100.0,0.1,0.0,1006.0,5.0
2025-11-10 02:00:00,RECO,14.0,14.0,100.0,0.0,0.0,1006.0,5.0
2025-11-10 03:00:00,RECO,15.0,14.4,96.0,0.0,0.0,1006.0,5.0
2025-11-10 04:00:00,RECO,14.0,13.5,97.0,0.0,6.0,1006.0,3.0
2025-11-10 05:00:00,RECO,14.0,14.0,100.0,0.0,6.0,1007.0,8.0
2025-11-10 06:00:00,RECO,14.0,14.0,100.0,0.0,6.0,1006.0,8.0
2025-11-10 07:00:00,RECO,13.0,11.2,89.0,0.0,0.0,1006.0,9.0
2025-11-10 08:00:00,RECO,12.0,10.4,90.0,1.0,0.0,1005.0,9.0
2025-11-10 09:00:00,RECO,12.0,10.9,93.0,0.0,6.0,1005.0,8.0
2025-11-10 10:00:00,RECO,11.0,10.5,97.0,0.0,6.0,1005.0,3.0
2025-11-10 11:00:00,RECO,11.0,10.5,97.0,0.0,0.0,1006.0,3.0
2025-11-10 12:00:00,RECO,11.0,10.5,97.0,0.2,0.0,1006.0,7.0
2025-11-10 13:00:00,RECO,12.0,9.2,83.0,0.0,9.0,1005.0,3.0
2025-11-10 14:00:00,RECO,13.0,8.5,74.0,0.0,7.0,1005.0,3.0
2025-11-10 15:00:00,RECO,13.0,8.1,72.0,0.0,15.0,1004.0,3.0
2025-11-10 16:00:00,RECO,10.0,8.3,89.0,0.0,17.0,1003.0,8.0
2025-11-10 17:00:00,RECO,9.0,7.4,90.0,0.0,15.0,1003.0,8.0
2025-11-10 18:00:00,RECO,9.0,7.3,89.0,0.0,9.0,1002.0,3.0
2025-11-10 19:00:00,RECO,9.0,6.3,83.0,0.0,13.0,1002.0,3.0
2025-11-10 20:00:00,RECO,6.0,0.9,70.0,0.0,26.0,1003.0,3.0
2025-11-10 21:00:00,RECO,6.0,0.5,68.0,0.0,19.0,1004.0,3.0
2025-11-10 22:00:00,RECO,4.0,-1.4,68.0,0.0,15.0,1005.0,3.0
2025-11-10 23:00:00,RECO,4.0,-2.2,64.0,0.0,24.0,1006.0,1.0
2025-11-11 00:00:00,RECO,3.0,-3.6,62.0,0.0,15.0,1006.0,1.0
2025-11-11 01:00:00,RECO,3.0,-4.2,59.0,0.0,22.0,1006.0,1.0
2025-11-11 02:00:00,RECO,3.0,-4.7,57.0,0.0,22.0,1006.0,1.0
2025-11-11 03:00:00,RECO,2.0,-7.6,49.0,0.0,26.0,1007.0,3.0
2025-11-11 04:00:00,RECO,1.0,-7.7,52.0,0.0,17.0,1007.0,3.0
2025-11-11 05:00:00,RECO,1.0,-8.2,50.0,0.0,24.0,1006.0,3.0
2025-11-11 06:00:00,RECO,1.0,-7.7,52.0,0.0,19.0,1007.0,3.0
2025-11-11 07:00:00,RECO,1.0,-7.7,52.0,0.0,11.0,1006.0,3.0
2025-11-11 08:00:00,RECO,1.0,-6.8,56.0,0.0,6.0,1006.0,1.0
2025-11-11 09:00:00,RECO,1.0,-6.8,56.0,0.0,11.0,1006.0,3.0
2025-11-11 10:00:00,RECO,1.0,-6.3,58.0,0.0,9.0,1006.0,3.0
2025-11-11 11:00:00,RECO,1.0,-6.8,56.0,0.0,22.0,1006.0,3.0
2025-11-11 12:00:00,RECO,1.0,-5.7,61.0,0.0,17.0,1007.0,3.0
2025-11-11 13:00:00,RECO,2.0,-6.3,54.0,0.0,19.0,1007.0,3.0
2025-11-11 14:00:00,RECO,2.0,-6.8,52.0,0.0,28.0,1007.0,2.0
2025-11-11 15:00:00,RECO,2.0,-4.7,61.0,0.0,19.0,1007.0,3.0
2025-11-11 16:00:00,RECO,3.0,-5.4,54.0,0.0,30.0,1006.0,14.0
2025-11-11 17:00:00,RECO,4.0,-6.6,46.0,0.0,20.0,1006.0,3.0
2025-11-11 18:00:00,RECO,4.0,-6.0,48.0,0.3,41.0,1006.0,19.0
2025-11-11 19:00:00,RECO,4.0,-5.2,51.0,0.0,28.0,1007.0,3.0
2025-11-11 20:00:00,RECO,4.0,-5.2,51.0,0.0,26.0,1008.0,3.0
2025-11-11 21:00:00,RECO,4.0,-4.7,53.0,0.0,17.0,1009.0,3.0
2025-11-11 22:00:00,RECO,4.0,-4.2,55.0,0.0,19.0,1010.0,3.0
2025-11-11 23:00:00,RECO,4.0,-3.7,57.0,0.0,11.0,1011.0,3.0
2025-11-12 00:00:00,RECO,4.0,-3.7,57.0,0.0,17.0,1011.0,3.0
2025-11-12 01:00:00,RECO,5.0,-3.8,53.0,0.0,17.0,1012.0,3.0
2025-11-12 02:00:00,RECO,4.0,-4.2,55.0,0.0,9.0,1012.0,3.0
2025-11-12 03:00:00,RECO,4.0,-4.2,55.0,0.0,11.0,1013.0,2.0
2025-11-12 04:00:00,RECO,4.0,-4.2,55.0,0.0,9.0,1013.0,3.0
2025-11-12 05:00:00,RECO,3.0,-5.2,55.0,0.0,11.0,1013.0,2.0
2025-11-12 06:00:00,RECO,3.0,-4.7,57.0,0.0,9.0,1013.0,3.0
2025-11-12 07:00:00,RECO,3.0,-5.4,54.0,0.0,7.0,1012.0,3.0
2025-11-12 08:00:00,RECO,3.0,-5.4,54.0,0.0,11.0,1012.0,3.0
2025-11-12 09:00:00,RECO,3.0,-5.9,52.0,0.0,6.0,1012.0,3.0
2025-11-12 10:00:00,RECO,3.0,-5.9,52.0,0.0,0.0,1011.0,3.0
2025-11-12 11:00:00,RECO,3.0,-6.4,50.0,0.0,0.0,1011.0,3.0
2025-11-12 12:00:00,RECO,4.0,-6.0,48.0,0.0,6.0,1011.0,1.0
2025-11-12 13:00:00,RECO,4.0,-6.0,48.0,0.0,9.0,1010.0,15.0
2025-11-12 14:00:00,RECO,4.0,-6.0,48.0,0.0,0.0,1010.0,3.0
2025-11-12 15:00:00,RECO,5.0,-5.1,48.0,0.0,9.0,1009.0,3.0
2025-11-12 16:00:00,RECO,6.0,-5.0,45.0,0.0,9.0,1008.0,3.0
2025-11-12 17:00:00,RECO,8.0,-4.1,42.0,0.0,9.0,1007.0,3.0
2025-11-12 18:00:00,RECO,9.0,-3.2,42.0,0.0,11.0,1006.0,3.0
2025-11-12 19:00:00,RECO,9.0,-3.2,42.0,0.0,15.0,1006.0,3.0
2025-11-12 20:00:00,RECO,9.0,-2.6,44.0,0.0,7.0,1007.0,3.0
2025-11-12 21:00:00,RECO,9.0,-2.0,46.0,0.0,0.0,1007.0,3.0
2025-11-12 22:00:00,RECO,8.0,-2.3,48.0,0.0,0.0,1008.0,3.0
2025-11-12 23:00:00,RECO,8.0,-1.5,51.0,0.0,7.0,1008.0,3.0
2025-11-13 00:00:00,RECO,8.0,-0.2,56.0,0.0,7.0,1008.0,3.0
2025-11-13 01:00:00,RECO,9.0,1.4,59.0,0.0,20.0,1009.0,3.0
2025-11-13 02:00:00,RECO,9.0,1.4,59.0,0.0,15.0,1009.0,3.0
2025-11-13 03:00:00,RECO,9.0,1.9,61.0,0.0,11.0,1009.0,3.0
2025-11-13 04:00:00,RECO,8.0,1.4,63.0,0.0,13.0,1009.0,2.0
2025-11-13 05:00:00,RECO,7.0,1.5,68.0,0.0,0.0,1010.0,3.0
2025-11-13 06:00:00,RECO,7.0,1.5,68.0,0.0,6.0,1010.0,3.0
2025-11-13 07:00:00,RECO,8.0,0.9,61.0,0.0,9.0,1011.0,1.0
2025-11-13 08:00:00,RECO,9.0,0.7,56.0,0.0,9.0,1011.0,1.0
2025-11-13 09:00:00,RECO,9.0,0.2,54.0,0.0,6.0,1011.0,1.0
2025-11-13 10:00:00,RECO,9.0,0.7,56.0,0.0,11.0,1011.0,1.0
2025-11-13 11:00:00,RECO,8.0,-0.2,56.0,0.0,11.0,1011.0,1.0
2025-11-13 12:00:00,RECO,8.0,-0.2,56.0,0.0,13.0,1012.0,1.0
2025-11-13 13:00:00,RECO,9.0,-0.6,51.0,0.0,15.0,1012.0,1.0
2025-11-13 14:00:00,RECO,9.0,-0.9,50.0,0.0,20.0,1012.0,2.0
2025-11-13 15:00:00,RECO,8.0,0.2,58.0,0.0,7.0,1012.0,1.0
2025-11-13 16:00:00,RECO,7.0,0.9,65.0,0.0,19.0,1012.0,17.0
2025-11-13 17:00:00,RECO,9.0,0.2,54.0,0.0,13.0,1012.0,3.0
2025-11-13 18:00:00,RECO,11.0,-1.1,43.0,0.0,26.0,1012.0,3.0
2025-11-13 19:00:00,RECO,11.0,-2.4,39.0,0.0,35.0,1012.0,2.0
2025-11-13 20:00:00,RECO,11.0,-2.4,39.0,0.0,19.0,1013.0,2.0
2025-11-13 21:00:00,RECO,9.0,-3.2,42.0,0.0,15.0,1014.0,1.0
2025-11-13 22:00:00,RECO,9.0,-3.2,42.0,0.0,11.0,1015.0,1.0
2025-11-13 23:00:00,RECO,8.0,-2.6,47.0,0.0,9.0,1016.0,1.0
2025-11-14 00:00:00,RECO,7.0,-3.0,49.0,0.0,11.0,1016.0,1.0
2025-11-14 01:00:00,RECO,7.0,-1.9,53.0,0.0,0.0,1016.0,1.0
2025-11-14 02:00:00,RECO,5.0,-2.1,60.0,0.0,0.0,1016.0,2.0
2025-11-14 03:00:00,RECO,7.0,-0.7,58.0,0.0,20.0,1017.0,1.0
2025-11-14 04:00:00,RECO,6.0,0.3,67.0,0.0,13.0,1017.0,2.0
2025-11-14 05:00:00,RECO,4.0,-1.0,70.0,0.0,6.0,1017.0,2.0
2025-11-14 06:00:00,RECO,4.0,-1.4,68.0,0.0,6.0,1017.0,2.0
2025-11-14 07:00:00,RECO,2.0,-2.0,75.0,0.0,0.0,1018.0,2.0
2025-11-14 08:00:00,RECO,3.0,-1.5,72.0,0.0,0.0,1018.0,2.0
2025-11-14 09:00:00,RECO,4.0,-2.0,65.0,0.0,19.0,1018.0,2.0
2025-11-14 10:00:00,RECO,4.0,-2.0,65.0,0.0,11.0,1019.0,2.0
2025-11-14 11:00:00,RECO,3.0,-1.9,70.0,0.0,6.0,1019.0,1.0
2025-11-14 12:00:00,RECO,4.0,-1.4,68.0,0.0,7.0,1020.0,1.0
2025-11-14 13:00:00,RECO,7.0,-0.2,60.0,0.0,13.0,1020.0,1.0
2025-11-14 14:00:00,RECO,8.0,-1.3,52.0,0.0,19.0,1019.0,1.0
2025-11-14 15:00:00,RECO,9.0,-1.4,48.0,0.0,19.0,1018.0,1.0
2025-11-14 16:00:00,RECO,10.0,-1.7,44.0,0.0,22.0,1017.0,2.0
2025-11-14 17:00:00,RECO,11.0,-1.7,41.0,0.0,17.0,1016.0,3.0
2025-11-14 18:00:00,RECO,11.0,-2.4,39.0,0.0,15.0,1016.0,3.0
2025-11-14 19:00:00,RECO,11.0,-2.4,39.0,0.0,15.0,1016.0,3.0
2025-11-14 20:00:00,RECO,11.0,-2.4,39.0,0.0,9.0,1015.0,3.0
2025-11-14 21:00:00,RECO,10.0,-2.3,42.0,0.0,6.0,1015.0,3.0
2025-11-14 22:00:00,RECO,8.0,-2.1,49.0,0.0,0.0,1015.0,3.0
2025-11-14 23:00:00,RECO,6.0,-2.4,55.0,0.0,0.0,1014.0,3.0
2025-11-15 00:00:00,RECO,4.0,-2.6,62.0,0.0,0.0,1014.0,1.0
2025-11-15 01:00:00,RECO,3.0,-1.9,70.0,0.0,0.0,1014.0,1.0
2025-11-15 02:00:00,RECO,2.0,-2.3,73.0,0.0,0.0,1014.0,1.0
2025-11-15 03:00:00,RECO,2.0,-2.3,73.0,0.0,0.0,1014.0,1.0
2025-11-15 04:00:00,RECO,2.0,-2.5,72.0,0.0,0.0,1014.0,1.0
2025-11-15 05:00:00,RECO,1.0,-2.9,75.0,0.0,0.0,1014.0,1.0
2025-11-15 06:00:00,RECO,0.0,-2.9,81.0,0.0,0.0,1014.0,1.0
2025-11-15 07:00:00,RECO,0.0,-3.2,79.0,0.0,0.0,1013.0,1.0
2025-11-15 08:00:00,RECO,-1.0,-3.7,82.0,0.0,0.0,1013.0,1.0
2025-11-15 09:00:00,RECO,-1.0,-3.8,81.0,0.0,0.0,1013.0,1.0
2025-11-15 10:00:00,RECO,-1.0,-3.2,85.0,0.0,0.0,1013.0,3.0
2025-11-15 11:00:00,RECO,-1.0,-2.7,88.0,0.0,0.0,1013.0,3.0
2025-11-15 12:00:00,RECO,0.0,-1.7,88.0,0.0,0.0,1013.0,2.0
2025-11-15 13:00:00,RECO,3.0,-0.8,76.0,0.0,0.0,1012.0,3.0
2025-11-15 14:00:00,RECO,6.0,-0.7,62.0,0.0,0.0,1012.0,3.0
2025-11-15 15:00:00,RECO,6.0,-2.4,55.0,0.0,7.0,1011.0,3.0
2025-11-15 16:00:00,RECO,7.0,-2.4,51.0,0.0,7.0,1009.0,3.0
2025-11-15 17:00:00,RECO,8.0,-2.3,48.0,0.0,7.0,1008.0,2.0
2025-11-15 18:00:00,RECO,11.0,-0.2,46.0,0.0,7.0,1006.0,3.0
2025-11-15 19:00:00,RECO,11.0,-1.1,43.0,0.0,9.0,1004.0,3.0
2025-11-15 20:00:00,RECO,11.1,-1.0,43.0,0.0,4.0,1003.0,3.0
2025-11-15 21:00:00,RECO,10.6,-0.5,46.0,0.0,6.0,1002.0,3.0
2025-11-15 22:00:00,RECO,8.9,1.1,58.0,0.0,6.0,1001.0,3.0
2025-11-15 23:00:00,RECO,9.4,1.8,59.0,0.0,7.0,1000.0,3.0
2025-11-16 00:00:00,RECO,9.4,1.8,59.0,0.0,0.0,998.0,3.0
2025-11-16 01:00:00,RECO,7.8,3.8,76.0,0.0,0.0,998.0,8.0
2025-11-16 02:00:00,RECO,7.2,5.7,90.0,0.0,0.0,994.0,9.0
2025-11-16 03:00:00,RECO,7.2,6.1,93.0,0.0,0.0,992.0,8.0
2025-11-16 04:00:00,RECO,7.2,5.7,90.0,0.0,7.0,991.0,3.0
2025-11-16 05:00:00,RECO,7.8,6.1,89.0,0.1,3.0,989.0,8.0
2025-11-16 06:00:00,RECO,7.8,6.1,89.0,0.5,3.0,988.0,8.0
2025-11-16 07:00:00,RECO,8.3,6.8,90.0,0.0,0.0,988.0,3.0
2025-11-16 08:00:00,RECO,7.8,6.7,93.0,0.0,0.0,987.0,3.0
2025-11-16 09:00:00,RECO,9.4,7.8,90.0,0.0,3.0,988.0,3.0
2025-11-16 10:00:00,RECO,10.0,8.3,89.0,0.0,3.0,988.0,3.0
2025-11-16 11:00:00,RECO,10.6,8.4,86.0,0.0,4.0,989.0,3.0
2025-11-16 12:00:00,RECO,11.7,4.9,63.0,0.0,13.0,990.0,3.0
2025-11-16 13:00:00,RECO,12.2,3.4,55.0,0.0,10.0,990.0,3.0
2025-11-16 14:00:00,RECO,11.7,0.5,46.0,0.0,15.0,990.0,1.0
2025-11-16 15:00:00,RECO,12.2,-1.7,38.0,0.0,15.0,991.0,2.0
2025-11-16 16:00:00,RECO,11.7,-4.4,32.0,0.0,21.0,991.0,3.0
2025-11-16 17:00:00,RECO,11.1,-3.8,35.0,0.0,14.0,991.0,1.0
2025-11-16 18:00:00,RECO,10.6,-5.0,33.0,0.0,19.0,,1.0
2025-11-16 19:00:00,RECO,7.8,-1.2,53.0,0.0,15.0,,1.0
2025-11-16 20:00:00,RECO,8.9,-3.3,42.0,0.0,11.0,,2.0
2025-11-16 21:00:00,RECO,7.2,-4.2,44.0,0.0,16.0,,2.0
2025-11-16 22:00:00,RECO,6.1,-7.8,36.0,0.0,11.0,,2.0
2025-11-16 23:00:00,RECO,5.6,-7.9,37.0,0.0,8.0,,1.0
2025-11-17 00:00:00,RECO,5.6,-7.3,39.0,0.0,7.0,,3.0
2025-11-17 01:00:00,RECO,5.6,-6.6,41.0,0.0,8.0,,1.0
2025-11-17 02:00:00,RECO,5.6,-6.0,43.0,0.0,12.0,,1.0
2025-11-17 03:00:00,RECO,5.0,-4.3,51.0,0.0,15.0,,2.0
2025-11-17 04:00:00,RECO,3.9,-5.6,50.0,0.0,13.0,,3.0
2025-11-17 05:00:00,RECO,3.9,-5.6,50.0,0.0,12.0,,1.0
2025-11-17 06:00:00,RECO,2.8,-7.7,46.0,0.0,13.0,,2.0
2025-11-17 07:00:00,RECO,2.8,-8.2,44.0,0.0,12.0,,2.0
2025-11-17 08:00:00,RECO,2.8,-8.2,44.0,0.0,11.0,,3.0
2025-11-17 09:00:00,RECO,2.2,-8.2,46.0,0.0,7.0,,2.0
2025-11-17 10:00:00,RECO,2.2,-8.2,46.0,0.0,5.0,,3.0
2025-11-17 11:00:00,RECO,2.2,-7.7,48.0,0.0,10.0,,2.0
2025-11-17 12:00:00,RECO,3.3,-7.2,46.0,0.0,9.0,,3.0
2025-11-17 13:00:00,RECO,4.4,-7.1,43.0,0.0,8.0,,2.0
2025-11-17 14:00:00,RECO,5.0,-7.2,41.0,0.0,16.0,,2.0
2025-11-17 15:00:00,RECO,5.6,-6.6,41.0,0.0,17.0,,3.0
2025-11-17 16:00:00,RECO,5.6,-7.3,39.0,0.0,18.0,,3.0
2025-11-17 17:00:00,RECO,6.1,-7.1,38.0,0.0,14.0,,3.0
2025-11-17 18:00:00,RECO,4.3,-5.7,48.0,0.0,25.9,1008.4,3.0
2025-11-17 19:00:00,RECO,4.9,-6.0,45.0,0.0,27.4,1008.9,3.0
2025-11-17 20:00:00,RECO,4.9,-6.0,45.0,0.0,25.9,1009.6,3.0
2025-11-17 21:00:00,RECO,4.6,-6.3,45.0,0.0,19.8,1010.5,3.0
2025-11-17 22:00:00,RECO,3.8,-6.5,47.0,0.0,17.3,1011.6,2.0
2025-11-17 23:00:00,RECO,3.4,-6.3,49.0,0.0,16.9,1012.3,1.0
2025-11-18 00:00:00,RECO,3.1,-6.0,51.0,0.0,16.6,1013.0,1.0
2025-11-18 01:00:00,RECO,2.7,-5.7,54.0,0.0,17.3,1013.9,1.0
2025-11-18 02:00:00,RECO,2.3,-5.8,55.0,0.0,19.1,1014.8,1.0
2025-11-18 03:00:00,RECO,1.8,-6.0,56.0,0.0,19.1,1015.5,1.0
2025-11-18 04:00:00,RECO,1.5,-6.3,56.0,0.0,18.7,1016.1,2.0
2025-11-18 05:00:00,RECO,1.2,-6.1,58.0,0.0,18.0,1016.7,1.0
2025-11-18 06:00:00,RECO,0.9,-6.0,60.0,0.0,17.6,1017.0,2.0
2025-11-18 07:00:00,RECO,0.6,-5.8,62.0,0.0,15.8,1017.5,2.0
2025-11-18 08:00:00,RECO,0.3,-5.7,64.0,0.0,15.1,1018.0,1.0
2025-11-18 09:00:00,RECO,0.1,-5.7,65.0,0.0,15.1,1018.4,1.0
2025-11-18 10:00:00,RECO,0.1,-5.5,66.0,0.0,14.8,1019.2,2.0
2025-11-18 11:00:00,RECO,0.0,-5.2,68.0,0.0,13.7,1019.8,2.0
2025-11-18 12:00:00,RECO,-0.2,-5.0,70.0,0.0,13.0,1020.3,1.0
2025-11-18 13:00:00,RECO,0.9,-4.3,68.0,0.0,15.5,1021.4,2.0
2025-11-18 14:00:00,RECO,2.8,-3.8,62.0,0.0,15.1,1021.9,1.0
2025-11-18 15:00:00,RECO,4.4,-3.8,55.0,0.0,17.6,1021.9,2.0
2025-11-18 16:00:00,RECO,5.4,-4.7,48.0,0.0,19.4,1021.8,3.0
2025-11-18 17:00:00,RECO,5.9,-5.4,44.0,0.0,16.2,1021.1,3.0
2025-11-18 18:00:00,RECO,6.4,-5.6,42.0,0.0,15.8,1020.9,3.0
2025-11-18 19:00:00,RECO,6.8,-5.2,42.0,0.0,14.8,1020.5,3.0
2025-11-18 20:00:00,RECO,6.6,-4.8,44.0,0.0,12.2,1020.3,3.0
2025-11-18 21:00:00,RECO,5.7,-3.4,52.0,0.0,7.2,1020.6,3.0
2025-11-18 22:00:00,RECO,3.6,-2.8,63.0,0.0,4.7,1021.2,3.0
2025-11-18 23:00:00,RECO,3.5,-2.2,66.0,0.0,4.3,1021.5,3.0
2025-11-19 00:00:00,RECO,2.5,-2.4,70.0,0.0,4.0,1021.9,3.0
2025-11-19 01:00:00,RECO,2.3,-2.2,72.0,0.0,3.6,1021.8,3.0
2025-11-19 02:00:00,RECO,2.0,-2.1,74.0,0.0,5.0,1022.0,3.0
2025-11-19 03:00:00,RECO,2.1,-1.9,75.0,0.0,4.7,1022.1,3.0
2025-11-19 04:00:00,RECO,2.6,-1.0,77.0,0.0,5.0,1022.4,3.0
2025-11-19 05:00:00,RECO,2.8,-0.7,78.0,0.0,4.7,1022.5,3.0
2025-11-19 06:00:00,RECO,2.9,-0.6,78.0,0.1,5.0,1022.7,12.0
2025-11-19 07:00:00,RECO,2.9,-0.4,79.0,0.2,4.0,1022.7,7.0
2025-11-19 08:00:00,RECO,2.8,0.0,82.0,0.2,6.1,1022.8,7.0
2025-11-19 09:00:00,RECO,1.9,1.2,95.0,0.6,4.3,1022.7,8.0
2025-11-19 10:00:00,RECO,1.9,1.3,96.0,0.2,2.5,1022.9,7.0
2025-11-19 11:00:00,RECO,1.8,1.2,96.0,0.1,5.4,1023.5,7.0
2025-11-19 12:00:00,RECO,1.7,1.4,98.0,0.2,5.0,1024.0,7.0
2025-11-19 13:00:00,RECO,2.1,1.4,95.0,0.0,2.9,1024.2,3.0
2025-11-19 14:00:00,RECO,2.8,1.8,93.0,0.0,2.2,1024.7,3.0
2025-11-19 15:00:00,RECO,3.8,2.0,88.0,0.0,2.5,1024.9,3.0
2025-11-19 16:00:00,RECO,4.5,2.4,86.0,0.0,3.2,1024.7,3.0
2025-11-19 17:00:00,RECO,4.9,2.4,84.0,0.0,4.0,1023.7,3.0
2025-11-19 18:00:00,RECO,6.1,2.6,78.0,0.0,2.9,1023.0,3.0
2025-11-19 19:00:00,RECO,6.4,2.5,76.0,0.0,4.7,1022.5,3.0
2025-11-19 20:00:00,RECO,6.4,2.5,76.0,0.0,5.0,1022.7,3.0
2025-11-19 21:00:00,RECO,6.3,2.7,78.0,0.0,3.6,1023.2,3.0
2025-11-19 22:00:00,RECO,5.7,3.0,83.0,0.0,5.4,1023.6,3.0
2025-11-19 23:00:00,RECO,5.4,3.2,86.0,0.0,5.0,1024.0,3.0
2025-11-20 00:00:00,RECO,5.2,3.4,88.0,0.0,5.0,1024.3,3.0
2025-11-20 01:00:00,RECO,5.0,3.3,89.0,0.0,5.4,1024.0,3.0
2025-11-20 02:00:00,RECO,5.0,3.3,89.0,0.0,4.0,1024.1,3.0
2025-11-20 03:00:00,RECO,5.1,3.3,88.0,0.0,2.5,1024.3,3.0
2025-11-20 04:00:00,RECO,4.9,3.1,88.0,0.0,2.9,1024.3,3.0
2025-11-20 05:00:00,RECO,4.8,2.8,87.0,0.0,3.6,1023.9,3.0
2025-11-20 06:00:00,RECO,4.8,2.7,86.0,0.0,4.7,1023.7,3.0
2025-11-20 07:00:00,RECO,1.9,-0.8,82.0,0.0,6.5,1023.0,3.0
2025-11-20 08:00:00,RECO,1.5,-1.1,83.0,0.0,6.5,1022.9,3.0
2025-11-20 09:00:00,RECO,1.4,-1.2,83.0,0.0,6.1,1023.0,3.0
2025-11-20 10:00:00,RECO,1.5,-1.1,83.0,0.0,6.5,1023.3,3.0
2025-11-20 11:00:00,RECO,1.6,-1.1,82.0,0.0,6.5,1023.5,3.0
2025-11-20 12:00:00,RECO,4.3,0.6,77.0,0.0,5.4,1024.4,3.0
2025-11-20 13:00:00,RECO,,,,,,,
2025-11-20 14:00:00,RECO,,,,,,,
2025-11-20 15:00:00,RECO,,,,,,,
2025-11-20 16:00:00,RECO,,,,,,,
2025-11-20 17:00:00,RECO,,,,,,,
2025-11-20 18:00:00,RECO,6.7,2.4,74.0,,4.0,1023.0,
2025-11-20 19:00:00,RECO,,,,,,,
2025-11-20 20:00:00,RECO,,,,,,,
2025-11-20 21:00:00,RECO,,,,,,,
2025-11-20 22:00:00,RECO,,,,,,,
2025-11-20 23:00:00,RECO,,,,,,,
2025-11-21 00:00:00,RECO,6.0,3.5,84.0,,3.2,1022.2,
2025-11-21 01:00:00,RECO,,,,,,,
2025-11-21 02:00:00,RECO,,,,,,,
2025-11-21 03:00:00,RECO,,,,,,,
2025-11-21 04:00:00,RECO,,,,,,,
2025-11-21 05:00:00,RECO,,,,,,,
2025-11-21 06:00:00,RECO,5.6,4.2,91.0,,1.4,1020.1,
2025-11-21 07:00:00,RECO,,,,,,,
2025-11-21 08:00:00,RECO,,,,,,,
2025-11-21 09:00:00,RECO,,,,,,,
2025-11-21 10:00:00,RECO,,,,,,,
2025-11-21 11:00:00,RECO,,,,,,,
2025-11-21 12:00:00,RECO,6.1,5.2,94.0,,4.7,1017.3,
2025-11-21 13:00:00,RECO,,,,,,,
2025-11-21 14:00:00,RECO,,,,,,,
2025-11-21 15:00:00,RECO,,,,,,,
2025-11-21 16:00:00,RECO,,,,,,,
2025-11-21 17:00:00,RECO,,,,,,,
2025-11-21 18:00:00,RECO,10.6,8.0,84.0,,12.6,1013.0,
2025-11-21 19:00:00,RECO,,,,,,,
2025-11-21 20:00:00,RECO,,,,,,,
2025-11-21 21:00:00,RECO,,,,,,,
2025-11-21 22:00:00,RECO,,,,,,,
2025-11-21 23:00:00,RECO,,,,,,,
2025-11-22 00:00:00,RECO,9.3,7.9,91.0,,8.6,1012.3,
2025-11-22 01:00:00,RECO,,,,,,,
2025-11-22 02:00:00,RECO,,,,,,,
2025-11-22 03:00:00,RECO,,,,,,,
2025-11-22 04:00:00,RECO,,,,,,,
2025-11-22 05:00:00,RECO,,,,,,,
2025-11-22 06:00:00,RECO,6.2,2.5,77.0,,11.9,1013.5,
2025-11-22 07:00:00,RECO,,,,,,,
2025-11-22 08:00:00,RECO,,,,,,,
2025-11-22 09:00:00,RECO,,,,,,,
2025-11-22 10:00:00,RECO,,,,,,,
2025-11-22 11:00:00,RECO,,,,,,,
2025-11-22 12:00:00,RECO,3.3,-0.9,74.0,,8.6,1015.1,
2025-11-22 13:00:00,RECO,,,,,,,
2025-11-22 14:00:00,RECO,,,,,,,
2025-11-22 15:00:00,RECO,,,,,,,
2025-11-22 16:00:00,RECO,,,,,,,
2025-11-22 17:00:00,RECO,,,,,,,
2025-11-22 18:00:00,RECO,8.0,-4.1,42.0,,6.5,1014.8,
2025-11-22 19:00:00,RECO,,,,,,,
2025-11-22 20:00:00,RECO,,,,,,,
2025-11-22 21:00:00,RECO,,,,,,,
2025-11-22 22:00:00,RECO,,,,,,,
2025-11-22 23:00:00,RECO,,,,,,,
2025-11-23 00:00:00,RECO,3.3,-1.3,72.0,,5.0,1017.4,
2025-11-23 01:00:00,RECO,,,,,,,
2025-11-23 02:00:00,RECO,,,,,,,
2025-11-23 03:00:00,RECO,,,,,,,
2025-11-23 04:00:00,RECO,,,,,,,
2025-11-23 05:00:00,RECO,,,,,,,
2025-11-23 06:00:00,RECO,-0.6,-3.1,83.0,,2.5,1018.7,
2025-11-23 07:00:00,RECO,,,,,,,
2025-11-23 08:00:00,RECO,,,,,,,
2025-11-23 09:00:00,RECO,,,,,,,
2025-11-23 10:00:00,RECO,,,,,,,
2025-11-23 11:00:00,RECO,,,,,,,
2025-11-23 12:00:00,RECO,-2.2,-3.3,92.0,,1.8,1019.3,
2025-11-23 13:00:00,RECO,,,,,,,
2025-11-23 14:00:00,RECO,,,,,,,
2025-11-23 15:00:00,RECO,,,,,,,
2025-11-23 16:00:00,RECO,,,,,,,
2025-11-23 17:00:00,RECO,,,,,,,
2025-11-23 18:00:00,RECO,9.4,-1.6,46.0,,8.6,1017.2,
2025-11-23 19:00:00,RECO,,,,,,,
2025-11-23 20:00:00,RECO,,,,,,,
2025-11-23 21:00:00,RECO,,,,,,,
2025-11-23 22:00:00,RECO,,,,,,,
2025-11-23 23:00:00,RECO,,,,,,,
2025-11-24 00:00:00,RECO,5.2,0.4,71.0,,7.9,1018.3,
2025-11-24 01:00:00,RECO,,,,,,,
2025-11-24 02:00:00,RECO,,,,,,,
2025-11-24 03:00:00,RECO,,,,,,,
2025-11-24 04:00:00,RECO,,,,,,,
2025-11-24 05:00:00,RECO,,,,,,,
2025-11-24 06:00:00,RECO,2.1,-0.8,81.0,,3.2,1018.8,
2025-11-24 07:00:00,RECO,,,,,,,
2025-11-24 08:00:00,RECO,,,,,,,
2025-11-24 09:00:00,RECO,,,,,,,
2025-11-24 10:00:00,RECO,,,,,,,
2025-11-24 11:00:00,RECO,,,,,,,
2025-11-24 12:00:00,RECO,0.5,-1.7,85.0,,0.7,1019.9,
2025-11-24 13:00:00,RECO,,,,,,,
2025-11-24 14:00:00,RECO,,,,,,,
2025-11-24 15:00:00,RECO,,,,,,,
2025-11-24 16:00:00,RECO,,,,,,,
2025-11-24 17:00:00,RECO,,,,,,,
2025-11-24 18:00:00,RECO,13.2,2.7,49.0,,9.0,1017.7,
2025-11-24 19:00:00,RECO,,,,,,,
2025-11-24 20:00:00,RECO,,,,,,,
2025-11-24 21:00:00,RECO,,,,,,,
2025-11-24 22:00:00,RECO,,,,,,,
2025-11-24 23:00:00,RECO,,,,,,,
2025-11-25 00:00:00,RECO,8.5,4.7,77.0,,13.0,1017.3,
2025-11-25 01:00:00,RECO,,,,,,,
2025-11-25 02:00:00,RECO,,,,,,,
2025-11-25 03:00:00,RECO,,,,,,,
2025-11-25 04:00:00,RECO,,,,,,,
2025-11-25 05:00:00,RECO,,,,,,,
2025-11-25 06:00:00,RECO,7.6,3.5,75.0,,12.6,1016.1,
2025-11-25 07:00:00,RECO,,,,,,,
2025-11-25 08:00:00,RECO,,,,,,,
2025-11-25 09:00:00,RECO,,,,,,,
2025-11-25 10:00:00,RECO,,,,,,,
2025-11-25 11:00:00,RECO,,,,,,,
2025-11-25 12:00:00,RECO,6.9,1.8,70.0,,7.6,1017.2,
2025-11-25 13:00:00,RECO,,,,,,,
2025-11-25 14:00:00,RECO,,,,,,,
2025-11-25 15:00:00,RECO,,,,,,,
2025-11-25 16:00:00,RECO,,,,,,,
2025-11-25 17:00:00,RECO,,,,,,,
2025-11-25 18:00:00,RECO,13.3,4.2,54.0,,10.8,1017.0,
2025-11-25 19:00:00,RECO,,,,,,,
2025-11-25 20:00:00,RECO,,,,,,,
2025-11-25 21:00:00,RECO,,,,,,,
2025-11-25 22:00:00,RECO,,,,,,,
2025-11-25 23:00:00,RECO,,,,,,,
2025-11-26 00:00:00,RECO,6.4,1.1,69.0,,9.7,1020.5,
2025-11-26 01:00:00,RECO,,,,,,,
2025-11-26 02:00:00,RECO,,,,,,,
2025-11-26 03:00:00,RECO,,,,,,,
2025-11-26 04:00:00,RECO,,,,,,,
2025-11-26 05:00:00,RECO,,,,,,,
2025-11-26 06:00:00,RECO,3.1,-0.7,76.0,,9.4,1021.8,
2025-11-26 07:00:00,RECO,,,,,,,
2025-11-26 08:00:00,RECO,,,,,,,
2025-11-26 09:00:00,RECO,,,,,,,
2025-11-26 10:00:00,RECO,,,,,,,
2025-11-26 11:00:00,RECO,,,,,,,
2025-11-26 12:00:00,RECO,2.4,-1.2,77.0,,13.0,1023.9,
2025-11-26 13:00:00,RECO,,,,,,,
2025-11-26 14:00:00,RECO,,,,,,,
2025-11-26 15:00:00,RECO,,,,,,,
2025-11-26 16:00:00,RECO,,,,,,,
2025-11-26 17:00:00,RECO,,,,,,,
2025-11-26 18:00:00,RECO,7.7,-3.5,45.0,,13.0,1024.2,
2025-11-26 19:00:00,RECO,,,,,,,
2025-11-26 20:00:00,RECO,,,,,,,
2025-11-26 21:00:00,RECO,,,,,,,
2025-11-26 22:00:00,RECO,,,,,,,
2025-11-26 23:00:00,RECO,,,,,,,
2025-11-27 00:00:00,RECO,3.3,-5.1,54.0,,9.0,1026.1,
2025-11-01 00:00:00,SMECO,11.2,2.0,53.0,0.0,22.7,1008.9,2.0
2025-11-01 01:00:00,SMECO,10.8,2.6,57.0,0.0,22.0,1009.5,2.0
2025-11-01 02:00:00,SMECO,10.5,2.6,58.0,0.0,21.2,1010.3,1.0
2025-11-01 03:00:00,SMECO,10.1,2.2,58.0,0.0,20.2,1011.1,1.0
2025-11-01 04:00:00,SMECO,9.8,2.2,59.0,0.0,18.0,1011.8,1.0
2025-11-01 05:00:00,SMECO,9.4,2.0,60.0,0.0,16.2,1011.9,1.0
2025-11-01 06:00:00,SMECO,8.9,1.8,61.0,0.0,14.4,1012.2,1.0
2025-11-01 07:00:00,SMECO,8.9,3.5,69.0,0.0,11.5,1013.3,1.0
2025-11-01 08:00:00,SMECO,8.3,3.2,70.0,0.0,11.9,1013.7,1.0
2025-11-01 09:00:00,SMECO,7.9,2.8,70.0,0.0,11.9,1014.3,1.0
2025-11-01 10:00:00,SMECO,7.5,2.4,70.0,0.0,11.9,1014.8,1.0
2025-11-01 11:00:00,SMECO,7.1,2.4,72.0,0.0,11.9,1015.5,2.0
2025-11-01 12:00:00,SMECO,7.0,2.3,72.0,0.0,12.2,1016.2,2.0
2025-11-01 13:00:00,SMECO,8.6,3.6,71.0,0.0,11.5,1017.4,3.0
2025-11-01 14:00:00,SMECO,10.4,4.3,66.0,0.0,13.0,1018.2,3.0
2025-11-01 15:00:00,SMECO,12.1,4.3,59.0,0.0,16.6,1018.2,2.0
2025-11-01 16:00:00,SMECO,13.1,4.0,54.0,0.0,16.6,1018.0,3.0
2025-11-01 17:00:00,SMECO,14.0,4.0,51.0,0.0,16.6,1017.6,3.0
2025-11-01 18:00:00,SMECO,14.9,3.4,46.0,0.0,20.9,1017.2,2.0
2025-11-01 19:00:00,SMECO,14.8,3.0,45.0,0.0,20.9,1017.2,3.0
2025-11-01 20:00:00,SMECO,14.8,3.0,45.0,0.0,17.3,1017.6,3.0
2025-11-01 21:00:00,SMECO,14.3,4.3,51.0,0.0,9.0,1017.7,3.0
2025-11-01 22:00:00,SMECO,12.2,5.4,63.0,0.0,5.0,1017.8,2.0
2025-11-01 23:00:00,SMECO,11.3,4.7,64.0,0.0,4.7,1018.3,3.0
2025-11-02 00:00:00,SMECO,10.2,4.8,69.0,0.0,5.8,1019.0,3.0
2025-11-02 01:00:00,SMECO,9.5,4.7,72.0,0.0,5.0,1019.6,3.0
2025-11-02 02:00:00,SMECO,8.9,4.7,75.0,0.0,4.7,1020.2,3.0
2025-11-02 03:00:00,SMECO,8.3,4.5,77.0,0.0,4.0,1020.9,3.0
2025-11-02 04:00:00,SMECO,7.9,4.3,78.0,0.0,3.2,1021.3,3.0
2025-11-02 05:00:00,SMECO,8.2,4.2,76.0,0.0,6.1,1021.7,3.0
2025-11-02 06:00:00,SMECO,8.2,4.2,76.0,0.0,5.4,1021.9,3.0
2025-11-02 07:00:00,SMECO,8.2,4.4,77.0,0.0,5.0,1022.3,3.0
2025-11-02 08:00:00,SMECO,8.0,4.4,78.0,0.0,5.0,1022.4,3.0
2025-11-02 09:00:00,SMECO,7.4,4.0,79.0,0.0,3.2,1022.9,3.0
2025-11-02 10:00:00,SMECO,7.0,3.6,79.0,0.0,2.2,1023.8,3.0
2025-11-02 11:00:00,SMECO,6.6,3.7,82.0,0.0,4.7,1024.3,3.0
2025-11-02 12:00:00,SMECO,6.5,3.7,82.0,0.0,4.7,1025.0,3.0
2025-11-02 13:00:00,SMECO,9.0,5.4,78.0,0.0,6.1,1025.6,3.0
2025-11-02 14:00:00,SMECO,11.4,7.3,76.0,0.0,5.0,1026.0,3.0
2025-11-02 15:00:00,SMECO,13.6,7.4,66.0,0.0,4.7,1026.1,2.0
2025-11-02 16:00:00,SMECO,15.3,6.8,57.0,0.0,5.4,1025.9,2.0
2025-11-02 17:00:00,SMECO,16.2,5.5,49.0,0.0,6.5,1025.5,2.0
2025-11-02 18:00:00,SMECO,16.7,5.0,46.0,0.0,7.2,1024.8,1.0
2025-11-02 19:00:00,SMECO,16.8,4.8,45.0,0.0,7.6,1024.4,2.0
2025-11-02 20:00:00,SMECO,16.5,4.5,45.0,0.0,7.9,1024.4,2.0
2025-11-02 21:00:00,SMECO,15.5,5.7,52.0,0.0,6.8,1024.4,3.0
2025-11-02 22:00:00,SMECO,13.2,5.6,60.0,0.0,7.9,1024.3,2.0
2025-11-02 23:00:00,SMECO,11.6,5.5,66.0,0.0,7.2,1024.5,3.0
2025-11-03 00:00:00,SMECO,10.7,5.7,71.0,0.0,6.8,1024.8,2.0
2025-11-03 01:00:00,SMECO,10.4,5.6,72.0,0.0,8.6,1024.9,3.0
2025-11-03 02:00:00,SMECO,10.2,5.8,74.0,0.0,8.6,1025.0,3.0
2025-11-03 03:00:00,SMECO,9.8,6.3,79.0,0.0,7.6,1024.3,3.0
2025-11-03 04:00:00,SMECO,9.8,7.1,83.0,0.0,7.6,1023.8,3.0
2025-11-03 05:00:00,SMECO,9.3,6.9,85.0,0.0,6.1,1023.4,3.0
2025-11-03 06:00:00,SMECO,9.4,7.3,87.0,0.0,4.7,1023.0,3.0
2025-11-03 07:00:00,SMECO,9.7,7.8,88.0,0.0,4.7,1022.9,3.0
2025-11-03 08:00:00,SMECO,9.8,8.2,90.0,0.2,4.3,1022.4,7.0
2025-11-03 09:00:00,SMECO,9.7,8.5,92.0,0.6,4.3,1022.3,8.0
2025-11-03 10:00:00,SMECO,9.7,9.1,96.0,1.1,5.4,1022.4,9.0
2025-11-03 11:00:00,SMECO,9.7,9.2,97.0,1.1,7.2,1021.9,9.0
2025-11-03 12:00:00,SMECO,9.8,9.5,98.0,0.6,8.6,1021.6,8.0
2025-11-03 13:00:00,SMECO,10.3,9.8,97.0,0.2,5.8,1021.6,7.0
2025-11-03 14:00:00,SMECO,11.5,10.4,93.0,0.2,4.3,1021.1,7.0
2025-11-03 15:00:00,SMECO,13.0,10.0,82.0,0.0,4.0,1020.6,3.0
2025-11-03 16:00:00,SMECO,13.9,9.1,73.0,0.0,3.6,1019.6,3.0
2025-11-03 17:00:00,SMECO,14.6,9.2,70.0,0.0,5.4,1018.2,3.0
2025-11-03 18:00:00,SMECO,15.8,9.2,65.0,0.0,8.6,1016.5,3.0
2025-11-03 19:00:00,SMECO,16.6,7.8,56.0,0.0,9.7,1015.3,2.0
2025-11-03 20:00:00,SMECO,16.7,6.8,52.0,0.0,10.8,1014.6,1.0
2025-11-03 21:00:00,SMECO,15.9,7.6,58.0,0.0,9.0,1014.7,1.0
2025-11-03 22:00:00,SMECO,13.9,8.1,68.0,0.0,14.4,1014.5,1.0
2025-11-03 23:00:00,SMECO,13.5,5.1,57.0,0.0,21.2,1015.3,1.0
2025-11-04 00:00:00,SMECO,13.2,3.0,50.0,0.0,19.8,1015.8,1.0
2025-11-04 01:00:00,SMECO,12.4,2.8,52.0,0.0,19.4,1017.0,1.0
2025-11-04 02:00:00,SMECO,11.6,2.6,54.0,0.0,20.2,1017.3,1.0
2025-11-04 03:00:00,SMECO,11.1,2.7,56.0,0.0,20.9,1017.8,1.0
2025-11-04 04:00:00,SMECO,10.8,2.9,58.0,0.0,20.9,1018.0,1.0
2025-11-04 05:00:00,SMECO,10.5,3.1,60.0,0.0,19.8,1018.5,1.0
2025-11-04 06:00:00,SMECO,10.1,3.1,62.0,0.0,19.1,1019.1,1.0
2025-11-04 07:00:00,SMECO,9.8,2.9,62.0,0.0,17.6,1019.8,1.0
2025-11-04 08:00:00,SMECO,9.2,2.1,61.0,0.0,15.8,1020.1,1.0
2025-11-04 09:00:00,SMECO,8.5,1.4,61.0,0.0,14.4,1020.6,1.0
2025-11-04 10:00:00,SMECO,7.8,1.0,62.0,0.0,13.7,1021.6,1.0
2025-11-04 11:00:00,SMECO,7.3,0.9,64.0,0.0,13.7,1022.7,1.0
2025-11-04 12:00:00,SMECO,7.0,0.7,64.0,0.0,13.7,1023.5,1.0
2025-11-04 13:00:00,SMECO,8.5,1.4,61.0,0.0,14.0,1024.5,1.0
2025-11-04 14:00:00,SMECO,10.4,2.2,57.0,0.0,13.7,1025.0,2.0
2025-11-04 15:00:00,SMECO,12.0,1.9,50.0,0.0,16.6,1025.1,3.0
2025-11-04 16:00:00,SMECO,13.1,1.4,45.0,0.0,16.9,1024.9,3.0
2025-11-04 17:00:00,SMECO,13.9,1.2,42.0,0.0,17.3,1024.1,3.0
2025-11-04 18:00:00,SMECO,14.3,0.9,40.0,0.0,18.0,1022.9,3.0
2025-11-04 19:00:00,SMECO,14.8,0.2,37.0,0.0,19.1,1022.3,3.0
2025-11-04 20:00:00,SMECO,14.9,-0.0,36.0,0.0,19.1,1022.1,3.0
2025-11-04 21:00:00,SMECO,14.3,0.9,40.0,0.0,14.8,1022.3,3.0
2025-11-04 22:00:00,SMECO,12.4,0.8,45.0,0.0,11.9,1022.8,1.0
2025-11-04 23:00:00,SMECO,11.5,2.0,52.0,0.0,11.5,1023.8,1.0
2025-11-05 00:00:00,SMECO,10.8,1.6,53.0,0.0,11.5,1024.2,1.0
2025-11-05 01:00:00,SMECO,10.1,1.5,55.0,0.0,10.4,1024.4,2.0
2025-11-05 02:00:00,SMECO,9.4,1.3,57.0,0.0,10.1,1024.8,2.0
2025-11-05 03:00:00,SMECO,8.9,1.3,59.0,0.0,10.1,1025.0,1.0
2025-11-05 04:00:00,SMECO,8.4,1.1,60.0,0.0,10.1,1024.7,1.0
2025-11-05 05:00:00,SMECO,7.8,1.0,62.0,0.0,9.4,1024.0,1.0
2025-11-05 06:00:00,SMECO,7.3,0.9,64.0,0.0,9.0,1023.6,1.0
2025-11-05 07:00:00,SMECO,6.9,0.8,65.0,0.0,7.6,1023.2,1.0
2025-11-05 08:00:00,SMECO,6.3,0.8,68.0,0.0,6.8,1022.6,1.0
2025-11-05 09:00:00,SMECO,5.8,1.0,71.0,0.0,6.5,1021.9,1.0
2025-11-05 10:00:00,SMECO,6.0,1.5,73.0,0.0,9.4,1021.7,1.0
2025-11-05 11:00:00,SMECO,6.0,2.1,76.0,0.0,10.4,1021.2,1.0
2025-11-05 12:00:00,SMECO,6.1,2.6,78.0,0.0,10.4,1020.7,1.0
2025-11-05 13:00:00,SMECO,7.7,3.7,76.0,0.0,12.6,1020.0,1.0
2025-11-05 14:00:00,SMECO,9.5,4.9,73.0,0.0,13.3,1019.2,1.0
2025-11-05 15:00:00,SMECO,12.0,5.8,66.0,0.0,16.2,1017.4,1.0
2025-11-05 16:00:00,SMECO,14.4,6.5,59.0,0.0,18.7,1015.6,3.0
2025-11-05 17:00:00,SMECO,16.1,7.1,55.0,0.0,18.7,1013.7,3.0
2025-11-05 18:00:00,SMECO,17.5,7.2,51.0,0.0,19.1,1011.4,3.0
2025-11-05 19:00:00,SMECO,18.1,7.8,51.0,0.0,20.2,1009.3,3.0
2025-11-05 20:00:00,SMECO,18.3,8.3,52.0,0.0,22.3,1007.8,3.0
2025-11-05 21:00:00,SMECO,18.1,7.8,51.0,0.0,22.3,1007.9,3.0
2025-11-05 22:00:00,SMECO,17.2,7.8,54.0,0.0,21.2,1007.6,1.0
2025-11-05 23:00:00,SMECO,16.8,8.0,56.0,0.0,20.9,1007.7,3.0
2025-11-06 00:00:00,SMECO,16.0,8.2,60.0,0.0,20.5,1007.9,1.0
2025-11-06 01:00:00,SMECO,15.5,8.5,63.0,0.0,18.7,1008.2,1.0
2025-11-06 02:00:00,SMECO,15.4,7.9,61.0,0.0,19.8,1008.5,1.0
2025-11-06 03:00:00,SMECO,15.6,7.6,59.0,0.0,25.9,1009.5,2.0
2025-11-06 04:00:00,SMECO,15.2,9.8,70.0,0.0,30.6,1011.3,2.0
2025-11-06 05:00:00,SMECO,13.2,6.1,62.0,0.0,25.6,1012.7,2.0
2025-11-06 06:00:00,SMECO,11.6,4.8,63.0,0.0,22.0,1014.4,1.0
2025-11-06 07:00:00,SMECO,10.3,4.0,65.0,0.0,20.5,1015.8,1.0
2025-11-06 08:00:00,SMECO,9.3,3.1,65.0,0.0,19.4,1016.5,1.0
2025-11-06 09:00:00,SMECO,8.7,2.5,65.0,0.0,19.4,1017.6,1.0
2025-11-06 10:00:00,SMECO,8.1,2.1,66.0,0.0,17.6,1018.8,1.0
2025-11-06 11:00:00,SMECO,7.5,1.6,66.0,0.0,16.9,1019.6,1.0
2025-11-06 12:00:00,SMECO,7.0,0.4,63.0,0.0,16.6,1020.5,1.0
2025-11-06 13:00:00,SMECO,7.9,0.6,60.0,0.0,15.5,1021.2,1.0
2025-11-06 14:00:00,SMECO,9.1,0.3,54.0,0.0,18.7,1021.9,1.0
2025-11-06 15:00:00,SMECO,10.2,0.2,50.0,0.0,19.1,1022.1,1.0
2025-11-06 16:00:00,SMECO,11.1,-0.1,46.0,0.0,17.3,1021.8,1.0
2025-11-06 17:00:00,SMECO,11.9,-0.6,42.0,0.0,18.0,1021.4,1.0
2025-11-06 18:00:00,SMECO,12.6,-1.0,39.0,0.0,17.6,1020.5,1.0
2025-11-06 19:00:00,SMECO,13.7,-2.3,33.0,0.0,17.3,1020.8,1.0
2025-11-06 20:00:00,SMECO,13.5,-2.9,32.0,0.0,16.9,1020.5,1.0
2025-11-06 21:00:00,SMECO,12.8,-1.9,36.0,0.0,13.3,1020.7,1.0
2025-11-06 22:00:00,SMECO,10.4,0.4,50.0,0.0,7.2,1020.9,1.0
2025-11-06 23:00:00,SMECO,9.2,1.4,58.0,0.0,6.5,1021.3,1.0
2025-11-07 00:00:00,SMECO,8.6,1.0,59.0,0.0,6.8,1021.7,1.0
2025-11-07 01:00:00,SMECO,7.9,0.8,61.0,0.0,6.1,1021.9,1.0
2025-11-07 02:00:00,SMECO,7.2,0.8,64.0,0.0,6.5,1022.1,1.0
2025-11-07 03:00:00,SMECO,6.5,0.8,67.0,0.0,6.5,1022.2,2.0
2025-11-07 04:00:00,SMECO,5.9,0.7,69.0,0.0,6.1,1022.0,1.0
2025-11-07 05:00:00,SMECO,5.4,0.4,70.0,0.0,4.3,1021.5,2.0
2025-11-07 06:00:00,SMECO,5.0,0.4,72.0,0.0,5.4,1021.0,3.0
2025-11-07 07:00:00,SMECO,5.2,0.6,72.0,0.0,7.2,1020.8,3.0
2025-11-07 08:00:00,SMECO,4.9,0.5,73.0,0.0,7.9,1020.2,3.0
2025-11-07 09:00:00,SMECO,4.6,0.6,75.0,0.0,7.6,1019.5,3.0
2025-11-07 10:00:00,SMECO,4.9,1.2,77.0,0.0,9.4,1019.2,2.0
2025-11-07 11:00:00,SMECO,5.4,1.3,75.0,0.0,11.5,1018.7,2.0
2025-11-07 12:00:00,SMECO,5.4,0.6,71.0,0.0,13.3,1018.1,3.0
2025-11-07 13:00:00,SMECO,6.8,0.7,65.0,0.0,15.1,1018.1,2.0
2025-11-07 14:00:00,SMECO,8.7,1.1,59.0,0.0,14.8,1017.4,3.0
2025-11-07 15:00:00,SMECO,11.0,1.3,51.0,0.0,16.2,1016.6,3.0
2025-11-07 16:00:00,SMECO,13.0,1.0,44.0,0.0,19.1,1015.4,3.0
2025-11-07 17:00:00,SMECO,13.5,-0.2,39.0,0.0,19.8,1013.9,3.0
2025-11-07 18:00:00,SMECO,14.8,-0.1,36.0,0.0,21.2,1011.8,3.0
2025-11-07 19:00:00,SMECO,15.2,1.7,40.0,0.0,22.7,1010.1,3.0
2025-11-07 20:00:00,SMECO,15.5,2.6,42.0,0.0,22.0,1008.7,3.0
2025-11-07 21:00:00,SMECO,15.3,3.7,46.0,0.0,22.3,1007.6,3.0
2025-11-07 22:00:00,SMECO,14.7,5.5,54.0,0.0,22.3,1006.7,3.0
2025-11-07 23:00:00,SMECO,14.7,7.3,61.0,0.0,21.2,1006.6,3.0
2025-11-08 00:00:00,SMECO,14.7,8.9,68.0,0.0,20.5,1007.0,3.0
2025-11-08 01:00:00,SMECO,14.7,9.7,72.0,0.0,20.9,1006.4,3.0
2025-11-08 02:00:00,SMECO,14.8,10.6,76.0,0.0,20.2,1006.3,3.0
2025-11-08 03:00:00,SMECO,14.9,11.1,78.0,0.0,20.5,1006.1,3.0
2025-11-08 04:00:00,SMECO,14.8,11.6,81.0,0.3,22.3,1005.5,8.0
2025-11-08 05:00:00,SMECO,13.5,12.4,93.0,1.8,21.2,1005.3,9.0
2025-11-08 06:00:00,SMECO,13.3,12.5,95.0,1.8,16.9,1005.5,9.0
2025-11-08 07:00:00,SMECO,13.1,12.5,96.0,2.0,16.2,1005.2,9.0
2025-11-08 08:00:00,SMECO,13.0,12.4,96.0,1.8,15.8,1005.0,9.0
2025-11-08 09:00:00,SMECO,12.5,12.0,97.0,0.6,11.9,1004.9,8.0
2025-11-08 10:00:00,SMECO,12.1,11.8,98.0,0.0,11.2,1005.4,3.0
2025-11-08 11:00:00,SMECO,11.3,11.0,98.0,0.0,9.7,1006.0,2.0
2025-11-08 12:00:00,SMECO,10.7,10.2,97.0,0.0,10.8,1006.8,1.0
2025-11-08 13:00:00,SMECO,12.2,10.9,92.0,0.0,14.0,1008.1,1.0
2025-11-08 14:00:00,SMECO,14.3,12.3,88.0,0.0,11.5,1008.8,1.0
2025-11-08 15:00:00,SMECO,15.8,11.6,76.0,0.0,12.6,1009.8,1.0
2025-11-08 16:00:00,SMECO,17.0,10.1,64.0,0.0,10.1,1009.5,1.0
2025-11-08 17:00:00,SMECO,18.0,9.3,57.0,0.0,7.9,1009.6,1.0
2025-11-08 18:00:00,SMECO,18.6,8.5,52.0,0.0,6.1,1008.8,1.0
2025-11-08 19:00:00,SMECO,18.9,7.9,49.0,0.0,7.2,1008.9,1.0
2025-11-08 20:00:00,SMECO,18.8,7.6,48.0,0.0,5.8,1008.9,1.0
2025-11-08 21:00:00,SMECO,17.9,10.5,62.0,0.0,2.2,1009.3,3.0
2025-11-08 22:00:00,SMECO,15.7,9.6,67.0,0.0,5.0,1009.6,3.0
2025-11-08 23:00:00,SMECO,15.0,9.1,68.0,0.0,9.7,1010.4,3.0
2025-11-09 00:00:00,SMECO,13.7,8.7,72.0,0.0,10.8,1011.1,2.0
2025-11-09 01:00:00,SMECO,13.0,8.9,76.0,0.0,11.5,1011.0,3.0
2025-11-09 02:00:00,SMECO,12.8,8.7,76.0,0.0,12.2,1010.9,3.0
2025-11-09 03:00:00,SMECO,12.4,8.3,76.0,0.0,11.9,1011.2,2.0
2025-11-09 04:00:00,SMECO,12.0,8.3,78.0,0.0,11.5,1011.0,1.0
2025-11-09 05:00:00,SMECO,11.7,8.4,80.0,0.0,11.5,1010.7,1.0
2025-11-09 06:00:00,SMECO,11.2,8.2,82.0,0.0,10.8,1010.6,1.0
2025-11-09 07:00:00,SMECO,10.5,8.3,86.0,0.0,8.6,1010.5,2.0
2025-11-09 08:00:00,SMECO,9.9,8.0,88.0,0.0,7.2,1010.2,1.0
2025-11-09 09:00:00,SMECO,9.6,7.7,88.0,0.0,6.5,1009.7,1.0
2025-11-09 10:00:00,SMECO,9.5,7.4,87.0,0.0,6.1,1009.6,3.0
2025-11-09 11:00:00,SMECO,9.4,7.3,87.0,0.0,5.8,1009.4,2.0
2025-11-09 12:00:00,SMECO,9.5,7.6,88.0,0.0,6.1,1009.2,3.0
2025-11-09 13:00:00,SMECO,11.8,10.4,91.0,0.0,8.3,1009.2,3.0
2025-11-09 14:00:00,SMECO,13.8,11.7,87.0,0.0,7.6,1008.8,2.0
2025-11-09 15:00:00,SMECO,15.7,12.8,83.0,0.0,9.4,1007.8,3.0
2025-11-09 16:00:00,SMECO,17.5,13.2,76.0,0.1,11.9,1007.2,17.0
2025-11-09 17:00:00,SMECO,18.1,13.6,75.0,0.1,12.6,1006.5,17.0
2025-11-09 18:00:00,SMECO,20.0,13.7,67.0,0.0,16.2,1005.1,2.0
2025-11-09 19:00:00,SMECO,20.1,13.5,66.0,0.0,14.8,1004.5,3.0
2025-11-09 20:00:00,SMECO,20.5,13.7,65.0,0.0,15.5,1004.1,2.0
2025-11-09 21:00:00,SMECO,19.8,13.7,68.0,0.0,14.4,1004.0,2.0
2025-11-09 22:00:00,SMECO,16.6,13.5,82.0,0.3,11.5,1004.9,17.0
2025-11-09 23:00:00,SMECO,15.1,13.3,89.0,0.0,11.5,1005.1,2.0
2025-11-10 00:00:00,SMECO,14.1,12.5,90.0,0.0,11.2,1005.5,1.0
2025-11-10 01:00:00,SMECO,13.4,11.8,90.0,0.3,11.5,1005.8,17.0
2025-11-10 02:00:00,SMECO,13.7,11.0,84.0,0.0,18.4,1006.4,3.0
2025-11-10 03:00:00,SMECO,12.7,8.4,75.0,0.0,16.6,1007.2,3.0
2025-11-10 04:00:00,SMECO,12.1,7.8,75.0,0.2,16.2,1007.5,7.0
2025-11-10 05:00:00,SMECO,11.4,6.5,72.0,0.0,17.6,1007.3,3.0
2025-11-10 06:00:00,SMECO,10.5,5.7,72.0,0.0,15.5,1007.2,3.0
2025-11-10 07:00:00,SMECO,10.2,4.8,69.0,0.0,15.8,1006.8,3.0
2025-11-10 08:00:00,SMECO,9.9,4.5,69.0,0.0,15.1,1006.8,3.0
2025-11-10 09:00:00,SMECO,9.6,4.0,68.0,0.0,14.4,1006.8,3.0
2025-11-10 10:00:00,SMECO,8.7,3.5,70.0,0.0,15.8,1007.1,3.0
2025-11-10 11:00:00,SMECO,6.3,0.6,67.0,0.0,17.3,1008.5,3.0
2025-11-10 12:00:00,SMECO,6.1,0.2,66.0,0.0,18.0,1008.8,3.0
2025-11-10 13:00:00,SMECO,6.1,-0.2,64.0,0.0,18.4,1009.3,3.0
2025-11-10 14:00:00,SMECO,6.5,-0.0,63.0,0.0,19.8,1009.4,3.0
2025-11-10 15:00:00,SMECO,7.3,-0.4,58.0,0.0,21.6,1009.2,3.0
2025-11-10 16:00:00,SMECO,8.2,-0.8,53.0,0.0,22.7,1008.9,3.0
2025-11-10 17:00:00,SMECO,8.9,-1.0,50.0,0.0,23.0,1008.4,2.0
2025-11-10 18:00:00,SMECO,9.0,-1.7,47.0,0.0,22.3,1007.5,1.0
2025-11-10 19:00:00,SMECO,8.7,-2.6,45.0,0.0,22.0,1007.5,2.0
2025-11-10 20:00:00,SMECO,8.0,-3.2,45.0,0.0,21.2,1008.1,3.0
2025-11-10 21:00:00,SMECO,7.0,-3.8,46.0,0.0,20.9,1008.7,3.0
2025-11-10 22:00:00,SMECO,5.8,-3.8,50.0,0.0,18.0,1009.3,3.0
2025-11-10 23:00:00,SMECO,4.7,-4.3,52.0,0.0,17.6,1009.8,3.0
2025-11-11 00:00:00,SMECO,3.9,-5.1,52.0,0.0,16.2,1010.4,3.0
2025-11-11 01:00:00,SMECO,3.1,-6.0,51.0,0.0,16.2,1010.9,1.0
2025-11-11 02:00:00,SMECO,2.3,-6.5,52.0,0.0,15.8,1011.8,1.0
2025-11-11 03:00:00,SMECO,1.6,-6.7,54.0,0.0,15.5,1012.2,1.0
2025-11-11 04:00:00,SMECO,1.0,-6.8,56.0,0.0,15.1,1012.1,1.0
2025-11-11 05:00:00,SMECO,0.6,-6.7,58.0,0.0,15.1,1011.9,1.0
2025-11-11 06:00:00,SMECO,0.5,-6.6,59.0,0.0,15.8,1011.8,3.0
2025-11-11 07:00:00,SMECO,0.8,-6.5,58.0,0.0,19.1,1011.9,3.0
2025-11-11 08:00:00,SMECO,-0.6,-7.0,62.0,0.0,21.2,1012.4,3.0
2025-11-11 09:00:00,SMECO,-1.2,-7.5,62.0,0.0,20.2,1012.8,1.0
2025-11-11 10:00:00,SMECO,-1.7,-8.9,58.0,0.0,20.9,1013.1,1.0
2025-11-11 11:00:00,SMECO,-2.0,-9.8,55.0,0.0,21.2,1013.7,1.0
2025-11-11 12:00:00,SMECO,-2.0,-9.6,56.0,0.0,22.7,1014.3,1.0
2025-11-11 13:00:00,SMECO,-0.9,-8.3,57.0,0.0,20.9,1015.3,3.0
2025-11-11 14:00:00,SMECO,0.3,-8.4,52.0,0.0,27.4,1015.8,3.0
2025-11-11 15:00:00,SMECO,1.7,-9.5,43.0,0.0,28.8,1016.0,3.0
2025-11-11 16:00:00,SMECO,2.8,-7.9,45.0,0.0,27.7,1015.9,1.0
2025-11-11 17:00:00,SMECO,4.0,-7.7,42.0,0.0,30.6,1015.1,1.0
2025-11-11 18:00:00,SMECO,5.6,-7.9,37.0,0.0,37.1,1014.7,2.0
2025-11-11 19:00:00,SMECO,5.9,-7.3,38.0,0.0,33.5,1014.5,3.0
2025-11-11 20:00:00,SMECO,5.6,-6.6,41.0,0.0,32.0,1015.1,3.0
2025-11-11 21:00:00,SMECO,5.0,-6.2,44.0,0.0,27.0,1016.2,3.0
2025-11-11 22:00:00,SMECO,3.9,-5.8,49.0,0.0,19.1,1016.9,2.0
2025-11-11 23:00:00,SMECO,3.2,-5.7,52.0,0.0,13.7,1017.1,1.0
2025-11-12 00:00:00,SMECO,2.6,-5.5,55.0,0.0,14.0,1017.4,1.0
2025-11-12 01:00:00,SMECO,2.2,-5.7,56.0,0.0,14.0,1017.7,1.0
2025-11-12 02:00:00,SMECO,1.7,-5.4,59.0,0.0,12.2,1017.5,3.0
2025-11-12 03:00:00,SMECO,1.5,-5.0,62.0,0.0,10.8,1017.2,3.0
2025-11-12 04:00:00,SMECO,1.5,-5.2,61.0,0.0,11.5,1016.5,3.0
2025-11-12 05:00:00,SMECO,2.3,-5.3,57.0,0.0,11.9,1016.1,3.0
2025-11-12 06:00:00,SMECO,3.4,-5.3,53.0,0.0,13.0,1015.5,3.0
2025-11-12 07:00:00,SMECO,3.9,-5.3,51.0,0.0,13.0,1014.6,3.0
2025-11-12 08:00:00,SMECO,4.2,-5.3,50.0,0.0,14.0,1013.7,3.0
2025-11-12 09:00:00,SMECO,4.3,-5.2,50.0,0.0,16.2,1013.0,3.0
2025-11-12 10:00:00,SMECO,3.8,-5.7,50.0,0.0,16.9,1012.8,2.0
2025-11-12 11:00:00,SMECO,3.6,-5.6,51.0,0.0,17.6,1012.4,1.0
2025-11-12 12:00:00,SMECO,3.4,-5.5,52.0,0.0,17.6,1012.2,1.0
2025-11-12 13:00:00,SMECO,4.4,-4.3,53.0,0.0,16.9,1012.2,1.0
2025-11-12 14:00:00,SMECO,6.0,-3.1,52.0,0.0,15.8,1012.2,2.0
2025-11-12 15:00:00,SMECO,7.8,-2.0,50.0,0.0,16.9,1011.8,2.0
2025-11-12 16:00:00,SMECO,9.5,-1.3,47.0,0.0,16.9,1010.8,3.0
2025-11-12 17:00:00,SMECO,10.9,-0.6,45.0,0.0,18.0,1009.4,2.0
2025-11-12 18:00:00,SMECO,12.1,0.2,44.0,0.0,19.4,1008.3,2.0
2025-11-12 19:00:00,SMECO,13.0,1.0,44.0,0.0,25.6,1007.9,2.0
2025-11-12 20:00:00,SMECO,12.9,2.2,48.0,0.0,19.1,1007.6,3.0
2025-11-12 21:00:00,SMECO,12.8,2.1,48.0,0.0,19.8,1008.1,2.0
2025-11-12 22:00:00,SMECO,11.1,1.9,53.0,0.0,17.6,1009.0,1.0
2025-11-12 23:00:00,SMECO,11.1,1.6,52.0,0.0,15.1,1010.1,3.0
2025-11-13 00:00:00,SMECO,10.4,1.7,55.0,0.0,13.7,1010.6,3.0
2025-11-13 01:00:00,SMECO,9.9,1.5,56.0,0.0,16.9,1011.2,3.0
2025-11-13 02:00:00,SMECO,9.4,1.1,56.0,0.0,20.5,1012.0,2.0
2025-11-13 03:00:00,SMECO,8.8,1.0,58.0,0.0,21.2,1012.9,3.0
2025-11-13 04:00:00,SMECO,9.2,0.9,56.0,0.0,19.1,1013.3,3.0
2025-11-13 05:00:00,SMECO,8.4,0.6,58.0,0.0,18.0,1013.8,1.0
2025-11-13 06:00:00,SMECO,7.3,0.5,62.0,0.0,16.2,1014.1,1.0
2025-11-13 07:00:00,SMECO,6.8,0.3,63.0,0.0,17.6,1014.6,1.0
2025-11-13 08:00:00,SMECO,6.4,-0.6,61.0,0.0,17.6,1015.1,1.0
2025-11-13 09:00:00,SMECO,5.9,-1.0,61.0,0.0,15.1,1015.4,1.0
2025-11-13 10:00:00,SMECO,5.4,-1.1,63.0,0.0,14.8,1015.9,1.0
2025-11-13 11:00:00,SMECO,4.9,-1.1,65.0,0.0,13.7,1016.1,1.0
2025-11-13 12:00:00,SMECO,4.5,-1.1,67.0,0.0,13.0,1016.5,1.0
2025-11-13 13:00:00,SMECO,5.9,-0.6,63.0,0.0,14.4,1017.1,1.0
2025-11-13 14:00:00,SMECO,8.0,0.2,58.0,0.0,14.4,1017.3,1.0
2025-11-13 15:00:00,SMECO,9.6,-0.6,49.0,0.0,22.3,1017.0,1.0
2025-11-13 16:00:00,SMECO,10.1,-1.0,46.0,0.0,22.7,1016.4,1.0
2025-11-13 17:00:00,SMECO,10.9,-1.2,43.0,0.0,23.4,1016.0,1.0
2025-11-13 18:00:00,SMECO,11.3,-1.1,42.0,0.0,21.2,1015.6,1.0
2025-11-13 19:00:00,SMECO,11.7,-1.5,40.0,0.0,20.5,1015.4,1.0
2025-11-13 20:00:00,SMECO,11.7,-1.8,39.0,0.0,20.2,1015.6,1.0
2025-11-13 21:00:00,SMECO,11.1,-1.7,41.0,0.0,16.6,1016.2,1.0
2025-11-13 22:00:00,SMECO,9.4,-1.6,46.0,0.0,12.6,1016.6,1.0
2025-11-13 23:00:00,SMECO,8.2,-1.3,51.0,0.0,13.3,1017.3,1.0
2025-11-14 00:00:00,SMECO,7.6,-1.4,53.0,0.0,13.7,1018.0,1.0
2025-11-14 01:00:00,SMECO,6.9,-1.0,57.0,0.0,11.9,1018.2,1.0
2025-11-14 02:00:00,SMECO,6.9,-1.8,54.0,0.0,11.5,1019.3,1.0
2025-11-14 03:00:00,SMECO,6.3,-1.6,57.0,0.0,10.4,1019.8,1.0
2025-11-14 04:00:00,SMECO,5.7,-1.5,60.0,0.0,10.1,1020.0,1.0
2025-11-14 05:00:00,SMECO,5.0,-1.2,64.0,0.0,9.7,1020.4,1.0
2025-11-14 06:00:00,SMECO,4.5,-1.3,66.0,0.0,9.7,1020.4,3.0
2025-11-14 07:00:00,SMECO,4.2,-1.4,67.0,0.0,9.7,1020.7,3.0
2025-11-14 08:00:00,SMECO,4.0,-1.2,69.0,0.0,10.4,1021.0,1.0
2025-11-14 09:00:00,SMECO,3.8,-1.2,70.0,0.0,10.4,1021.2,1.0
2025-11-14 10:00:00,SMECO,3.6,-1.4,70.0,0.0,10.8,1021.7,1.0
2025-11-14 11:00:00,SMECO,3.5,-1.3,71.0,0.0,11.2,1022.1,1.0
2025-11-14 12:00:00,SMECO,3.3,-1.1,73.0,0.0,11.9,1022.3,1.0
2025-11-14 13:00:00,SMECO,4.7,-0.5,69.0,0.0,12.6,1023.0,2.0
2025-11-14 14:00:00,SMECO,7.0,0.4,63.0,0.0,11.2,1022.9,1.0
2025-11-14 15:00:00,SMECO,9.1,0.8,56.0,0.0,13.7,1022.5,1.0
2025-11-14 16:00:00,SMECO,10.5,0.2,49.0,0.0,14.8,1022.0,1.0
2025-11-14 17:00:00,SMECO,11.5,-0.6,43.0,0.0,13.7,1020.7,2.0
2025-11-14 18:00:00,SMECO,12.3,-1.3,39.0,0.0,13.0,1019.4,1.0
2025-11-14 19:00:00,SMECO,12.9,-1.8,36.0,0.0,13.7,1018.4,2.0
2025-11-14 20:00:00,SMECO,12.6,-2.1,36.0,0.0,13.3,1018.0,3.0
2025-11-14 21:00:00,SMECO,11.8,-0.7,42.0,0.0,9.0,1017.6,3.0
2025-11-14 22:00:00,SMECO,10.6,1.7,54.0,0.0,6.1,1017.0,3.0
2025-11-14 23:00:00,SMECO,9.2,1.4,58.0,0.0,6.5,1016.7,3.0
2025-11-15 00:00:00,SMECO,8.9,1.8,61.0,0.0,5.4,1016.4,3.0
2025-11-15 01:00:00,SMECO,8.8,1.0,58.0,0.0,7.9,1016.0,3.0
2025-11-15 02:00:00,SMECO,8.6,1.7,62.0,0.0,6.5,1015.5,3.0
2025-11-15 03:00:00,SMECO,8.5,1.6,62.0,0.0,6.8,1015.0,3.0
2025-11-15 04:00:00,SMECO,8.6,2.4,65.0,0.0,5.0,1014.3,3.0
2025-11-15 05:00:00,SMECO,8.8,2.6,65.0,0.0,4.3,1013.4,3.0
2025-11-15 06:00:00,SMECO,8.9,2.7,65.0,0.0,5.0,1012.7,3.0
2025-11-15 07:00:00,SMECO,7.8,1.4,64.0,0.0,7.9,1012.6,3.0
2025-11-15 08:00:00,SMECO,7.3,0.9,64.0,0.0,9.0,1012.4,3.0
2025-11-15 09:00:00,SMECO,7.1,0.3,62.0,0.0,9.4,1012.4,3.0
2025-11-15 10:00:00,SMECO,6.8,0.0,62.0,0.0,7.9,1012.5,3.0
2025-11-15 11:00:00,SMECO,5.9,0.7,69.0,0.0,6.1,1012.3,3.0
2025-11-15 12:00:00,SMECO,5.6,1.1,73.0,0.0,4.3,1012.2,3.0
2025-11-15 13:00:00,SMECO,6.8,1.5,69.0,0.0,4.7,1011.9,3.0
2025-11-15 14:00:00,SMECO,9.0,1.9,61.0,0.0,1.8,1011.4,3.0
2025-11-15 15:00:00,SMECO,10.3,2.4,58.0,0.0,2.2,1010.7,3.0
2025-11-15 16:00:00,SMECO,10.8,2.9,58.0,0.0,3.6,1009.9,3.0
2025-11-15 17:00:00,SMECO,12.0,3.7,57.0,0.0,4.7,1008.4,3.0
2025-11-15 18:00:00,SMECO,13.6,4.7,55.0,0.0,6.8,1007.0,3.0
2025-11-15 19:00:00,SMECO,14.1,5.7,57.0,0.0,9.0,1005.9,3.0
2025-11-15 20:00:00,SMECO,14.8,6.9,59.0,0.0,8.3,1004.5,3.0
2025-11-15 21:00:00,SMECO,14.3,7.8,65.0,0.0,9.7,1003.5,3.0
2025-11-15 22:00:00,SMECO,14.2,7.3,63.0,0.0,11.9,1001.2,3.0
2025-11-15 23:00:00,SMECO,14.9,8.8,67.0,0.0,14.4,999.8,3.0
2025-11-16 00:00:00,SMECO,16.3,9.5,64.0,0.0,18.4,999.3,3.0
2025-11-16 01:00:00,SMECO,16.0,10.5,70.0,0.2,16.6,998.2,7.0
2025-11-16 02:00:00,SMECO,16.5,9.4,63.0,0.0,20.5,997.4,3.0
2025-11-16 03:00:00,SMECO,16.7,9.4,62.0,0.0,19.4,996.4,3.0
2025-11-16 04:00:00,SMECO,16.9,10.0,64.0,0.0,19.4,995.1,3.0
2025-11-16 05:00:00,SMECO,17.3,10.7,65.0,0.0,20.2,994.5,3.0
2025-11-16 06:00:00,SMECO,17.4,11.0,66.0,0.0,23.0,993.6,3.0
2025-11-16 07:00:00,SMECO,17.2,11.7,70.0,0.0,21.2,993.6,3.0
2025-11-16 08:00:00,SMECO,17.1,12.2,73.0,0.0,22.7,993.3,3.0
2025-11-16 09:00:00,SMECO,16.5,11.8,74.0,0.0,20.9,993.8,3.0
2025-11-16 10:00:00,SMECO,15.6,11.0,74.0,0.0,21.2,994.3,1.0
2025-11-16 11:00:00,SMECO,14.6,9.6,72.0,0.0,22.7,995.3,2.0
2025-11-16 12:00:00,SMECO,13.2,8.3,72.0,0.0,22.7,996.4,3.0
2025-11-16 13:00:00,SMECO,12.1,4.8,61.0,0.0,25.2,997.5,1.0
2025-11-16 14:00:00,SMECO,11.6,1.0,48.0,0.0,27.4,998.2,1.0
2025-11-16 15:00:00,SMECO,12.2,0.6,45.0,0.0,32.8,998.6,1.0
2025-11-16 16:00:00,SMECO,12.7,-1.6,37.0,0.0,32.4,998.8,3.0
2025-11-16 17:00:00,SMECO,13.2,-3.1,32.0,0.0,29.9,998.3,1.0
2025-11-16 18:00:00,SMECO,12.9,-4.7,29.0,0.0,29.9,998.2,1.0
2025-11-16 19:00:00,SMECO,12.0,-5.0,30.0,0.0,29.9,998.7,1.0
2025-11-16 20:00:00,SMECO,12.0,-5.9,28.0,0.0,36.0,999.5,1.0
2025-11-16 21:00:00,SMECO,10.5,-5.1,33.0,0.0,30.2,1000.9,3.0
2025-11-16 22:00:00,SMECO,9.3,-5.0,36.0,0.0,25.9,1002.1,2.0
2025-11-16 23:00:00,SMECO,8.5,-5.0,38.0,0.0,24.1,1003.5,2.0
2025-11-17 00:00:00,SMECO,7.6,-4.2,43.0,0.0,25.9,1004.8,1.0
2025-11-17 01:00:00,SMECO,6.7,-4.1,46.0,0.0,23.0,1005.7,1.0
2025-11-17 02:00:00,SMECO,6.3,-5.1,44.0,0.0,19.8,1006.5,1.0
2025-11-17 03:00:00,SMECO,6.0,-5.9,42.0,0.0,18.0,1007.0,1.0
2025-11-17 04:00:00,SMECO,5.5,-6.4,42.0,0.0,17.3,1007.5,1.0
2025-11-17 05:00:00,SMECO,5.2,-6.4,43.0,0.0,18.0,1007.8,1.0
2025-11-17 06:00:00,SMECO,5.0,-5.9,45.0,0.0,18.0,1008.0,2.0
2025-11-17 07:00:00,SMECO,4.9,-5.5,47.0,0.0,16.9,1008.3,1.0
2025-11-17 08:00:00,SMECO,4.8,-5.3,48.0,0.0,18.7,1008.6,2.0
2025-11-17 09:00:00,SMECO,4.7,-5.6,47.0,0.0,20.9,1009.2,2.0
2025-11-17 10:00:00,SMECO,4.5,-5.3,49.0,0.0,20.5,1010.0,2.0
2025-11-17 11:00:00,SMECO,4.3,-5.5,49.0,0.0,19.8,1010.7,1.0
2025-11-17 12:00:00,SMECO,4.2,-5.3,50.0,0.0,20.2,1011.6,1.0
2025-11-17 13:00:00,SMECO,4.8,-5.0,49.0,0.0,21.2,1012.6,1.0
2025-11-17 14:00:00,SMECO,5.7,-5.6,44.0,0.0,23.0,1013.1,1.0
2025-11-17 15:00:00,SMECO,6.6,-6.0,40.0,0.0,27.0,1013.2,1.0
2025-11-17 16:00:00,SMECO,7.6,-6.9,35.0,0.0,26.6,1013.2,3.0
2025-11-17 17:00:00,SMECO,8.9,-7.7,30.0,0.0,25.9,1012.5,3.0
2025-11-17 18:00:00,SMECO,9.4,-8.2,28.0,0.0,24.5,1012.9,2.0
2025-11-17 19:00:00,SMECO,9.2,-7.5,30.0,0.0,22.3,1013.1,2.0
2025-11-17 20:00:00,SMECO,9.0,-7.6,30.0,0.0,20.9,1013.6,1.0
2025-11-17 21:00:00,SMECO,8.6,-7.6,31.0,0.0,17.6,1014.3,1.0
2025-11-17 22:00:00,SMECO,7.4,-7.1,35.0,0.0,13.0,1015.5,1.0
2025-11-17 23:00:00,SMECO,6.4,-6.5,39.0,0.0,11.5,1016.3,1.0
2025-11-18 00:00:00,SMECO,5.6,-6.3,42.0,0.0,10.8,1017.1,1.0
2025-11-18 01:00:00,SMECO,5.1,-6.1,44.0,0.0,11.2,1017.8,1.0
2025-11-18 02:00:00,SMECO,4.7,-6.2,45.0,0.0,12.2,1018.8,1.0
2025-11-18 03:00:00,SMECO,4.1,-5.9,48.0,0.0,11.5,1019.7,1.0
2025-11-18 04:00:00,SMECO,3.5,-5.7,51.0,0.0,10.4,1020.3,1.0
2025-11-18 05:00:00,SMECO,3.2,-5.7,52.0,0.0,11.5,1020.7,1.0
2025-11-18 06:00:00,SMECO,2.7,-5.7,54.0,0.0,10.8,1021.1,1.0
2025-11-18 07:00:00,SMECO,2.2,-5.2,58.0,0.0,9.7,1021.4,1.0
2025-11-18 08:00:00,SMECO,1.8,-5.1,60.0,0.0,10.1,1021.7,1.0
2025-11-18 09:00:00,SMECO,1.5,-5.0,62.0,0.0,10.1,1022.0,1.0
2025-11-18 10:00:00,SMECO,1.2,-4.8,64.0,0.0,9.7,1022.4,1.0
2025-11-18 11:00:00,SMECO,1.0,-4.6,66.0,0.0,9.7,1023.1,1.0
2025-11-18 12:00:00,SMECO,0.7,-4.5,68.0,0.0,9.0,1023.6,2.0
2025-11-18 13:00:00,SMECO,2.1,-4.2,63.0,0.0,8.6,1024.3,1.0
2025-11-18 14:00:00,SMECO,4.2,-4.0,55.0,0.0,4.3,1024.8,3.0
2025-11-18 15:00:00,SMECO,5.8,-4.1,49.0,0.0,4.7,1025.0,3.0
2025-11-18 16:00:00,SMECO,6.7,-4.4,45.0,0.0,6.8,1025.2,3.0
2025-11-18 17:00:00,SMECO,7.8,-5.0,40.0,0.0,7.2,1024.5,3.0
2025-11-18 18:00:00,SMECO,7.6,-5.1,40.0,0.0,5.8,1022.8,3.0
2025-11-18 19:00:00,SMECO,8.5,-5.0,38.0,0.0,5.4,1022.3,3.0
2025-11-18 20:00:00,SMECO,8.5,-5.4,37.0,0.0,4.0,1021.9,3.0
2025-11-18 21:00:00,SMECO,8.3,-4.5,40.0,0.0,5.4,1022.0,3.0
2025-11-18 22:00:00,SMECO,7.8,-3.1,46.0,0.0,6.1,1022.0,3.0
2025-11-18 23:00:00,SMECO,7.5,-2.5,49.0,0.1,7.9,1022.5,7.0
2025-11-19 00:00:00,SMECO,6.4,-0.8,60.0,1.2,8.3,1022.4,9.0
2025-11-19 01:00:00,SMECO,5.5,2.5,81.0,1.2,10.1,1022.3,9.0
2025-11-19 02:00:00,SMECO,5.0,3.7,91.0,1.5,10.4,1021.9,9.0
2025-11-19 03:00:00,SMECO,5.5,3.8,89.0,0.0,12.6,1021.7,3.0
2025-11-19 04:00:00,SMECO,5.3,3.8,90.0,0.3,11.2,1021.7,8.0
2025-11-19 05:00:00,SMECO,5.0,4.4,96.0,1.1,11.5,1020.9,9.0
2025-11-19 06:00:00,SMECO,5.5,4.5,93.0,0.0,10.8,1020.4,3.0
2025-11-19 07:00:00,SMECO,5.7,5.3,97.0,0.2,9.7,1020.2,7.0
2025-11-19 08:00:00,SMECO,6.3,5.6,95.0,0.1,10.1,1019.7,7.0
2025-11-19 09:00:00,SMECO,6.5,5.9,96.0,0.0,8.3,1019.3,3.0
2025-11-19 10:00:00,SMECO,6.6,6.0,96.0,0.0,6.1,1019.7,3.0
2025-11-19 11:00:00,SMECO,6.8,6.1,95.0,0.0,6.5,1020.2,3.0
2025-11-19 12:00:00,SMECO,6.9,6.3,96.0,0.0,5.4,1020.5,3.0
2025-11-19 13:00:00,SMECO,7.3,6.6,95.0,0.0,6.8,1021.1,3.0
2025-11-19 14:00:00,SMECO,8.2,6.8,91.0,0.0,6.5,1021.4,3.0
2025-11-19 15:00:00,SMECO,9.6,6.7,82.0,0.0,7.2,1021.8,3.0
2025-11-19 16:00:00,SMECO,10.5,6.3,75.0,0.0,10.4,1021.9,3.0
2025-11-19 17:00:00,SMECO,11.0,5.9,71.0,0.0,10.8,1021.6,3.0
2025-11-19 18:00:00,SMECO,11.4,5.7,68.0,0.0,9.4,1021.1,3.0
2025-11-19 19:00:00,SMECO,11.3,5.6,68.0,0.0,9.0,1020.9,3.0
2025-11-19 20:00:00,SMECO,11.0,5.7,70.0,0.0,9.4,1021.1,3.0
2025-11-19 21:00:00,SMECO,10.4,5.6,72.0,0.0,9.7,1021.6,3.0
2025-11-19 22:00:00,SMECO,9.2,5.6,78.0,0.0,9.0,1022.0,3.0
2025-11-19 23:00:00,SMECO,8.5,5.4,81.0,0.0,10.4,1022.5,3.0
2025-11-20 00:00:00,SMECO,8.4,5.2,80.0,0.0,10.8,1022.8,3.0
2025-11-20 01:00:00,SMECO,8.1,4.9,80.0,0.0,10.4,1023.0,3.0
2025-11-20 02:00:00,SMECO,7.7,4.8,82.0,0.0,9.4,1023.4,3.0
2025-11-20 03:00:00,SMECO,7.3,4.8,84.0,0.0,9.7,1023.4,3.0
2025-11-20 04:00:00,SMECO,6.5,4.5,87.0,0.0,9.0,1023.2,3.0
2025-11-20 05:00:00,SMECO,6.0,4.5,90.0,0.0,8.3,1022.9,3.0
2025-11-20 06:00:00,SMECO,5.5,4.1,91.0,0.0,8.6,1022.9,2.0
2025-11-20 07:00:00,SMECO,7.1,3.9,80.0,,9.3,1023.0,4.0
2025-11-20 08:00:00,SMECO,6.8,3.8,81.0,,9.3,1023.0,4.0
2025-11-20 09:00:00,SMECO,7.0,4.0,81.0,,9.3,1023.1,4.0
2025-11-20 10:00:00,SMECO,7.1,3.9,80.0,,9.3,1023.3,4.0
2025-11-20 11:00:00,SMECO,7.2,4.0,80.0,,9.3,1023.5,4.0
2025-11-20 12:00:00,SMECO,5.9,4.4,90.0,,6.1,1023.2,4.0
2025-11-20 13:00:00,SMECO,8.8,4.6,75.0,,9.3,1023.9,4.0
2025-11-20 14:00:00,SMECO,9.4,5.0,74.0,,9.3,1024.1,4.0
2025-11-20 15:00:00,SMECO,9.9,5.5,74.0,,9.3,1023.3,4.0
2025-11-20 16:00:00,SMECO,10.7,5.7,71.0,,9.3,1022.6,4.0
2025-11-20 17:00:00,SMECO,11.4,5.7,68.0,,7.4,1021.9,4.0
2025-11-20 18:00:00,SMECO,10.3,6.1,75.0,,2.9,1021.7,4.0
2025-11-20 19:00:00,SMECO,11.6,5.9,68.0,,7.4,1021.2,4.0
2025-11-20 20:00:00,SMECO,11.6,5.9,68.0,,7.4,1020.9,4.0
2025-11-20 21:00:00,SMECO,11.0,5.9,71.0,,7.4,1020.9,4.0
2025-11-20 22:00:00,SMECO,10.4,6.2,75.0,,7.4,1021.0,4.0
2025-11-20 23:00:00,SMECO,9.8,6.3,79.0,,7.4,1021.0,4.0
2025-11-21 00:00:00,SMECO,8.6,6.9,89.0,,2.9,1021.4,4.0
2025-11-21 01:00:00,SMECO,9.3,6.4,82.0,,5.5,1021.0,4.0
2025-11-21 02:00:00,SMECO,8.9,6.5,85.0,,3.7,1020.7,4.0
2025-11-21 03:00:00,SMECO,8.7,6.5,86.0,,3.7,1020.6,4.0
2025-11-21 04:00:00,SMECO,8.5,6.5,87.0,,3.7,1020.2,4.0
2025-11-21 05:00:00,SMECO,8.3,6.4,88.0,,3.7,1019.7,4.0
2025-11-21 06:00:00,SMECO,6.6,5.4,92.0,,1.1,1019.8,4.0
2025-11-21 07:00:00,SMECO,8.0,6.5,90.0,,3.7,1019.2,4.0
2025-11-21 08:00:00,SMECO,7.9,6.5,91.0,,3.7,1019.1,4.0
2025-11-21 09:00:00,SMECO,7.8,6.6,92.0,,5.5,1019.0,4.0
2025-11-21 10:00:00,SMECO,8.0,6.6,91.0,,5.5,1018.8,4.0
2025-11-21 11:00:00,SMECO,8.2,6.7,90.0,,5.5,1018.6,4.0
2025-11-21 12:00:00,SMECO,6.2,5.8,97.0,,6.5,1017.9,4.0
2025-11-21 13:00:00,SMECO,10.3,7.4,82.0,,7.4,1018.4,4.0
2025-11-21 14:00:00,SMECO,11.2,7.9,80.0,,9.3,1018.0,4.0
2025-11-21 15:00:00,SMECO,12.2,8.1,76.0,,9.3,1017.3,4.0
2025-11-21 16:00:00,SMECO,13.7,8.3,70.0,,11.1,1016.3,4.0
2025-11-21 17:00:00,SMECO,15.1,8.8,66.0,,11.1,1015.3,4.0
2025-11-21 18:00:00,SMECO,12.1,9.5,84.0,,10.8,1013.8,4.0
2025-11-21 19:00:00,SMECO,15.7,8.9,64.0,,11.1,1014.4,4.0
2025-11-21 20:00:00,SMECO,15.8,8.8,63.0,,11.1,1013.8,4.0
2025-11-21 21:00:00,SMECO,15.0,8.9,67.0,,9.3,1013.7,4.0
2025-11-21 22:00:00,SMECO,14.2,9.0,71.0,,9.3,1013.7,4.0
2025-11-21 23:00:00,SMECO,13.4,9.1,75.0,,7.4,1013.7,7.0
2025-11-22 00:00:00,SMECO,11.5,10.2,92.0,,4.0,1012.9,7.0
2025-11-22 01:00:00,SMECO,12.5,9.3,81.0,,7.4,1014.1,7.0
2025-11-22 02:00:00,SMECO,12.0,9.2,83.0,,7.4,1014.2,8.0
2025-11-22 03:00:00,SMECO,11.9,9.3,84.0,,7.4,1014.1,8.0
2025-11-22 04:00:00,SMECO,11.5,8.9,84.0,,7.4,1013.8,8.0
2025-11-22 05:00:00,SMECO,11.1,8.5,84.0,,9.3,1013.5,8.0
2025-11-22 06:00:00,SMECO,10.8,10.5,98.0,,8.6,1011.5,8.0
2025-11-22 07:00:00,SMECO,10.6,8.0,84.0,,11.1,1013.1,8.0
2025-11-22 08:00:00,SMECO,10.5,7.7,83.0,,11.1,1013.0,8.0
2025-11-22 09:00:00,SMECO,10.4,8.0,85.0,,13.0,1013.1,8.0
2025-11-22 10:00:00,SMECO,10.3,7.9,85.0,,13.0,1013.5,8.0
2025-11-22 11:00:00,SMECO,10.1,7.9,86.0,,13.0,1014.0,8.0
2025-11-22 12:00:00,SMECO,8.6,7.8,95.0,,15.5,1013.3,7.0
2025-11-22 13:00:00,SMECO,10.9,7.8,81.0,,14.8,1014.7,7.0
2025-11-22 14:00:00,SMECO,11.2,7.9,80.0,,16.7,1015.0,7.0
2025-11-22 15:00:00,SMECO,12.4,7.5,72.0,,16.7,1014.9,4.0
2025-11-22 16:00:00,SMECO,12.7,7.2,69.0,,14.8,1014.4,4.0
2025-11-22 17:00:00,SMECO,13.1,6.7,65.0,,14.8,1013.9,4.0
2025-11-22 18:00:00,SMECO,7.5,2.2,69.0,,11.2,1014.8,4.0
2025-11-22 19:00:00,SMECO,12.9,6.0,63.0,,13.0,1013.8,3.0
2025-11-22 20:00:00,SMECO,12.6,5.7,63.0,,13.0,1013.8,3.0
2025-11-22 21:00:00,SMECO,12.5,5.2,61.0,,13.0,1014.3,3.0
2025-11-22 22:00:00,SMECO,12.1,5.0,62.0,,13.0,1014.6,3.0
2025-11-22 23:00:00,SMECO,11.6,4.8,63.0,,11.1,1014.8,3.0
2025-11-23 00:00:00,SMECO,5.6,1.0,72.0,,8.6,1017.4,3.0
2025-11-23 01:00:00,SMECO,10.9,5.0,67.0,,9.3,1015.4,3.0
2025-11-23 02:00:00,SMECO,10.6,4.9,68.0,,9.3,1015.8,3.0
2025-11-23 03:00:00,SMECO,10.1,5.1,71.0,,9.3,1015.8,3.0
2025-11-23 04:00:00,SMECO,9.5,5.3,75.0,,9.3,1015.5,3.0
2025-11-23 05:00:00,SMECO,8.9,5.5,79.0,,9.3,1015.3,4.0
2025-11-23 06:00:00,SMECO,2.5,-0.6,80.0,,7.2,1018.8,4.0
2025-11-23 07:00:00,SMECO,8.5,5.6,82.0,,7.4,1014.8,4.0
2025-11-23 08:00:00,SMECO,8.4,5.5,82.0,,7.4,1014.7,4.0
2025-11-23 09:00:00,SMECO,8.2,5.3,82.0,,7.4,1015.0,3.0
2025-11-23 10:00:00,SMECO,8.1,5.4,83.0,,7.4,1015.3,3.0
2025-11-23 11:00:00,SMECO,8.0,5.5,84.0,,7.4,1015.6,3.0
2025-11-23 12:00:00,SMECO,0.1,-1.8,87.0,,3.2,1020.0,3.0
2025-11-23 13:00:00,SMECO,10.3,5.5,72.0,,9.3,1016.3,3.0
2025-11-23 14:00:00,SMECO,11.7,5.6,66.0,,11.1,1016.6,3.0
2025-11-23 15:00:00,SMECO,12.5,5.4,62.0,,11.1,1016.2,3.0
2025-11-23 16:00:00,SMECO,13.4,5.1,57.0,,11.1,1015.6,3.0
2025-11-23 17:00:00,SMECO,14.2,4.8,53.0,,13.0,1015.0,3.0
2025-11-23 18:00:00,SMECO,10.6,1.9,55.0,,5.4,1018.9,3.0
2025-11-23 19:00:00,SMECO,15.1,4.2,48.0,,14.8,1015.1,3.0
2025-11-23 20:00:00,SMECO,15.4,4.1,47.0,,14.8,1015.0,3.0
2025-11-23 21:00:00,SMECO,14.4,4.4,51.0,,13.0,1015.3,3.0
2025-11-23 22:00:00,SMECO,13.6,4.5,54.0,,11.1,1015.4,3.0
2025-11-23 23:00:00,SMECO,12.7,4.6,58.0,,9.3,1015.5,3.0
2025-11-24 00:00:00,SMECO,7.0,2.5,73.0,,4.7,1019.3,3.0
2025-11-24 01:00:00,SMECO,11.6,5.0,64.0,,9.3,1016.0,2.0
2025-11-24 02:00:00,SMECO,11.1,4.8,65.0,,7.4,1016.1,3.0
2025-11-24 03:00:00,SMECO,10.8,3.8,62.0,,9.3,1016.2,3.0
2025-11-24 04:00:00,SMECO,10.5,4.0,64.0,,7.4,1016.1,3.0
2025-11-24 05:00:00,SMECO,10.1,4.0,66.0,,7.4,1016.0,3.0
2025-11-24 06:00:00,SMECO,4.4,1.6,82.0,,6.5,1019.6,3.0
2025-11-24 07:00:00,SMECO,9.0,4.2,72.0,,7.4,1016.4,3.0
2025-11-24 08:00:00,SMECO,8.4,4.2,75.0,,7.4,1016.7,3.0
2025-11-24 09:00:00,SMECO,8.5,4.5,76.0,,7.4,1016.6,3.0
2025-11-24 10:00:00,SMECO,8.4,4.4,76.0,,7.4,1017.2,3.0
2025-11-24 11:00:00,SMECO,8.3,4.1,75.0,,7.4,1017.7,3.0
2025-11-24 12:00:00,SMECO,2.8,1.2,89.0,,5.8,1020.9,3.0
2025-11-24 13:00:00,SMECO,10.4,4.7,68.0,,11.1,1018.5,3.0
2025-11-24 14:00:00,SMECO,11.6,5.2,65.0,,11.1,1018.8,3.0
2025-11-24 15:00:00,SMECO,12.7,5.4,61.0,,13.0,1018.1,3.0
2025-11-24 16:00:00,SMECO,14.3,5.1,54.0,,14.8,1017.7,3.0
2025-11-24 17:00:00,SMECO,15.9,5.2,49.0,,16.7,1017.2,3.0
2025-11-24 18:00:00,SMECO,13.7,7.5,66.0,,5.8,1019.3,3.0
2025-11-24 19:00:00,SMECO,16.7,5.3,47.0,,14.8,1016.9,3.0
2025-11-24 20:00:00,SMECO,17.0,5.3,46.0,,14.8,1017.0,3.0
2025-11-24 21:00:00,SMECO,16.3,5.0,47.0,,13.0,1017.0,3.0
2025-11-24 22:00:00,SMECO,15.3,5.2,51.0,,13.0,1017.4,3.0
2025-11-24 23:00:00,SMECO,14.2,5.3,55.0,,13.0,1017.8,3.0
2025-11-25 00:00:00,SMECO,10.2,6.5,78.0,,7.9,1019.1,3.0
2025-11-25 01:00:00,SMECO,13.2,5.6,60.0,,11.1,1018.1,3.0
2025-11-25 02:00:00,SMECO,12.6,5.7,63.0,,11.1,1018.3,3.0
2025-11-25 03:00:00,SMECO,12.2,5.6,64.0,,9.3,1018.3,3.0
2025-11-25 04:00:00,SMECO,11.7,5.8,67.0,,11.1,1018.3,3.0
2025-11-25 05:00:00,SMECO,11.2,5.7,69.0,,11.1,1018.3,3.0
2025-11-25 06:00:00,SMECO,7.7,5.0,83.0,,7.9,1018.6,3.0
2025-11-25 07:00:00,SMECO,10.8,5.8,71.0,,9.3,1018.2,3.0
2025-11-25 08:00:00,SMECO,10.5,5.9,73.0,,9.3,1018.2,3.0
2025-11-25 09:00:00,SMECO,10.1,5.7,74.0,,9.3,1018.5,3.0
2025-11-25 10:00:00,SMECO,10.0,5.6,74.0,,9.3,1018.8,3.0
2025-11-25 11:00:00,SMECO,10.0,5.6,74.0,,7.4,1019.1,3.0
2025-11-25 12:00:00,SMECO,8.6,2.2,64.0,,11.2,1019.8,3.0
2025-11-25 13:00:00,SMECO,11.3,5.8,69.0,,11.1,1020.3,3.0
2025-11-25 14:00:00,SMECO,12.0,6.1,67.0,,13.0,1020.8,7.0
2025-11-25 15:00:00,SMECO,13.1,6.2,63.0,,14.8,1020.1,7.0
2025-11-25 16:00:00,SMECO,14.0,6.1,59.0,,14.8,1019.5,7.0
2025-11-25 17:00:00,SMECO,15.0,5.8,54.0,,16.7,1018.9,3.0
2025-11-25 18:00:00,SMECO,12.5,8.6,77.0,,9.0,1020.2,3.0
2025-11-25 19:00:00,SMECO,14.9,5.7,54.0,,14.8,1019.0,3.0
2025-11-25 20:00:00,SMECO,14.8,5.6,54.0,,14.8,1019.1,3.0
2025-11-25 21:00:00,SMECO,14.2,5.5,56.0,,14.8,1019.4,3.0
2025-11-25 22:00:00,SMECO,13.5,5.4,58.0,,13.0,1019.7,3.0
2025-11-25 23:00:00,SMECO,12.7,5.4,61.0,,11.1,1020.0,3.0
2025-11-26 00:00:00,SMECO,9.9,7.7,86.0,,6.8,1021.2,3.0
2025-11-26 01:00:00,SMECO,11.8,5.4,65.0,,9.3,1020.2,3.0
2025-11-26 02:00:00,SMECO,11.3,5.2,66.0,,9.3,1020.2,3.0
2025-11-26 03:00:00,SMECO,10.8,4.7,66.0,,9.3,1020.0,3.0
2025-11-26 04:00:00,SMECO,10.2,4.3,67.0,,9.3,1019.9,3.0
2025-11-26 05:00:00,SMECO,9.7,3.7,66.0,,9.3,1019.8,3.0
2025-11-26 06:00:00,SMECO,6.2,2.5,77.0,,7.9,1022.5,3.0
2025-11-26 07:00:00,SMECO,9.0,3.8,70.0,,9.3,1019.7,3.0
2025-11-26 08:00:00,SMECO,8.7,3.9,72.0,,9.3,1019.8,3.0
2025-11-26 09:00:00,SMECO,8.2,3.3,71.0,,9.3,1020.0,3.0
2025-11-26 10:00:00,SMECO,8.2,3.3,71.0,,9.3,1020.1,3.0
2025-11-26 11:00:00,SMECO,8.2,3.1,70.0,,9.3,1020.2,3.0
2025-11-26 12:00:00,SMECO,4.8,0.9,76.0,,9.0,1025.2,3.0
2025-11-26 13:00:00,SMECO,9.7,3.2,64.0,,11.1,1021.4,3.0
2025-11-26 14:00:00,SMECO,10.6,3.4,61.0,,11.1,1021.8,3.0
2025-11-26 15:00:00,SMECO,11.6,3.6,58.0,,11.1,1021.4,3.0
2025-11-26 16:00:00,SMECO,12.7,3.6,54.0,,11.1,1020.6,3.0
2025-11-26 17:00:00,SMECO,13.7,3.5,50.0,,13.0,1019.8,3.0
2025-11-26 18:00:00,SMECO,8.9,0.6,56.0,,7.9,1025.0,3.0
2025-11-26 19:00:00,SMECO,14.2,3.3,48.0,,13.0,1019.3,3.0
2025-11-26 20:00:00,SMECO,14.1,3.3,48.0,,13.0,1019.2,3.0
2025-11-26 21:00:00,SMECO,13.4,3.2,50.0,,13.0,1019.2,3.0
2025-11-26 22:00:00,SMECO,12.7,3.6,54.0,,11.1,1019.6,3.0
2025-11-26 23:00:00,SMECO,12.0,3.7,57.0,,11.1,1019.9,3.0
2025-11-27 00:00:00,SMECO,6.6,1.9,72.0,,5.8,1025.1,3.0
2025-11-27 01:00:00,SMECO,10.6,3.4,61.0,,11.1,1020.1,3.0
2025-11-27 02:00:00,SMECO,10.0,3.5,64.0,,11.1,1020.2,3.0
2025-11-27 03:00:00,SMECO,9.6,3.3,65.0,,11.1,1020.2,3.0
2025-11-27 04:00:00,SMECO,9.0,3.4,68.0,,11.1,1020.2,
2025-11-27 05:00:00,SMECO,8.4,3.4,71.0,,11.1,1020.1,
2025-11-27 06:00:00,SMECO,8.1,3.6,73.0,,11.1,1019.9,
2025-11-27 07:00:00,SMECO,7.7,3.4,74.0,,11.1,1019.8,
2025-11-27 08:00:00,SMECO,7.3,3.2,75.0,,9.3,1019.7,
2025-11-27 09:00:00,SMECO,7.2,3.1,75.0,,9.3,1019.9,
2025-11-27 10:00:00,SMECO,7.1,2.8,74.0,,11.1,1020.2,
2025-11-27 11:00:00,SMECO,6.9,2.6,74.0,,11.1,1020.5,
2025-11-27 12:00:00,SMECO,7.6,2.7,71.0,,11.1,1020.7,
2025-11-27 13:00:00,SMECO,8.5,2.9,68.0,,13.0,1020.8,
2025-11-27 14:00:00,SMECO,9.5,3.2,65.0,,13.0,1021.0,
2025-11-27 15:00:00,SMECO,10.3,3.6,63.0,,13.0,1020.9,
2025-11-01 00:00:00,UGI,12.0,0.4,45.0,0.0,20.0,1006.0,1.0
2025-11-01 01:00:00,UGI,12.0,0.4,45.0,0.0,22.0,1008.0,1.0
2025-11-01 02:00:00,UGI,12.0,0.4,45.0,0.0,26.0,1009.0,1.0
2025-11-01 03:00:00,UGI,12.0,0.4,45.0,0.0,17.0,1009.0,2.0
2025-11-01 04:00:00,UGI,12.0,1.0,47.0,0.0,17.0,1010.0,2.0
2025-11-01 05:00:00,UGI,11.0,0.4,48.0,0.0,20.0,1010.0,2.0
2025-11-01 06:00:00,UGI,10.0,1.1,54.0,0.0,17.0,1010.0,2.0
2025-11-01 07:00:00,UGI,9.0,1.2,58.0,0.0,13.0,1011.0,1.0
2025-11-01 08:00:00,UGI,8.0,1.4,63.0,0.0,15.0,1012.0,1.0
2025-11-01 09:00:00,UGI,8.0,1.4,63.0,0.0,13.0,1012.0,1.0
2025-11-01 10:00:00,UGI,8.0,0.9,61.0,0.0,11.0,1013.0,2.0
2025-11-01 11:00:00,UGI,8.0,1.4,63.0,0.0,13.0,1014.0,3.0
2025-11-01 12:00:00,UGI,9.0,1.4,59.0,0.0,9.0,1015.0,3.0
2025-11-01 13:00:00,UGI,12.0,2.4,52.0,0.0,19.0,1015.0,3.0
2025-11-01 14:00:00,UGI,13.0,1.3,45.0,0.0,26.0,1016.0,2.0
2025-11-01 15:00:00,UGI,14.0,0.3,39.0,0.0,26.0,1016.0,2.0
2025-11-01 16:00:00,UGI,14.0,-0.5,37.0,0.0,28.0,1016.0,3.0
2025-11-01 17:00:00,UGI,16.0,0.5,35.0,0.0,20.0,1016.0,3.0
2025-11-01 18:00:00,UGI,15.0,0.0,36.0,0.0,20.0,1016.0,3.0
2025-11-01 19:00:00,UGI,16.0,0.5,35.0,0.0,22.0,1016.0,3.0
2025-11-01 20:00:00,UGI,15.0,0.0,36.0,0.0,19.0,1017.0,3.0
2025-11-01 21:00:00,UGI,14.0,0.3,39.0,0.0,13.0,1017.0,3.0
2025-11-01 22:00:00,UGI,11.0,2.0,54.0,0.0,7.0,1018.0,3.0
2025-11-01 23:00:00,UGI,8.0,1.4,63.0,0.0,9.0,1019.0,3.0
2025-11-02 00:00:00,UGI,7.0,2.7,74.0,0.0,6.0,1019.0,3.0
2025-11-02 01:00:00,UGI,7.0,2.1,71.0,0.0,6.0,1020.0,3.0
2025-11-02 02:00:00,UGI,7.0,3.6,79.0,0.0,0.0,1021.0,3.0
2025-11-02 03:00:00,UGI,6.0,3.2,82.0,0.0,0.0,1021.0,3.0
2025-11-02 04:00:00,UGI,6.0,2.1,76.0,0.0,0.0,1022.0,3.0
2025-11-02 05:00:00,UGI,4.0,1.9,86.0,0.0,0.0,1022.0,3.0
2025-11-02 06:00:00,UGI,4.0,2.4,89.0,0.0,0.0,1022.0,3.0
2025-11-02 07:00:00,UGI,4.0,2.4,89.0,0.0,0.0,1023.0,3.0
2025-11-02 08:00:00,UGI,2.0,0.8,92.0,0.0,7.0,1023.0,3.0
2025-11-02 09:00:00,UGI,3.0,1.4,89.0,0.0,6.0,1024.0,1.0
2025-11-02 10:00:00,UGI,3.0,1.4,89.0,0.0,0.0,1024.0,3.0
2025-11-02 11:00:00,UGI,3.0,2.0,93.0,0.0,0.0,1025.0,3.0
2025-11-02 12:00:00,UGI,5.0,3.3,89.0,0.0,0.0,1026.0,1.0
2025-11-02 13:00:00,UGI,8.0,4.0,76.0,0.0,0.0,1026.0,2.0
2025-11-02 14:00:00,UGI,11.0,4.9,66.0,0.0,0.0,1026.0,3.0
2025-11-02 15:00:00,UGI,13.0,2.5,49.0,0.0,0.0,1026.0,3.0
2025-11-02 16:00:00,UGI,15.0,2.8,44.0,0.0,0.0,1025.0,2.0
2025-11-02 17:00:00,UGI,16.0,3.1,42.0,0.0,9.0,1024.0,1.0
2025-11-02 18:00:00,UGI,17.0,2.9,39.0,0.0,6.0,1024.0,1.0
2025-11-02 19:00:00,UGI,17.0,1.4,35.0,0.0,7.0,1024.0,1.0
2025-11-02 20:00:00,UGI,17.0,2.6,38.0,0.0,9.0,1024.0,1.0
2025-11-02 21:00:00,UGI,15.0,1.9,41.0,0.0,6.0,1024.0,2.0
2025-11-02 22:00:00,UGI,11.0,3.8,61.0,0.0,0.0,1024.0,1.0
2025-11-02 23:00:00,UGI,9.0,3.6,69.0,0.0,0.0,1024.0,1.0
2025-11-03 00:00:00,UGI,10.0,3.9,66.0,0.0,0.0,1024.0,3.0
2025-11-03 01:00:00,UGI,9.0,5.2,77.0,0.0,6.0,1024.0,3.0
2025-11-03 02:00:00,UGI,7.0,3.8,80.0,0.0,0.0,1024.0,3.0
2025-11-03 03:00:00,UGI,6.0,3.8,86.0,0.0,0.0,1024.0,3.0
2025-11-03 04:00:00,UGI,5.0,3.3,89.0,0.0,0.0,1024.0,3.0
2025-11-03 05:00:00,UGI,5.0,3.3,89.0,0.0,0.0,1024.0,3.0
2025-11-03 06:00:00,UGI,5.0,2.9,86.0,0.0,0.0,1024.0,3.0
2025-11-03 07:00:00,UGI,4.0,3.0,93.0,0.0,0.0,1023.0,3.0
2025-11-03 08:00:00,UGI,4.0,3.0,93.0,0.0,6.0,1022.0,3.0
2025-11-03 09:00:00,UGI,6.0,4.3,89.0,0.0,0.0,1022.0,3.0
2025-11-03 10:00:00,UGI,6.0,4.3,89.0,0.0,0.0,1022.0,3.0
2025-11-03 11:00:00,UGI,7.0,5.3,89.0,0.0,7.0,1022.0,3.0
2025-11-03 12:00:00,UGI,7.0,5.3,89.0,0.0,0.0,1022.0,3.0
2025-11-03 13:00:00,UGI,9.0,5.2,77.0,0.0,0.0,1021.0,3.0
2025-11-03 14:00:00,UGI,11.0,5.9,71.0,0.0,0.0,1020.0,2.0
2025-11-03 15:00:00,UGI,16.0,8.2,60.0,0.0,15.0,1018.0,1.0
2025-11-03 16:00:00,UGI,17.0,7.1,52.0,0.0,6.0,1018.0,1.0
2025-11-03 17:00:00,UGI,17.0,5.0,45.0,0.0,15.0,1016.0,1.0
2025-11-03 18:00:00,UGI,17.0,2.6,38.0,0.0,15.0,1014.0,2.0
2025-11-03 19:00:00,UGI,17.0,2.6,38.0,0.0,15.0,1013.0,3.0
2025-11-03 20:00:00,UGI,17.0,3.3,40.0,0.0,13.0,1013.0,3.0
2025-11-03 21:00:00,UGI,16.0,2.8,41.0,0.0,17.0,1013.0,3.0
2025-11-03 22:00:00,UGI,16.0,0.5,35.0,0.0,20.0,1015.0,3.0
2025-11-03 23:00:00,UGI,14.0,-0.5,37.0,0.0,26.0,1016.0,2.0
2025-11-04 00:00:00,UGI,13.0,-1.0,38.0,0.0,20.0,1016.0,1.0
2025-11-04 01:00:00,UGI,12.0,-0.2,43.0,0.0,17.0,1016.0,2.0
2025-11-04 02:00:00,UGI,12.0,1.0,47.0,0.0,19.0,1016.0,1.0
2025-11-04 03:00:00,UGI,12.0,0.4,45.0,0.0,24.0,1016.0,1.0
2025-11-04 04:00:00,UGI,12.0,-0.2,43.0,0.0,20.0,1016.0,1.0
2025-11-04 05:00:00,UGI,12.0,-0.8,41.0,0.0,17.0,1017.0,1.0
2025-11-04 06:00:00,UGI,12.0,-0.8,41.0,0.0,15.0,1018.0,1.0
2025-11-04 07:00:00,UGI,11.0,-1.7,41.0,0.0,17.0,1018.0,1.0
2025-11-04 08:00:00,UGI,11.0,-1.7,41.0,0.0,17.0,1019.0,1.0
2025-11-04 09:00:00,UGI,9.0,-2.6,44.0,0.0,11.0,1019.0,1.0
2025-11-04 10:00:00,UGI,9.0,-2.0,46.0,0.0,11.0,1020.0,1.0
2025-11-04 11:00:00,UGI,9.0,-0.9,50.0,0.0,11.0,1021.0,1.0
2025-11-04 12:00:00,UGI,11.0,-0.8,44.0,0.0,20.0,1022.0,1.0
2025-11-04 13:00:00,UGI,12.0,-0.8,41.0,0.0,17.0,1023.0,1.0
2025-11-04 14:00:00,UGI,13.0,-2.1,35.0,0.0,26.0,1023.0,1.0
2025-11-04 15:00:00,UGI,14.0,-3.8,29.0,0.0,20.0,1023.0,1.0
2025-11-04 16:00:00,UGI,15.0,-5.4,24.0,0.0,19.0,1022.0,2.0
2025-11-04 17:00:00,UGI,16.0,-5.1,23.0,0.0,24.0,1021.0,2.0
2025-11-04 18:00:00,UGI,17.0,-6.1,20.0,0.0,30.0,1020.0,1.0
2025-11-04 19:00:00,UGI,17.0,-6.1,20.0,0.0,26.0,1020.0,1.0
2025-11-04 20:00:00,UGI,16.0,-6.3,21.0,0.0,19.0,1020.0,1.0
2025-11-04 21:00:00,UGI,14.0,-6.3,24.0,0.0,17.0,1021.0,1.0
2025-11-04 22:00:00,UGI,13.0,-6.1,26.0,0.0,15.0,1022.0,1.0
2025-11-04 23:00:00,UGI,12.0,-5.5,29.0,0.0,13.0,1022.0,1.0
2025-11-05 00:00:00,UGI,10.0,-5.1,34.0,0.0,11.0,1023.0,1.0
2025-11-05 01:00:00,UGI,10.0,-4.4,36.0,0.0,11.0,1023.0,1.0
2025-11-05 02:00:00,UGI,9.0,-4.2,39.0,0.0,11.0,1023.0,1.0
2025-11-05 03:00:00,UGI,8.0,-5.1,39.0,0.0,7.0,1023.0,1.0
2025-11-05 04:00:00,UGI,7.0,-5.0,42.0,0.0,9.0,1023.0,2.0
2025-11-05 05:00:00,UGI,7.0,-4.1,45.0,0.0,0.0,1022.0,1.0
2025-11-05 06:00:00,UGI,4.0,-2.2,64.0,0.0,6.0,1022.0,1.0
2025-11-05 07:00:00,UGI,3.0,-2.5,67.0,0.0,0.0,1022.0,1.0
2025-11-05 08:00:00,UGI,3.0,-1.9,70.0,0.0,0.0,1021.0,1.0
2025-11-05 09:00:00,UGI,4.0,-1.0,70.0,0.0,0.0,1021.0,3.0
2025-11-05 10:00:00,UGI,4.0,-0.4,73.0,0.0,0.0,1020.0,2.0
2025-11-05 11:00:00,UGI,3.0,-0.8,76.0,0.0,0.0,1020.0,1.0
2025-11-05 12:00:00,UGI,6.0,2.1,76.0,0.0,0.0,1019.0,1.0
2025-11-05 13:00:00,UGI,9.0,-0.6,51.0,0.0,0.0,1018.0,1.0
2025-11-05 14:00:00,UGI,14.0,-5.7,25.0,0.0,24.0,1015.0,1.0
2025-11-05 15:00:00,UGI,17.0,-4.9,22.0,0.0,19.0,1014.0,1.0
2025-11-05 16:00:00,UGI,19.0,-2.6,23.0,0.0,19.0,1011.0,3.0
2025-11-05 17:00:00,UGI,19.0,-1.5,25.0,0.0,28.0,1009.0,2.0
2025-11-05 18:00:00,UGI,19.0,-0.9,26.0,0.0,20.0,1008.0,2.0
2025-11-05 19:00:00,UGI,19.0,-0.4,27.0,0.0,19.0,1006.0,2.0
2025-11-05 20:00:00,UGI,19.0,0.6,29.0,0.0,19.0,1006.0,2.0
2025-11-05 21:00:00,UGI,19.0,2.4,33.0,0.0,7.0,1005.0,3.0
2025-11-05 22:00:00,UGI,18.0,3.1,37.0,0.0,9.0,1005.0,3.0
2025-11-05 23:00:00,UGI,21.0,6.5,39.0,0.0,19.0,1005.0,2.0
2025-11-06 00:00:00,UGI,21.0,7.2,41.0,0.0,26.0,1004.0,3.0
2025-11-06 01:00:00,UGI,13.0,9.6,80.0,0.0,26.0,1007.0,3.0
2025-11-06 02:00:00,UGI,14.0,4.6,53.0,0.0,41.0,1009.0,17.0
2025-11-06 03:00:00,UGI,12.0,1.6,49.0,0.0,30.0,1011.0,3.0
2025-11-06 04:00:00,UGI,12.0,1.9,50.0,0.0,30.0,1012.0,2.0
2025-11-06 05:00:00,UGI,11.0,1.0,50.0,0.0,28.0,1013.0,2.0
2025-11-06 06:00:00,UGI,9.0,-0.9,50.0,0.0,28.0,1014.0,1.0
2025-11-06 07:00:00,UGI,9.0,-0.9,50.0,0.0,22.0,1015.0,1.0
2025-11-06 08:00:00,UGI,9.0,-1.7,47.0,0.0,30.0,1016.0,1.0
2025-11-06 09:00:00,UGI,8.0,-2.9,46.0,0.0,24.0,1017.0,1.0
2025-11-06 10:00:00,UGI,8.0,-3.5,44.0,0.0,30.0,1018.0,1.0
2025-11-06 11:00:00,UGI,7.0,-3.0,49.0,0.0,17.0,1019.0,1.0
2025-11-06 12:00:00,UGI,8.0,-2.1,49.0,0.0,17.0,1020.0,1.0
2025-11-06 13:00:00,UGI,9.0,-1.4,48.0,0.0,24.0,1021.0,1.0
2025-11-06 14:00:00,UGI,11.0,-1.7,41.0,0.0,22.0,1021.0,1.0
2025-11-06 15:00:00,UGI,11.0,-2.8,38.0,0.0,26.0,1021.0,1.0
2025-11-06 16:00:00,UGI,11.0,-3.9,35.0,0.0,26.0,1021.0,1.0
2025-11-06 17:00:00,UGI,12.0,-4.2,32.0,0.0,22.0,1020.0,3.0
2025-11-06 18:00:00,UGI,13.0,-3.7,31.0,0.0,22.0,1020.0,2.0
2025-11-06 19:00:00,UGI,13.0,-5.6,27.0,0.0,20.0,1020.0,2.0
2025-11-06 20:00:00,UGI,12.0,-4.6,31.0,0.0,15.0,1020.0,1.0
2025-11-06 21:00:00,UGI,11.0,-5.1,32.0,0.0,22.0,1020.0,2.0
2025-11-06 22:00:00,UGI,10.0,-4.0,37.0,0.0,7.0,1021.0,2.0
2025-11-06 23:00:00,UGI,6.0,-1.9,57.0,0.0,6.0,1021.0,2.0
2025-11-07 00:00:00,UGI,6.0,-2.4,55.0,0.0,6.0,1021.0,3.0
2025-11-07 01:00:00,UGI,4.0,-2.2,64.0,0.0,0.0,1022.0,3.0
2025-11-07 02:00:00,UGI,4.0,-2.2,64.0,0.0,0.0,1021.0,1.0
2025-11-07 03:00:00,UGI,2.0,-2.3,73.0,0.0,6.0,1021.0,3.0
2025-11-07 04:00:00,UGI,2.0,-2.0,75.0,0.0,0.0,1021.0,3.0
2025-11-07 05:00:00,UGI,1.0,-1.7,82.0,0.0,0.0,1021.0,3.0
2025-11-07 06:00:00,UGI,0.0,-2.2,85.0,0.0,0.0,1020.0,3.0
2025-11-07 07:00:00,UGI,0.0,-2.9,81.0,0.0,6.0,1020.0,3.0
2025-11-07 08:00:00,UGI,-1.0,-2.6,89.0,0.0,0.0,1019.0,2.0
2025-11-07 09:00:00,UGI,-1.0,-2.6,89.0,0.0,0.0,1019.0,3.0
2025-11-07 10:00:00,UGI,2.0,-0.7,82.0,0.0,6.0,1018.0,3.0
2025-11-07 11:00:00,UGI,1.0,-0.8,88.0,0.0,6.0,1017.0,3.0
2025-11-07 12:00:00,UGI,2.0,-0.3,85.0,0.0,11.0,1017.0,3.0
2025-11-07 13:00:00,UGI,5.0,0.6,73.0,0.0,9.0,1016.0,3.0
2025-11-07 14:00:00,UGI,9.0,-0.3,52.0,0.0,6.0,1015.0,3.0
2025-11-07 15:00:00,UGI,14.0,-0.5,37.0,0.0,20.0,1013.0,3.0
2025-11-07 16:00:00,UGI,14.0,0.3,39.0,0.0,20.0,1012.0,3.0
2025-11-07 17:00:00,UGI,16.0,2.0,39.0,0.0,13.0,1010.0,3.0
2025-11-07 18:00:00,UGI,16.0,2.0,39.0,0.0,24.0,1008.0,3.0
2025-11-07 19:00:00,UGI,16.0,2.8,41.0,0.0,22.0,1007.0,3.0
2025-11-07 20:00:00,UGI,15.0,2.8,44.0,0.0,19.0,1006.0,3.0
2025-11-07 21:00:00,UGI,15.0,3.5,46.0,0.0,9.0,1006.0,3.0
2025-11-07 22:00:00,UGI,15.0,3.8,47.0,0.0,9.0,1005.0,3.0
2025-11-07 23:00:00,UGI,16.0,4.7,47.0,0.0,0.0,1005.0,3.0
2025-11-08 00:00:00,UGI,13.0,4.7,57.0,0.1,7.0,1005.0,7.0
2025-11-08 01:00:00,UGI,14.0,8.4,69.0,0.0,7.0,1005.0,7.0
2025-11-08 02:00:00,UGI,14.0,10.8,81.0,0.0,11.0,1004.0,7.0
2025-11-08 03:00:00,UGI,14.0,10.8,81.0,0.0,19.0,1004.0,9.0
2025-11-08 04:00:00,UGI,14.0,11.2,83.0,0.0,15.0,1004.0,8.0
2025-11-08 05:00:00,UGI,13.0,11.4,90.0,1.2,9.0,1004.0,9.0
2025-11-08 06:00:00,UGI,13.0,11.2,89.0,0.9,7.0,1004.0,8.0
2025-11-08 07:00:00,UGI,13.0,11.2,89.0,0.0,6.0,1004.0,3.0
2025-11-08 08:00:00,UGI,11.0,10.5,97.0,0.0,0.0,1004.0,3.0
2025-11-08 09:00:00,UGI,10.0,10.0,100.0,0.0,6.0,1005.0,5.0
2025-11-08 10:00:00,UGI,11.0,10.5,97.0,0.0,6.0,1006.0,3.0
2025-11-08 11:00:00,UGI,10.0,9.4,96.0,0.0,11.0,1007.0,5.0
2025-11-08 12:00:00,UGI,12.0,10.4,90.0,0.0,9.0,1009.0,1.0
2025-11-08 13:00:00,UGI,14.0,10.2,78.0,0.0,9.0,1009.0,1.0
2025-11-08 14:00:00,UGI,16.0,8.2,60.0,0.0,7.0,1009.0,1.0
2025-11-08 15:00:00,UGI,17.0,7.1,52.0,0.0,13.0,1010.0,1.0
2025-11-08 16:00:00,UGI,18.0,7.4,50.0,0.0,7.0,1009.0,1.0
2025-11-08 17:00:00,UGI,18.0,6.5,47.0,0.0,7.0,1008.0,1.0
2025-11-08 18:00:00,UGI,19.0,6.5,44.0,0.0,0.0,1009.0,1.0
2025-11-08 19:00:00,UGI,18.0,5.9,45.0,0.0,0.0,1009.0,2.0
2025-11-08 20:00:00,UGI,17.0,7.1,52.0,0.0,6.0,1009.0,3.0
2025-11-08 21:00:00,UGI,17.0,7.1,52.0,0.0,6.0,1009.0,3.0
2025-11-08 22:00:00,UGI,14.0,7.3,64.0,0.0,0.0,1010.0,3.0
2025-11-08 23:00:00,UGI,13.0,7.0,67.0,0.0,0.0,1010.0,3.0
2025-11-09 00:00:00,UGI,11.0,8.2,83.0,0.0,0.0,1010.0,3.0
2025-11-09 01:00:00,UGI,9.0,6.3,83.0,0.0,0.0,1010.0,3.0
2025-11-09 02:00:00,UGI,9.0,6.3,83.0,0.0,0.0,1011.0,2.0
2025-11-09 03:00:00,UGI,11.0,7.7,80.0,0.0,0.0,1011.0,2.0
2025-11-09 04:00:00,UGI,9.0,6.8,86.0,0.0,0.0,1011.0,3.0
2025-11-09 05:00:00,UGI,9.0,6.3,83.0,0.0,6.0,1011.0,2.0
2025-11-09 06:00:00,UGI,9.0,6.8,86.0,0.1,6.0,1011.0,17.0
2025-11-09 07:00:00,UGI,8.0,6.9,93.0,0.0,0.0,1010.0,3.0
2025-11-09 08:00:00,UGI,7.0,6.4,96.0,0.0,0.0,1010.0,3.0
2025-11-09 09:00:00,UGI,8.0,6.9,93.0,0.0,0.0,1010.0,3.0
2025-11-09 10:00:00,UGI,8.0,6.5,90.0,0.0,0.0,1010.0,3.0
2025-11-09 11:00:00,UGI,8.0,6.9,93.0,0.0,0.0,1010.0,3.0
2025-11-09 12:00:00,UGI,9.0,6.8,86.0,0.0,0.0,1010.0,3.0
2025-11-09 13:00:00,UGI,10.0,7.8,86.0,0.0,0.0,1009.0,3.0
2025-11-09 14:00:00,UGI,13.0,9.6,80.0,0.0,9.0,1008.0,3.0
2025-11-09 15:00:00,UGI,13.0,9.6,80.0,0.0,22.0,1007.0,3.0
2025-11-09 16:00:00,UGI,12.0,9.7,86.0,0.3,13.0,1006.0,8.0
2025-11-09 17:00:00,UGI,12.0,10.4,90.0,0.4,15.0,1006.0,8.0
2025-11-09 18:00:00,UGI,13.0,10.4,84.0,0.0,9.0,1005.0,3.0
2025-11-09 19:00:00,UGI,13.0,11.4,90.0,0.0,6.0,1005.0,3.0
2025-11-09 20:00:00,UGI,13.0,11.4,90.0,1.0,7.0,1005.0,5.0
2025-11-09 21:00:00,UGI,13.0,12.1,94.0,0.2,0.0,1006.0,5.0
2025-11-09 22:00:00,UGI,12.0,11.5,97.0,0.0,0.0,1006.0,5.0
2025-11-09 23:00:00,UGI,10.0,10.0,100.0,0.0,0.0,1006.0,5.0
2025-11-10 00:00:00,UGI,8.0,8.0,100.0,0.0,0.0,1006.0,5.0
2025-11-10 01:00:00,UGI,9.4,9.4,100.0,0.0,3.0,1006.0,5.0
2025-11-10 02:00:00,UGI,11.0,10.5,97.0,0.0,0.0,1007.0,5.0
2025-11-10 03:00:00,UGI,11.0,9.9,93.0,0.0,11.0,1008.0,3.0
2025-11-10 04:00:00,UGI,11.0,8.7,86.0,0.0,6.0,1008.0,3.0
2025-11-10 05:00:00,UGI,10.0,5.6,74.0,0.4,11.0,1008.0,8.0
2025-11-10 06:00:00,UGI,10.0,3.3,63.0,0.0,15.0,1007.0,3.0
2025-11-10 07:00:00,UGI,9.0,1.9,61.0,0.0,19.0,1007.0,3.0
2025-11-10 08:00:00,UGI,7.0,0.4,63.0,0.0,11.0,1007.0,3.0
2025-11-10 09:00:00,UGI,6.0,0.5,68.0,0.0,15.0,1008.0,1.0
2025-11-10 10:00:00,UGI,5.0,-0.0,70.0,0.0,11.0,1008.0,1.0
2025-11-10 11:00:00,UGI,5.0,-1.0,65.0,0.0,17.0,1009.0,2.0
2025-11-10 12:00:00,UGI,6.0,-0.7,62.0,0.0,17.0,1009.0,1.0
2025-11-10 13:00:00,UGI,7.0,-0.7,58.0,0.0,28.0,1009.0,2.0
2025-11-10 14:00:00,UGI,6.0,-1.2,60.0,0.0,28.0,1009.0,3.0
2025-11-10 15:00:00,UGI,7.0,-1.4,55.0,0.0,28.0,1009.0,3.0
2025-11-10 16:00:00,UGI,6.0,-1.9,57.0,0.0,28.0,1009.0,3.0
2025-11-10 17:00:00,UGI,6.0,-2.9,53.0,0.0,22.0,1007.0,3.0
2025-11-10 18:00:00,UGI,6.0,-3.9,49.0,0.0,32.0,1007.0,3.0
2025-11-10 19:00:00,UGI,5.0,-5.7,46.0,0.0,30.0,1008.0,3.0
2025-11-10 20:00:00,UGI,4.0,-6.6,46.0,0.0,20.0,1009.0,3.0
2025-11-10 21:00:00,UGI,4.0,-6.6,46.0,0.0,33.0,1009.0,3.0
2025-11-10 22:00:00,UGI,3.0,-8.1,44.0,0.0,22.0,1010.0,3.0
2025-11-10 23:00:00,UGI,3.0,-9.3,40.0,0.0,19.0,1010.0,3.0
2025-11-11 00:00:00,UGI,2.0,-8.7,45.0,0.0,17.0,1010.0,3.0
2025-11-11 01:00:00,UGI,2.0,-9.6,42.0,0.0,22.0,1011.0,1.0
2025-11-11 02:00:00,UGI,1.0,-9.6,45.0,0.0,9.0,1011.0,1.0
2025-11-11 03:00:00,UGI,0.0,-8.9,51.0,0.0,19.0,1010.0,1.0
2025-11-11 04:00:00,UGI,1.0,-8.0,51.0,0.0,13.0,1010.0,1.0
2025-11-11 05:00:00,UGI,1.0,-8.2,50.0,0.0,13.0,1010.0,1.0
2025-11-11 06:00:00,UGI,1.0,-7.7,52.0,0.0,19.0,1010.0,1.0
2025-11-11 07:00:00,UGI,0.0,-7.7,56.0,0.0,20.0,1010.0,2.0
2025-11-11 08:00:00,UGI,0.0,-8.2,54.0,0.0,22.0,1009.0,3.0
2025-11-11 09:00:00,UGI,0.0,-7.7,56.0,0.0,24.0,1010.0,3.0
2025-11-11 10:00:00,UGI,-1.0,-9.1,54.0,0.0,20.0,1010.0,3.0
2025-11-11 11:00:00,UGI,-1.0,-9.1,54.0,0.0,22.0,1011.0,3.0
2025-11-11 12:00:00,UGI,0.0,-8.2,54.0,0.0,24.0,1011.0,3.0
2025-11-11 13:00:00,UGI,1.0,-9.0,47.0,0.0,33.0,1011.0,3.0
2025-11-11 14:00:00,UGI,2.0,-9.6,42.0,0.0,33.0,1012.0,3.0
2025-11-11 15:00:00,UGI,3.0,-9.3,40.0,0.0,35.0,1012.0,3.0
2025-11-11 16:00:00,UGI,3.0,-8.7,42.0,0.0,32.0,1012.0,3.0
2025-11-11 17:00:00,UGI,5.0,-7.2,41.0,0.0,39.0,1011.0,3.0
2025-11-11 18:00:00,UGI,4.0,-7.1,44.0,0.0,30.0,1012.0,3.0
2025-11-11 19:00:00,UGI,5.0,-7.2,41.0,0.0,35.0,1012.0,3.0
2025-11-11 20:00:00,UGI,4.0,-7.1,44.0,0.0,30.0,1013.0,3.0
2025-11-11 21:00:00,UGI,4.0,-6.0,48.0,0.0,17.0,1014.0,3.0
2025-11-11 22:00:00,UGI,4.0,-6.0,48.0,0.0,15.0,1014.0,3.0
2025-11-11 23:00:00,UGI,3.0,-6.9,48.0,0.0,15.0,1015.0,2.0
2025-11-12 00:00:00,UGI,3.0,-6.9,48.0,0.0,19.0,1015.0,2.0
2025-11-12 01:00:00,UGI,2.0,-7.6,49.0,0.0,11.0,1015.0,2.0
2025-11-12 02:00:00,UGI,2.0,-7.3,50.0,0.0,6.0,1014.0,3.0
2025-11-12 03:00:00,UGI,2.0,-7.3,50.0,0.0,7.0,1014.0,3.0
2025-11-12 04:00:00,UGI,3.0,-6.9,48.0,0.0,7.0,1014.0,3.0
2025-11-12 05:00:00,UGI,3.0,-6.4,50.0,0.0,7.0,1014.0,3.0
2025-11-12 06:00:00,UGI,3.0,-7.5,46.0,0.0,9.0,1013.0,3.0
2025-11-12 07:00:00,UGI,3.0,-6.9,48.0,0.0,6.0,1012.0,3.0
2025-11-12 08:00:00,UGI,3.0,-7.5,46.0,0.0,6.0,1012.0,3.0
2025-11-12 09:00:00,UGI,3.0,-8.1,44.0,0.0,11.0,1011.0,3.0
2025-11-12 10:00:00,UGI,4.0,-7.7,42.0,0.0,9.0,1010.0,3.0
2025-11-12 11:00:00,UGI,4.0,-7.1,44.0,0.0,7.0,1010.0,3.0
2025-11-12 12:00:00,UGI,4.0,-6.6,46.0,0.0,6.0,1010.0,3.0
2025-11-12 13:00:00,UGI,4.0,-6.0,48.0,0.0,6.0,1010.0,3.0
2025-11-12 14:00:00,UGI,5.0,-5.9,45.0,0.0,0.0,1010.0,3.0
2025-11-12 15:00:00,UGI,8.0,-4.1,42.0,0.0,15.0,1009.0,3.0
2025-11-12 16:00:00,UGI,11.0,-2.4,39.0,0.0,24.0,1008.0,3.0
2025-11-12 17:00:00,UGI,12.0,-1.5,39.0,0.0,15.0,1007.0,3.0
2025-11-12 18:00:00,UGI,11.0,-0.8,44.0,0.0,24.0,1007.0,3.0
2025-11-12 19:00:00,UGI,12.0,0.4,45.0,0.0,19.0,1007.0,3.0
2025-11-12 20:00:00,UGI,12.0,0.4,45.0,0.0,13.0,1008.0,3.0
2025-11-12 21:00:00,UGI,12.0,0.4,45.0,0.0,11.0,1008.0,3.0
2025-11-12 22:00:00,UGI,11.0,0.4,48.0,0.0,15.0,1009.0,3.0
2025-11-12 23:00:00,UGI,11.0,1.0,50.0,0.0,13.0,1010.0,3.0
2025-11-13 00:00:00,UGI,9.0,0.2,54.0,0.0,11.0,1010.0,3.0
2025-11-13 01:00:00,UGI,11.0,-0.2,46.0,0.0,24.0,1010.0,3.0
2025-11-13 02:00:00,UGI,11.0,-1.4,42.0,0.0,24.0,1011.0,2.0
2025-11-13 03:00:00,UGI,10.0,-2.6,41.0,0.0,22.0,1012.0,1.0
2025-11-13 04:00:00,UGI,9.0,-3.2,42.0,0.0,17.0,1012.0,1.0
2025-11-13 05:00:00,UGI,9.0,-2.6,44.0,0.0,15.0,1012.0,2.0
2025-11-13 06:00:00,UGI,7.0,-3.0,49.0,0.0,13.0,1012.0,3.0
2025-11-13 07:00:00,UGI,8.0,-2.6,47.0,0.0,11.0,1013.0,3.0
2025-11-13 08:00:00,UGI,7.0,-2.4,51.0,0.0,7.0,1013.0,3.0
2025-11-13 09:00:00,UGI,6.0,-2.4,55.0,0.0,11.0,1014.0,1.0
2025-11-13 10:00:00,UGI,6.0,-2.4,55.0,0.0,11.0,1014.0,3.0
2025-11-13 11:00:00,UGI,5.0,-2.8,57.0,0.0,13.0,1014.0,3.0
2025-11-13 12:00:00,UGI,7.0,-2.4,51.0,0.0,7.0,1015.0,2.0
2025-11-13 13:00:00,UGI,8.0,-2.3,48.0,0.0,20.0,1015.0,3.0
2025-11-13 14:00:00,UGI,9.0,-3.9,40.0,0.0,26.0,1015.0,3.0
2025-11-13 15:00:00,UGI,11.0,-3.9,35.0,0.0,26.0,1016.0,2.0
2025-11-13 16:00:00,UGI,11.0,-4.3,34.0,0.0,33.0,1015.0,17.0
2025-11-13 17:00:00,UGI,11.0,-5.1,32.0,0.0,26.0,1016.0,3.0
2025-11-13 18:00:00,UGI,11.0,-5.1,32.0,0.0,20.0,1016.0,2.0
2025-11-13 19:00:00,UGI,12.0,-4.6,31.0,0.0,24.0,1016.0,3.0
2025-11-13 20:00:00,UGI,11.0,-5.5,31.0,0.0,24.0,1016.0,3.0
2025-11-13 21:00:00,UGI,10.0,-5.5,33.0,0.0,28.0,1017.0,3.0
2025-11-13 22:00:00,UGI,8.0,-5.8,37.0,0.0,9.0,1017.0,2.0
2025-11-13 23:00:00,UGI,6.0,-4.5,47.0,0.0,9.0,1017.0,1.0
2025-11-14 00:00:00,UGI,7.0,-4.7,43.0,0.0,7.0,1018.0,1.0
2025-11-14 01:00:00,UGI,6.0,-3.9,49.0,0.0,9.0,1018.0,1.0
2025-11-14 02:00:00,UGI,7.0,-3.5,47.0,0.0,11.0,1019.0,1.0
2025-11-14 03:00:00,UGI,7.0,-4.1,45.0,0.0,17.0,1019.0,1.0
2025-11-14 04:00:00,UGI,7.0,-3.0,49.0,0.0,13.0,1019.0,1.0
2025-11-14 05:00:00,UGI,5.0,-3.3,55.0,0.0,7.0,1019.0,2.0
2025-11-14 06:00:00,UGI,5.0,-2.8,57.0,0.0,15.0,1020.0,2.0
2025-11-14 07:00:00,UGI,4.0,-3.7,57.0,0.0,11.0,1020.0,3.0
2025-11-14 08:00:00,UGI,3.0,-3.6,62.0,0.0,13.0,1020.0,1.0
2025-11-14 09:00:00,UGI,3.0,-3.8,61.0,0.0,11.0,1020.0,1.0
2025-11-14 10:00:00,UGI,3.0,-3.8,61.0,0.0,6.0,1021.0,1.0
2025-11-14 11:00:00,UGI,2.0,-3.7,66.0,0.0,6.0,1021.0,1.0
2025-11-14 12:00:00,UGI,4.0,-2.6,62.0,0.0,13.0,1022.0,1.0
2025-11-14 13:00:00,UGI,7.0,-1.9,53.0,0.0,17.0,1022.0,1.0
2025-11-14 14:00:00,UGI,9.0,-2.0,46.0,0.0,22.0,1021.0,2.0
2025-11-14 15:00:00,UGI,10.0,-1.7,44.0,0.0,15.0,1021.0,3.0
2025-11-14 16:00:00,UGI,11.0,-2.4,39.0,0.0,20.0,1020.0,3.0
2025-11-14 17:00:00,UGI,12.0,-3.0,35.0,0.0,17.0,1019.0,3.0
2025-11-14 18:00:00,UGI,11.0,-3.5,36.0,0.0,19.0,1018.0,3.0
2025-11-14 19:00:00,UGI,10.0,-3.3,39.0,0.0,15.0,1018.0,3.0
2025-11-14 20:00:00,UGI,10.0,-2.6,41.0,0.0,7.0,1017.0,3.0
2025-11-14 21:00:00,UGI,9.0,-2.6,44.0,0.0,7.0,1017.0,3.0
2025-11-14 22:00:00,UGI,8.0,-2.1,49.0,0.0,0.0,1017.0,3.0
2025-11-14 23:00:00,UGI,8.0,-1.0,53.0,0.0,0.0,1016.0,3.0
2025-11-15 00:00:00,UGI,8.0,-0.5,55.0,0.0,0.0,1016.0,3.0
2025-11-15 01:00:00,UGI,8.0,-1.5,51.0,0.0,6.0,1015.0,3.0
2025-11-15 02:00:00,UGI,8.0,-1.0,53.0,0.0,0.0,1015.0,3.0
2025-11-15 03:00:00,UGI,8.0,-1.0,53.0,0.0,0.0,1014.0,3.0
2025-11-15 04:00:00,UGI,7.0,-0.7,58.0,0.0,0.0,1014.0,3.0
2025-11-15 05:00:00,UGI,8.0,-0.5,55.0,0.0,6.0,1013.0,2.0
2025-11-15 06:00:00,UGI,4.0,-0.4,73.0,0.0,0.0,1013.0,2.0
2025-11-15 07:00:00,UGI,3.0,-0.5,78.0,0.0,0.0,1013.0,3.0
2025-11-15 08:00:00,UGI,4.0,-0.4,73.0,0.0,0.0,1013.0,3.0
2025-11-15 09:00:00,UGI,4.0,0.7,79.0,0.0,0.0,1013.0,3.0
2025-11-15 10:00:00,UGI,4.0,0.7,79.0,0.0,0.0,1012.0,3.0
2025-11-15 11:00:00,UGI,3.0,0.7,85.0,0.0,0.0,1013.0,3.0
2025-11-15 12:00:00,UGI,4.0,1.4,83.0,0.0,0.0,1012.0,3.0
2025-11-15 13:00:00,UGI,6.0,2.1,76.0,0.0,0.0,1011.0,3.0
2025-11-15 14:00:00,UGI,7.0,0.9,65.0,0.0,0.0,1011.0,3.0
2025-11-15 15:00:00,UGI,8.0,-0.2,56.0,0.0,0.0,1010.0,3.0
2025-11-15 16:00:00,UGI,9.0,-0.3,52.0,0.0,9.0,1008.0,3.0
2025-11-15 17:00:00,UGI,10.0,1.1,54.0,0.0,11.0,1006.0,3.0
2025-11-15 18:00:00,UGI,10.0,1.1,54.0,0.0,13.0,1005.0,3.0
2025-11-15 19:00:00,UGI,11.0,1.5,52.0,0.0,13.0,1003.0,3.0
2025-11-15 20:00:00,UGI,11.0,2.0,54.0,0.0,11.0,1002.0,3.0
2025-11-15 21:00:00,UGI,10.0,2.1,58.0,0.0,0.0,1000.0,3.0
2025-11-15 22:00:00,UGI,10.0,2.8,61.0,0.0,0.0,1000.0,3.0
2025-11-15 23:00:00,UGI,9.4,4.0,69.0,0.1,5.0,998.0,7.0
2025-11-16 00:00:00,UGI,10.0,3.3,63.0,0.0,3.0,997.0,3.0
2025-11-16 01:00:00,UGI,8.3,4.3,76.0,0.0,0.0,996.0,3.0
2025-11-16 02:00:00,UGI,7.8,4.4,79.0,0.0,3.0,994.0,3.0
2025-11-16 03:00:00,UGI,9.4,6.1,80.0,0.0,5.0,993.0,3.0
2025-11-16 04:00:00,UGI,9.4,6.1,80.0,0.0,4.0,993.0,17.0
2025-11-16 05:00:00,UGI,8.3,6.1,86.0,0.0,0.0,991.0,3.0
2025-11-16 06:00:00,UGI,8.3,6.8,90.0,0.0,0.0,991.0,2.0
2025-11-16 07:00:00,UGI,9.4,7.2,86.0,0.0,0.0,990.0,3.0
2025-11-16 08:00:00,UGI,11.7,8.4,80.0,0.0,8.0,990.0,2.0
2025-11-16 09:00:00,UGI,16.1,5.7,50.0,0.0,20.0,991.0,3.0
2025-11-16 10:00:00,UGI,13.9,4.5,53.0,0.0,13.0,992.0,3.0
2025-11-16 11:00:00,UGI,12.2,2.1,50.0,0.0,17.0,994.0,3.0
2025-11-16 12:00:00,UGI,12.2,1.2,47.0,0.0,16.0,994.0,2.0
2025-11-16 13:00:00,UGI,11.7,-1.8,39.0,0.0,22.0,995.0,2.0
2025-11-16 14:00:00,UGI,12.2,-4.0,32.0,0.0,16.0,996.0,1.0
2025-11-16 15:00:00,UGI,11.1,-3.8,35.0,0.0,21.0,997.0,1.0
2025-11-16 16:00:00,UGI,11.1,-6.3,29.0,0.0,25.0,996.0,1.0
2025-11-16 17:00:00,UGI,10.6,-7.2,28.0,0.0,27.0,996.0,3.0
2025-11-16 18:00:00,UGI,9.4,-6.9,31.0,0.0,19.0,997.0,2.0
2025-11-16 19:00:00,UGI,9.4,-6.1,33.0,0.0,21.0,,3.0
2025-11-16 20:00:00,UGI,8.9,-7.3,31.0,0.0,20.0,,2.0
2025-11-16 21:00:00,UGI,7.8,-5.6,38.0,0.0,15.0,,3.0
2025-11-16 22:00:00,UGI,6.1,-4.4,47.0,0.0,10.0,,2.0
2025-11-16 23:00:00,UGI,6.1,-5.5,43.0,0.0,13.0,,1.0
2025-11-17 00:00:00,UGI,6.1,-5.5,43.0,0.0,12.0,,1.0
2025-11-17 01:00:00,UGI,5.0,-5.7,46.0,0.0,11.0,,2.0
2025-11-17 02:00:00,UGI,5.6,-5.7,44.0,0.0,19.0,,3.0
2025-11-17 03:00:00,UGI,6.1,-4.9,45.0,0.0,11.0,,3.0
2025-11-17 04:00:00,UGI,5.0,-3.3,55.0,0.0,9.0,,3.0
2025-11-17 05:00:00,UGI,5.0,-2.8,57.0,0.0,9.0,,2.0
2025-11-17 06:00:00,UGI,5.6,-5.7,44.0,0.0,11.0,,1.0
2025-11-17 07:00:00,UGI,5.0,-5.7,46.0,0.0,13.0,,2.0
2025-11-17 08:00:00,UGI,5.0,-5.9,45.0,0.0,13.0,,1.0
2025-11-17 09:00:00,UGI,4.4,-6.2,46.0,0.0,17.0,,1.0
2025-11-17 10:00:00,UGI,4.4,-6.2,46.0,0.0,14.0,,1.0
2025-11-17 11:00:00,UGI,1.9,-4.2,64.0,0.0,21.6,1009.1,1.0
2025-11-17 12:00:00,UGI,1.8,-4.3,64.0,0.0,21.6,1010.2,1.0
2025-11-17 13:00:00,UGI,2.6,-3.9,62.0,0.0,24.8,1011.1,1.0
2025-11-17 14:00:00,UGI,4.1,-4.4,54.0,0.0,33.5,1011.5,2.0
2025-11-17 15:00:00,UGI,5.1,-4.5,50.0,0.0,32.8,1011.7,3.0
2025-11-17 16:00:00,UGI,5.6,-5.1,46.0,0.0,32.0,1012.2,3.0
2025-11-17 17:00:00,UGI,6.2,-6.1,41.0,0.0,31.0,1012.0,3.0
2025-11-17 18:00:00,UGI,6.2,-6.4,40.0,0.0,28.4,1012.0,3.0
2025-11-17 19:00:00,UGI,6.4,-6.9,38.0,0.0,29.2,1012.2,3.0
2025-11-17 20:00:00,UGI,6.5,-6.8,38.0,0.0,26.6,1012.9,3.0
2025-11-17 21:00:00,UGI,6.3,-7.0,38.0,0.0,25.6,1013.7,3.0
2025-11-17 22:00:00,UGI,5.7,-6.8,40.0,0.0,18.7,1014.7,3.0
2025-11-17 23:00:00,UGI,4.5,-6.4,45.0,0.0,16.9,1015.6,2.0
2025-11-18 00:00:00,UGI,3.8,-6.2,48.0,0.0,18.4,1016.6,1.0
2025-11-18 01:00:00,UGI,3.1,-6.0,51.0,0.0,20.2,1017.4,1.0
2025-11-18 02:00:00,UGI,2.5,-5.9,54.0,0.0,18.0,1018.0,1.0
2025-11-18 03:00:00,UGI,2.4,-5.7,55.0,0.0,16.9,1018.5,1.0
2025-11-18 04:00:00,UGI,2.1,-5.8,56.0,0.0,18.0,1018.9,1.0
2025-11-18 05:00:00,UGI,2.0,-5.6,57.0,0.0,16.6,1019.3,1.0
2025-11-18 06:00:00,UGI,1.9,-5.5,58.0,0.0,15.5,1019.6,2.0
2025-11-18 07:00:00,UGI,1.5,-5.6,59.0,0.0,14.0,1020.1,2.0
2025-11-18 08:00:00,UGI,0.8,-5.4,63.0,0.0,13.0,1020.5,1.0
2025-11-18 09:00:00,UGI,0.2,-5.4,66.0,0.0,11.5,1021.0,1.0
2025-11-18 10:00:00,UGI,-0.2,-5.4,68.0,0.0,10.8,1021.6,1.0
2025-11-18 11:00:00,UGI,-0.4,-5.2,70.0,0.0,10.1,1022.3,1.0
2025-11-18 12:00:00,UGI,-0.9,-4.9,74.0,0.0,9.0,1022.8,1.0
2025-11-18 13:00:00,UGI,0.4,-4.1,72.0,0.0,10.1,1023.7,3.0
2025-11-18 14:00:00,UGI,2.5,-3.8,63.0,0.0,7.6,1024.0,3.0
2025-11-18 15:00:00,UGI,3.8,-3.9,57.0,0.0,9.7,1024.2,3.0
2025-11-18 16:00:00,UGI,4.5,-4.2,53.0,0.0,9.4,1024.0,3.0
2025-11-18 17:00:00,UGI,4.8,-4.2,52.0,0.0,10.4,1023.8,3.0
2025-11-18 18:00:00,UGI,5.1,-3.9,52.0,0.0,8.6,1022.9,3.0
2025-11-18 19:00:00,UGI,5.1,-3.4,54.0,0.0,6.5,1022.2,3.0
2025-11-18 20:00:00,UGI,5.2,-2.9,56.0,0.0,6.1,1021.5,3.0
2025-11-18 21:00:00,UGI,5.2,-2.2,59.0,0.0,6.1,1021.6,3.0
2025-11-18 22:00:00,UGI,4.5,-0.9,68.0,0.0,4.7,1021.9,3.0
2025-11-18 23:00:00,UGI,4.6,-1.2,66.0,0.0,7.2,1021.8,3.0
2025-11-19 00:00:00,UGI,4.5,-1.1,67.0,0.0,7.2,1021.7,3.0
2025-11-19 01:00:00,UGI,4.4,-1.2,67.0,0.0,7.6,1021.7,3.0
2025-11-19 02:00:00,UGI,4.4,-1.0,68.0,0.0,7.9,1021.6,3.0
2025-11-19 03:00:00,UGI,4.5,-0.5,70.0,0.0,11.2,1021.4,3.0
2025-11-19 04:00:00,UGI,4.2,0.9,79.0,0.4,11.9,1021.5,8.0
2025-11-19 05:00:00,UGI,3.6,2.9,95.0,0.8,11.9,1020.8,8.0
2025-11-19 06:00:00,UGI,3.6,3.2,97.0,2.3,11.5,1020.4,9.0
2025-11-19 07:00:00,UGI,3.8,3.5,98.0,0.8,9.0,1020.3,8.0
2025-11-19 08:00:00,UGI,3.8,3.5,98.0,2.0,8.3,1020.1,9.0
2025-11-19 09:00:00,UGI,3.8,3.5,98.0,0.0,8.3,1020.1,3.0
2025-11-19 10:00:00,UGI,4.0,3.7,98.0,0.0,7.9,1020.4,3.0
2025-11-19 11:00:00,UGI,4.1,3.8,98.0,0.1,9.4,1020.7,7.0
2025-11-19 12:00:00,UGI,4.0,3.9,99.0,0.0,9.4,1021.4,3.0
2025-11-19 13:00:00,UGI,4.2,3.9,98.0,0.0,10.4,1021.8,3.0
2025-11-19 14:00:00,UGI,4.6,3.9,95.0,0.0,11.9,1022.4,3.0
2025-11-19 15:00:00,UGI,5.3,4.0,91.0,0.0,10.8,1022.8,3.0
2025-11-19 16:00:00,UGI,5.8,4.0,88.0,0.0,7.6,1023.0,3.0
2025-11-19 17:00:00,UGI,6.3,4.1,86.0,0.0,5.8,1022.6,3.0
2025-11-19 18:00:00,UGI,6.7,4.2,84.0,0.0,5.8,1022.1,3.0
2025-11-19 19:00:00,UGI,7.1,4.1,81.0,0.0,6.1,1021.9,3.0
2025-11-19 20:00:00,UGI,7.3,3.9,79.0,0.0,6.8,1022.1,3.0
2025-11-19 21:00:00,UGI,7.3,3.7,78.0,0.0,8.3,1022.9,3.0
2025-11-19 22:00:00,UGI,6.7,3.8,82.0,0.0,7.2,1023.4,3.0
2025-11-19 23:00:00,UGI,6.3,3.8,84.0,0.0,6.8,1023.5,3.0
2025-11-20 00:00:00,UGI,6.4,3.7,83.0,0.0,8.3,1023.6,3.0
2025-11-20 01:00:00,UGI,5.5,3.7,88.0,0.0,2.9,1023.7,3.0
2025-11-20 02:00:00,UGI,5.2,3.5,89.0,0.0,3.6,1024.1,3.0
2025-11-20 03:00:00,UGI,5.2,3.7,90.0,0.0,2.9,1024.2,3.0
2025-11-20 04:00:00,UGI,5.0,3.7,91.0,0.0,2.2,1023.9,3.0
2025-11-20 05:00:00,UGI,4.8,3.6,92.0,0.0,2.2,1023.5,3.0
2025-11-20 06:00:00,UGI,4.3,3.1,92.0,0.0,1.8,1023.3,3.0
2025-11-20 07:00:00,UGI,,,,,,,
2025-11-20 08:00:00,UGI,,,,,,,
2025-11-20 09:00:00,UGI,,,,,,,
2025-11-20 10:00:00,UGI,,,,,,,
2025-11-20 11:00:00,UGI,,,,,,,
2025-11-20 12:00:00,UGI,4.7,4.0,95.0,,2.5,1023.7,
2025-11-20 13:00:00,UGI,,,,,,,
2025-11-20 14:00:00,UGI,,,,,,,
2025-11-20 15:00:00,UGI,,,,,,,
2025-11-20 16:00:00,UGI,,,,,,,
2025-11-20 17:00:00,UGI,,,,,,,
2025-11-20 18:00:00,UGI,8.9,4.3,73.0,,4.3,1022.0,
2025-11-20 19:00:00,UGI,,,,,,,
2025-11-20 20:00:00,UGI,,,,,,,
2025-11-20 21:00:00,UGI,,,,,,,
2025-11-20 22:00:00,UGI,,,,,,,
2025-11-20 23:00:00,UGI,,,,,,,
2025-11-21 00:00:00,UGI,7.6,5.4,86.0,,4.0,1021.2,
2025-11-21 01:00:00,UGI,,,,,,,
2025-11-21 02:00:00,UGI,,,,,,,
2025-11-21 03:00:00,UGI,,,,,,,
2025-11-21 04:00:00,UGI,,,,,,,
2025-11-21 05:00:00,UGI,,,,,,,
2025-11-21 06:00:00,UGI,6.7,5.3,91.0,,7.2,1019.4,
2025-11-21 07:00:00,UGI,,,,,,,
2025-11-21 08:00:00,UGI,,,,,,,
2025-11-21 09:00:00,UGI,,,,,,,
2025-11-21 10:00:00,UGI,,,,,,,
2025-11-21 11:00:00,UGI,,,,,,,
2025-11-21 12:00:00,UGI,6.7,6.1,96.0,,7.6,1017.0,
2025-11-21 13:00:00,UGI,,,,,,,
2025-11-21 14:00:00,UGI,,,,,,,
2025-11-21 15:00:00,UGI,,,,,,,
2025-11-21 16:00:00,UGI,,,,,,,
2025-11-21 17:00:00,UGI,,,,,,,
2025-11-21 18:00:00,UGI,10.2,8.1,87.0,,4.7,1013.7,
2025-11-21 19:00:00,UGI,,,,,,,
2025-11-21 20:00:00,UGI,,,,,,,
2025-11-21 21:00:00,UGI,,,,,,,
2025-11-21 22:00:00,UGI,,,,,,,
2025-11-21 23:00:00,UGI,,,,,,,
2025-11-22 00:00:00,UGI,9.6,8.8,95.0,,2.9,1012.7,
2025-11-22 01:00:00,UGI,,,,,,,
2025-11-22 02:00:00,UGI,,,,,,,
2025-11-22 03:00:00,UGI,,,,,,,
2025-11-22 04:00:00,UGI,,,,,,,
2025-11-22 05:00:00,UGI,,,,,,,
2025-11-22 06:00:00,UGI,6.9,6.0,94.0,,11.2,1013.5,
2025-11-22 07:00:00,UGI,,,,,,,
2025-11-22 08:00:00,UGI,,,,,,,
2025-11-22 09:00:00,UGI,,,,,,,
2025-11-22 10:00:00,UGI,,,,,,,
2025-11-22 11:00:00,UGI,,,,,,,
2025-11-22 12:00:00,UGI,5.0,3.3,89.0,,9.7,1015.4,
2025-11-22 13:00:00,UGI,,,,,,,
2025-11-22 14:00:00,UGI,,,,,,,
2025-11-22 15:00:00,UGI,,,,,,,
2025-11-22 16:00:00,UGI,,,,,,,
2025-11-22 17:00:00,UGI,,,,,,,
2025-11-22 18:00:00,UGI,8.6,-1.0,51.0,,8.3,1015.6,
2025-11-22 19:00:00,UGI,,,,,,,
2025-11-22 20:00:00,UGI,,,,,,,
2025-11-22 21:00:00,UGI,,,,,,,
2025-11-22 22:00:00,UGI,,,,,,,
2025-11-22 23:00:00,UGI,,,,,,,
2025-11-23 00:00:00,UGI,3.6,-0.6,74.0,,5.8,1017.8,
2025-11-23 01:00:00,UGI,,,,,,,
2025-11-23 02:00:00,UGI,,,,,,,
2025-11-23 03:00:00,UGI,,,,,,,
2025-11-23 04:00:00,UGI,,,,,,,
2025-11-23 05:00:00,UGI,,,,,,,
2025-11-23 06:00:00,UGI,0.1,-2.0,86.0,,2.5,1018.9,
2025-11-23 07:00:00,UGI,,,,,,,
2025-11-23 08:00:00,UGI,,,,,,,
2025-11-23 09:00:00,UGI,,,,,,,
2025-11-23 10:00:00,UGI,,,,,,,
2025-11-23 11:00:00,UGI,,,,,,,
2025-11-23 12:00:00,UGI,-1.8,-3.4,89.0,,1.4,1019.7,
2025-11-23 13:00:00,UGI,,,,,,,
2025-11-23 14:00:00,UGI,,,,,,,
2025-11-23 15:00:00,UGI,,,,,,,
2025-11-23 16:00:00,UGI,,,,,,,
2025-11-23 17:00:00,UGI,,,,,,,
2025-11-23 18:00:00,UGI,11.1,0.8,49.0,,6.1,1018.0,
2025-11-23 19:00:00,UGI,,,,,,,
2025-11-23 20:00:00,UGI,,,,,,,
2025-11-23 21:00:00,UGI,,,,,,,
2025-11-23 22:00:00,UGI,,,,,,,
2025-11-23 23:00:00,UGI,,,,,,,
2025-11-24 00:00:00,UGI,5.0,1.5,78.0,,6.5,1018.5,
2025-11-24 01:00:00,UGI,,,,,,,
2025-11-24 02:00:00,UGI,,,,,,,
2025-11-24 03:00:00,UGI,,,,,,,
2025-11-24 04:00:00,UGI,,,,,,,
2025-11-24 05:00:00,UGI,,,,,,,
2025-11-24 06:00:00,UGI,1.0,-0.9,87.0,,4.0,1019.1,
2025-11-24 07:00:00,UGI,,,,,,,
2025-11-24 08:00:00,UGI,,,,,,,
2025-11-24 09:00:00,UGI,,,,,,,
2025-11-24 10:00:00,UGI,,,,,,,
2025-11-24 11:00:00,UGI,,,,,,,
2025-11-24 12:00:00,UGI,-0.6,-1.9,91.0,,2.5,1020.5,
2025-11-24 13:00:00,UGI,,,,,,,
2025-11-24 14:00:00,UGI,,,,,,,
2025-11-24 15:00:00,UGI,,,,,,,
2025-11-24 16:00:00,UGI,,,,,,,
2025-11-24 17:00:00,UGI,,,,,,,
2025-11-24 18:00:00,UGI,14.1,3.3,48.0,,5.4,1018.2,
2025-11-24 19:00:00,UGI,,,,,,,
2025-11-24 20:00:00,UGI,,,,,,,
2025-11-24 21:00:00,UGI,,,,,,,
2025-11-24 22:00:00,UGI,,,,,,,
2025-11-24 23:00:00,UGI,,,,,,,
2025-11-25 00:00:00,UGI,8.9,2.7,65.0,,12.2,1018.0,
2025-11-25 01:00:00,UGI,,,,,,,
2025-11-25 02:00:00,UGI,,,,,,,
2025-11-25 03:00:00,UGI,,,,,,,
2025-11-25 04:00:00,UGI,,,,,,,
2025-11-25 05:00:00,UGI,,,,,,,
2025-11-25 06:00:00,UGI,7.8,1.2,63.0,,9.4,1017.6,
2025-11-25 07:00:00,UGI,,,,,,,
2025-11-25 08:00:00,UGI,,,,,,,
2025-11-25 09:00:00,UGI,,,,,,,
2025-11-25 10:00:00,UGI,,,,,,,
2025-11-25 11:00:00,UGI,,,,,,,
2025-11-25 12:00:00,UGI,8.1,3.0,70.0,,6.5,1019.4,
2025-11-25 13:00:00,UGI,,,,,,,
2025-11-25 14:00:00,UGI,,,,,,,
2025-11-25 15:00:00,UGI,,,,,,,
2025-11-25 16:00:00,UGI,,,,,,,
2025-11-25 17:00:00,UGI,,,,,,,
2025-11-25 18:00:00,UGI,12.5,5.6,63.0,,12.6,1019.5,
2025-11-25 19:00:00,UGI,,,,,,,
2025-11-25 20:00:00,UGI,,,,,,,
2025-11-25 21:00:00,UGI,,,,,,,
2025-11-25 22:00:00,UGI,,,,,,,
2025-11-25 23:00:00,UGI,,,,,,,
2025-11-26 00:00:00,UGI,6.4,2.8,78.0,,7.2,1021.5,
2025-11-26 01:00:00,UGI,,,,,,,
2025-11-26 02:00:00,UGI,,,,,,,
2025-11-26 03:00:00,UGI,,,,,,,
2025-11-26 04:00:00,UGI,,,,,,,
2025-11-26 05:00:00,UGI,,,,,,,
2025-11-26 06:00:00,UGI,2.2,0.1,86.0,,5.4,1023.4,
2025-11-26 07:00:00,UGI,,,,,,,
2025-11-26 08:00:00,UGI,,,,,,,
2025-11-26 09:00:00,UGI,,,,,,,
2025-11-26 10:00:00,UGI,,,,,,,
2025-11-26 11:00:00,UGI,,,,,,,
2025-11-26 12:00:00,UGI,0.5,-1.1,89.0,,7.6,1025.9,
2025-11-26 13:00:00,UGI,,,,,,,
2025-11-26 14:00:00,UGI,,,,,,,
2025-11-26 15:00:00,UGI,,,,,,,
2025-11-26 16:00:00,UGI,,,,,,,
2025-11-26 17:00:00,UGI,,,,,,,
2025-11-26 18:00:00,UGI,7.3,-1.1,55.0,,9.4,1025.8,
2025-11-26 19:00:00,UGI,,,,,,,
2025-11-26 20:00:00,UGI,,,,,,,
2025-11-26 21:00:00,UGI,,,,,,,
2025-11-26 22:00:00,UGI,,,,,,,
2025-11-26 23:00:00,UGI,,,,,,,
2025-11-27 00:00:00,UGI,4.7,-1.3,65.0,,8.3,1026.0,
2025-11-01 00:00:00,VMEU,12.0,1.0,47.0,0.0,30.0,1006.0,1.0
2025-11-01 01:00:00,VMEU,12.0,1.0,47.0,0.0,28.0,1007.0,2.0
2025-11-01 02:00:00,VMEU,11.0,2.0,54.0,0.0,19.0,1008.0,1.0
2025-11-01 03:00:00,VMEU,11.0,2.0,54.0,0.0,26.0,1009.0,1.0
2025-11-01 04:00:00,VMEU,11.0,3.8,61.0,0.0,19.0,1009.0,1.0
2025-11-01 05:00:00,VMEU,10.0,2.8,61.0,0.0,17.0,1010.0,1.0
2025-11-01 06:00:00,VMEU,9.0,2.3,63.0,0.0,13.0,1011.0,1.0
2025-11-01 07:00:00,VMEU,9.0,3.4,68.0,0.0,15.0,1011.0,1.0
2025-11-01 08:00:00,VMEU,9.0,3.4,68.0,0.0,15.0,1012.0,1.0
2025-11-01 09:00:00,VMEU,9.0,3.4,68.0,0.0,13.0,1013.0,1.0
2025-11-01 10:00:00,VMEU,9.0,4.0,71.0,0.0,7.0,1014.0,1.0
2025-11-01 11:00:00,VMEU,9.0,4.0,71.0,0.0,13.0,1014.0,1.0
2025-11-01 12:00:00,VMEU,11.0,4.9,66.0,0.0,15.0,1015.0,1.0
2025-11-01 13:00:00,VMEU,12.0,4.2,59.0,0.0,19.0,1016.0,1.0
2025-11-01 14:00:00,VMEU,14.0,2.9,47.0,0.0,22.0,1016.0,3.0
2025-11-01 15:00:00,VMEU,15.0,2.2,42.0,0.0,22.0,1016.0,2.0
2025-11-01 16:00:00,VMEU,16.0,2.8,41.0,0.0,30.0,1016.0,1.0
2025-11-01 17:00:00,VMEU,15.0,2.2,42.0,0.0,22.0,1016.0,3.0
2025-11-01 18:00:00,VMEU,17.0,1.0,34.0,0.0,26.0,1016.0,3.0
2025-11-01 19:00:00,VMEU,16.0,0.9,36.0,0.0,19.0,1016.0,3.0
2025-11-01 20:00:00,VMEU,16.0,0.9,36.0,0.0,19.0,1017.0,3.0
2025-11-01 21:00:00,VMEU,12.0,2.7,53.0,0.0,6.0,1017.0,3.0
2025-11-01 22:00:00,VMEU,7.0,3.1,76.0,0.0,0.0,1018.0,3.0
2025-11-01 23:00:00,VMEU,6.0,3.2,82.0,0.0,0.0,1019.0,2.0
2025-11-02 00:00:00,VMEU,5.0,2.9,86.0,0.0,0.0,1019.0,1.0
2025-11-02 01:00:00,VMEU,3.0,2.0,93.0,0.0,0.0,1020.0,2.0
2025-11-02 02:00:00,VMEU,3.0,2.0,93.0,0.0,0.0,1020.0,3.0
2025-11-02 03:00:00,VMEU,2.0,1.6,97.0,0.0,0.0,1021.0,3.0
2025-11-02 04:00:00,VMEU,2.0,0.8,92.0,0.0,0.0,1021.0,3.0
2025-11-02 05:00:00,VMEU,2.0,1.4,96.0,0.0,0.0,1022.0,2.0
2025-11-02 06:00:00,VMEU,2.0,1.4,96.0,0.0,0.0,1022.0,1.0
2025-11-02 07:00:00,VMEU,2.0,1.4,96.0,0.0,0.0,1023.0,1.0
2025-11-02 08:00:00,VMEU,2.0,1.4,96.0,0.0,0.0,1023.0,1.0
2025-11-02 09:00:00,VMEU,2.0,1.6,97.0,0.0,0.0,1024.0,2.0
2025-11-02 10:00:00,VMEU,1.0,0.6,97.0,0.0,0.0,1024.0,2.0
2025-11-02 11:00:00,VMEU,1.0,0.6,97.0,0.0,0.0,1025.0,2.0
2025-11-02 12:00:00,VMEU,5.0,4.0,93.0,0.0,0.0,1026.0,1.0
2025-11-02 13:00:00,VMEU,10.0,4.4,68.0,0.0,6.0,1026.0,1.0
2025-11-02 14:00:00,VMEU,13.0,4.2,55.0,0.0,0.0,1026.0,2.0
2025-11-02 15:00:00,VMEU,16.0,3.1,42.0,0.0,7.0,1026.0,1.0
2025-11-02 16:00:00,VMEU,17.0,-0.3,31.0,0.0,0.0,1026.0,1.0
2025-11-02 17:00:00,VMEU,17.0,-0.7,30.0,0.0,0.0,1025.0,1.0
2025-11-02 18:00:00,VMEU,18.0,0.6,31.0,0.0,6.8,1024.0,1.0
2025-11-02 19:00:00,VMEU,18.0,0.6,31.0,0.0,6.0,1024.0,1.0
2025-11-02 20:00:00,VMEU,16.0,3.7,44.0,0.0,7.0,1025.0,1.0
2025-11-02 21:00:00,VMEU,13.0,6.3,64.0,0.0,0.0,1025.0,1.0
2025-11-02 22:00:00,VMEU,9.0,5.7,80.0,0.0,0.0,1025.0,1.0
2025-11-02 23:00:00,VMEU,8.0,6.3,89.0,0.0,0.0,1025.0,1.0
2025-11-03 00:00:00,VMEU,6.0,4.3,89.0,0.0,0.0,1025.0,3.0
2025-11-03 01:00:00,VMEU,6.0,4.8,92.0,0.0,0.0,1025.0,1.0
2025-11-03 02:00:00,VMEU,5.0,4.4,96.0,0.0,0.0,1025.0,2.0
2025-11-03 03:00:00,VMEU,6.0,5.0,93.0,0.0,0.0,1024.0,2.0
2025-11-03 04:00:00,VMEU,4.0,4.0,100.0,0.0,0.0,1024.0,3.0
2025-11-03 05:00:00,VMEU,6.0,5.0,93.0,0.0,6.0,1024.0,3.0
2025-11-03 06:00:00,VMEU,7.0,5.9,93.0,0.0,0.0,1024.0,3.0
2025-11-03 07:00:00,VMEU,8.0,6.9,93.0,0.0,0.0,1023.0,3.0
2025-11-03 08:00:00,VMEU,8.0,6.9,93.0,0.0,0.0,1023.0,3.0
2025-11-03 09:00:00,VMEU,9.0,7.9,93.0,0.1,0.0,1022.0,7.0
2025-11-03 10:00:00,VMEU,9.0,8.4,96.0,0.3,0.0,1022.0,8.0
2025-11-03 11:00:00,VMEU,9.0,8.4,96.0,0.0,0.0,1022.0,7.0
2025-11-03 12:00:00,VMEU,10.0,9.4,96.0,0.0,0.0,1022.0,7.0
2025-11-03 13:00:00,VMEU,11.0,9.3,89.0,0.3,0.0,1021.0,8.0
2025-11-03 14:00:00,VMEU,12.0,10.2,89.0,0.0,6.0,1020.0,3.0
2025-11-03 15:00:00,VMEU,13.0,10.9,87.0,0.0,7.0,1019.0,3.0
2025-11-03 16:00:00,VMEU,14.0,10.0,77.0,0.0,0.0,1017.0,3.0
2025-11-03 17:00:00,VMEU,14.0,10.0,77.0,0.0,0.0,1016.0,3.0
2025-11-03 18:00:00,VMEU,14.0,9.6,75.0,0.0,13.0,1015.0,2.0
2025-11-03 19:00:00,VMEU,13.0,9.1,77.0,0.0,9.0,1015.0,3.0
2025-11-03 20:00:00,VMEU,14.0,10.0,77.0,0.0,7.0,1014.0,3.0
2025-11-03 21:00:00,VMEU,12.0,9.7,86.0,0.0,6.0,1014.0,3.0
2025-11-03 22:00:00,VMEU,10.0,9.4,96.0,0.0,0.0,1014.0,2.0
2025-11-03 23:00:00,VMEU,8.0,8.0,100.0,0.0,0.0,1014.0,1.0
2025-11-04 00:00:00,VMEU,10.0,9.4,96.0,0.0,6.0,1014.0,1.0
2025-11-04 01:00:00,VMEU,11.0,8.2,83.0,0.0,15.0,1014.0,1.0
2025-11-04 02:00:00,VMEU,11.0,4.9,66.0,0.0,20.0,1015.0,1.0
2025-11-04 03:00:00,VMEU,10.0,1.6,56.0,0.0,11.0,1015.0,1.0
2025-11-04 04:00:00,VMEU,7.0,1.5,68.0,0.0,9.0,1016.0,1.0
2025-11-04 05:00:00,VMEU,7.0,2.1,71.0,0.0,13.0,1016.0,1.0
2025-11-04 06:00:00,VMEU,9.0,3.0,66.0,0.0,13.0,1017.0,1.0
2025-11-04 07:00:00,VMEU,7.0,2.1,71.0,0.0,11.0,1018.0,1.0
2025-11-04 08:00:00,VMEU,8.0,1.8,65.0,0.0,15.0,1018.0,1.0
2025-11-04 09:00:00,VMEU,7.0,1.9,70.0,0.0,9.0,1019.0,1.0
2025-11-04 10:00:00,VMEU,6.0,2.1,76.0,0.0,7.0,1020.0,1.0
2025-11-04 11:00:00,VMEU,7.0,2.7,74.0,0.0,15.0,1021.0,1.0
2025-11-04 12:00:00,VMEU,10.0,3.3,63.0,0.0,19.0,1022.0,1.0
2025-11-04 13:00:00,VMEU,13.0,1.3,45.0,0.0,22.0,1023.0,1.0
2025-11-04 14:00:00,VMEU,14.0,0.3,39.0,0.0,22.0,1022.0,1.0
2025-11-04 15:00:00,VMEU,15.0,-0.7,34.0,0.0,26.0,1022.0,1.0
2025-11-04 16:00:00,VMEU,15.0,-1.1,33.0,0.0,30.0,1021.0,1.0
2025-11-04 17:00:00,VMEU,16.0,-0.7,32.0,0.0,32.0,1020.0,3.0
2025-11-04 18:00:00,VMEU,17.0,-1.6,28.0,0.0,26.0,1020.0,2.0
2025-11-04 19:00:00,VMEU,17.0,-4.9,22.0,0.0,30.0,1020.0,1.0
2025-11-04 20:00:00,VMEU,16.0,-5.1,23.0,0.0,22.0,1020.0,1.0
2025-11-04 21:00:00,VMEU,13.0,-1.4,37.0,0.0,13.0,1021.0,1.0
2025-11-04 22:00:00,VMEU,11.0,-0.8,44.0,0.0,6.0,1022.0,1.0
2025-11-04 23:00:00,VMEU,11.0,1.0,50.0,0.0,0.0,1023.0,1.0
2025-11-05 00:00:00,VMEU,6.0,2.1,76.0,0.0,0.0,1023.0,1.0
2025-11-05 01:00:00,VMEU,7.0,2.1,71.0,0.0,9.0,1023.0,1.0
2025-11-05 02:00:00,VMEU,8.0,1.8,65.0,0.0,7.0,1023.0,1.0
2025-11-05 03:00:00,VMEU,4.0,0.7,79.0,0.0,0.0,1023.0,1.0
2025-11-05 04:00:00,VMEU,4.0,0.7,79.0,0.0,7.0,1023.0,1.0
2025-11-05 05:00:00,VMEU,2.0,0.8,92.0,0.0,0.0,1023.0,1.0
2025-11-05 06:00:00,VMEU,2.0,0.8,92.0,0.0,0.0,1022.0,1.0
2025-11-05 07:00:00,VMEU,0.0,-0.6,96.0,0.0,0.0,1022.0,1.0
2025-11-05 08:00:00,VMEU,1.0,-0.2,92.0,0.0,0.0,1022.0,1.0
2025-11-05 09:00:00,VMEU,0.0,-0.6,96.0,0.0,0.0,1022.0,1.0
2025-11-05 10:00:00,VMEU,-1.0,-1.0,100.0,0.0,0.0,1022.0,1.0
2025-11-05 11:00:00,VMEU,0.0,-0.6,96.0,0.0,0.0,1021.0,1.0
2025-11-05 12:00:00,VMEU,4.0,3.0,93.0,0.0,0.0,1021.0,1.0
2025-11-05 13:00:00,VMEU,12.0,8.1,77.0,0.0,0.0,1020.0,1.0
2025-11-05 14:00:00,VMEU,16.0,0.5,35.0,0.0,11.0,1018.0,1.0
2025-11-05 15:00:00,VMEU,17.0,2.6,38.0,0.0,9.0,1017.0,1.0
2025-11-05 16:00:00,VMEU,18.0,5.2,43.0,0.0,13.0,1014.0,1.0
2025-11-05 17:00:00,VMEU,19.0,5.8,42.0,0.0,7.0,1012.0,1.0
2025-11-05 18:00:00,VMEU,18.0,5.2,43.0,0.0,13.0,1010.0,2.0
2025-11-05 19:00:00,VMEU,18.0,5.2,43.0,0.0,9.0,1009.0,3.0
2025-11-05 20:00:00,VMEU,18.0,5.2,43.0,0.0,9.0,1008.0,1.0
2025-11-05 21:00:00,VMEU,17.0,5.9,48.0,0.0,9.0,1008.0,1.0
2025-11-05 22:00:00,VMEU,16.0,6.7,54.0,0.0,29.5,1007.0,3.0
2025-11-05 23:00:00,VMEU,16.0,7.5,57.0,0.0,7.0,1006.0,3.0
2025-11-06 00:00:00,VMEU,17.0,7.6,54.0,0.0,13.0,1006.0,3.0
2025-11-06 01:00:00,VMEU,17.0,7.6,54.0,0.0,19.0,1005.0,1.0
2025-11-06 02:00:00,VMEU,17.0,7.6,54.0,0.0,19.0,1005.0,1.0
2025-11-06 03:00:00,VMEU,17.0,7.1,52.0,0.0,30.0,1008.0,1.0
2025-11-06 04:00:00,VMEU,17.0,7.1,52.0,0.0,30.0,1008.0,3.0
2025-11-06 05:00:00,VMEU,14.0,0.3,39.0,0.0,24.0,1010.0,3.0
2025-11-06 06:00:00,VMEU,13.0,1.3,45.0,0.0,26.0,1012.0,3.0
2025-11-06 07:00:00,VMEU,12.0,1.0,47.0,0.0,32.0,1014.0,1.0
2025-11-06 08:00:00,VMEU,11.0,1.0,50.0,0.0,22.0,1015.0,1.0
2025-11-06 09:00:00,VMEU,9.0,-0.3,52.0,0.0,17.0,1016.0,1.0
2025-11-06 10:00:00,VMEU,9.0,0.2,54.0,0.0,17.0,1017.0,1.0
2025-11-06 11:00:00,VMEU,8.0,-0.5,55.0,0.0,15.0,1018.0,1.0
2025-11-06 12:00:00,VMEU,9.0,-1.4,48.0,0.0,24.0,1019.0,1.0
2025-11-06 13:00:00,VMEU,11.0,-1.7,41.0,0.0,17.0,1020.0,1.0
2025-11-06 14:00:00,VMEU,11.0,-2.4,39.0,0.0,20.0,1020.0,1.0
2025-11-06 15:00:00,VMEU,12.0,-2.2,37.0,0.0,26.3,1020.0,1.0
2025-11-06 16:00:00,VMEU,12.0,-2.2,37.0,0.0,28.0,1020.0,2.0
2025-11-06 17:00:00,VMEU,13.0,-2.1,35.0,0.0,22.0,1020.0,1.0
2025-11-06 18:00:00,VMEU,12.0,-3.0,35.0,0.0,11.0,1020.0,3.0
2025-11-06 19:00:00,VMEU,13.0,-2.5,34.0,0.0,22.0,1020.0,3.0
2025-11-06 20:00:00,VMEU,12.0,-2.2,37.0,0.0,19.0,1020.0,2.0
2025-11-06 21:00:00,VMEU,11.0,-3.5,36.0,0.0,11.0,1021.0,2.0
2025-11-06 22:00:00,VMEU,7.0,-2.4,51.0,0.0,0.0,1021.0,1.0
2025-11-06 23:00:00,VMEU,3.0,-1.4,73.0,0.0,0.0,1021.0,3.0
2025-11-07 00:00:00,VMEU,2.0,-2.0,75.0,0.0,0.0,1021.0,1.0
2025-11-07 01:00:00,VMEU,1.0,-1.7,82.0,0.0,0.0,1022.0,1.0
2025-11-07 02:00:00,VMEU,0.0,-2.2,85.0,0.0,0.0,1022.0,1.0
2025-11-07 03:00:00,VMEU,-1.0,-3.2,85.0,0.0,0.0,1022.0,3.0
2025-11-07 04:00:00,VMEU,-1.0,-3.2,85.0,0.0,0.0,1022.0,2.0
2025-11-07 05:00:00,VMEU,-2.0,-3.6,89.0,0.0,0.0,1021.0,2.0
2025-11-07 06:00:00,VMEU,-2.0,-3.1,92.0,0.0,0.0,1021.0,1.0
2025-11-07 07:00:00,VMEU,-2.0,-3.6,89.0,0.0,0.0,1021.0,3.0
2025-11-07 08:00:00,VMEU,-2.0,-3.1,92.0,0.0,0.0,1021.0,3.0
2025-11-07 09:00:00,VMEU,-2.0,-3.1,92.0,0.0,0.0,1020.0,3.0
2025-11-07 10:00:00,VMEU,-2.0,-3.1,92.0,0.0,0.0,1020.0,3.0
2025-11-07 11:00:00,VMEU,-2.0,-2.6,96.0,0.0,0.0,1020.0,3.0
2025-11-07 12:00:00,VMEU,2.0,0.4,89.0,0.0,0.0,1019.0,2.0
2025-11-07 13:00:00,VMEU,11.0,3.3,59.0,0.0,16.2,1019.0,3.0
2025-11-07 14:00:00,VMEU,14.0,2.3,45.0,0.0,17.3,1018.0,3.0
2025-11-07 15:00:00,VMEU,14.0,2.3,45.0,0.0,13.0,1017.0,2.0
2025-11-07 16:00:00,VMEU,16.0,3.1,42.0,0.0,9.0,1016.0,2.0
2025-11-07 17:00:00,VMEU,16.0,3.1,42.0,0.0,11.0,1014.0,3.0
2025-11-07 18:00:00,VMEU,16.0,4.4,46.0,0.0,9.0,1013.0,2.0
2025-11-07 19:00:00,VMEU,16.0,2.8,41.0,0.0,24.1,1011.0,3.0
2025-11-07 20:00:00,VMEU,14.0,3.5,49.0,0.0,13.0,1010.0,3.0
2025-11-07 21:00:00,VMEU,14.0,6.1,59.0,0.0,13.0,1009.0,3.0
2025-11-07 22:00:00,VMEU,14.0,6.1,59.0,0.0,11.0,1009.0,3.0
2025-11-07 23:00:00,VMEU,13.0,5.9,62.0,0.0,7.0,1008.0,3.0
2025-11-08 00:00:00,VMEU,14.0,7.3,64.0,0.0,9.0,1008.0,3.0
2025-11-08 01:00:00,VMEU,14.0,8.6,70.0,0.0,7.0,1007.0,3.0
2025-11-08 02:00:00,VMEU,14.0,9.6,75.0,0.0,9.0,1007.0,3.0
2025-11-08 03:00:00,VMEU,15.0,11.8,81.0,0.0,7.0,1006.0,3.0
2025-11-08 04:00:00,VMEU,16.0,13.1,83.0,0.0,0.0,1006.0,3.0
2025-11-08 05:00:00,VMEU,16.0,13.7,86.0,0.0,9.0,1006.0,3.0
2025-11-08 06:00:00,VMEU,16.0,13.8,87.0,0.0,11.0,1005.0,3.0
2025-11-08 07:00:00,VMEU,16.0,13.8,87.0,0.0,15.0,1005.0,3.0
2025-11-08 08:00:00,VMEU,16.0,14.4,90.0,0.0,11.0,1005.0,3.0
2025-11-08 09:00:00,VMEU,15.0,13.9,93.0,0.0,7.0,1005.0,8.0
2025-11-08 10:00:00,VMEU,15.0,13.9,93.0,0.0,9.0,1006.0,9.0
2025-11-08 11:00:00,VMEU,14.0,13.4,96.0,0.0,9.0,1006.0,8.0
2025-11-08 12:00:00,VMEU,14.0,12.9,93.0,0.4,9.0,1008.0,8.0
2025-11-08 13:00:00,VMEU,16.0,13.7,86.0,0.0,11.0,1009.0,3.0
2025-11-08 14:00:00,VMEU,17.0,11.5,70.0,0.0,17.0,1009.0,3.0
2025-11-08 15:00:00,VMEU,18.0,8.5,54.0,0.0,19.0,1009.0,1.0
2025-11-08 16:00:00,VMEU,19.0,8.0,49.0,0.0,13.0,1009.0,2.0
2025-11-08 17:00:00,VMEU,19.0,7.4,47.0,0.0,13.0,1009.0,1.0
2025-11-08 18:00:00,VMEU,20.0,7.4,44.0,0.0,11.0,1009.0,1.0
2025-11-08 19:00:00,VMEU,20.0,5.6,39.0,0.0,11.0,1009.0,1.0
2025-11-08 20:00:00,VMEU,19.0,5.1,40.0,0.0,13.0,1009.0,1.0
2025-11-08 21:00:00,VMEU,14.0,6.8,62.0,0.0,0.0,1010.0,1.0
2025-11-08 22:00:00,VMEU,12.0,6.5,69.0,0.0,0.0,1011.0,3.0
2025-11-08 23:00:00,VMEU,11.0,7.7,80.0,0.0,0.0,1012.0,3.0
2025-11-09 00:00:00,VMEU,9.0,6.3,83.0,0.0,0.0,1012.0,3.0
2025-11-09 01:00:00,VMEU,8.0,6.5,90.0,0.0,0.0,1012.0,3.0
2025-11-09 02:00:00,VMEU,7.0,5.9,93.0,0.0,0.0,1012.0,3.0
2025-11-09 03:00:00,VMEU,7.0,5.9,93.0,0.0,0.0,1012.0,2.0
2025-11-09 04:00:00,VMEU,7.0,6.4,96.0,0.0,0.0,1012.0,1.0
2025-11-09 05:00:00,VMEU,7.0,7.0,100.0,0.0,0.0,1012.0,5.0
2025-11-09 06:00:00,VMEU,11.0,10.4,96.0,0.0,6.0,1012.0,1.0
2025-11-09 07:00:00,VMEU,11.0,11.0,100.0,0.0,0.0,1011.0,1.0
2025-11-09 08:00:00,VMEU,9.0,9.0,100.0,0.0,0.0,1011.0,5.0
2025-11-09 09:00:00,VMEU,5.0,5.0,100.0,0.0,0.0,1011.0,5.0
2025-11-09 10:00:00,VMEU,8.0,8.0,100.0,0.0,0.0,1011.0,5.0
2025-11-09 11:00:00,VMEU,7.0,7.0,100.0,0.0,0.0,1010.0,5.0
2025-11-09 12:00:00,VMEU,9.0,8.4,96.0,0.0,0.0,1010.0,5.0
2025-11-09 13:00:00,VMEU,13.0,12.4,96.0,0.0,7.0,1010.0,3.0
2025-11-09 14:00:00,VMEU,14.0,13.4,96.0,0.0,7.0,1009.0,3.0
2025-11-09 15:00:00,VMEU,16.0,14.4,90.0,0.0,11.0,1009.0,3.0
2025-11-09 16:00:00,VMEU,16.0,14.4,90.0,0.0,13.0,1009.0,3.0
2025-11-09 17:00:00,VMEU,16.0,14.9,93.0,0.0,11.0,1007.0,8.0
2025-11-09 18:00:00,VMEU,17.0,15.9,93.0,0.0,13.0,1006.0,3.0
2025-11-09 19:00:00,VMEU,19.0,16.2,84.0,0.0,7.0,1005.0,3.0
2025-11-09 20:00:00,VMEU,18.0,15.8,87.0,0.0,9.0,1005.0,3.0
2025-11-09 21:00:00,VMEU,17.0,15.3,90.0,0.0,9.0,1006.0,3.0
2025-11-09 22:00:00,VMEU,17.0,15.3,90.0,0.0,9.0,1006.0,2.0
2025-11-09 23:00:00,VMEU,14.0,13.5,97.0,0.0,0.0,1006.0,5.0
2025-11-10 00:00:00,VMEU,14.0,14.0,100.0,0.0,0.0,1006.0,5.0
2025-11-10 01:00:00,VMEU,14.0,14.0,100.0,0.0,0.0,1006.0,5.0
2025-11-10 02:00:00,VMEU,14.0,13.4,96.0,0.0,0.0,1005.0,5.0
2025-11-10 03:00:00,VMEU,14.0,13.5,97.0,0.0,5.0,1005.0,3.0
2025-11-10 04:00:00,VMEU,14.0,13.5,97.0,0.0,15.0,1007.0,25.0
2025-11-10 05:00:00,VMEU,13.0,11.9,93.0,0.0,15.0,1006.0,8.0
2025-11-10 06:00:00,VMEU,12.0,11.4,96.0,0.1,0.0,1006.0,7.0
2025-11-10 07:00:00,VMEU,11.0,10.5,97.0,0.0,6.0,1006.0,3.0
2025-11-10 08:00:00,VMEU,11.0,9.9,93.0,0.2,9.0,1005.0,7.0
2025-11-10 09:00:00,VMEU,11.0,9.7,92.0,0.0,9.0,1006.0,3.0
2025-11-10 10:00:00,VMEU,11.0,9.3,89.0,0.0,11.0,1006.0,3.0
2025-11-10 11:00:00,VMEU,10.0,6.7,80.0,0.0,13.0,1007.0,3.0
2025-11-10 12:00:00,VMEU,9.0,5.7,80.0,0.0,19.0,1007.0,3.0
2025-11-10 13:00:00,VMEU,9.0,3.6,69.0,0.0,15.0,1006.0,3.0
2025-11-10 14:00:00,VMEU,9.0,2.3,63.0,0.0,20.0,1006.0,3.0
2025-11-10 15:00:00,VMEU,8.0,1.8,65.0,0.0,24.0,1006.0,3.0
2025-11-10 16:00:00,VMEU,8.0,2.5,68.0,0.0,17.0,1005.0,3.0
2025-11-10 17:00:00,VMEU,9.0,3.2,67.0,0.0,22.7,1004.0,3.0
2025-11-10 18:00:00,VMEU,10.0,1.6,56.0,0.0,32.0,1004.0,3.0
2025-11-10 19:00:00,VMEU,9.0,0.7,56.0,0.0,30.0,1004.0,3.0
2025-11-10 20:00:00,VMEU,8.0,0.2,58.0,0.0,28.0,1006.0,2.0
2025-11-10 21:00:00,VMEU,7.0,-0.7,58.0,0.0,26.0,1006.0,3.0
2025-11-10 22:00:00,VMEU,6.0,-1.9,57.0,0.0,30.0,1008.0,3.0
2025-11-10 23:00:00,VMEU,4.0,-3.7,57.0,0.0,13.0,1008.0,2.0
2025-11-11 00:00:00,VMEU,4.0,-5.5,50.0,0.0,20.0,1009.0,3.0
2025-11-11 01:00:00,VMEU,3.0,-6.4,50.0,0.0,17.0,1009.0,3.0
2025-11-11 02:00:00,VMEU,3.0,-6.9,48.0,0.0,22.0,1009.0,3.0
2025-11-11 03:00:00,VMEU,3.0,-7.5,46.0,0.0,19.0,1009.0,3.0
2025-11-11 04:00:00,VMEU,2.0,-7.6,49.0,0.0,15.0,1010.0,3.0
2025-11-11 05:00:00,VMEU,1.0,-7.3,54.0,0.0,17.0,1009.0,3.0
2025-11-11 06:00:00,VMEU,0.0,-7.7,56.0,0.0,15.0,1010.0,1.0
2025-11-11 07:00:00,VMEU,-1.0,-7.1,63.0,0.0,13.0,1010.0,1.0
2025-11-11 08:00:00,VMEU,0.0,-7.7,56.0,0.0,20.0,1009.0,1.0
2025-11-11 09:00:00,VMEU,0.0,-7.3,58.0,0.0,19.0,1010.0,1.0
2025-11-11 10:00:00,VMEU,0.0,-6.6,61.0,0.0,20.0,1010.0,1.0
2025-11-11 11:00:00,VMEU,0.0,-6.6,61.0,0.0,22.0,1011.0,1.0
2025-11-11 12:00:00,VMEU,1.0,-7.3,54.0,0.0,22.0,1012.0,1.0
2025-11-11 13:00:00,VMEU,2.0,-7.3,50.0,0.0,32.0,1012.0,1.0
2025-11-11 14:00:00,VMEU,3.0,-7.5,46.0,0.0,33.0,1012.0,1.0
2025-11-11 15:00:00,VMEU,3.0,-8.1,44.0,0.0,43.0,1012.0,3.0
2025-11-11 16:00:00,VMEU,4.0,-8.1,41.0,0.0,37.0,1012.0,3.0
2025-11-11 17:00:00,VMEU,4.0,-8.1,41.0,0.0,33.0,1011.0,3.0
2025-11-11 18:00:00,VMEU,5.0,-8.1,38.0,0.0,37.0,1011.0,3.0
2025-11-11 19:00:00,VMEU,5.0,-7.8,39.0,0.0,32.0,1012.0,3.0
2025-11-11 20:00:00,VMEU,6.0,-7.2,38.0,0.0,32.0,1013.0,3.0
2025-11-11 21:00:00,VMEU,6.0,-6.3,41.0,0.0,28.0,1013.0,1.0
2025-11-11 22:00:00,VMEU,4.0,-6.6,46.0,0.0,26.0,1015.0,3.0
2025-11-11 23:00:00,VMEU,4.0,-6.6,46.0,0.0,24.0,1016.0,2.0
2025-11-12 00:00:00,VMEU,4.0,-5.0,52.0,0.0,15.0,1016.0,1.0
2025-11-12 01:00:00,VMEU,3.0,-5.2,55.0,0.0,13.0,1016.0,1.0
2025-11-12 02:00:00,VMEU,3.0,-4.7,57.0,0.0,17.0,1017.0,1.0
2025-11-12 03:00:00,VMEU,2.0,-6.3,54.0,0.0,11.0,1016.0,2.0
2025-11-12 04:00:00,VMEU,3.0,-5.9,52.0,0.0,6.0,1016.0,3.0
2025-11-12 05:00:00,VMEU,2.0,-5.2,59.0,0.0,6.0,1015.0,3.0
2025-11-12 06:00:00,VMEU,3.0,-3.8,61.0,0.0,6.0,1015.0,3.0
2025-11-12 07:00:00,VMEU,4.0,-4.2,55.0,0.0,7.0,1014.0,3.0
2025-11-12 08:00:00,VMEU,5.0,-4.3,51.0,0.0,6.0,1013.0,3.0
2025-11-12 09:00:00,VMEU,4.0,-2.6,62.0,0.0,0.0,1013.0,3.0
2025-11-12 10:00:00,VMEU,5.0,-2.1,60.0,0.0,6.0,1013.0,2.0
2025-11-12 11:00:00,VMEU,5.0,-2.8,57.0,0.0,7.0,1013.0,1.0
2025-11-12 12:00:00,VMEU,6.0,-2.9,53.0,0.0,13.0,1013.0,3.0
2025-11-12 13:00:00,VMEU,6.0,-2.4,55.0,0.0,15.0,1012.0,2.0
2025-11-12 14:00:00,VMEU,7.0,-2.4,51.0,0.0,13.0,1011.0,2.0
2025-11-12 15:00:00,VMEU,9.0,-1.7,47.0,0.0,19.0,1010.0,1.0
2025-11-12 16:00:00,VMEU,12.0,-1.5,39.0,0.0,24.0,1009.0,2.0
2025-11-12 17:00:00,VMEU,13.0,-2.1,35.0,0.0,35.0,1008.0,3.0
2025-11-12 18:00:00,VMEU,13.0,-1.4,37.0,0.0,30.0,1008.0,3.0
2025-11-12 19:00:00,VMEU,12.0,-2.2,37.0,0.0,28.0,1008.0,3.0
2025-11-12 20:00:00,VMEU,12.0,-0.8,41.0,0.0,13.0,1008.0,3.0
2025-11-12 21:00:00,VMEU,11.0,-0.2,46.0,0.0,0.0,1009.0,3.0
2025-11-12 22:00:00,VMEU,11.0,-0.8,44.0,0.0,0.0,1010.0,1.0
2025-11-12 23:00:00,VMEU,11.0,1.5,52.0,0.0,6.0,1010.0,1.0
2025-11-13 00:00:00,VMEU,11.0,1.0,50.0,0.0,6.0,1010.0,3.0
2025-11-13 01:00:00,VMEU,9.0,1.2,58.0,0.0,6.0,1010.0,3.0
2025-11-13 02:00:00,VMEU,7.0,2.5,73.0,0.0,0.0,1011.0,3.0
2025-11-13 03:00:00,VMEU,5.0,2.9,86.0,0.0,0.0,1012.0,1.0
2025-11-13 04:00:00,VMEU,4.0,1.9,86.0,0.0,0.0,1012.0,3.0
2025-11-13 05:00:00,VMEU,3.0,1.4,89.0,0.0,0.0,1012.0,3.0
2025-11-13 06:00:00,VMEU,1.0,-0.2,92.0,0.0,0.0,1013.0,1.0
2025-11-13 07:00:00,VMEU,2.0,-0.3,85.0,0.0,11.0,1013.0,1.0
2025-11-13 08:00:00,VMEU,2.0,-0.7,82.0,0.0,9.0,1013.0,1.0
2025-11-13 09:00:00,VMEU,4.0,-0.4,73.0,0.0,11.0,1014.0,1.0
2025-11-13 10:00:00,VMEU,2.0,-0.7,82.0,0.0,6.0,1014.0,1.0
2025-11-13 11:00:00,VMEU,4.0,0.2,76.0,0.0,11.0,1014.0,1.0
2025-11-13 12:00:00,VMEU,8.0,0.2,58.0,0.0,19.0,1015.0,1.0
2025-11-13 13:00:00,VMEU,10.0,-1.1,46.0,0.0,30.0,1015.0,1.0
2025-11-13 14:00:00,VMEU,11.0,-1.7,41.0,0.0,24.0,1015.0,1.0
2025-11-13 15:00:00,VMEU,12.0,-2.2,37.0,0.0,32.0,1014.0,1.0
2025-11-13 16:00:00,VMEU,12.0,-1.9,38.0,0.0,28.0,1014.0,1.0
2025-11-13 17:00:00,VMEU,12.0,-2.6,36.0,0.0,30.0,1014.0,1.0
2025-11-13 18:00:00,VMEU,12.0,-4.2,32.0,0.0,28.0,1014.0,3.0
2025-11-13 19:00:00,VMEU,12.0,-3.8,33.0,0.0,28.0,1015.0,3.0
2025-11-13 20:00:00,VMEU,12.0,-4.6,31.0,0.0,32.0,1016.0,3.0
2025-11-13 21:00:00,VMEU,10.0,-5.5,33.0,0.0,17.0,1017.0,2.0
2025-11-13 22:00:00,VMEU,9.0,-5.3,36.0,0.0,13.0,1017.0,2.0
2025-11-13 23:00:00,VMEU,3.0,-3.6,62.0,0.0,6.0,1017.0,1.0
2025-11-14 00:00:00,VMEU,1.0,-3.5,72.0,0.0,7.0,1018.0,1.0
2025-11-14 01:00:00,VMEU,-1.0,-3.7,82.0,0.0,0.0,1018.0,1.0
2025-11-14 02:00:00,VMEU,-2.0,-4.7,82.0,0.0,0.0,1018.0,1.0
2025-11-14 03:00:00,VMEU,-2.0,-4.7,82.0,0.0,0.0,1018.0,1.0
2025-11-14 04:00:00,VMEU,-2.0,-4.2,85.0,0.0,7.0,1018.0,1.0
2025-11-14 05:00:00,VMEU,1.0,-2.4,78.0,0.0,9.0,1019.0,1.0
2025-11-14 06:00:00,VMEU,2.0,-2.9,70.0,0.0,13.0,1019.0,1.0
2025-11-14 07:00:00,VMEU,1.0,-2.4,78.0,0.0,7.0,1019.0,1.0
2025-11-14 08:00:00,VMEU,1.0,-2.9,75.0,0.0,9.0,1020.0,1.0
2025-11-14 09:00:00,VMEU,-2.0,-4.2,85.0,0.0,9.0,1020.0,1.0
2025-11-14 10:00:00,VMEU,0.0,-3.2,79.0,0.0,9.0,1021.0,1.0
2025-11-14 11:00:00,VMEU,-2.0,-4.2,85.0,0.0,11.0,1021.0,1.0
2025-11-14 12:00:00,VMEU,4.0,-1.0,70.0,0.0,9.0,1022.0,1.0
2025-11-14 13:00:00,VMEU,8.0,-1.5,51.0,0.0,15.0,1022.0,1.0
2025-11-14 14:00:00,VMEU,10.0,-2.6,41.0,0.0,20.0,1021.0,1.0
2025-11-14 15:00:00,VMEU,11.0,-3.9,35.0,0.0,20.0,1021.0,3.0
2025-11-14 16:00:00,VMEU,12.0,-4.2,32.0,0.0,26.0,1019.0,3.0
2025-11-14 17:00:00,VMEU,12.0,-3.4,34.0,0.0,22.0,1019.0,3.0
2025-11-14 18:00:00,VMEU,13.0,-2.9,33.0,0.0,24.0,1018.0,3.0
2025-11-14 19:00:00,VMEU,12.0,-3.4,34.0,0.0,24.0,1017.0,3.0
2025-11-14 20:00:00,VMEU,11.0,-3.5,36.0,0.0,19.0,1017.0,3.0
2025-11-14 21:00:00,VMEU,10.0,-2.6,41.0,0.0,15.0,1017.0,3.0
2025-11-14 22:00:00,VMEU,10.0,-2.3,42.0,0.0,11.0,1016.0,3.0
2025-11-14 23:00:00,VMEU,9.0,-1.4,48.0,0.0,7.0,1016.0,3.0
2025-11-15 00:00:00,VMEU,9.0,-1.4,48.0,0.0,15.0,1016.0,3.0
2025-11-15 01:00:00,VMEU,9.0,-0.6,51.0,0.0,13.0,1016.0,3.0
2025-11-15 02:00:00,VMEU,9.0,-0.9,50.0,0.0,9.0,1015.0,3.0
2025-11-15 03:00:00,VMEU,8.0,-0.7,54.0,0.0,9.0,1015.0,3.0
2025-11-15 04:00:00,VMEU,8.0,-0.7,54.0,0.0,6.0,1014.0,3.0
2025-11-15 05:00:00,VMEU,7.0,0.9,65.0,0.0,0.0,1014.0,3.0
2025-11-15 06:00:00,VMEU,4.0,-0.4,73.0,0.0,0.0,1013.0,3.0
2025-11-15 07:00:00,VMEU,2.0,-0.7,82.0,0.0,0.0,1013.0,2.0
2025-11-15 08:00:00,VMEU,1.0,-1.2,85.0,0.0,0.0,1013.0,2.0
2025-11-15 09:00:00,VMEU,2.0,0.4,89.0,0.0,0.0,1013.0,3.0
2025-11-15 10:00:00,VMEU,4.0,0.2,76.0,0.0,0.0,1013.0,3.0
2025-11-15 11:00:00,VMEU,4.0,1.4,83.0,0.0,0.0,1013.0,3.0
2025-11-15 12:00:00,VMEU,6.0,0.3,67.0,0.0,6.0,1013.0,3.0
2025-11-15 13:00:00,VMEU,8.0,-0.5,55.0,0.0,9.0,1012.0,3.0
2025-11-15 14:00:00,VMEU,9.0,-1.4,48.0,0.0,0.0,1011.0,1.0
2025-11-15 15:00:00,VMEU,10.0,-1.7,44.0,0.0,0.0,1011.0,3.0
2025-11-15 16:00:00,VMEU,12.0,0.4,45.0,0.0,6.0,1009.0,1.0
2025-11-15 17:00:00,VMEU,12.0,0.4,45.0,0.0,7.0,1008.0,3.0
2025-11-15 18:00:00,VMEU,12.0,-1.5,39.0,0.0,11.0,1007.0,3.0
2025-11-15 19:00:00,VMEU,11.0,2.0,54.0,0.0,11.5,1006.0,3.0
2025-11-15 20:00:00,VMEU,11.0,3.8,61.0,0.0,9.0,1004.0,3.0
2025-11-15 21:00:00,VMEU,10.0,3.9,66.0,0.0,6.0,1003.0,3.0
2025-11-15 22:00:00,VMEU,10.0,5.0,71.0,0.0,6.0,1001.0,3.0
2025-11-15 23:00:00,VMEU,12.0,7.5,74.0,0.0,9.0,1000.0,3.0
2025-11-16 00:00:00,VMEU,12.0,6.5,69.0,0.0,11.0,999.0,3.0
2025-11-16 01:00:00,VMEU,12.0,7.1,72.0,0.0,9.0,998.0,3.0
2025-11-16 02:00:00,VMEU,13.0,8.1,72.0,0.0,6.0,996.0,3.0
2025-11-16 03:00:00,VMEU,16.0,9.2,64.0,0.0,13.0,995.0,3.0
2025-11-16 04:00:00,VMEU,17.0,8.7,58.0,0.0,15.0,993.0,3.0
2025-11-16 05:00:00,VMEU,18.0,9.6,58.0,0.0,17.0,992.0,3.0
2025-11-16 06:00:00,VMEU,17.0,8.7,58.0,0.1,20.0,992.0,7.0
2025-11-16 07:00:00,VMEU,17.0,8.7,58.0,0.2,13.0,991.0,7.0
2025-11-16 08:00:00,VMEU,16.0,8.7,62.0,0.0,11.0,991.0,3.0
2025-11-16 09:00:00,VMEU,16.0,9.4,65.0,0.0,19.0,991.0,3.0
2025-11-16 10:00:00,VMEU,15.0,10.0,72.0,0.0,15.0,992.0,2.0
2025-11-16 11:00:00,VMEU,17.0,8.7,58.0,0.1,22.0,992.0,17.0
2025-11-16 12:00:00,VMEU,16.0,5.6,50.0,0.0,28.0,993.0,3.0
2025-11-16 13:00:00,VMEU,16.0,3.1,42.0,0.0,30.0,994.0,3.0
2025-11-16 14:00:00,VMEU,16.0,0.5,35.0,0.0,39.0,995.0,1.0
2025-11-16 15:00:00,VMEU,16.0,-2.5,28.0,0.0,39.0,995.0,1.0
2025-11-16 16:00:00,VMEU,15.0,-4.4,26.0,0.0,48.0,995.0,1.0
2025-11-16 17:00:00,VMEU,14.0,-3.3,30.0,0.0,50.0,995.0,1.0
2025-11-16 18:00:00,VMEU,13.0,-6.1,26.0,0.0,35.0,996.0,2.0
2025-11-16 19:00:00,VMEU,13.3,-6.3,25.0,0.0,16.0,,2.0
2025-11-16 20:00:00,VMEU,11.7,-7.2,26.0,0.0,21.0,,1.0
2025-11-16 21:00:00,VMEU,10.0,-6.8,30.0,0.0,19.0,,1.0
2025-11-16 22:00:00,VMEU,8.9,-7.7,30.0,0.0,11.0,,3.0
2025-11-16 23:00:00,VMEU,8.9,-6.1,34.0,0.0,10.0,,2.0
2025-11-17 00:00:00,VMEU,7.8,-5.0,40.0,0.0,14.0,,2.0
2025-11-17 01:00:00,VMEU,6.7,-5.0,43.0,0.0,11.0,,1.0
2025-11-17 02:00:00,VMEU,6.7,-5.0,43.0,0.0,14.0,,1.0
2025-11-17 03:00:00,VMEU,5.6,-5.7,44.0,0.0,11.0,,1.0
2025-11-17 04:00:00,VMEU,5.6,-5.7,44.0,0.0,13.0,,3.0
2025-11-17 05:00:00,VMEU,6.1,-4.9,45.0,0.0,14.0,,3.0
2025-11-17 06:00:00,VMEU,6.1,-4.4,47.0,0.0,11.0,,2.0
2025-11-17 07:00:00,VMEU,6.1,-4.4,47.0,0.0,8.0,,2.0
2025-11-17 08:00:00,VMEU,6.1,-3.8,49.0,0.0,9.0,,2.0
2025-11-17 09:00:00,VMEU,5.6,-3.2,53.0,0.0,6.0,,2.0
2025-11-17 10:00:00,VMEU,5.6,-4.0,50.0,0.1,6.0,,7.0
2025-11-17 11:00:00,VMEU,5.0,-4.3,51.0,0.2,8.0,,17.0
2025-11-17 12:00:00,VMEU,5.6,-5.7,44.0,0.0,13.0,,3.0
2025-11-17 13:00:00,VMEU,7.2,-6.2,38.0,0.0,15.0,,2.0
2025-11-17 14:00:00,VMEU,7.2,-6.2,38.0,0.0,12.0,,2.0
2025-11-17 15:00:00,VMEU,8.3,-6.6,34.0,0.0,17.0,,1.0
2025-11-17 16:00:00,VMEU,7.8,-6.0,37.0,0.0,15.0,,3.0
2025-11-17 17:00:00,VMEU,8.3,-6.3,35.0,0.0,17.0,,3.0
2025-11-17 18:00:00,VMEU,8.3,-6.6,34.0,0.0,21.0,,3.0
2025-11-17 19:00:00,VMEU,7.8,-5.3,39.0,0.0,33.1,1011.2,3.0
2025-11-17 20:00:00,VMEU,7.5,-5.2,40.0,0.0,33.1,1012.0,3.0
2025-11-17 21:00:00,VMEU,7.1,-5.3,41.0,0.0,27.0,1012.9,3.0
2025-11-17 22:00:00,VMEU,6.2,-5.4,43.0,0.0,23.4,1014.0,2.0
2025-11-17 23:00:00,VMEU,5.1,-5.3,47.0,0.0,18.7,1014.8,1.0
2025-11-18 00:00:00,VMEU,4.4,-5.1,50.0,0.0,17.3,1015.6,1.0
2025-11-18 01:00:00,VMEU,4.0,-5.0,52.0,0.0,20.2,1016.3,1.0
2025-11-18 02:00:00,VMEU,3.8,-4.6,54.0,0.0,21.6,1017.2,1.0
2025-11-18 03:00:00,VMEU,3.5,-4.4,56.0,0.0,21.6,1018.0,1.0
2025-11-18 04:00:00,VMEU,3.3,-4.6,56.0,0.0,23.0,1018.4,1.0
2025-11-18 05:00:00,VMEU,2.8,-5.1,56.0,0.0,22.3,1018.9,1.0
2025-11-18 06:00:00,VMEU,2.3,-5.1,58.0,0.0,20.9,1019.4,1.0
2025-11-18 07:00:00,VMEU,2.0,-4.9,60.0,0.0,19.4,1019.9,1.0
2025-11-18 08:00:00,VMEU,1.5,-4.8,63.0,0.0,17.6,1020.1,1.0
2025-11-18 09:00:00,VMEU,1.0,-4.2,68.0,0.0,16.2,1020.5,1.0
2025-11-18 10:00:00,VMEU,0.8,-4.0,70.0,0.0,14.8,1021.3,2.0
2025-11-18 11:00:00,VMEU,0.7,-3.8,72.0,0.0,14.8,1021.9,1.0
2025-11-18 12:00:00,VMEU,0.5,-3.6,74.0,0.0,14.0,1022.6,1.0
2025-11-18 13:00:00,VMEU,2.1,-2.6,71.0,0.0,14.0,1023.5,1.0
2025-11-18 14:00:00,VMEU,4.2,-2.9,60.0,0.0,13.7,1024.0,1.0
2025-11-18 15:00:00,VMEU,6.0,-3.1,52.0,0.0,14.0,1024.0,3.0
2025-11-18 16:00:00,VMEU,7.0,-4.1,45.0,0.0,14.4,1024.0,3.0
2025-11-18 17:00:00,VMEU,7.7,-4.1,43.0,0.0,15.5,1023.3,3.0
2025-11-18 18:00:00,VMEU,8.1,-4.0,42.0,0.0,15.5,1022.8,3.0
2025-11-18 19:00:00,VMEU,7.6,-3.9,44.0,0.0,13.3,1022.1,3.0
2025-11-18 20:00:00,VMEU,7.4,-4.1,44.0,0.0,11.9,1021.8,3.0
2025-11-18 21:00:00,VMEU,7.0,-3.0,49.0,0.0,9.4,1022.1,3.0
2025-11-18 22:00:00,VMEU,5.6,-1.5,60.0,0.0,6.5,1022.6,3.0
2025-11-18 23:00:00,VMEU,4.9,-0.9,66.0,0.0,5.4,1022.9,3.0
2025-11-19 00:00:00,VMEU,5.1,-0.5,67.0,0.0,7.2,1023.0,3.0
2025-11-19 01:00:00,VMEU,5.8,-0.5,64.0,0.0,8.3,1022.9,3.0
2025-11-19 02:00:00,VMEU,6.0,-0.5,63.0,0.0,13.3,1022.8,3.0
2025-11-19 03:00:00,VMEU,4.6,2.9,89.0,0.7,11.2,1023.0,8.0
2025-11-19 04:00:00,VMEU,4.3,3.7,96.0,2.9,10.1,1022.9,9.0
2025-11-19 05:00:00,VMEU,4.6,4.0,96.0,1.9,6.8,1022.9,9.0
2025-11-19 06:00:00,VMEU,4.5,4.2,98.0,1.3,9.0,1022.9,9.0
2025-11-19 07:00:00,VMEU,4.4,4.1,98.0,0.9,10.8,1022.1,8.0
2025-11-19 08:00:00,VMEU,4.4,3.8,96.0,0.3,14.0,1021.7,8.0
2025-11-19 09:00:00,VMEU,4.4,3.7,95.0,0.0,12.6,1021.3,3.0
2025-11-19 10:00:00,VMEU,4.6,4.0,96.0,0.0,11.5,1021.5,3.0
2025-11-19 11:00:00,VMEU,4.8,4.4,97.0,0.7,13.7,1022.0,8.0
2025-11-19 12:00:00,VMEU,4.9,4.5,97.0,0.0,14.0,1022.0,3.0
2025-11-19 13:00:00,VMEU,5.9,5.0,94.0,0.0,13.7,1022.3,3.0
2025-11-19 14:00:00,VMEU,6.8,5.9,94.0,0.0,13.7,1022.4,3.0
2025-11-19 15:00:00,VMEU,8.0,6.3,89.0,0.0,14.0,1022.3,3.0
2025-11-19 16:00:00,VMEU,9.0,6.8,86.0,0.0,13.3,1021.9,3.0
2025-11-19 17:00:00,VMEU,10.5,7.0,79.0,0.0,13.7,1021.2,3.0
2025-11-19 18:00:00,VMEU,10.4,6.9,79.0,0.0,16.9,1020.8,3.0
2025-11-19 19:00:00,VMEU,10.2,6.9,80.0,0.0,16.2,1020.8,3.0
2025-11-19 20:00:00,VMEU,9.9,6.6,80.0,0.0,14.0,1021.0,3.0
2025-11-19 21:00:00,VMEU,9.8,6.5,80.0,0.0,13.7,1021.4,3.0
2025-11-19 22:00:00,VMEU,9.2,6.3,82.0,0.0,14.4,1022.0,3.0
2025-11-19 23:00:00,VMEU,8.5,6.0,84.0,0.0,15.5,1022.4,3.0
2025-11-20 00:00:00,VMEU,8.1,5.9,86.0,0.0,15.8,1022.7,3.0
2025-11-20 01:00:00,VMEU,7.8,5.8,87.0,0.0,16.6,1022.5,3.0
2025-11-20 02:00:00,VMEU,7.9,5.9,87.0,0.0,14.8,1022.5,3.0
2025-11-20 03:00:00,VMEU,7.9,5.9,87.0,0.0,15.1,1022.7,3.0
2025-11-20 04:00:00,VMEU,7.7,5.8,88.0,0.0,15.5,1022.6,3.0
2025-11-20 05:00:00,VMEU,7.4,5.5,88.0,0.0,15.5,1022.4,3.0
2025-11-20 06:00:00,VMEU,7.1,5.6,90.0,0.2,16.2,1022.1,7.0
2025-11-20 07:00:00,VMEU,,,,,,,
2025-11-20 08:00:00,VMEU,,,,,,,
2025-11-20 09:00:00,VMEU,,,,,,,
2025-11-20 10:00:00,VMEU,,,,,,,
2025-11-20 11:00:00,VMEU,,,,,,,
2025-11-20 12:00:00,VMEU,6.8,5.1,89.0,,10.1,1023.0,
2025-11-20 13:00:00,VMEU,,,,,,,
2025-11-20 14:00:00,VMEU,,,,,,,
2025-11-20 15:00:00,VMEU,,,,,,,
2025-11-20 16:00:00,VMEU,,,,,,,
2025-11-20 17:00:00,VMEU,,,,,,,
2025-11-20 18:00:00,VMEU,11.3,7.4,77.0,,5.4,1021.4,
2025-11-20 19:00:00,VMEU,,,,,,,
2025-11-20 20:00:00,VMEU,,,,,,,
2025-11-20 21:00:00,VMEU,,,,,,,
2025-11-20 22:00:00,VMEU,,,,,,,
2025-11-20 23:00:00,VMEU,,,,,,,
2025-11-21 00:00:00,VMEU,9.3,7.7,90.0,,6.8,1021.4,
2025-11-21 01:00:00,VMEU,,,,,,,
2025-11-21 02:00:00,VMEU,,,,,,,
2025-11-21 03:00:00,VMEU,,,,,,,
2025-11-21 04:00:00,VMEU,,,,,,,
2025-11-21 05:00:00,VMEU,,,,,,,
2025-11-21 06:00:00,VMEU,7.5,6.9,96.0,,3.2,1019.7,
2025-11-21 07:00:00,VMEU,,,,,,,
2025-11-21 08:00:00,VMEU,,,,,,,
2025-11-21 09:00:00,VMEU,,,,,,,
2025-11-21 10:00:00,VMEU,,,,,,,
2025-11-21 11:00:00,VMEU,,,,,,,
2025-11-21 12:00:00,VMEU,6.0,6.0,100.0,,4.3,1018.0,
2025-11-21 13:00:00,VMEU,,,,,,,
2025-11-21 14:00:00,VMEU,,,,,,,
2025-11-21 15:00:00,VMEU,,,,,,,
2025-11-21 16:00:00,VMEU,,,,,,,
2025-11-21 17:00:00,VMEU,,,,,,,
2025-11-21 18:00:00,VMEU,11.5,8.9,84.0,,8.3,1014.2,
2025-11-21 19:00:00,VMEU,,,,,,,
2025-11-21 20:00:00,VMEU,,,,,,,
2025-11-21 21:00:00,VMEU,,,,,,,
2025-11-21 22:00:00,VMEU,,,,,,,
2025-11-21 23:00:00,VMEU,,,,,,,
2025-11-22 00:00:00,VMEU,10.6,9.5,93.0,,2.2,1012.9,
2025-11-22 01:00:00,VMEU,,,,,,,
2025-11-22 02:00:00,VMEU,,,,,,,
2025-11-22 03:00:00,VMEU,,,,,,,
2025-11-22 04:00:00,VMEU,,,,,,,
2025-11-22 05:00:00,VMEU,,,,,,,
2025-11-22 06:00:00,VMEU,9.9,9.6,98.0,,7.2,1011.9,
2025-11-22 07:00:00,VMEU,,,,,,,
2025-11-22 08:00:00,VMEU,,,,,,,
2025-11-22 09:00:00,VMEU,,,,,,,
2025-11-22 10:00:00,VMEU,,,,,,,
2025-11-22 11:00:00,VMEU,,,,,,,
2025-11-22 12:00:00,VMEU,6.6,4.1,84.0,,15.1,1013.6,
2025-11-22 13:00:00,VMEU,,,,,,,
2025-11-22 14:00:00,VMEU,,,,,,,
2025-11-22 15:00:00,VMEU,,,,,,,
2025-11-22 16:00:00,VMEU,,,,,,,
2025-11-22 17:00:00,VMEU,,,,,,,
2025-11-22 18:00:00,VMEU,8.7,0.4,56.0,,11.9,1014.1,
2025-11-22 19:00:00,VMEU,,,,,,,
2025-11-22 20:00:00,VMEU,,,,,,,
2025-11-22 21:00:00,VMEU,,,,,,,
2025-11-22 22:00:00,VMEU,,,,,,,
2025-11-22 23:00:00,VMEU,,,,,,,
2025-11-23 00:00:00,VMEU,4.7,-0.5,69.0,,9.0,1016.8,
2025-11-23 01:00:00,VMEU,,,,,,,
2025-11-23 02:00:00,VMEU,,,,,,,
2025-11-23 03:00:00,VMEU,,,,,,,
2025-11-23 04:00:00,VMEU,,,,,,,
2025-11-23 05:00:00,VMEU,,,,,,,
2025-11-23 06:00:00,VMEU,1.0,-0.9,87.0,,7.2,1018.4,
2025-11-23 07:00:00,VMEU,,,,,,,
2025-11-23 08:00:00,VMEU,,,,,,,
2025-11-23 09:00:00,VMEU,,,,,,,
2025-11-23 10:00:00,VMEU,,,,,,,
2025-11-23 11:00:00,VMEU,,,,,,,
2025-11-23 12:00:00,VMEU,-1.0,-2.7,88.0,,5.8,1019.5,
2025-11-23 13:00:00,VMEU,,,,,,,
2025-11-23 14:00:00,VMEU,,,,,,,
2025-11-23 15:00:00,VMEU,,,,,,,
2025-11-23 16:00:00,VMEU,,,,,,,
2025-11-23 17:00:00,VMEU,,,,,,,
2025-11-23 18:00:00,VMEU,10.5,-0.9,45.0,,6.5,1018.5,
2025-11-23 19:00:00,VMEU,,,,,,,
2025-11-23 20:00:00,VMEU,,,,,,,
2025-11-23 21:00:00,VMEU,,,,,,,
2025-11-23 22:00:00,VMEU,,,,,,,
2025-11-23 23:00:00,VMEU,,,,,,,
2025-11-24 00:00:00,VMEU,4.9,1.7,80.0,,6.5,1019.3,
2025-11-24 01:00:00,VMEU,,,,,,,
2025-11-24 02:00:00,VMEU,,,,,,,
2025-11-24 03:00:00,VMEU,,,,,,,
2025-11-24 04:00:00,VMEU,,,,,,,
2025-11-24 05:00:00,VMEU,,,,,,,
2025-11-24 06:00:00,VMEU,3.4,1.4,87.0,,6.5,1019.7,
2025-11-24 07:00:00,VMEU,,,,,,,
2025-11-24 08:00:00,VMEU,,,,,,,
2025-11-24 09:00:00,VMEU,,,,,,,
2025-11-24 10:00:00,VMEU,,,,,,,
2025-11-24 11:00:00,VMEU,,,,,,,
2025-11-24 12:00:00,VMEU,2.1,1.2,94.0,,4.0,1021.1,
2025-11-24 13:00:00,VMEU,,,,,,,
2025-11-24 14:00:00,VMEU,,,,,,,
2025-11-24 15:00:00,VMEU,,,,,,,
2025-11-24 16:00:00,VMEU,,,,,,,
2025-11-24 17:00:00,VMEU,,,,,,,
2025-11-24 18:00:00,VMEU,13.9,5.0,55.0,,10.1,1019.6,
2025-11-24 19:00:00,VMEU,,,,,,,
2025-11-24 20:00:00,VMEU,,,,,,,
2025-11-24 21:00:00,VMEU,,,,,,,
2025-11-24 22:00:00,VMEU,,,,,,,
2025-11-24 23:00:00,VMEU,,,,,,,
2025-11-25 00:00:00,VMEU,8.8,3.2,68.0,,11.9,1019.3,
2025-11-25 01:00:00,VMEU,,,,,,,
2025-11-25 02:00:00,VMEU,,,,,,,
2025-11-25 03:00:00,VMEU,,,,,,,
2025-11-25 04:00:00,VMEU,,,,,,,
2025-11-25 05:00:00,VMEU,,,,,,,
2025-11-25 06:00:00,VMEU,7.6,4.4,80.0,,10.4,1018.3,
2025-11-25 07:00:00,VMEU,,,,,,,
2025-11-25 08:00:00,VMEU,,,,,,,
2025-11-25 09:00:00,VMEU,,,,,,,
2025-11-25 10:00:00,VMEU,,,,,,,
2025-11-25 11:00:00,VMEU,,,,,,,
2025-11-25 12:00:00,VMEU,7.2,5.5,89.0,,7.9,1019.1,
2025-11-25 13:00:00,VMEU,,,,,,,
2025-11-25 14:00:00,VMEU,,,,,,,
2025-11-25 15:00:00,VMEU,,,,,,,
2025-11-25 16:00:00,VMEU,,,,,,,
2025-11-25 17:00:00,VMEU,,,,,,,
2025-11-25 18:00:00,VMEU,11.0,8.9,87.0,,7.9,1019.2,
2025-11-25 19:00:00,VMEU,,,,,,,
2025-11-25 20:00:00,VMEU,,,,,,,
2025-11-25 21:00:00,VMEU,,,,,,,
2025-11-25 22:00:00,VMEU,,,,,,,
2025-11-25 23:00:00,VMEU,,,,,,,
2025-11-26 00:00:00,VMEU,8.5,6.0,84.0,,10.8,1020.5,
2025-11-26 01:00:00,VMEU,,,,,,,
2025-11-26 02:00:00,VMEU,,,,,,,
2025-11-26 03:00:00,VMEU,,,,,,,
2025-11-26 04:00:00,VMEU,,,,,,,
2025-11-26 05:00:00,VMEU,,,,,,,
2025-11-26 06:00:00,VMEU,4.4,2.9,90.0,,7.9,1022.1,
2025-11-26 07:00:00,VMEU,,,,,,,
2025-11-26 08:00:00,VMEU,,,,,,,
2025-11-26 09:00:00,VMEU,,,,,,,
2025-11-26 10:00:00,VMEU,,,,,,,
2025-11-26 11:00:00,VMEU,,,,,,,
2025-11-26 12:00:00,VMEU,2.0,-0.3,85.0,,7.9,1024.7,
2025-11-26 13:00:00,VMEU,,,,,,,
2025-11-26 14:00:00,VMEU,,,,,,,
2025-11-26 15:00:00,VMEU,,,,,,,
2025-11-26 16:00:00,VMEU,,,,,,,
2025-11-26 17:00:00,VMEU,,,,,,,
2025-11-26 18:00:00,VMEU,9.2,-1.0,49.0,,9.7,1024.8,
2025-11-26 19:00:00,VMEU,,,,,,,
2025-11-26 20:00:00,VMEU,,,,,,,
2025-11-26 21:00:00,VMEU,,,,,,,
2025-11-26 22:00:00,VMEU,,,,,,,
2025-11-26 23:00:00,VMEU,,,,,,,
2025-11-27 00:00:00,VMEU,5.5,1.2,74.0,,5.4,1025.5,
